source_file,sha256,byte_count,row_count,schema_signature,schema_columns_json,extraction_time_utc,source_system,source_role,source_commit,read_error
external-drive/elite-endurance-viz-data-dump/data_0402251458H/merged_athlete_metadata.csv,be402c96ba574ad9eb3027165867388837256201f1458d0a92f10ec863cd9b2e,77309,460,b521fc7b0e8e74785f6c869d8f00db251009aef14befd35feb1af95baa4e12e8,"[""Athlete Name"",""Total_Run_Distance_km"",""Avg_Weekly_Run_Mileage_km"",""Total_Run_Hours"",""Avg_Weekly_Run_Hours"",""Total_Ride_Hours"",""Total_Swim_Hours"",""Total_Other_Hours"",""Competitor"",""Nat"",""Gender"",""Mark"",""Discipline"",""Number_of_events"",""Avg_Run_Pace_min_per_km""]",2026-09-02T18:00:00Z,world_athletics,curated_candidate,external-offline-backup,
external-drive/elite-endurance-viz-data-dump/data_0402251458H/metadata/athlete_statistics.csv,1f90d253ddfe98b2a881d6ba4e56e7308efb2a6e6cbae0942eecbc7786a3d30e,54022,676,211a98bfa696f5c85427179f13937fc337cf58d1921ee98384b73fb219adc366,"[""Athlete ID"",""Athlete Name"",""Consistency Percentage"",""Standard Deviation"",""Median-to-Mean Ratio"",""Max-to-Median Ratio"",""No Data Count""]",2026-09-02T18:00:00Z,unknown_legacy,curated_candidate,external-offline-backup,
external-drive/elite-endurance-viz-data-dump/data_0402251458H/metadata/backup/20250203_154856_indiv_activities_full.csv,58bf2ef1974c4a6b837968d8c87c3afdc95a24dc3d2bf94da8f69bdd1181d026,20578701,120303,00af9903ee9944e3c6dcd69e30a8d0e615533155cd8d84966de0222f63c39566,"[""Unnamed: 0"",""Athlete ID"",""Athlete Name"",""Activity ID"",""Activity Name"",""Description"",""Start Date"",""Elapsed Time"",""Type"",""Location"",""Pace (min/mi)"",""Pace (min/km)"",""Time (min)"",""Distance (km)"",""Activity Time (s)""]",2026-09-02T18:00:00Z,strava,backup,external-offline-backup,
external-drive/elite-endurance-viz-data-dump/data_0402251458H/metadata/backup/20250203_155452_indiv_activities_full.csv,58bf2ef1974c4a6b837968d8c87c3afdc95a24dc3d2bf94da8f69bdd1181d026,20578701,120303,00af9903ee9944e3c6dcd69e30a8d0e615533155cd8d84966de0222f63c39566,"[""Unnamed: 0"",""Athlete ID"",""Athlete Name"",""Activity ID"",""Activity Name"",""Description"",""Start Date"",""Elapsed Time"",""Type"",""Location"",""Pace (min/mi)"",""Pace (min/km)"",""Time (min)"",""Distance (km)"",""Activity Time (s)""]",2026-09-02T18:00:00Z,strava,backup,external-offline-backup,
external-drive/elite-endurance-viz-data-dump/data_0402251458H/metadata/backup/20250203_211627_cleaned_athlete_metadata.csv,99e98bdd40d9acb94f92688350f0aaf01507e3d2c3409fc8a8b070d199743e90,78331,460,8feb92b039f84a68968db9687ed0c7dfda551c0ab0afb0b46b9f2c24795a9de2,"[""Athlete Name"",""Total_Run_Distance_km"",""Avg_Weekly_Run_Mileage_km"",""Total_Run_Hours"",""Avg_Weekly_Run_Hours"",""Total_Ride_Hours"",""Total_Swim_Hours"",""Total_Other_Hours"",""Competitor"",""Nat"",""Gender"",""Mark"",""Discipline"",""Number_of_events"",""Avg_Run_Pace_min_per_km"",""2024 Weeks Scraped""]",2026-09-02T18:00:00Z,world_athletics,backup,external-offline-backup,
external-drive/elite-endurance-viz-data-dump/data_0402251458H/metadata/backup/20250203_211627_indiv_activities_full.csv,698009ce5a748526354d794dbe4fd4653ba60a88219b7e63a246d3f220b8d948,21180221,120303,eef8336aaeea86b5f67d40e95b639c7d924cbebff0740837b7af133f54a08aa5,"[""Unnamed: 0"",""Athlete ID"",""Athlete Name"",""Activity ID"",""Activity Name"",""Description"",""Start Date"",""Elapsed Time"",""Type"",""Location"",""Pace (min/mi)"",""Pace (min/km)"",""Time (min)"",""Distance (km)"",""Activity Time (s)"",""Time""]",2026-09-02T18:00:00Z,strava,backup,external-offline-backup,
external-drive/elite-endurance-viz-data-dump/data_0402251458H/metadata/backup/20250203_211658_cleaned_athlete_metadata.csv,99e98bdd40d9acb94f92688350f0aaf01507e3d2c3409fc8a8b070d199743e90,78331,460,8feb92b039f84a68968db9687ed0c7dfda551c0ab0afb0b46b9f2c24795a9de2,"[""Athlete Name"",""Total_Run_Distance_km"",""Avg_Weekly_Run_Mileage_km"",""Total_Run_Hours"",""Avg_Weekly_Run_Hours"",""Total_Ride_Hours"",""Total_Swim_Hours"",""Total_Other_Hours"",""Competitor"",""Nat"",""Gender"",""Mark"",""Discipline"",""Number_of_events"",""Avg_Run_Pace_min_per_km"",""2024 Weeks Scraped""]",2026-09-02T18:00:00Z,world_athletics,backup,external-offline-backup,
external-drive/elite-endurance-viz-data-dump/data_0402251458H/metadata/backup/20250203_211658_indiv_activities_full.csv,698009ce5a748526354d794dbe4fd4653ba60a88219b7e63a246d3f220b8d948,21180221,120303,eef8336aaeea86b5f67d40e95b639c7d924cbebff0740837b7af133f54a08aa5,"[""Unnamed: 0"",""Athlete ID"",""Athlete Name"",""Activity ID"",""Activity Name"",""Description"",""Start Date"",""Elapsed Time"",""Type"",""Location"",""Pace (min/mi)"",""Pace (min/km)"",""Time (min)"",""Distance (km)"",""Activity Time (s)"",""Time""]",2026-09-02T18:00:00Z,strava,backup,external-offline-backup,
external-drive/elite-endurance-viz-data-dump/data_0402251458H/metadata/backup/20250204_124939_cleaned_athlete_metadata.csv,99e98bdd40d9acb94f92688350f0aaf01507e3d2c3409fc8a8b070d199743e90,78331,460,8feb92b039f84a68968db9687ed0c7dfda551c0ab0afb0b46b9f2c24795a9de2,"[""Athlete Name"",""Total_Run_Distance_km"",""Avg_Weekly_Run_Mileage_km"",""Total_Run_Hours"",""Avg_Weekly_Run_Hours"",""Total_Ride_Hours"",""Total_Swim_Hours"",""Total_Other_Hours"",""Competitor"",""Nat"",""Gender"",""Mark"",""Discipline"",""Number_of_events"",""Avg_Run_Pace_min_per_km"",""2024 Weeks Scraped""]",2026-09-02T18:00:00Z,world_athletics,backup,external-offline-backup,
external-drive/elite-endurance-viz-data-dump/data_0402251458H/metadata/backup/20250204_124939_indiv_activities_full.csv,35576e7c98108c0ef7d49625f7d032e12940ac59a92a1a13f471cb5ad6103b4f,21124177,120303,e6ce27f9565d9af916e21b26dc001176c850801b2e06cac3369070d9be68f1f0,"[""Serial"",""Athlete ID"",""Athlete Name"",""Activity ID"",""Activity Name"",""Description"",""Start Date"",""Elapsed Time"",""Type"",""Location"",""Pace (min/mi)"",""Pace (min/km)"",""Time (min)"",""Distance (km)"",""Activity Time (s)"",""Time""]",2026-09-02T18:00:00Z,strava,backup,external-offline-backup,
external-drive/elite-endurance-viz-data-dump/data_0402251458H/metadata/backup/20250204_130421_cleaned_athlete_metadata.csv,99e98bdd40d9acb94f92688350f0aaf01507e3d2c3409fc8a8b070d199743e90,78331,460,8feb92b039f84a68968db9687ed0c7dfda551c0ab0afb0b46b9f2c24795a9de2,"[""Athlete Name"",""Total_Run_Distance_km"",""Avg_Weekly_Run_Mileage_km"",""Total_Run_Hours"",""Avg_Weekly_Run_Hours"",""Total_Ride_Hours"",""Total_Swim_Hours"",""Total_Other_Hours"",""Competitor"",""Nat"",""Gender"",""Mark"",""Discipline"",""Number_of_events"",""Avg_Run_Pace_min_per_km"",""2024 Weeks Scraped""]",2026-09-02T18:00:00Z,world_athletics,backup,external-offline-backup,
external-drive/elite-endurance-viz-data-dump/data_0402251458H/metadata/backup/20250204_130421_indiv_activities_full.csv,35576e7c98108c0ef7d49625f7d032e12940ac59a92a1a13f471cb5ad6103b4f,21124177,120303,e6ce27f9565d9af916e21b26dc001176c850801b2e06cac3369070d9be68f1f0,"[""Serial"",""Athlete ID"",""Athlete Name"",""Activity ID"",""Activity Name"",""Description"",""Start Date"",""Elapsed Time"",""Type"",""Location"",""Pace (min/mi)"",""Pace (min/km)"",""Time (min)"",""Distance (km)"",""Activity Time (s)"",""Time""]",2026-09-02T18:00:00Z,strava,backup,external-offline-backup,
external-drive/elite-endurance-viz-data-dump/data_0402251458H/metadata/backup/20250204_130447_cleaned_athlete_metadata.csv,99e98bdd40d9acb94f92688350f0aaf01507e3d2c3409fc8a8b070d199743e90,78331,460,8feb92b039f84a68968db9687ed0c7dfda551c0ab0afb0b46b9f2c24795a9de2,"[""Athlete Name"",""Total_Run_Distance_km"",""Avg_Weekly_Run_Mileage_km"",""Total_Run_Hours"",""Avg_Weekly_Run_Hours"",""Total_Ride_Hours"",""Total_Swim_Hours"",""Total_Other_Hours"",""Competitor"",""Nat"",""Gender"",""Mark"",""Discipline"",""Number_of_events"",""Avg_Run_Pace_min_per_km"",""2024 Weeks Scraped""]",2026-09-02T18:00:00Z,world_athletics,backup,external-offline-backup,
external-drive/elite-endurance-viz-data-dump/data_0402251458H/metadata/backup/20250204_130447_indiv_activities_full.csv,35576e7c98108c0ef7d49625f7d032e12940ac59a92a1a13f471cb5ad6103b4f,21124177,120303,e6ce27f9565d9af916e21b26dc001176c850801b2e06cac3369070d9be68f1f0,"[""Serial"",""Athlete ID"",""Athlete Name"",""Activity ID"",""Activity Name"",""Description"",""Start Date"",""Elapsed Time"",""Type"",""Location"",""Pace (min/mi)"",""Pace (min/km)"",""Time (min)"",""Distance (km)"",""Activity Time (s)"",""Time""]",2026-09-02T18:00:00Z,strava,backup,external-offline-backup,
external-drive/elite-endurance-viz-data-dump/data_0402251458H/metadata/backup/20250204_130522_cleaned_athlete_metadata.csv,99e98bdd40d9acb94f92688350f0aaf01507e3d2c3409fc8a8b070d199743e90,78331,460,8feb92b039f84a68968db9687ed0c7dfda551c0ab0afb0b46b9f2c24795a9de2,"[""Athlete Name"",""Total_Run_Distance_km"",""Avg_Weekly_Run_Mileage_km"",""Total_Run_Hours"",""Avg_Weekly_Run_Hours"",""Total_Ride_Hours"",""Total_Swim_Hours"",""Total_Other_Hours"",""Competitor"",""Nat"",""Gender"",""Mark"",""Discipline"",""Number_of_events"",""Avg_Run_Pace_min_per_km"",""2024 Weeks Scraped""]",2026-09-02T18:00:00Z,world_athletics,backup,external-offline-backup,
external-drive/elite-endurance-viz-data-dump/data_0402251458H/metadata/backup/20250204_130522_indiv_activities_full.csv,35576e7c98108c0ef7d49625f7d032e12940ac59a92a1a13f471cb5ad6103b4f,21124177,120303,e6ce27f9565d9af916e21b26dc001176c850801b2e06cac3369070d9be68f1f0,"[""Serial"",""Athlete ID"",""Athlete Name"",""Activity ID"",""Activity Name"",""Description"",""Start Date"",""Elapsed Time"",""Type"",""Location"",""Pace (min/mi)"",""Pace (min/km)"",""Time (min)"",""Distance (km)"",""Activity Time (s)"",""Time""]",2026-09-02T18:00:00Z,strava,backup,external-offline-backup,
external-drive/elite-endurance-viz-data-dump/data_0402251458H/metadata/backup/20250204_130721_cleaned_athlete_metadata.csv,99e98bdd40d9acb94f92688350f0aaf01507e3d2c3409fc8a8b070d199743e90,78331,460,8feb92b039f84a68968db9687ed0c7dfda551c0ab0afb0b46b9f2c24795a9de2,"[""Athlete Name"",""Total_Run_Distance_km"",""Avg_Weekly_Run_Mileage_km"",""Total_Run_Hours"",""Avg_Weekly_Run_Hours"",""Total_Ride_Hours"",""Total_Swim_Hours"",""Total_Other_Hours"",""Competitor"",""Nat"",""Gender"",""Mark"",""Discipline"",""Number_of_events"",""Avg_Run_Pace_min_per_km"",""2024 Weeks Scraped""]",2026-09-02T18:00:00Z,world_athletics,backup,external-offline-backup,
external-drive/elite-endurance-viz-data-dump/data_0402251458H/metadata/backup/20250204_130721_indiv_activities_full.csv,35576e7c98108c0ef7d49625f7d032e12940ac59a92a1a13f471cb5ad6103b4f,21124177,120303,e6ce27f9565d9af916e21b26dc001176c850801b2e06cac3369070d9be68f1f0,"[""Serial"",""Athlete ID"",""Athlete Name"",""Activity ID"",""Activity Name"",""Description"",""Start Date"",""Elapsed Time"",""Type"",""Location"",""Pace (min/mi)"",""Pace (min/km)"",""Time (min)"",""Distance (km)"",""Activity Time (s)"",""Time""]",2026-09-02T18:00:00Z,strava,backup,external-offline-backup,
external-drive/elite-endurance-viz-data-dump/data_0402251458H/metadata/backup/20250204_131021_cleaned_athlete_metadata.csv,99e98bdd40d9acb94f92688350f0aaf01507e3d2c3409fc8a8b070d199743e90,78331,460,8feb92b039f84a68968db9687ed0c7dfda551c0ab0afb0b46b9f2c24795a9de2,"[""Athlete Name"",""Total_Run_Distance_km"",""Avg_Weekly_Run_Mileage_km"",""Total_Run_Hours"",""Avg_Weekly_Run_Hours"",""Total_Ride_Hours"",""Total_Swim_Hours"",""Total_Other_Hours"",""Competitor"",""Nat"",""Gender"",""Mark"",""Discipline"",""Number_of_events"",""Avg_Run_Pace_min_per_km"",""2024 Weeks Scraped""]",2026-09-02T18:00:00Z,world_athletics,backup,external-offline-backup,
external-drive/elite-endurance-viz-data-dump/data_0402251458H/metadata/backup/20250204_131021_indiv_activities_full.csv,35576e7c98108c0ef7d49625f7d032e12940ac59a92a1a13f471cb5ad6103b4f,21124177,120303,e6ce27f9565d9af916e21b26dc001176c850801b2e06cac3369070d9be68f1f0,"[""Serial"",""Athlete ID"",""Athlete Name"",""Activity ID"",""Activity Name"",""Description"",""Start Date"",""Elapsed Time"",""Type"",""Location"",""Pace (min/mi)"",""Pace (min/km)"",""Time (min)"",""Distance (km)"",""Activity Time (s)"",""Time""]",2026-09-02T18:00:00Z,strava,backup,external-offline-backup,
external-drive/elite-endurance-viz-data-dump/data_0402251458H/metadata/backup/20250204_131210_cleaned_athlete_metadata.csv,99e98bdd40d9acb94f92688350f0aaf01507e3d2c3409fc8a8b070d199743e90,78331,460,8feb92b039f84a68968db9687ed0c7dfda551c0ab0afb0b46b9f2c24795a9de2,"[""Athlete Name"",""Total_Run_Distance_km"",""Avg_Weekly_Run_Mileage_km"",""Total_Run_Hours"",""Avg_Weekly_Run_Hours"",""Total_Ride_Hours"",""Total_Swim_Hours"",""Total_Other_Hours"",""Competitor"",""Nat"",""Gender"",""Mark"",""Discipline"",""Number_of_events"",""Avg_Run_Pace_min_per_km"",""2024 Weeks Scraped""]",2026-09-02T18:00:00Z,world_athletics,backup,external-offline-backup,
external-drive/elite-endurance-viz-data-dump/data_0402251458H/metadata/backup/20250204_131210_indiv_activities_full.csv,35576e7c98108c0ef7d49625f7d032e12940ac59a92a1a13f471cb5ad6103b4f,21124177,120303,e6ce27f9565d9af916e21b26dc001176c850801b2e06cac3369070d9be68f1f0,"[""Serial"",""Athlete ID"",""Athlete Name"",""Activity ID"",""Activity Name"",""Description"",""Start Date"",""Elapsed Time"",""Type"",""Location"",""Pace (min/mi)"",""Pace (min/km)"",""Time (min)"",""Distance (km)"",""Activity Time (s)"",""Time""]",2026-09-02T18:00:00Z,strava,backup,external-offline-backup,
external-drive/elite-endurance-viz-data-dump/data_0402251458H/metadata/backup/20250204_134132_cleaned_athlete_metadata.csv,79da6494222ea6a7d1476d47c590002d97b2273c54f0097741840e720c14b4b5,82448,460,0276c16ceb786ad41a8a49efcbfd30a65aac8036d495b84b27e53bdd537efbf6,"[""Athlete Name"",""Total_Run_Distance_km"",""Avg_Weekly_Run_Mileage_km"",""Total_Run_Hours"",""Avg_Weekly_Run_Hours"",""Total_Ride_Hours"",""Total_Swim_Hours"",""Total_Other_Hours"",""Competitor"",""Nat"",""Gender"",""Mark"",""Discipline"",""Number_of_events"",""Avg_Run_Pace_min_per_km"",""2024 Weeks Scraped"",""Athlete ID""]",2026-09-02T18:00:00Z,world_athletics,backup,external-offline-backup,
external-drive/elite-endurance-viz-data-dump/data_0402251458H/metadata/backup/20250204_134132_indiv_activities_full.csv,38a390dec1273172495bd1363893daa9b501b1e8304e991776681edf62a42ab4,21124178,120304,e6ce27f9565d9af916e21b26dc001176c850801b2e06cac3369070d9be68f1f0,"[""Serial"",""Athlete ID"",""Athlete Name"",""Activity ID"",""Activity Name"",""Description"",""Start Date"",""Elapsed Time"",""Type"",""Location"",""Pace (min/mi)"",""Pace (min/km)"",""Time (min)"",""Distance (km)"",""Activity Time (s)"",""Time""]",2026-09-02T18:00:00Z,strava,backup,external-offline-backup,row_width_mismatch:1
external-drive/elite-endurance-viz-data-dump/data_0402251458H/metadata/backup/20250204_135124_cleaned_athlete_metadata.csv,79da6494222ea6a7d1476d47c590002d97b2273c54f0097741840e720c14b4b5,82448,460,0276c16ceb786ad41a8a49efcbfd30a65aac8036d495b84b27e53bdd537efbf6,"[""Athlete Name"",""Total_Run_Distance_km"",""Avg_Weekly_Run_Mileage_km"",""Total_Run_Hours"",""Avg_Weekly_Run_Hours"",""Total_Ride_Hours"",""Total_Swim_Hours"",""Total_Other_Hours"",""Competitor"",""Nat"",""Gender"",""Mark"",""Discipline"",""Number_of_events"",""Avg_Run_Pace_min_per_km"",""2024 Weeks Scraped"",""Athlete ID""]",2026-09-02T18:00:00Z,world_athletics,backup,external-offline-backup,
external-drive/elite-endurance-viz-data-dump/data_0402251458H/metadata/backup/20250204_135124_indiv_activities_full.csv,35576e7c98108c0ef7d49625f7d032e12940ac59a92a1a13f471cb5ad6103b4f,21124177,120303,e6ce27f9565d9af916e21b26dc001176c850801b2e06cac3369070d9be68f1f0,"[""Serial"",""Athlete ID"",""Athlete Name"",""Activity ID"",""Activity Name"",""Description"",""Start Date"",""Elapsed Time"",""Type"",""Location"",""Pace (min/mi)"",""Pace (min/km)"",""Time (min)"",""Distance (km)"",""Activity Time (s)"",""Time""]",2026-09-02T18:00:00Z,strava,backup,external-offline-backup,
external-drive/elite-endurance-viz-data-dump/data_0402251458H/metadata/backup/20250204_135242_cleaned_athlete_metadata.csv,79da6494222ea6a7d1476d47c590002d97b2273c54f0097741840e720c14b4b5,82448,460,0276c16ceb786ad41a8a49efcbfd30a65aac8036d495b84b27e53bdd537efbf6,"[""Athlete Name"",""Total_Run_Distance_km"",""Avg_Weekly_Run_Mileage_km"",""Total_Run_Hours"",""Avg_Weekly_Run_Hours"",""Total_Ride_Hours"",""Total_Swim_Hours"",""Total_Other_Hours"",""Competitor"",""Nat"",""Gender"",""Mark"",""Discipline"",""Number_of_events"",""Avg_Run_Pace_min_per_km"",""2024 Weeks Scraped"",""Athlete ID""]",2026-09-02T18:00:00Z,world_athletics,backup,external-offline-backup,
external-drive/elite-endurance-viz-data-dump/data_0402251458H/metadata/backup/20250204_135242_indiv_activities_full.csv,35576e7c98108c0ef7d49625f7d032e12940ac59a92a1a13f471cb5ad6103b4f,21124177,120303,e6ce27f9565d9af916e21b26dc001176c850801b2e06cac3369070d9be68f1f0,"[""Serial"",""Athlete ID"",""Athlete Name"",""Activity ID"",""Activity Name"",""Description"",""Start Date"",""Elapsed Time"",""Type"",""Location"",""Pace (min/mi)"",""Pace (min/km)"",""Time (min)"",""Distance (km)"",""Activity Time (s)"",""Time""]",2026-09-02T18:00:00Z,strava,backup,external-offline-backup,
external-drive/elite-endurance-viz-data-dump/data_0402251458H/metadata/backup/20250204_140142_cleaned_athlete_metadata.csv,79da6494222ea6a7d1476d47c590002d97b2273c54f0097741840e720c14b4b5,82448,460,0276c16ceb786ad41a8a49efcbfd30a65aac8036d495b84b27e53bdd537efbf6,"[""Athlete Name"",""Total_Run_Distance_km"",""Avg_Weekly_Run_Mileage_km"",""Total_Run_Hours"",""Avg_Weekly_Run_Hours"",""Total_Ride_Hours"",""Total_Swim_Hours"",""Total_Other_Hours"",""Competitor"",""Nat"",""Gender"",""Mark"",""Discipline"",""Number_of_events"",""Avg_Run_Pace_min_per_km"",""2024 Weeks Scraped"",""Athlete ID""]",2026-09-02T18:00:00Z,world_athletics,backup,external-offline-backup,
external-drive/elite-endurance-viz-data-dump/data_0402251458H/metadata/backup/20250204_140142_indiv_activities_full.csv,35576e7c98108c0ef7d49625f7d032e12940ac59a92a1a13f471cb5ad6103b4f,21124177,120303,e6ce27f9565d9af916e21b26dc001176c850801b2e06cac3369070d9be68f1f0,"[""Serial"",""Athlete ID"",""Athlete Name"",""Activity ID"",""Activity Name"",""Description"",""Start Date"",""Elapsed Time"",""Type"",""Location"",""Pace (min/mi)"",""Pace (min/km)"",""Time (min)"",""Distance (km)"",""Activity Time (s)"",""Time""]",2026-09-02T18:00:00Z,strava,backup,external-offline-backup,
external-drive/elite-endurance-viz-data-dump/data_0402251458H/metadata/backup/20250204_141640_cleaned_athlete_metadata.csv,79da6494222ea6a7d1476d47c590002d97b2273c54f0097741840e720c14b4b5,82448,460,0276c16ceb786ad41a8a49efcbfd30a65aac8036d495b84b27e53bdd537efbf6,"[""Athlete Name"",""Total_Run_Distance_km"",""Avg_Weekly_Run_Mileage_km"",""Total_Run_Hours"",""Avg_Weekly_Run_Hours"",""Total_Ride_Hours"",""Total_Swim_Hours"",""Total_Other_Hours"",""Competitor"",""Nat"",""Gender"",""Mark"",""Discipline"",""Number_of_events"",""Avg_Run_Pace_min_per_km"",""2024 Weeks Scraped"",""Athlete ID""]",2026-09-02T18:00:00Z,world_athletics,backup,external-offline-backup,
external-drive/elite-endurance-viz-data-dump/data_0402251458H/metadata/backup/20250204_141640_indiv_activities_full.csv,35576e7c98108c0ef7d49625f7d032e12940ac59a92a1a13f471cb5ad6103b4f,21124177,120303,e6ce27f9565d9af916e21b26dc001176c850801b2e06cac3369070d9be68f1f0,"[""Serial"",""Athlete ID"",""Athlete Name"",""Activity ID"",""Activity Name"",""Description"",""Start Date"",""Elapsed Time"",""Type"",""Location"",""Pace (min/mi)"",""Pace (min/km)"",""Time (min)"",""Distance (km)"",""Activity Time (s)"",""Time""]",2026-09-02T18:00:00Z,strava,backup,external-offline-backup,
external-drive/elite-endurance-viz-data-dump/data_0402251458H/metadata/backup/20250204_143946_cleaned_athlete_metadata.csv,5bb5aebbddfb629a5961024c304e9f192b658a041403bca9366fc96c828824ca,82391,460,0276c16ceb786ad41a8a49efcbfd30a65aac8036d495b84b27e53bdd537efbf6,"[""Athlete Name"",""Total_Run_Distance_km"",""Avg_Weekly_Run_Mileage_km"",""Total_Run_Hours"",""Avg_Weekly_Run_Hours"",""Total_Ride_Hours"",""Total_Swim_Hours"",""Total_Other_Hours"",""Competitor"",""Nat"",""Gender"",""Mark"",""Discipline"",""Number_of_events"",""Avg_Run_Pace_min_per_km"",""2024 Weeks Scraped"",""Athlete ID""]",2026-09-02T18:00:00Z,world_athletics,backup,external-offline-backup,
external-drive/elite-endurance-viz-data-dump/data_0402251458H/metadata/backup/20250204_143946_indiv_activities_full.csv,35576e7c98108c0ef7d49625f7d032e12940ac59a92a1a13f471cb5ad6103b4f,21124177,120303,e6ce27f9565d9af916e21b26dc001176c850801b2e06cac3369070d9be68f1f0,"[""Serial"",""Athlete ID"",""Athlete Name"",""Activity ID"",""Activity Name"",""Description"",""Start Date"",""Elapsed Time"",""Type"",""Location"",""Pace (min/mi)"",""Pace (min/km)"",""Time (min)"",""Distance (km)"",""Activity Time (s)"",""Time""]",2026-09-02T18:00:00Z,strava,backup,external-offline-backup,
external-drive/elite-endurance-viz-data-dump/data_0402251458H/metadata/backup/master_iaaf_database.csv,7971f225d7f8c124033e0abeb2d7fa6df19061267294cac5d52c1641337c1426,522954,5305,be4ef854f7e6fbc6523cc417c7704359c0fe3841bf6807d67523ad938dbcfe0e,"[""Unnamed: 0"",""Mark"",""Competitor"",""Nat"",""Location"",""Date"",""Results Score"",""Discipline"",""Gender"",""Date_Created""]",2026-09-02T18:00:00Z,world_athletics,backup,external-offline-backup,
external-drive/elite-endurance-viz-data-dump/data_0402251458H/metadata/backup/master_iaaf_database_20250115.csv,702a8758cecc0ba5c0bcc03aed424aaa3911cb3c5ec8fd355785c7540322ab0c,615479,4368,68d1cacf14d9fa29353a26bd22241c2ba1ce01b47e3018b6bbcad97a170d3564,"[""Unnamed: 0"",""Mark"",""Competitor"",""Nat"",""Location"",""Date"",""Results Score"",""Discipline"",""Gender"",""Performance_ID"",""Date_Created""]",2026-09-02T18:00:00Z,world_athletics,backup,external-offline-backup,
external-drive/elite-endurance-viz-data-dump/data_0402251458H/metadata/combined_df_female_distanceCAA30Oct.csv,fed51c06716856b629b1dd7ea5f5e966f28537497f93d1c7494098c09367be6e,164332,1881,cb77bdd41dc723b1d43f43b5d0eec8396d506d8a05ea254a3bb5df87d1bbf27d,"["""",""Mark"",""Competitor"",""Nat"",""Location"",""Date"",""Results Score"",""Discipline""]",2026-09-02T18:00:00Z,world_athletics,curated_candidate,external-offline-backup,
external-drive/elite-endurance-viz-data-dump/data_0402251458H/metadata/combined_df_female_distance_strava_metaCAA31Oct.csv,ca968aebc87f533ef6d1d0a4458b65a26f87034145dd1a42ad904c47e9968b31,197016,1881,73ad55cbad63364b4dcd198617c9bd95e6f637f6949863f6971b2f81e2921ce0,"["""",""Mark"",""Competitor"",""Nat"",""Location"",""Date"",""Results Score"",""Discipline"",""Athlete ID"",""Number of Runs"",""Number of Bike Rides"",""Profile Visibility""]",2026-09-02T18:00:00Z,world_athletics,curated_candidate,external-offline-backup,
external-drive/elite-endurance-viz-data-dump/data_0402251458H/metadata/combined_df_male_distanceCAA30Oct (1).csv,48c6b7934f3280185066d734d08bef1ab26d067ba6f06ff4e302ea0ecb358da4,215965,2487,cb77bdd41dc723b1d43f43b5d0eec8396d506d8a05ea254a3bb5df87d1bbf27d,"["""",""Mark"",""Competitor"",""Nat"",""Location"",""Date"",""Results Score"",""Discipline""]",2026-09-02T18:00:00Z,world_athletics,curated_candidate,external-offline-backup,
external-drive/elite-endurance-viz-data-dump/data_0402251458H/metadata/combined_df_male_distance_strava_meta_updatedCAA31Oct.csv,1633af41c1a023a4eacdebd33194153fb229ed0daa695619bed130161ef32dd9,260287,2487,73ad55cbad63364b4dcd198617c9bd95e6f637f6949863f6971b2f81e2921ce0,"["""",""Mark"",""Competitor"",""Nat"",""Location"",""Date"",""Results Score"",""Discipline"",""Athlete ID"",""Number of Runs"",""Number of Bike Rides"",""Profile Visibility""]",2026-09-02T18:00:00Z,world_athletics,curated_candidate,external-offline-backup,
external-drive/elite-endurance-viz-data-dump/data_0402251458H/metadata/combined_df_strava_oct_public - updated.csv,2cb5ad44089167b6bf823db1a9e070b93cae47d044ac5d44e214e348b89b52a9,146283,1299,73ad55cbad63364b4dcd198617c9bd95e6f637f6949863f6971b2f81e2921ce0,"["""",""Mark"",""Competitor"",""Nat"",""Location"",""Date"",""Results Score"",""Discipline"",""Athlete ID"",""Number of Runs"",""Number of Bike Rides"",""Profile Visibility""]",2026-09-02T18:00:00Z,world_athletics,curated_candidate,external-offline-backup,
external-drive/elite-endurance-viz-data-dump/data_0402251458H/metadata/combined_df_strava_oct_public.csv,1442a3e3390250a36fe3d0a71c5e2d96e47fdfe04934e0d558ce7916f3512d18,144838,1298,73ad55cbad63364b4dcd198617c9bd95e6f637f6949863f6971b2f81e2921ce0,"["""",""Mark"",""Competitor"",""Nat"",""Location"",""Date"",""Results Score"",""Discipline"",""Athlete ID"",""Number of Runs"",""Number of Bike Rides"",""Profile Visibility""]",2026-09-02T18:00:00Z,world_athletics,curated_candidate,external-offline-backup,
external-drive/elite-endurance-viz-data-dump/data_0402251458H/metadata/converted_min_km.csv,d2e6d9e5d31aeaf7c7c371472ef00a1c992f75ca8cc2eb7c1e93d16d2410ea34,19666647,116985,18358041309a40f3e16449e1c3eab148000f8a36c3bbb8ac24a9827a5f585f70,"[""Unnamed: 0"",""Athlete ID"",""Athlete Name"",""Activity ID"",""Activity Name"",""Description"",""Start Date"",""Elapsed Time"",""Type"",""Location"",""Pace (min/mi)"",""Pace (min/km)"",""Time (min)"",""Distance (km)""]",2026-09-02T18:00:00Z,strava,curated_candidate,external-offline-backup,
external-drive/elite-endurance-viz-data-dump/data_0402251458H/metadata/converted_min_km_with_time.csv,c23342b9d1e8022b9973eba007e0d2df861773f869984a4c2c4bdffae3d765a8,450731,3318,6c95ef27b440a9f7e06ffd14c1b88a71cab6a38d3cc77ab826a57839d03d560a,"[""Unnamed: 0"",""Athlete ID"",""Athlete Name"",""Activity ID"",""Activity Name"",""Description"",""Start Date"",""Elapsed Time"",""Type"",""Location"",""Distance (km)"",""Pace (min/km)"",""Time (min)""]",2026-09-02T18:00:00Z,strava,curated_candidate,external-offline-backup,
external-drive/elite-endurance-viz-data-dump/data_0402251458H/metadata/full_meta.csv,30e1ba1c904b4a0a6a9cf50d6c99187fbb4e3106da8ad8f2a769b6c34ae29045,5885693,66550,774140aa80919e3da7fbe0a3af41a1979dd42a900aa5a6ee7716d21bd8c15032,"[""Unnamed: 0"",""Athlete ID"",""Name"",""Week Number"",""Date Range"",""Distance (km)"",""Time"",""Elevation (m)"",""Batch""]",2026-09-02T18:00:00Z,unknown_legacy,curated_candidate,external-offline-backup,
external-drive/elite-endurance-viz-data-dump/data_0402251458H/metadata/master_iaaf_database_with_strava.csv,d3239024874b0bd4857aeac6e00c103c50e2c63a7d349b5a63be5969c74ad873,620278,5311,178707014c6571dae05d51c9afd9b72f9a0530361fcd2b47cf81100a719e723d,"[""Unnamed: 0"",""Mark"",""Competitor"",""Nat"",""Location"",""Date"",""Results Score"",""Discipline"",""Gender"",""Date_Created"",""Athlete ID"",""Number of Runs"",""Number of Bike Rides"",""Profile Visibility"",""2024 Weeks Scraped""]",2026-09-02T18:00:00Z,world_athletics,curated_candidate,external-offline-backup,
external-drive/elite-endurance-viz-data-dump/data_0402251458H/metadata/merged_min_km.csv,6a528b90a27a4cb9ff858cf8d7fbd010c23f9afb1039176270956c2b20535917,454660,3318,6af544f45af54ca6e9fd43ebdbdc1a5afc7369eb62556dc4f88c3f47dbaf436c,"[""Unnamed: 0"",""Athlete ID"",""Athlete Name"",""Activity ID"",""Activity Name"",""Description"",""Start Date"",""Elapsed Time"",""Type"",""Location"",""Distance (km)"",""Pace (min/km)"",""Time""]",2026-09-02T18:00:00Z,strava,curated_candidate,external-offline-backup,
external-drive/elite-endurance-viz-data-dump/data_0402251458H/metadata/merged_min_mi.csv,4e81a0e980ba847dccd522fc039b89de895c0dfda8404c482f41cf827eded097,17126985,116985,5569cf606df39d23792ad887c9a2faa6691b8a8e9313b7b873b8e64fe0a53434,"[""Unnamed: 0"",""Athlete ID"",""Athlete Name"",""Activity ID"",""Activity Name"",""Description"",""Start Date"",""Elapsed Time"",""Type"",""Location"",""Distance (mi)"",""Pace (min/mi)"",""Time""]",2026-09-02T18:00:00Z,strava,curated_candidate,external-offline-backup,
external-drive/elite-endurance-viz-data-dump/data_0402251458H/metadata/processed_full_meta.csv,15acce416cf5c52b9b0b780caa0eabd7a61a5d93f1a9acccd40c8c6cb8305c12,5206908,60600,774140aa80919e3da7fbe0a3af41a1979dd42a900aa5a6ee7716d21bd8c15032,"[""Unnamed: 0"",""Athlete ID"",""Name"",""Week Number"",""Date Range"",""Distance (km)"",""Time"",""Elevation (m)"",""Batch""]",2026-09-02T18:00:00Z,unknown_legacy,curated_candidate,external-offline-backup,
external-drive/elite-endurance-viz-data-dump/data_0402251458H/metadata/sorted_full_meta.csv,4eaff4f74eb7857130d0180c8febd62c006d9233355271dcc44ea1d7c396f600,5269668,60600,774140aa80919e3da7fbe0a3af41a1979dd42a900aa5a6ee7716d21bd8c15032,"[""Unnamed: 0"",""Athlete ID"",""Name"",""Week Number"",""Date Range"",""Distance (km)"",""Time"",""Elevation (m)"",""Batch""]",2026-09-02T18:00:00Z,unknown_legacy,curated_candidate,external-offline-backup,
external-drive/elite-endurance-viz-data-dump/data_0402251458H/metadata/test_results_20250125_120157.csv,eed9beef943118cfafbe633d584a686b98aaad5631aa64122602856e6c457ec1,5286,38,ccfb4cf08d3f5caed46de36c12352d233df3f7ba9007e77c04f6461e6f7b18a3,"[""Athlete ID"",""Athlete Name"",""Activity ID"",""Activity Name"",""Description"",""Start Date"",""Elapsed Time"",""Type"",""Location"",""Distance (km)"",""Pace (min/km)"",""Time""]",2026-09-02T18:00:00Z,strava,curated_candidate,external-offline-backup,
external-drive/elite-endurance-viz-data-dump/data_0402251458H/raw_data/batch_10_indiv_activities.csv,d1ff58a6db6d0c3ca3d7759f5d343bf39b5db5c7e33409c5e587c40d4411c94a,339488,2245,f7cc77e8cd24d5eaf50c071004c51c8f02441b164cc352e3d824a84693bdb495,"["""",""Athlete ID"",""Athlete Name"",""Activity ID"",""Activity Name"",""Description"",""Start Date"",""Elapsed Time"",""Type"",""Location"",""Distance (mi)"",""Pace (min/mi)"",""Time""]",2026-09-02T18:00:00Z,strava,curated_candidate,external-offline-backup,
external-drive/elite-endurance-viz-data-dump/data_0402251458H/raw_data/batch_10_meta.csv,9e3a6bbf83ac07ed7bced0564611342c03eaeece3b62d7d9bea0da3cf361756d,21694,225,3180c6fcde557aed2a6a16f7be9ae1918cd05e7470565c14a9ef2eba8a437cdc,"["""",""Athlete ID"",""Name"",""Week Number"",""Date Range"",""Distance (km)"",""Time"",""Elevation (m)""]",2026-09-02T18:00:00Z,unknown_legacy,curated_candidate,external-offline-backup,
external-drive/elite-endurance-viz-data-dump/data_0402251458H/raw_data/batch_11_indiv_activities.csv,0a09da2bee61f329506e7c5fb88a64fa6b517a4f0a6ff6726b63334315584b31,209931,1346,f7cc77e8cd24d5eaf50c071004c51c8f02441b164cc352e3d824a84693bdb495,"["""",""Athlete ID"",""Athlete Name"",""Activity ID"",""Activity Name"",""Description"",""Start Date"",""Elapsed Time"",""Type"",""Location"",""Distance (mi)"",""Pace (min/mi)"",""Time""]",2026-09-02T18:00:00Z,strava,curated_candidate,external-offline-backup,
external-drive/elite-endurance-viz-data-dump/data_0402251458H/raw_data/batch_11_meta.csv,eba2f05644b31c140635851fb2527f2023e4d72f0a35a423f34d496d42f35db6,22115,225,3180c6fcde557aed2a6a16f7be9ae1918cd05e7470565c14a9ef2eba8a437cdc,"["""",""Athlete ID"",""Name"",""Week Number"",""Date Range"",""Distance (km)"",""Time"",""Elevation (m)""]",2026-09-02T18:00:00Z,unknown_legacy,curated_candidate,external-offline-backup,
external-drive/elite-endurance-viz-data-dump/data_0402251458H/raw_data/batch_12_indiv_activities.csv,06761d6a09d280984bacbf0dcad30167698865f7652da8b75d902888833c41b6,198443,1257,f7cc77e8cd24d5eaf50c071004c51c8f02441b164cc352e3d824a84693bdb495,"["""",""Athlete ID"",""Athlete Name"",""Activity ID"",""Activity Name"",""Description"",""Start Date"",""Elapsed Time"",""Type"",""Location"",""Distance (mi)"",""Pace (min/mi)"",""Time""]",2026-09-02T18:00:00Z,strava,curated_candidate,external-offline-backup,
external-drive/elite-endurance-viz-data-dump/data_0402251458H/raw_data/batch_12_meta.csv,2a9af314a8169fa3a042df593e729b4d6623a47e239613a3d07469e68bd40d94,20559,225,3180c6fcde557aed2a6a16f7be9ae1918cd05e7470565c14a9ef2eba8a437cdc,"["""",""Athlete ID"",""Name"",""Week Number"",""Date Range"",""Distance (km)"",""Time"",""Elevation (m)""]",2026-09-02T18:00:00Z,unknown_legacy,curated_candidate,external-offline-backup,
external-drive/elite-endurance-viz-data-dump/data_0402251458H/raw_data/batch_13_indiv_activities.csv,b8d07169fab74e278a12b86d84b22b68f43ee6ccb3fda858fbc8f77aebfd82b8,203840,1321,f7cc77e8cd24d5eaf50c071004c51c8f02441b164cc352e3d824a84693bdb495,"["""",""Athlete ID"",""Athlete Name"",""Activity ID"",""Activity Name"",""Description"",""Start Date"",""Elapsed Time"",""Type"",""Location"",""Distance (mi)"",""Pace (min/mi)"",""Time""]",2026-09-02T18:00:00Z,strava,curated_candidate,external-offline-backup,
external-drive/elite-endurance-viz-data-dump/data_0402251458H/raw_data/batch_13_meta.csv,bec5bd23ec125896853e68e289bb5df29793ce23ef87798d5e120ec6de99a90b,22432,225,3180c6fcde557aed2a6a16f7be9ae1918cd05e7470565c14a9ef2eba8a437cdc,"["""",""Athlete ID"",""Name"",""Week Number"",""Date Range"",""Distance (km)"",""Time"",""Elevation (m)""]",2026-09-02T18:00:00Z,unknown_legacy,curated_candidate,external-offline-backup,
external-drive/elite-endurance-viz-data-dump/data_0402251458H/raw_data/batch_14_indiv_activities.csv,1d2d9a8efc2444e10efebb06c3dbca6ec8b18c17000b523d0679a87203ef8841,99540,682,f7cc77e8cd24d5eaf50c071004c51c8f02441b164cc352e3d824a84693bdb495,"["""",""Athlete ID"",""Athlete Name"",""Activity ID"",""Activity Name"",""Description"",""Start Date"",""Elapsed Time"",""Type"",""Location"",""Distance (mi)"",""Pace (min/mi)"",""Time""]",2026-09-02T18:00:00Z,strava,curated_candidate,external-offline-backup,
external-drive/elite-endurance-viz-data-dump/data_0402251458H/raw_data/batch_14_meta.csv,4afa79a8dd190d03873b1cfbc86d3e59f61c96f1cb8ca5e6ebf060dca0f2d084,20980,225,3180c6fcde557aed2a6a16f7be9ae1918cd05e7470565c14a9ef2eba8a437cdc,"["""",""Athlete ID"",""Name"",""Week Number"",""Date Range"",""Distance (km)"",""Time"",""Elevation (m)""]",2026-09-02T18:00:00Z,unknown_legacy,curated_candidate,external-offline-backup,
external-drive/elite-endurance-viz-data-dump/data_0402251458H/raw_data/batch_15_indiv_activities.csv,caf5a3396c42380af62515d66b188ca53aac7fe2a115bc95c3816b1a1aaee07a,237739,1789,f7cc77e8cd24d5eaf50c071004c51c8f02441b164cc352e3d824a84693bdb495,"["""",""Athlete ID"",""Athlete Name"",""Activity ID"",""Activity Name"",""Description"",""Start Date"",""Elapsed Time"",""Type"",""Location"",""Distance (mi)"",""Pace (min/mi)"",""Time""]",2026-09-02T18:00:00Z,strava,curated_candidate,external-offline-backup,
external-drive/elite-endurance-viz-data-dump/data_0402251458H/raw_data/batch_15_meta.csv,256197c20bfdb37de2f35e24237397fbf42372df514c065754123b803d176814,19305,225,3180c6fcde557aed2a6a16f7be9ae1918cd05e7470565c14a9ef2eba8a437cdc,"["""",""Athlete ID"",""Name"",""Week Number"",""Date Range"",""Distance (km)"",""Time"",""Elevation (m)""]",2026-09-02T18:00:00Z,unknown_legacy,curated_candidate,external-offline-backup,
external-drive/elite-endurance-viz-data-dump/data_0402251458H/raw_data/batch_16_indiv_activities.csv,de845a4278c8a76959e557213b69d42354452ce2a2df490c1178c1a1c56fe827,205978,1363,f7cc77e8cd24d5eaf50c071004c51c8f02441b164cc352e3d824a84693bdb495,"["""",""Athlete ID"",""Athlete Name"",""Activity ID"",""Activity Name"",""Description"",""Start Date"",""Elapsed Time"",""Type"",""Location"",""Distance (mi)"",""Pace (min/mi)"",""Time""]",2026-09-02T18:00:00Z,strava,curated_candidate,external-offline-backup,
external-drive/elite-endurance-viz-data-dump/data_0402251458H/raw_data/batch_16_meta.csv,6488fe4b1a6b04c8ecfe02275125ac18b0407738cd2384dd3f9520adfa86c626,20615,225,3180c6fcde557aed2a6a16f7be9ae1918cd05e7470565c14a9ef2eba8a437cdc,"["""",""Athlete ID"",""Name"",""Week Number"",""Date Range"",""Distance (km)"",""Time"",""Elevation (m)""]",2026-09-02T18:00:00Z,unknown_legacy,curated_candidate,external-offline-backup,
external-drive/elite-endurance-viz-data-dump/data_0402251458H/raw_data/batch_17_indiv_activities.csv,21b01ea84b6171cc5b69fbca23dca7fd8dd0f4630249f2424595c77c39fe3658,162156,1182,f7cc77e8cd24d5eaf50c071004c51c8f02441b164cc352e3d824a84693bdb495,"["""",""Athlete ID"",""Athlete Name"",""Activity ID"",""Activity Name"",""Description"",""Start Date"",""Elapsed Time"",""Type"",""Location"",""Distance (mi)"",""Pace (min/mi)"",""Time""]",2026-09-02T18:00:00Z,strava,curated_candidate,external-offline-backup,
external-drive/elite-endurance-viz-data-dump/data_0402251458H/raw_data/batch_17_meta.csv,ef13d9eb4d830e42d35d17b53b47fc922be65b142a7a439ee1e6277addb9e253,22585,225,3180c6fcde557aed2a6a16f7be9ae1918cd05e7470565c14a9ef2eba8a437cdc,"["""",""Athlete ID"",""Name"",""Week Number"",""Date Range"",""Distance (km)"",""Time"",""Elevation (m)""]",2026-09-02T18:00:00Z,unknown_legacy,curated_candidate,external-offline-backup,
external-drive/elite-endurance-viz-data-dump/data_0402251458H/raw_data/batch_18_indiv_activities.csv,a27d2557c2481b49737ecf941ced64ea8b35f6ae381d039e5b4936137f992d39,324972,2412,f7cc77e8cd24d5eaf50c071004c51c8f02441b164cc352e3d824a84693bdb495,"["""",""Athlete ID"",""Athlete Name"",""Activity ID"",""Activity Name"",""Description"",""Start Date"",""Elapsed Time"",""Type"",""Location"",""Distance (mi)"",""Pace (min/mi)"",""Time""]",2026-09-02T18:00:00Z,strava,curated_candidate,external-offline-backup,
external-drive/elite-endurance-viz-data-dump/data_0402251458H/raw_data/batch_18_meta.csv,99eca8c3440cda6e1ab7f001d5781fdbf6c7253ce77b0423427dcb3308f08819,22622,225,3180c6fcde557aed2a6a16f7be9ae1918cd05e7470565c14a9ef2eba8a437cdc,"["""",""Athlete ID"",""Name"",""Week Number"",""Date Range"",""Distance (km)"",""Time"",""Elevation (m)""]",2026-09-02T18:00:00Z,unknown_legacy,curated_candidate,external-offline-backup,
external-drive/elite-endurance-viz-data-dump/data_0402251458H/raw_data/batch_19_indiv_activities.csv,c4d6a3d09ec6bbb7e31bdb17d055f1c1e55cf856804c5937a4f439dfd71a4176,346618,2161,f7cc77e8cd24d5eaf50c071004c51c8f02441b164cc352e3d824a84693bdb495,"["""",""Athlete ID"",""Athlete Name"",""Activity ID"",""Activity Name"",""Description"",""Start Date"",""Elapsed Time"",""Type"",""Location"",""Distance (mi)"",""Pace (min/mi)"",""Time""]",2026-09-02T18:00:00Z,strava,curated_candidate,external-offline-backup,
external-drive/elite-endurance-viz-data-dump/data_0402251458H/raw_data/batch_19_meta.csv,7f8e96b2b4fbfed4de4e28e8ed02b8a80d954c887480804badeb71c3019c6ae1,22645,225,3180c6fcde557aed2a6a16f7be9ae1918cd05e7470565c14a9ef2eba8a437cdc,"["""",""Athlete ID"",""Name"",""Week Number"",""Date Range"",""Distance (km)"",""Time"",""Elevation (m)""]",2026-09-02T18:00:00Z,unknown_legacy,curated_candidate,external-offline-backup,
external-drive/elite-endurance-viz-data-dump/data_0402251458H/raw_data/batch_1_indiv_activities.csv,af5621ffa467109de7705a65f1f896933b1db2a4c2ca569bff5759e83bec50a4,401223,2688,f7cc77e8cd24d5eaf50c071004c51c8f02441b164cc352e3d824a84693bdb495,"["""",""Athlete ID"",""Athlete Name"",""Activity ID"",""Activity Name"",""Description"",""Start Date"",""Elapsed Time"",""Type"",""Location"",""Distance (mi)"",""Pace (min/mi)"",""Time""]",2026-09-02T18:00:00Z,strava,curated_candidate,external-offline-backup,
external-drive/elite-endurance-viz-data-dump/data_0402251458H/raw_data/batch_1_meta.csv,719c1a892234ec4fdbf5a87ebe25acf85aff01f82cd6c606260b02e53475d308,22640,225,3180c6fcde557aed2a6a16f7be9ae1918cd05e7470565c14a9ef2eba8a437cdc,"["""",""Athlete ID"",""Name"",""Week Number"",""Date Range"",""Distance (km)"",""Time"",""Elevation (m)""]",2026-09-02T18:00:00Z,unknown_legacy,curated_candidate,external-offline-backup,
external-drive/elite-endurance-viz-data-dump/data_0402251458H/raw_data/batch_20_indiv_activities.csv,ea7fd7689fa953488e3b491a899b06c210f6459bd076bbc58f529ebf0f038b93,486814,3075,f7cc77e8cd24d5eaf50c071004c51c8f02441b164cc352e3d824a84693bdb495,"["""",""Athlete ID"",""Athlete Name"",""Activity ID"",""Activity Name"",""Description"",""Start Date"",""Elapsed Time"",""Type"",""Location"",""Distance (mi)"",""Pace (min/mi)"",""Time""]",2026-09-02T18:00:00Z,strava,curated_candidate,external-offline-backup,
external-drive/elite-endurance-viz-data-dump/data_0402251458H/raw_data/batch_20_meta_first10.csv,93a1837955a8d957f6c1045a92139f14f8465636cf7f2bd2ff24844862b874af,44909,450,3180c6fcde557aed2a6a16f7be9ae1918cd05e7470565c14a9ef2eba8a437cdc,"["""",""Athlete ID"",""Name"",""Week Number"",""Date Range"",""Distance (km)"",""Time"",""Elevation (m)""]",2026-09-02T18:00:00Z,unknown_legacy,curated_candidate,external-offline-backup,
external-drive/elite-endurance-viz-data-dump/data_0402251458H/raw_data/batch_21_indiv_activities.csv,6413f6db7bf9cf8c24dc3bc0861e908ccea3f500d3dbc9782f95a8e65618f96b,421039,3092,f7cc77e8cd24d5eaf50c071004c51c8f02441b164cc352e3d824a84693bdb495,"["""",""Athlete ID"",""Athlete Name"",""Activity ID"",""Activity Name"",""Description"",""Start Date"",""Elapsed Time"",""Type"",""Location"",""Distance (mi)"",""Pace (min/mi)"",""Time""]",2026-09-02T18:00:00Z,strava,curated_candidate,external-offline-backup,
external-drive/elite-endurance-viz-data-dump/data_0402251458H/raw_data/batch_21_meta_first10.csv,e9c2231824c3918735ee2aa690edefe5d616d515dece249bcba40a5ae18e76f7,45079,450,3180c6fcde557aed2a6a16f7be9ae1918cd05e7470565c14a9ef2eba8a437cdc,"["""",""Athlete ID"",""Name"",""Week Number"",""Date Range"",""Distance (km)"",""Time"",""Elevation (m)""]",2026-09-02T18:00:00Z,unknown_legacy,curated_candidate,external-offline-backup,
external-drive/elite-endurance-viz-data-dump/data_0402251458H/raw_data/batch_22_indiv_activities.csv,0a1691238c9da9475fb3e16520ba294e7ad74974843448938dced6ec5a3d65b3,996051,6714,f7cc77e8cd24d5eaf50c071004c51c8f02441b164cc352e3d824a84693bdb495,"["""",""Athlete ID"",""Athlete Name"",""Activity ID"",""Activity Name"",""Description"",""Start Date"",""Elapsed Time"",""Type"",""Location"",""Distance (mi)"",""Pace (min/mi)"",""Time""]",2026-09-02T18:00:00Z,strava,curated_candidate,external-offline-backup,
external-drive/elite-endurance-viz-data-dump/data_0402251458H/raw_data/batch_22_meta_20.csv,9bdb78bdb8a2d64e6e299475fa42bd62dc449495fc4f9913fff7194328a3bdad,85370,900,3180c6fcde557aed2a6a16f7be9ae1918cd05e7470565c14a9ef2eba8a437cdc,"["""",""Athlete ID"",""Name"",""Week Number"",""Date Range"",""Distance (km)"",""Time"",""Elevation (m)""]",2026-09-02T18:00:00Z,unknown_legacy,curated_candidate,external-offline-backup,
external-drive/elite-endurance-viz-data-dump/data_0402251458H/raw_data/batch_23_indiv_activities.csv,2e37fed436e7337d10b2a25f085417ba702c28bfb9e4b10454e6b5379c287fc6,735457,5335,f7cc77e8cd24d5eaf50c071004c51c8f02441b164cc352e3d824a84693bdb495,"["""",""Athlete ID"",""Athlete Name"",""Activity ID"",""Activity Name"",""Description"",""Start Date"",""Elapsed Time"",""Type"",""Location"",""Distance (mi)"",""Pace (min/mi)"",""Time""]",2026-09-02T18:00:00Z,strava,curated_candidate,external-offline-backup,
external-drive/elite-endurance-viz-data-dump/data_0402251458H/raw_data/batch_23_meta_20.csv,ed63fc78a8995f1b4b89c2c2114cd47aa28130f44757c74d0f5abc7bf61e2e8a,83636,900,3180c6fcde557aed2a6a16f7be9ae1918cd05e7470565c14a9ef2eba8a437cdc,"["""",""Athlete ID"",""Name"",""Week Number"",""Date Range"",""Distance (km)"",""Time"",""Elevation (m)""]",2026-09-02T18:00:00Z,unknown_legacy,curated_candidate,external-offline-backup,
external-drive/elite-endurance-viz-data-dump/data_0402251458H/raw_data/batch_24_indiv_activities.csv,1a43ef0c12916e33896ff36c9525936bdbb1a0c662d5c9ff4d18d52782791e30,1323199,9272,f7cc77e8cd24d5eaf50c071004c51c8f02441b164cc352e3d824a84693bdb495,"["""",""Athlete ID"",""Athlete Name"",""Activity ID"",""Activity Name"",""Description"",""Start Date"",""Elapsed Time"",""Type"",""Location"",""Distance (mi)"",""Pace (min/mi)"",""Time""]",2026-09-02T18:00:00Z,strava,curated_candidate,external-offline-backup,
external-drive/elite-endurance-viz-data-dump/data_0402251458H/raw_data/batch_24_meta_30.csv,19eae4a939b0322386996617d13e392deef60ffc9a8d38fff522f77b324f80ef,126027,1350,3180c6fcde557aed2a6a16f7be9ae1918cd05e7470565c14a9ef2eba8a437cdc,"["""",""Athlete ID"",""Name"",""Week Number"",""Date Range"",""Distance (km)"",""Time"",""Elevation (m)""]",2026-09-02T18:00:00Z,unknown_legacy,curated_candidate,external-offline-backup,
external-drive/elite-endurance-viz-data-dump/data_0402251458H/raw_data/batch_25.csv,6bc0b03c2103954efd2da78c1ccc6e6df38f0e213dd29589ca1000a0ee219107,39694,450,3180c6fcde557aed2a6a16f7be9ae1918cd05e7470565c14a9ef2eba8a437cdc,"["""",""Athlete ID"",""Name"",""Week Number"",""Date Range"",""Distance (km)"",""Time"",""Elevation (m)""]",2026-09-02T18:00:00Z,unknown_legacy,curated_candidate,external-offline-backup,
external-drive/elite-endurance-viz-data-dump/data_0402251458H/raw_data/batch_25_indiv_activities.csv,fd9202413f7768bf778350d236b5ae44b6f18ac64cd3feb3f5ae528999b2f1d2,409520,2799,f7cc77e8cd24d5eaf50c071004c51c8f02441b164cc352e3d824a84693bdb495,"["""",""Athlete ID"",""Athlete Name"",""Activity ID"",""Activity Name"",""Description"",""Start Date"",""Elapsed Time"",""Type"",""Location"",""Distance (mi)"",""Pace (min/mi)"",""Time""]",2026-09-02T18:00:00Z,strava,curated_candidate,external-offline-backup,
external-drive/elite-endurance-viz-data-dump/data_0402251458H/raw_data/batch_26.csv,199a71d170d0e15fba19ba9e5ce964979c11246695bb661e35b6aebf74664628,42416,450,3180c6fcde557aed2a6a16f7be9ae1918cd05e7470565c14a9ef2eba8a437cdc,"["""",""Athlete ID"",""Name"",""Week Number"",""Date Range"",""Distance (km)"",""Time"",""Elevation (m)""]",2026-09-02T18:00:00Z,unknown_legacy,curated_candidate,external-offline-backup,
external-drive/elite-endurance-viz-data-dump/data_0402251458H/raw_data/batch_26_indiv_activities.csv,b19c2096889059f64b8eb8601030bb934df049995eca4457f8fa03dec9039fa3,586857,4323,f7cc77e8cd24d5eaf50c071004c51c8f02441b164cc352e3d824a84693bdb495,"["""",""Athlete ID"",""Athlete Name"",""Activity ID"",""Activity Name"",""Description"",""Start Date"",""Elapsed Time"",""Type"",""Location"",""Distance (mi)"",""Pace (min/mi)"",""Time""]",2026-09-02T18:00:00Z,strava,curated_candidate,external-offline-backup,
external-drive/elite-endurance-viz-data-dump/data_0402251458H/raw_data/batch_27.csv,e5c196e2a1436db10f964a45ecb51234b8aac03b365572f8ea761d6aa11e06ed,40448,450,3180c6fcde557aed2a6a16f7be9ae1918cd05e7470565c14a9ef2eba8a437cdc,"["""",""Athlete ID"",""Name"",""Week Number"",""Date Range"",""Distance (km)"",""Time"",""Elevation (m)""]",2026-09-02T18:00:00Z,unknown_legacy,curated_candidate,external-offline-backup,
external-drive/elite-endurance-viz-data-dump/data_0402251458H/raw_data/batch_27_30r.csv,6b25252a977075beafaf76547f0d43e5d61799e540928fcb8b0cb6de5b28cf39,85743,1350,3180c6fcde557aed2a6a16f7be9ae1918cd05e7470565c14a9ef2eba8a437cdc,"["""",""Athlete ID"",""Name"",""Week Number"",""Date Range"",""Distance (km)"",""Time"",""Elevation (m)""]",2026-09-02T18:00:00Z,unknown_legacy,curated_candidate,external-offline-backup,
external-drive/elite-endurance-viz-data-dump/data_0402251458H/raw_data/batch_27_indiv_activities.csv,e0eafa1662d9b6aa43b0b43bcd4c4fcaaf3558accf1411564001ec963376b72e,376399,2547,f7cc77e8cd24d5eaf50c071004c51c8f02441b164cc352e3d824a84693bdb495,"["""",""Athlete ID"",""Athlete Name"",""Activity ID"",""Activity Name"",""Description"",""Start Date"",""Elapsed Time"",""Type"",""Location"",""Distance (mi)"",""Pace (min/mi)"",""Time""]",2026-09-02T18:00:00Z,strava,curated_candidate,external-offline-backup,
external-drive/elite-endurance-viz-data-dump/data_0402251458H/raw_data/batch_28.csv,3f7347d63890bebb09414a59ab9b0db71b4b392b9edf6da4863fa689665495ee,40590,450,3180c6fcde557aed2a6a16f7be9ae1918cd05e7470565c14a9ef2eba8a437cdc,"["""",""Athlete ID"",""Name"",""Week Number"",""Date Range"",""Distance (km)"",""Time"",""Elevation (m)""]",2026-09-02T18:00:00Z,unknown_legacy,curated_candidate,external-offline-backup,
external-drive/elite-endurance-viz-data-dump/data_0402251458H/raw_data/batch_28_indiv_activities.csv,9beae68ebe7a364b548f4113177efb215bb6c5e8d3546fd2f61d18ebf3472983,240275,1741,f7cc77e8cd24d5eaf50c071004c51c8f02441b164cc352e3d824a84693bdb495,"["""",""Athlete ID"",""Athlete Name"",""Activity ID"",""Activity Name"",""Description"",""Start Date"",""Elapsed Time"",""Type"",""Location"",""Distance (mi)"",""Pace (min/mi)"",""Time""]",2026-09-02T18:00:00Z,strava,curated_candidate,external-offline-backup,
external-drive/elite-endurance-viz-data-dump/data_0402251458H/raw_data/batch_29.csv,5e9212fc70f4b9be07d4e562743786beb8b5b5d261b93fff662e3f7ef355b9ed,43378,450,3180c6fcde557aed2a6a16f7be9ae1918cd05e7470565c14a9ef2eba8a437cdc,"["""",""Athlete ID"",""Name"",""Week Number"",""Date Range"",""Distance (km)"",""Time"",""Elevation (m)""]",2026-09-02T18:00:00Z,unknown_legacy,curated_candidate,external-offline-backup,
external-drive/elite-endurance-viz-data-dump/data_0402251458H/raw_data/batch_29_indiv_activities.csv,3a4a52d8308146b3d10fea56de58194448d6701e99db6de5de112d4627ff7782,346253,2474,f7cc77e8cd24d5eaf50c071004c51c8f02441b164cc352e3d824a84693bdb495,"["""",""Athlete ID"",""Athlete Name"",""Activity ID"",""Activity Name"",""Description"",""Start Date"",""Elapsed Time"",""Type"",""Location"",""Distance (mi)"",""Pace (min/mi)"",""Time""]",2026-09-02T18:00:00Z,strava,curated_candidate,external-offline-backup,
external-drive/elite-endurance-viz-data-dump/data_0402251458H/raw_data/batch_2_indiv_activities.csv,1b00df2c74ea4dd8eebaa0783a105082f8f4186bbaade58c4801a8c4c68fb016,314467,2310,f7cc77e8cd24d5eaf50c071004c51c8f02441b164cc352e3d824a84693bdb495,"["""",""Athlete ID"",""Athlete Name"",""Activity ID"",""Activity Name"",""Description"",""Start Date"",""Elapsed Time"",""Type"",""Location"",""Distance (mi)"",""Pace (min/mi)"",""Time""]",2026-09-02T18:00:00Z,strava,curated_candidate,external-offline-backup,
external-drive/elite-endurance-viz-data-dump/data_0402251458H/raw_data/batch_2_meta.csv,d56a008d996fa46916783e091d2232ef2daca3e33d175e7f03350ed5f0ed3e09,22862,225,3180c6fcde557aed2a6a16f7be9ae1918cd05e7470565c14a9ef2eba8a437cdc,"["""",""Athlete ID"",""Name"",""Week Number"",""Date Range"",""Distance (km)"",""Time"",""Elevation (m)""]",2026-09-02T18:00:00Z,unknown_legacy,curated_candidate,external-offline-backup,
external-drive/elite-endurance-viz-data-dump/data_0402251458H/raw_data/batch_30.csv,ecc041e979b3de11517e62965296757f991b0bc50e423b120e22ccf7b01aa822,125418,1350,3180c6fcde557aed2a6a16f7be9ae1918cd05e7470565c14a9ef2eba8a437cdc,"["""",""Athlete ID"",""Name"",""Week Number"",""Date Range"",""Distance (km)"",""Time"",""Elevation (m)""]",2026-09-02T18:00:00Z,unknown_legacy,curated_candidate,external-offline-backup,
external-drive/elite-endurance-viz-data-dump/data_0402251458H/raw_data/batch_30_indiv_activities_30.csv,320dfc3bbb19e0fd140ac375d1e0e30ad27b3e02b75d73b15f46a75f49317f67,1024683,6380,f7cc77e8cd24d5eaf50c071004c51c8f02441b164cc352e3d824a84693bdb495,"["""",""Athlete ID"",""Athlete Name"",""Activity ID"",""Activity Name"",""Description"",""Start Date"",""Elapsed Time"",""Type"",""Location"",""Distance (mi)"",""Pace (min/mi)"",""Time""]",2026-09-02T18:00:00Z,strava,curated_candidate,external-offline-backup,
external-drive/elite-endurance-viz-data-dump/data_0402251458H/raw_data/batch_31.csv,70309114cfd38c59732beeed0769b8643d9d62a78100b371dfbc98f3a5f9da4a,34898,450,3180c6fcde557aed2a6a16f7be9ae1918cd05e7470565c14a9ef2eba8a437cdc,"["""",""Athlete ID"",""Name"",""Week Number"",""Date Range"",""Distance (km)"",""Time"",""Elevation (m)""]",2026-09-02T18:00:00Z,unknown_legacy,curated_candidate,external-offline-backup,
external-drive/elite-endurance-viz-data-dump/data_0402251458H/raw_data/batch_31_indiv_activities.csv,88e0b84bf517227021f11490a5f7a40f4c0969fc913c55da90dc93d5ace2e021,165054,1270,f7cc77e8cd24d5eaf50c071004c51c8f02441b164cc352e3d824a84693bdb495,"["""",""Athlete ID"",""Athlete Name"",""Activity ID"",""Activity Name"",""Description"",""Start Date"",""Elapsed Time"",""Type"",""Location"",""Distance (mi)"",""Pace (min/mi)"",""Time""]",2026-09-02T18:00:00Z,strava,curated_candidate,external-offline-backup,
external-drive/elite-endurance-viz-data-dump/data_0402251458H/raw_data/batch_32.csv,6ac6b35f33dfc8c58458437c8c044d216cb54967f356ce337252d6be0610eae1,41800,450,3180c6fcde557aed2a6a16f7be9ae1918cd05e7470565c14a9ef2eba8a437cdc,"["""",""Athlete ID"",""Name"",""Week Number"",""Date Range"",""Distance (km)"",""Time"",""Elevation (m)""]",2026-09-02T18:00:00Z,unknown_legacy,curated_candidate,external-offline-backup,
external-drive/elite-endurance-viz-data-dump/data_0402251458H/raw_data/batch_32_indiv_activities.csv,d06997628cdca6d52d7722508632da2edb57e84d8164926d68314e338f9e3599,247335,1707,f7cc77e8cd24d5eaf50c071004c51c8f02441b164cc352e3d824a84693bdb495,"["""",""Athlete ID"",""Athlete Name"",""Activity ID"",""Activity Name"",""Description"",""Start Date"",""Elapsed Time"",""Type"",""Location"",""Distance (mi)"",""Pace (min/mi)"",""Time""]",2026-09-02T18:00:00Z,strava,curated_candidate,external-offline-backup,
external-drive/elite-endurance-viz-data-dump/data_0402251458H/raw_data/batch_33.csv,813350d52a8a0bffa6b1f4d052444d7ed1102e4ae1c1320cc3cab0e4cfcf1f1d,39441,450,3180c6fcde557aed2a6a16f7be9ae1918cd05e7470565c14a9ef2eba8a437cdc,"["""",""Athlete ID"",""Name"",""Week Number"",""Date Range"",""Distance (km)"",""Time"",""Elevation (m)""]",2026-09-02T18:00:00Z,unknown_legacy,curated_candidate,external-offline-backup,
external-drive/elite-endurance-viz-data-dump/data_0402251458H/raw_data/batch_33_indiv_activities.csv,8046b0b6cccb8c857c025aa31fb12c5db1b16881280899ea211fa81c5f0e3db4,325335,2292,f7cc77e8cd24d5eaf50c071004c51c8f02441b164cc352e3d824a84693bdb495,"["""",""Athlete ID"",""Athlete Name"",""Activity ID"",""Activity Name"",""Description"",""Start Date"",""Elapsed Time"",""Type"",""Location"",""Distance (mi)"",""Pace (min/mi)"",""Time""]",2026-09-02T18:00:00Z,strava,curated_candidate,external-offline-backup,
external-drive/elite-endurance-viz-data-dump/data_0402251458H/raw_data/batch_34.csv,5f057351287301c1e50e29b9de43540dc79bede9aafb30ac0bb42ed6ada627a4,38916,450,3180c6fcde557aed2a6a16f7be9ae1918cd05e7470565c14a9ef2eba8a437cdc,"["""",""Athlete ID"",""Name"",""Week Number"",""Date Range"",""Distance (km)"",""Time"",""Elevation (m)""]",2026-09-02T18:00:00Z,unknown_legacy,curated_candidate,external-offline-backup,
external-drive/elite-endurance-viz-data-dump/data_0402251458H/raw_data/batch_34_indiv_activities.csv,df189a5eec5ac383909514d1878d8e15092b59f361ec5f82ca03f7c45885db80,293906,1719,f7cc77e8cd24d5eaf50c071004c51c8f02441b164cc352e3d824a84693bdb495,"["""",""Athlete ID"",""Athlete Name"",""Activity ID"",""Activity Name"",""Description"",""Start Date"",""Elapsed Time"",""Type"",""Location"",""Distance (mi)"",""Pace (min/mi)"",""Time""]",2026-09-02T18:00:00Z,strava,curated_candidate,external-offline-backup,
external-drive/elite-endurance-viz-data-dump/data_0402251458H/raw_data/batch_35.csv,08643a7088ee469ec9b470cde6cf906b4215cb4dad55c489adf70a03d56e90bb,35406,450,3180c6fcde557aed2a6a16f7be9ae1918cd05e7470565c14a9ef2eba8a437cdc,"["""",""Athlete ID"",""Name"",""Week Number"",""Date Range"",""Distance (km)"",""Time"",""Elevation (m)""]",2026-09-02T18:00:00Z,unknown_legacy,curated_candidate,external-offline-backup,
external-drive/elite-endurance-viz-data-dump/data_0402251458H/raw_data/batch_35_indiv_activities.csv,f44d24f6158cf0bc922c0f2f556dc7fe529de8c7163763538b9989f5018c1281,140736,903,f7cc77e8cd24d5eaf50c071004c51c8f02441b164cc352e3d824a84693bdb495,"["""",""Athlete ID"",""Athlete Name"",""Activity ID"",""Activity Name"",""Description"",""Start Date"",""Elapsed Time"",""Type"",""Location"",""Distance (mi)"",""Pace (min/mi)"",""Time""]",2026-09-02T18:00:00Z,strava,curated_candidate,external-offline-backup,
external-drive/elite-endurance-viz-data-dump/data_0402251458H/raw_data/batch_36_5rows.csv,f8fb76a94f3fd901ffb70b2abb63d2acba98c4babb2c72328ca5d974179e62b1,22499,225,3180c6fcde557aed2a6a16f7be9ae1918cd05e7470565c14a9ef2eba8a437cdc,"["""",""Athlete ID"",""Name"",""Week Number"",""Date Range"",""Distance (km)"",""Time"",""Elevation (m)""]",2026-09-02T18:00:00Z,unknown_legacy,curated_candidate,external-offline-backup,
external-drive/elite-endurance-viz-data-dump/data_0402251458H/raw_data/batch_36_indiv_activities.csv,a3c560938f335fb63c462f3499e7cc3ba88d376c3e46e24fada0e5585a55af51,245378,1822,f7cc77e8cd24d5eaf50c071004c51c8f02441b164cc352e3d824a84693bdb495,"["""",""Athlete ID"",""Athlete Name"",""Activity ID"",""Activity Name"",""Description"",""Start Date"",""Elapsed Time"",""Type"",""Location"",""Distance (mi)"",""Pace (min/mi)"",""Time""]",2026-09-02T18:00:00Z,strava,curated_candidate,external-offline-backup,
external-drive/elite-endurance-viz-data-dump/data_0402251458H/raw_data/batch_37_20rows.csv,558d7c333baa1e2237b8b8e5f0236cc4becac4df36eb5744a02b9f407bfaf626,78019,900,3180c6fcde557aed2a6a16f7be9ae1918cd05e7470565c14a9ef2eba8a437cdc,"["""",""Athlete ID"",""Name"",""Week Number"",""Date Range"",""Distance (km)"",""Time"",""Elevation (m)""]",2026-09-02T18:00:00Z,unknown_legacy,curated_candidate,external-offline-backup,
external-drive/elite-endurance-viz-data-dump/data_0402251458H/raw_data/batch_37_indiv_activities.csv,83c39dba012d232b998b644421ce9197c07e0ee5395368d5c7683db2194e4e8c,400244,3076,f7cc77e8cd24d5eaf50c071004c51c8f02441b164cc352e3d824a84693bdb495,"["""",""Athlete ID"",""Athlete Name"",""Activity ID"",""Activity Name"",""Description"",""Start Date"",""Elapsed Time"",""Type"",""Location"",""Distance (mi)"",""Pace (min/mi)"",""Time""]",2026-09-02T18:00:00Z,strava,curated_candidate,external-offline-backup,
external-drive/elite-endurance-viz-data-dump/data_0402251458H/raw_data/batch_38_20rows.csv,2a025f080a9a28b4f27bdf3ea45d9bbacd031bf1ed1aeb7838a5165d4a105db4,77692,900,3180c6fcde557aed2a6a16f7be9ae1918cd05e7470565c14a9ef2eba8a437cdc,"["""",""Athlete ID"",""Name"",""Week Number"",""Date Range"",""Distance (km)"",""Time"",""Elevation (m)""]",2026-09-02T18:00:00Z,unknown_legacy,curated_candidate,external-offline-backup,
external-drive/elite-endurance-viz-data-dump/data_0402251458H/raw_data/batch_38_indiv_activities.csv,d426e41f38f335b5504b3fffc5dd33b96fc4f958b92cedb37a343769034c049d,484246,2926,f7cc77e8cd24d5eaf50c071004c51c8f02441b164cc352e3d824a84693bdb495,"["""",""Athlete ID"",""Athlete Name"",""Activity ID"",""Activity Name"",""Description"",""Start Date"",""Elapsed Time"",""Type"",""Location"",""Distance (mi)"",""Pace (min/mi)"",""Time""]",2026-09-02T18:00:00Z,strava,curated_candidate,external-offline-backup,
external-drive/elite-endurance-viz-data-dump/data_0402251458H/raw_data/batch_39_10rows.csv,3920996a79a849cb07fd1ff4f4c14ba6946760eb0f6c9d12fa58b88c64c193d2,36972,450,3180c6fcde557aed2a6a16f7be9ae1918cd05e7470565c14a9ef2eba8a437cdc,"["""",""Athlete ID"",""Name"",""Week Number"",""Date Range"",""Distance (km)"",""Time"",""Elevation (m)""]",2026-09-02T18:00:00Z,unknown_legacy,curated_candidate,external-offline-backup,
external-drive/elite-endurance-viz-data-dump/data_0402251458H/raw_data/batch_39_indiv_activities.csv,615d381c63d6b4e6f4d807be1a2e7a1f1bee94703a141934c1c917a926578045,157433,1253,f7cc77e8cd24d5eaf50c071004c51c8f02441b164cc352e3d824a84693bdb495,"["""",""Athlete ID"",""Athlete Name"",""Activity ID"",""Activity Name"",""Description"",""Start Date"",""Elapsed Time"",""Type"",""Location"",""Distance (mi)"",""Pace (min/mi)"",""Time""]",2026-09-02T18:00:00Z,strava,curated_candidate,external-offline-backup,
external-drive/elite-endurance-viz-data-dump/data_0402251458H/raw_data/batch_3_meta.csv,cb1e10fbe37f456b8925b09a929fd5f9c4caf39c3e218d07a0860978e1d32d94,21417,225,3180c6fcde557aed2a6a16f7be9ae1918cd05e7470565c14a9ef2eba8a437cdc,"["""",""Athlete ID"",""Name"",""Week Number"",""Date Range"",""Distance (km)"",""Time"",""Elevation (m)""]",2026-09-02T18:00:00Z,unknown_legacy,curated_candidate,external-offline-backup,
external-drive/elite-endurance-viz-data-dump/data_0402251458H/raw_data/batch_40_30rows.csv,2d5846a82d3e5ba4b0d49b3a5fc77eb37b5aaba57c18bcab6820cd42467fbf3e,113097,1350,3180c6fcde557aed2a6a16f7be9ae1918cd05e7470565c14a9ef2eba8a437cdc,"["""",""Athlete ID"",""Name"",""Week Number"",""Date Range"",""Distance (km)"",""Time"",""Elevation (m)""]",2026-09-02T18:00:00Z,unknown_legacy,curated_candidate,external-offline-backup,
external-drive/elite-endurance-viz-data-dump/data_0402251458H/raw_data/batch_40_indiv_activities.csv,da9efb7aa7e072f7a627512bc02b6b27bc757e0f8ce6b7a9f40bfc7fa10775f3,540388,3903,f7cc77e8cd24d5eaf50c071004c51c8f02441b164cc352e3d824a84693bdb495,"["""",""Athlete ID"",""Athlete Name"",""Activity ID"",""Activity Name"",""Description"",""Start Date"",""Elapsed Time"",""Type"",""Location"",""Distance (mi)"",""Pace (min/mi)"",""Time""]",2026-09-02T18:00:00Z,strava,curated_candidate,external-offline-backup,
external-drive/elite-endurance-viz-data-dump/data_0402251458H/raw_data/batch_41_10rows.csv,495d2028865832c2364300c202a26ab6875147dbd2b477ac3e4206eb83b4cd7d,42051,450,3180c6fcde557aed2a6a16f7be9ae1918cd05e7470565c14a9ef2eba8a437cdc,"["""",""Athlete ID"",""Name"",""Week Number"",""Date Range"",""Distance (km)"",""Time"",""Elevation (m)""]",2026-09-02T18:00:00Z,unknown_legacy,curated_candidate,external-offline-backup,
external-drive/elite-endurance-viz-data-dump/data_0402251458H/raw_data/batch_41_indiv_activities.csv,d6fa4d97090a52847e11420b52c4b1d42f0bb1273f05b1abf971722ee70a427e,416928,2628,f7cc77e8cd24d5eaf50c071004c51c8f02441b164cc352e3d824a84693bdb495,"["""",""Athlete ID"",""Athlete Name"",""Activity ID"",""Activity Name"",""Description"",""Start Date"",""Elapsed Time"",""Type"",""Location"",""Distance (mi)"",""Pace (min/mi)"",""Time""]",2026-09-02T18:00:00Z,strava,curated_candidate,external-offline-backup,
external-drive/elite-endurance-viz-data-dump/data_0402251458H/raw_data/batch_42_10rows.csv,e237febf4186e933be4bc1ccc82b8716c60769cd9b1e3e931993322d5f14017f,36509,450,3180c6fcde557aed2a6a16f7be9ae1918cd05e7470565c14a9ef2eba8a437cdc,"["""",""Athlete ID"",""Name"",""Week Number"",""Date Range"",""Distance (km)"",""Time"",""Elevation (m)""]",2026-09-02T18:00:00Z,unknown_legacy,curated_candidate,external-offline-backup,
external-drive/elite-endurance-viz-data-dump/data_0402251458H/raw_data/batch_42_indiv_activities.csv,3fa42509a9538d3f9fd73e99bd874841b9f4f05fa2905f15d361340b3f560d29,208976,1271,f7cc77e8cd24d5eaf50c071004c51c8f02441b164cc352e3d824a84693bdb495,"["""",""Athlete ID"",""Athlete Name"",""Activity ID"",""Activity Name"",""Description"",""Start Date"",""Elapsed Time"",""Type"",""Location"",""Distance (mi)"",""Pace (min/mi)"",""Time""]",2026-09-02T18:00:00Z,strava,curated_candidate,external-offline-backup,
external-drive/elite-endurance-viz-data-dump/data_0402251458H/raw_data/batch_43_40rows.csv,99116e23c75b21507cbcbcc2757dcc91f8cc00a805c46d08ad25e47d7b7202e1,153951,1800,3180c6fcde557aed2a6a16f7be9ae1918cd05e7470565c14a9ef2eba8a437cdc,"["""",""Athlete ID"",""Name"",""Week Number"",""Date Range"",""Distance (km)"",""Time"",""Elevation (m)""]",2026-09-02T18:00:00Z,unknown_legacy,curated_candidate,external-offline-backup,
external-drive/elite-endurance-viz-data-dump/data_0402251458H/raw_data/batch_43_indiv_activities.csv,2dfee7297fde9d5ad548d41fbdb14c5aab214c720c230aaa62f018cdccca58f7,71126,525,f7cc77e8cd24d5eaf50c071004c51c8f02441b164cc352e3d824a84693bdb495,"["""",""Athlete ID"",""Athlete Name"",""Activity ID"",""Activity Name"",""Description"",""Start Date"",""Elapsed Time"",""Type"",""Location"",""Distance (mi)"",""Pace (min/mi)"",""Time""]",2026-09-02T18:00:00Z,strava,curated_candidate,external-offline-backup,
external-drive/elite-endurance-viz-data-dump/data_0402251458H/raw_data/batch_44_10rows.csv,4bccb53296509ba637500192eaf3ed322dafc1ecaeada7f464a364e5bb2f37f4,36502,450,3180c6fcde557aed2a6a16f7be9ae1918cd05e7470565c14a9ef2eba8a437cdc,"["""",""Athlete ID"",""Name"",""Week Number"",""Date Range"",""Distance (km)"",""Time"",""Elevation (m)""]",2026-09-02T18:00:00Z,unknown_legacy,curated_candidate,external-offline-backup,
external-drive/elite-endurance-viz-data-dump/data_0402251458H/raw_data/batch_44_indiv_activities.csv,843a266e37af695a8b6c334306fd86112eaef17f6a5e867b5c21df5bb228a6dc,196555,1484,f7cc77e8cd24d5eaf50c071004c51c8f02441b164cc352e3d824a84693bdb495,"["""",""Athlete ID"",""Athlete Name"",""Activity ID"",""Activity Name"",""Description"",""Start Date"",""Elapsed Time"",""Type"",""Location"",""Distance (mi)"",""Pace (min/mi)"",""Time""]",2026-09-02T18:00:00Z,strava,curated_candidate,external-offline-backup,
external-drive/elite-endurance-viz-data-dump/data_0402251458H/raw_data/batch_45_40rows.csv,103f8edc9d92af708cd7782ca1306a080699aaa501a59e1852a1437f712bd159,149531,1800,3180c6fcde557aed2a6a16f7be9ae1918cd05e7470565c14a9ef2eba8a437cdc,"["""",""Athlete ID"",""Name"",""Week Number"",""Date Range"",""Distance (km)"",""Time"",""Elevation (m)""]",2026-09-02T18:00:00Z,unknown_legacy,curated_candidate,external-offline-backup,
external-drive/elite-endurance-viz-data-dump/data_0402251458H/raw_data/batch_45_indiv_activities.csv,ff77b00cc6f4d612c11ac27f907b2036b21aed024d83a2368cb10788e11b967e,573959,3963,f7cc77e8cd24d5eaf50c071004c51c8f02441b164cc352e3d824a84693bdb495,"["""",""Athlete ID"",""Athlete Name"",""Activity ID"",""Activity Name"",""Description"",""Start Date"",""Elapsed Time"",""Type"",""Location"",""Distance (mi)"",""Pace (min/mi)"",""Time""]",2026-09-02T18:00:00Z,strava,curated_candidate,external-offline-backup,
external-drive/elite-endurance-viz-data-dump/data_0402251458H/raw_data/batch_46_5rows.csv,ed90fa5e9e8026878019343d733f8ec08299a2e4278bd542b0986b1c00b6f2b4,17908,225,3180c6fcde557aed2a6a16f7be9ae1918cd05e7470565c14a9ef2eba8a437cdc,"["""",""Athlete ID"",""Name"",""Week Number"",""Date Range"",""Distance (km)"",""Time"",""Elevation (m)""]",2026-09-02T18:00:00Z,unknown_legacy,curated_candidate,external-offline-backup,
external-drive/elite-endurance-viz-data-dump/data_0402251458H/raw_data/batch_46_indiv_activities.csv,56c5d99b47250c474aa01c5b24932dab3d371c14bf4dae2cbfc3384e0dec0d59,29525,219,f7cc77e8cd24d5eaf50c071004c51c8f02441b164cc352e3d824a84693bdb495,"["""",""Athlete ID"",""Athlete Name"",""Activity ID"",""Activity Name"",""Description"",""Start Date"",""Elapsed Time"",""Type"",""Location"",""Distance (mi)"",""Pace (min/mi)"",""Time""]",2026-09-02T18:00:00Z,strava,curated_candidate,external-offline-backup,
external-drive/elite-endurance-viz-data-dump/data_0402251458H/raw_data/batch_47_20rows.csv,028ac8bd5ca96d438593546ed9276885e408144db6781ebec0599059f063fc1c,68985,900,3180c6fcde557aed2a6a16f7be9ae1918cd05e7470565c14a9ef2eba8a437cdc,"["""",""Athlete ID"",""Name"",""Week Number"",""Date Range"",""Distance (km)"",""Time"",""Elevation (m)""]",2026-09-02T18:00:00Z,unknown_legacy,curated_candidate,external-offline-backup,
external-drive/elite-endurance-viz-data-dump/data_0402251458H/raw_data/batch_47_indiv_activities.csv,1ed769723aa0bce1cec868e181f21d8a4850519f89828daf048c0438a022080d,309097,1961,f7cc77e8cd24d5eaf50c071004c51c8f02441b164cc352e3d824a84693bdb495,"["""",""Athlete ID"",""Athlete Name"",""Activity ID"",""Activity Name"",""Description"",""Start Date"",""Elapsed Time"",""Type"",""Location"",""Distance (mi)"",""Pace (min/mi)"",""Time""]",2026-09-02T18:00:00Z,strava,curated_candidate,external-offline-backup,
external-drive/elite-endurance-viz-data-dump/data_0402251458H/raw_data/batch_48_20rows.csv,4351f110a624dfefeec164b48abaf6ce56e5122308c78d58815b44b69e2fee68,69393,900,3180c6fcde557aed2a6a16f7be9ae1918cd05e7470565c14a9ef2eba8a437cdc,"["""",""Athlete ID"",""Name"",""Week Number"",""Date Range"",""Distance (km)"",""Time"",""Elevation (m)""]",2026-09-02T18:00:00Z,unknown_legacy,curated_candidate,external-offline-backup,
external-drive/elite-endurance-viz-data-dump/data_0402251458H/raw_data/batch_48_indiv_activities.csv,b598ad4a71636c247bf60a8a7aecfeb19ec808d730c6683a6744e58f2e11a11e,161434,1260,f7cc77e8cd24d5eaf50c071004c51c8f02441b164cc352e3d824a84693bdb495,"["""",""Athlete ID"",""Athlete Name"",""Activity ID"",""Activity Name"",""Description"",""Start Date"",""Elapsed Time"",""Type"",""Location"",""Distance (mi)"",""Pace (min/mi)"",""Time""]",2026-09-02T18:00:00Z,strava,curated_candidate,external-offline-backup,
external-drive/elite-endurance-viz-data-dump/data_0402251458H/raw_data/batch_49_20rows.csv,b0b33d67f5311afab85d56abfded5a0786f3d961d6eee9e457cab172f6fdd853,64089,900,3180c6fcde557aed2a6a16f7be9ae1918cd05e7470565c14a9ef2eba8a437cdc,"["""",""Athlete ID"",""Name"",""Week Number"",""Date Range"",""Distance (km)"",""Time"",""Elevation (m)""]",2026-09-02T18:00:00Z,unknown_legacy,curated_candidate,external-offline-backup,
external-drive/elite-endurance-viz-data-dump/data_0402251458H/raw_data/batch_49_indiv_activities.csv,7129a660bd8fff5bec9d825be992e47e1136de4c40f554c5bf8e92a8a25b5aa9,155060,1174,5d9e3d7b2ebc9b1f9737fedf7df7865d1477ba8bf52c5b18b32f398cb0f11aff,"["""",""Athlete ID"",""Athlete Name"",""Activity ID"",""Activity Name"",""Description"",""Start Date"",""Elapsed Time"",""Type"",""Location"",""Distance (km)"",""Pace (min/km)"",""Time""]",2026-09-02T18:00:00Z,strava,curated_candidate,external-offline-backup,
external-drive/elite-endurance-viz-data-dump/data_0402251458H/raw_data/batch_4_indiv_activities.csv,35382447c9c6ae160b1559bb8a70c868a53f00b8277c576b87e2507223ab6a77,388652,2085,f7cc77e8cd24d5eaf50c071004c51c8f02441b164cc352e3d824a84693bdb495,"["""",""Athlete ID"",""Athlete Name"",""Activity ID"",""Activity Name"",""Description"",""Start Date"",""Elapsed Time"",""Type"",""Location"",""Distance (mi)"",""Pace (min/mi)"",""Time""]",2026-09-02T18:00:00Z,strava,curated_candidate,external-offline-backup,
external-drive/elite-endurance-viz-data-dump/data_0402251458H/raw_data/batch_4_meta.csv,e2bce67c71c4c1a88dce1ca2bec3e32f7811450a2ba2f4b366c5889a852fc3ab,23213,225,3180c6fcde557aed2a6a16f7be9ae1918cd05e7470565c14a9ef2eba8a437cdc,"["""",""Athlete ID"",""Name"",""Week Number"",""Date Range"",""Distance (km)"",""Time"",""Elevation (m)""]",2026-09-02T18:00:00Z,unknown_legacy,curated_candidate,external-offline-backup,
external-drive/elite-endurance-viz-data-dump/data_0402251458H/raw_data/batch_50_20rows.csv,9f77fcbd12b36e8ec14c64c02249d11871d453bf878e4a3ece5d24b37ed4db82,65010,900,3180c6fcde557aed2a6a16f7be9ae1918cd05e7470565c14a9ef2eba8a437cdc,"["""",""Athlete ID"",""Name"",""Week Number"",""Date Range"",""Distance (km)"",""Time"",""Elevation (m)""]",2026-09-02T18:00:00Z,unknown_legacy,curated_candidate,external-offline-backup,
external-drive/elite-endurance-viz-data-dump/data_0402251458H/raw_data/batch_50_indiv_activities.csv,36b6b203cb502a1622a5e1daea96f47e92ee5c802f3bba32bb466e70877dc8d5,201883,1421,5d9e3d7b2ebc9b1f9737fedf7df7865d1477ba8bf52c5b18b32f398cb0f11aff,"["""",""Athlete ID"",""Athlete Name"",""Activity ID"",""Activity Name"",""Description"",""Start Date"",""Elapsed Time"",""Type"",""Location"",""Distance (km)"",""Pace (min/km)"",""Time""]",2026-09-02T18:00:00Z,strava,curated_candidate,external-offline-backup,
external-drive/elite-endurance-viz-data-dump/data_0402251458H/raw_data/batch_51_40rows.csv,c664200cf0d73cbfaa1c6a19e1bc0b51da71fb3a7820a1e018fe3562ad3e98fc,140088,1800,3180c6fcde557aed2a6a16f7be9ae1918cd05e7470565c14a9ef2eba8a437cdc,"["""",""Athlete ID"",""Name"",""Week Number"",""Date Range"",""Distance (km)"",""Time"",""Elevation (m)""]",2026-09-02T18:00:00Z,unknown_legacy,curated_candidate,external-offline-backup,
external-drive/elite-endurance-viz-data-dump/data_0402251458H/raw_data/batch_51_indiv_activities.csv,2ee5f1ebafb481b7aed90766521322fc7a62a4d44ac3eac1789aea95461d2b6a,313141,2123,f7cc77e8cd24d5eaf50c071004c51c8f02441b164cc352e3d824a84693bdb495,"["""",""Athlete ID"",""Athlete Name"",""Activity ID"",""Activity Name"",""Description"",""Start Date"",""Elapsed Time"",""Type"",""Location"",""Distance (mi)"",""Pace (min/mi)"",""Time""]",2026-09-02T18:00:00Z,strava,curated_candidate,external-offline-backup,
external-drive/elite-endurance-viz-data-dump/data_0402251458H/raw_data/batch_52_10rows.csv,1aeefbf7d0c7f4864bde73c9b071b2b0aee88d60f7e5132adb81b275ecdd7c9c,32725,450,3180c6fcde557aed2a6a16f7be9ae1918cd05e7470565c14a9ef2eba8a437cdc,"["""",""Athlete ID"",""Name"",""Week Number"",""Date Range"",""Distance (km)"",""Time"",""Elevation (m)""]",2026-09-02T18:00:00Z,unknown_legacy,curated_candidate,external-offline-backup,
external-drive/elite-endurance-viz-data-dump/data_0402251458H/raw_data/batch_52_40rows.csv,32c2bb82e0474ee29dd540aac628f395926ff2b5a03bb3d96f412f7be7f26d55,57324,900,3180c6fcde557aed2a6a16f7be9ae1918cd05e7470565c14a9ef2eba8a437cdc,"["""",""Athlete ID"",""Name"",""Week Number"",""Date Range"",""Distance (km)"",""Time"",""Elevation (m)""]",2026-09-02T18:00:00Z,unknown_legacy,curated_candidate,external-offline-backup,
external-drive/elite-endurance-viz-data-dump/data_0402251458H/raw_data/batch_52_indiv_activities.csv,b4e4db2e65842880562bf235f62f7e597d9e88e86feb13d122ec1bd377a3f83e,9054,70,f7cc77e8cd24d5eaf50c071004c51c8f02441b164cc352e3d824a84693bdb495,"["""",""Athlete ID"",""Athlete Name"",""Activity ID"",""Activity Name"",""Description"",""Start Date"",""Elapsed Time"",""Type"",""Location"",""Distance (mi)"",""Pace (min/mi)"",""Time""]",2026-09-02T18:00:00Z,strava,curated_candidate,external-offline-backup,
external-drive/elite-endurance-viz-data-dump/data_0402251458H/raw_data/batch_53_indiv_activities.csv,0d097b93c8e8691959411a9caabd55e00b7225b323644e38d277fc4685a4935b,18006,143,f7cc77e8cd24d5eaf50c071004c51c8f02441b164cc352e3d824a84693bdb495,"["""",""Athlete ID"",""Athlete Name"",""Activity ID"",""Activity Name"",""Description"",""Start Date"",""Elapsed Time"",""Type"",""Location"",""Distance (mi)"",""Pace (min/mi)"",""Time""]",2026-09-02T18:00:00Z,strava,curated_candidate,external-offline-backup,
external-drive/elite-endurance-viz-data-dump/data_0402251458H/raw_data/batch_53_mario.csv,7c706ac217d112cd41bf16da443f8ec5ebd1a03ca06ef1aa21992f516d00d6e6,3929,50,3180c6fcde557aed2a6a16f7be9ae1918cd05e7470565c14a9ef2eba8a437cdc,"["""",""Athlete ID"",""Name"",""Week Number"",""Date Range"",""Distance (km)"",""Time"",""Elevation (m)""]",2026-09-02T18:00:00Z,unknown_legacy,curated_candidate,external-offline-backup,
external-drive/elite-endurance-viz-data-dump/data_0402251458H/raw_data/batch_54_indiv_activities.csv,85ea974bab67b5d04edbd666b033302ea9c0a01b53bfa93cf08935efffade54f,97975,723,5d9e3d7b2ebc9b1f9737fedf7df7865d1477ba8bf52c5b18b32f398cb0f11aff,"["""",""Athlete ID"",""Athlete Name"",""Activity ID"",""Activity Name"",""Description"",""Start Date"",""Elapsed Time"",""Type"",""Location"",""Distance (km)"",""Pace (min/km)"",""Time""]",2026-09-02T18:00:00Z,strava,curated_candidate,external-offline-backup,
external-drive/elite-endurance-viz-data-dump/data_0402251458H/raw_data/batch_54_meta_40.csv,9d1108313e695d074f5fa55d853136c85a892700a6ba8320a6096b9674fe7417,135538,1950,3180c6fcde557aed2a6a16f7be9ae1918cd05e7470565c14a9ef2eba8a437cdc,"["""",""Athlete ID"",""Name"",""Week Number"",""Date Range"",""Distance (km)"",""Time"",""Elevation (m)""]",2026-09-02T18:00:00Z,unknown_legacy,curated_candidate,external-offline-backup,
external-drive/elite-endurance-viz-data-dump/data_0402251458H/raw_data/batch_5_indiv_activities.csv,130a8bd9881e834cac05cf73fd468cc8e36b0446ab50c7355b601c2d40cb52f5,268433,1873,f7cc77e8cd24d5eaf50c071004c51c8f02441b164cc352e3d824a84693bdb495,"["""",""Athlete ID"",""Athlete Name"",""Activity ID"",""Activity Name"",""Description"",""Start Date"",""Elapsed Time"",""Type"",""Location"",""Distance (mi)"",""Pace (min/mi)"",""Time""]",2026-09-02T18:00:00Z,strava,curated_candidate,external-offline-backup,
external-drive/elite-endurance-viz-data-dump/data_0402251458H/raw_data/batch_5_meta.csv,5d78249bd72e8215753c1cc9f58e3540a61f0b82f5bf576f3c19ec0533a3c387,21672,225,3180c6fcde557aed2a6a16f7be9ae1918cd05e7470565c14a9ef2eba8a437cdc,"["""",""Athlete ID"",""Name"",""Week Number"",""Date Range"",""Distance (km)"",""Time"",""Elevation (m)""]",2026-09-02T18:00:00Z,unknown_legacy,curated_candidate,external-offline-backup,
external-drive/elite-endurance-viz-data-dump/data_0402251458H/raw_data/batch_6_indiv_activities.csv,30b1cd0a8233505f9c368a99d85f2e93f1a61e3e4ef78e3759c3241e2548de6a,429147,2759,f7cc77e8cd24d5eaf50c071004c51c8f02441b164cc352e3d824a84693bdb495,"["""",""Athlete ID"",""Athlete Name"",""Activity ID"",""Activity Name"",""Description"",""Start Date"",""Elapsed Time"",""Type"",""Location"",""Distance (mi)"",""Pace (min/mi)"",""Time""]",2026-09-02T18:00:00Z,strava,curated_candidate,external-offline-backup,
external-drive/elite-endurance-viz-data-dump/data_0402251458H/raw_data/batch_6_meta.csv,0a65155f7b56c17b8bcb72f4e9254b1d3e0631276d804eabd1ed76594daeb606,22707,225,3180c6fcde557aed2a6a16f7be9ae1918cd05e7470565c14a9ef2eba8a437cdc,"["""",""Athlete ID"",""Name"",""Week Number"",""Date Range"",""Distance (km)"",""Time"",""Elevation (m)""]",2026-09-02T18:00:00Z,unknown_legacy,curated_candidate,external-offline-backup,
external-drive/elite-endurance-viz-data-dump/data_0402251458H/raw_data/batch_7_indiv_activities.csv,22a5cdb5b4ef8b4a53839b8bf860c51e93318261568b0870d3e9a04797326a4b,292889,1928,f7cc77e8cd24d5eaf50c071004c51c8f02441b164cc352e3d824a84693bdb495,"["""",""Athlete ID"",""Athlete Name"",""Activity ID"",""Activity Name"",""Description"",""Start Date"",""Elapsed Time"",""Type"",""Location"",""Distance (mi)"",""Pace (min/mi)"",""Time""]",2026-09-02T18:00:00Z,strava,curated_candidate,external-offline-backup,
external-drive/elite-endurance-viz-data-dump/data_0402251458H/raw_data/batch_7_meta.csv,cc9fd993cb63868c0ad01cf09c74b0ce906719323a536e6b2874f0b289d875df,22812,225,3180c6fcde557aed2a6a16f7be9ae1918cd05e7470565c14a9ef2eba8a437cdc,"["""",""Athlete ID"",""Name"",""Week Number"",""Date Range"",""Distance (km)"",""Time"",""Elevation (m)""]",2026-09-02T18:00:00Z,unknown_legacy,curated_candidate,external-offline-backup,
external-drive/elite-endurance-viz-data-dump/data_0402251458H/raw_data/batch_8_indiv_activities.csv,54a6f55524ab5b57f2aa355dab728a418ec7c0bea3b513783a500703f9bc675e,223623,1612,f7cc77e8cd24d5eaf50c071004c51c8f02441b164cc352e3d824a84693bdb495,"["""",""Athlete ID"",""Athlete Name"",""Activity ID"",""Activity Name"",""Description"",""Start Date"",""Elapsed Time"",""Type"",""Location"",""Distance (mi)"",""Pace (min/mi)"",""Time""]",2026-09-02T18:00:00Z,strava,curated_candidate,external-offline-backup,
external-drive/elite-endurance-viz-data-dump/data_0402251458H/raw_data/batch_8_meta.csv,bd4bd4fb1fdb2f8e959697e5f3793793780554d45863b96459673df5e0562e31,21765,225,3180c6fcde557aed2a6a16f7be9ae1918cd05e7470565c14a9ef2eba8a437cdc,"["""",""Athlete ID"",""Name"",""Week Number"",""Date Range"",""Distance (km)"",""Time"",""Elevation (m)""]",2026-09-02T18:00:00Z,unknown_legacy,curated_candidate,external-offline-backup,
external-drive/elite-endurance-viz-data-dump/data_0402251458H/raw_data/batch_9_indiv_activities.csv,8b74aa87dba0a46070f95e4daf728d367494c67bc60621d2a8cbfa9cc33e2bd4,231999,1702,f7cc77e8cd24d5eaf50c071004c51c8f02441b164cc352e3d824a84693bdb495,"["""",""Athlete ID"",""Athlete Name"",""Activity ID"",""Activity Name"",""Description"",""Start Date"",""Elapsed Time"",""Type"",""Location"",""Distance (mi)"",""Pace (min/mi)"",""Time""]",2026-09-02T18:00:00Z,strava,curated_candidate,external-offline-backup,
external-drive/elite-endurance-viz-data-dump/data_0402251458H/raw_data/batch_9_meta.csv,f6c4933699213d460f355882b0745259225d4d1d7d930a24bb25048f59c6058d,20221,225,3180c6fcde557aed2a6a16f7be9ae1918cd05e7470565c14a9ef2eba8a437cdc,"["""",""Athlete ID"",""Name"",""Week Number"",""Date Range"",""Distance (km)"",""Time"",""Elevation (m)""]",2026-09-02T18:00:00Z,unknown_legacy,curated_candidate,external-offline-backup,
external-drive/elite-endurance-viz-data-dump/data_0402251458H/tempdata/metadata_AdamFOGG_to_ThomasBRIDGER_w45-47_20250203_202647.csv,8861d5589ce326e8fb01ac2873097cd862956913f70ee6a6a6d2df8b858549d8,1080,12,292309ad3cbc9525c7df7300e69732c744a94f1c0e274bb09cfcea61da9ff399,"[""Athlete ID"",""Name"",""Week Number"",""Date Range"",""Distance (km)"",""Time"",""Elevation (m)""]",2026-09-02T18:00:00Z,unknown_legacy,curated_candidate,external-offline-backup,
external-drive/elite-endurance-viz-data-dump/data_0402251458H/tempdata/metadata_AdamFOGG_to_ThomasBRIDGER_w45-47_20250203_212035.csv,1ddf2e938b71e28ffb36cd0984ed9f6c98f88a21a19ff8464b5d0141e031d76d,1077,12,292309ad3cbc9525c7df7300e69732c744a94f1c0e274bb09cfcea61da9ff399,"[""Athlete ID"",""Name"",""Week Number"",""Date Range"",""Distance (km)"",""Time"",""Elevation (m)""]",2026-09-02T18:00:00Z,unknown_legacy,curated_candidate,external-offline-backup,
external-drive/elite-endurance-viz-data-dump/data_0402251458H/tempdata/metadata_AdamFOGG_to_ThomasBRIDGER_w45-47_20250204_125324.csv,943c41d1e4654c173527d3b963591ac1367e2fd5a9a5a00c47904c897e6d175e,1054,12,292309ad3cbc9525c7df7300e69732c744a94f1c0e274bb09cfcea61da9ff399,"[""Athlete ID"",""Name"",""Week Number"",""Date Range"",""Distance (km)"",""Time"",""Elevation (m)""]",2026-09-02T18:00:00Z,unknown_legacy,curated_candidate,external-offline-backup,
external-drive/elite-endurance-viz-data-dump/data_0402251458H/tempdata/metadata_AdamFOGG_to_ThomasBRIDGER_w45-47_20250204_131648.csv,2542d358e3f66a146bd2060cdf68774b3b23816806fc26f06861778c5e2f293a,1084,12,292309ad3cbc9525c7df7300e69732c744a94f1c0e274bb09cfcea61da9ff399,"[""Athlete ID"",""Name"",""Week Number"",""Date Range"",""Distance (km)"",""Time"",""Elevation (m)""]",2026-09-02T18:00:00Z,unknown_legacy,curated_candidate,external-offline-backup,
external-drive/elite-endurance-viz-data-dump/data_0402251458H/tempdata/metadata_AdamFOGG_to_ThomasBRIDGER_w45-47_20250204_134644.csv,aa687ba5427cce526957fe84e6e5766df148bee0bed85935d63bdfda64d77d2b,1083,12,292309ad3cbc9525c7df7300e69732c744a94f1c0e274bb09cfcea61da9ff399,"[""Athlete ID"",""Name"",""Week Number"",""Date Range"",""Distance (km)"",""Time"",""Elevation (m)""]",2026-09-02T18:00:00Z,unknown_legacy,curated_candidate,external-offline-backup,
external-drive/elite-endurance-viz-data-dump/data_0402251458H/tempdata/metadata_AdamFOGG_to_ThomasBRIDGER_w45-47_20250204_142112.csv,dc6e46108df9a1db0e5638ca69227ed0b51dd2b3371abd7343c526b8a62b12ea,1057,12,292309ad3cbc9525c7df7300e69732c744a94f1c0e274bb09cfcea61da9ff399,"[""Athlete ID"",""Name"",""Week Number"",""Date Range"",""Distance (km)"",""Time"",""Elevation (m)""]",2026-09-02T18:00:00Z,unknown_legacy,curated_candidate,external-offline-backup,
external-drive/elite-endurance-viz-data-dump/data_0402251458H/tempdata/metadata_AdamFOGG_to_ThomasBRIDGER_w45-47_20250204_144436.csv,45e246a07ee510ce8a8ca96535b504c18dde76161ebf25278d45940ac67f4c83,1085,12,292309ad3cbc9525c7df7300e69732c744a94f1c0e274bb09cfcea61da9ff399,"[""Athlete ID"",""Name"",""Week Number"",""Date Range"",""Distance (km)"",""Time"",""Elevation (m)""]",2026-09-02T18:00:00Z,unknown_legacy,curated_candidate,external-offline-backup,
external-drive/elite-endurance-viz-data-dump/data_0402251458H/tempdata/metadata_AdamFOGG_to_ThomasBRIDGER_w45-52_20250125_152350.csv,810b707be7d51758afda5575a743a433b840402a0797df657a8376c13e43d530,2758,32,292309ad3cbc9525c7df7300e69732c744a94f1c0e274bb09cfcea61da9ff399,"[""Athlete ID"",""Name"",""Week Number"",""Date Range"",""Distance (km)"",""Time"",""Elevation (m)""]",2026-09-02T18:00:00Z,unknown_legacy,curated_candidate,external-offline-backup,
external-drive/elite-endurance-viz-data-dump/data_0402251458H/tempdata/metadata_AdamFOGG_to_ThomasBRIDGER_w45-52_20250203_160613.csv,36ecf20a2a967230937068bd01388a793cf523faa5cec712a055cf74ae755a31,2758,32,292309ad3cbc9525c7df7300e69732c744a94f1c0e274bb09cfcea61da9ff399,"[""Athlete ID"",""Name"",""Week Number"",""Date Range"",""Distance (km)"",""Time"",""Elevation (m)""]",2026-09-02T18:00:00Z,unknown_legacy,curated_candidate,external-offline-backup,
external-drive/elite-endurance-viz-data-dump/data_0402251458H/tempdata/metadata_AdamFOGG_to_ThomasBRIDGER_w50-52_20250125_160049.csv,91daa1151459a2ea75032da3f16be334232fa8162d5bbaf4484980a852cfac0f,1085,12,292309ad3cbc9525c7df7300e69732c744a94f1c0e274bb09cfcea61da9ff399,"[""Athlete ID"",""Name"",""Week Number"",""Date Range"",""Distance (km)"",""Time"",""Elevation (m)""]",2026-09-02T18:00:00Z,unknown_legacy,curated_candidate,external-offline-backup,
external-drive/elite-endurance-viz-data-dump/data_0402251458H/tempdata/processed_AdamFOGG_to_ThomasBRIDGER_w45-47_20250203_202647.csv,1f81e8a960b624664631a7a00c28d41f235e27c7b0eb38837c9f5303a4fdc4ae,4774,33,ccfb4cf08d3f5caed46de36c12352d233df3f7ba9007e77c04f6461e6f7b18a3,"[""Athlete ID"",""Athlete Name"",""Activity ID"",""Activity Name"",""Description"",""Start Date"",""Elapsed Time"",""Type"",""Location"",""Distance (km)"",""Pace (min/km)"",""Time""]",2026-09-02T18:00:00Z,strava,curated_candidate,external-offline-backup,
external-drive/elite-endurance-viz-data-dump/data_0402251458H/tempdata/processed_AdamFOGG_to_ThomasBRIDGER_w45-47_20250203_212036.csv,09a7fe6237634f17a7ae6a8ae5d7253b41e7fdd98afb5976a76a438502bac027,19709,143,ccfb4cf08d3f5caed46de36c12352d233df3f7ba9007e77c04f6461e6f7b18a3,"[""Athlete ID"",""Athlete Name"",""Activity ID"",""Activity Name"",""Description"",""Start Date"",""Elapsed Time"",""Type"",""Location"",""Distance (km)"",""Pace (min/km)"",""Time""]",2026-09-02T18:00:00Z,strava,curated_candidate,external-offline-backup,
external-drive/elite-endurance-viz-data-dump/data_0402251458H/tempdata/processed_AdamFOGG_to_ThomasBRIDGER_w45-47_20250204_125324.csv,a5f8ca599759b280e14890e419334d6164ef406064e0715c74d2cb3378556b78,18323,133,ccfb4cf08d3f5caed46de36c12352d233df3f7ba9007e77c04f6461e6f7b18a3,"[""Athlete ID"",""Athlete Name"",""Activity ID"",""Activity Name"",""Description"",""Start Date"",""Elapsed Time"",""Type"",""Location"",""Distance (km)"",""Pace (min/km)"",""Time""]",2026-09-02T18:00:00Z,strava,curated_candidate,external-offline-backup,
external-drive/elite-endurance-viz-data-dump/data_0402251458H/tempdata/processed_AdamFOGG_to_ThomasBRIDGER_w45-47_20250204_131648.csv,09a7fe6237634f17a7ae6a8ae5d7253b41e7fdd98afb5976a76a438502bac027,19709,143,ccfb4cf08d3f5caed46de36c12352d233df3f7ba9007e77c04f6461e6f7b18a3,"[""Athlete ID"",""Athlete Name"",""Activity ID"",""Activity Name"",""Description"",""Start Date"",""Elapsed Time"",""Type"",""Location"",""Distance (km)"",""Pace (min/km)"",""Time""]",2026-09-02T18:00:00Z,strava,curated_candidate,external-offline-backup,
external-drive/elite-endurance-viz-data-dump/data_0402251458H/tempdata/processed_AdamFOGG_to_ThomasBRIDGER_w45-47_20250204_134645.csv,09a7fe6237634f17a7ae6a8ae5d7253b41e7fdd98afb5976a76a438502bac027,19709,143,ccfb4cf08d3f5caed46de36c12352d233df3f7ba9007e77c04f6461e6f7b18a3,"[""Athlete ID"",""Athlete Name"",""Activity ID"",""Activity Name"",""Description"",""Start Date"",""Elapsed Time"",""Type"",""Location"",""Distance (km)"",""Pace (min/km)"",""Time""]",2026-09-02T18:00:00Z,strava,curated_candidate,external-offline-backup,
external-drive/elite-endurance-viz-data-dump/data_0402251458H/tempdata/processed_AdamFOGG_to_ThomasBRIDGER_w45-47_20250204_142112.csv,31e687320f05586d9e72a674094020471eaf2a97993375e5826202f5a0a77084,17400,127,ccfb4cf08d3f5caed46de36c12352d233df3f7ba9007e77c04f6461e6f7b18a3,"[""Athlete ID"",""Athlete Name"",""Activity ID"",""Activity Name"",""Description"",""Start Date"",""Elapsed Time"",""Type"",""Location"",""Distance (km)"",""Pace (min/km)"",""Time""]",2026-09-02T18:00:00Z,strava,curated_candidate,external-offline-backup,
external-drive/elite-endurance-viz-data-dump/data_0402251458H/tempdata/processed_AdamFOGG_to_ThomasBRIDGER_w45-47_20250204_144436.csv,09a7fe6237634f17a7ae6a8ae5d7253b41e7fdd98afb5976a76a438502bac027,19709,143,ccfb4cf08d3f5caed46de36c12352d233df3f7ba9007e77c04f6461e6f7b18a3,"[""Athlete ID"",""Athlete Name"",""Activity ID"",""Activity Name"",""Description"",""Start Date"",""Elapsed Time"",""Type"",""Location"",""Distance (km)"",""Pace (min/km)"",""Time""]",2026-09-02T18:00:00Z,strava,curated_candidate,external-offline-backup,
external-drive/elite-endurance-viz-data-dump/data_0402251458H/tempdata/processed_AdamFOGG_to_ThomasBRIDGER_w45-52_20250125_152351.csv,ff3ef37fc3b7f3ea4dce178111a0a66db4285d9adfd3e6bfe98f43edeac6f909,5308,37,ccfb4cf08d3f5caed46de36c12352d233df3f7ba9007e77c04f6461e6f7b18a3,"[""Athlete ID"",""Athlete Name"",""Activity ID"",""Activity Name"",""Description"",""Start Date"",""Elapsed Time"",""Type"",""Location"",""Distance (km)"",""Pace (min/km)"",""Time""]",2026-09-02T18:00:00Z,strava,curated_candidate,external-offline-backup,
external-drive/elite-endurance-viz-data-dump/data_0402251458H/tempdata/processed_AdamFOGG_to_ThomasBRIDGER_w45-52_20250203_160614.csv,ff3ef37fc3b7f3ea4dce178111a0a66db4285d9adfd3e6bfe98f43edeac6f909,5308,37,ccfb4cf08d3f5caed46de36c12352d233df3f7ba9007e77c04f6461e6f7b18a3,"[""Athlete ID"",""Athlete Name"",""Activity ID"",""Activity Name"",""Description"",""Start Date"",""Elapsed Time"",""Type"",""Location"",""Distance (km)"",""Pace (min/km)"",""Time""]",2026-09-02T18:00:00Z,strava,curated_candidate,external-offline-backup,
external-drive/elite-endurance-viz-data-dump/data_0402251458H/tempdata/processed_AdamFOGG_to_ThomasBRIDGER_w50-52_20250125_160050.csv,3a113d2755af106797c3f671e21d0127b79c38f0ffc0d6ea451b48fadefa5164,5877,40,ccfb4cf08d3f5caed46de36c12352d233df3f7ba9007e77c04f6461e6f7b18a3,"[""Athlete ID"",""Athlete Name"",""Activity ID"",""Activity Name"",""Description"",""Start Date"",""Elapsed Time"",""Type"",""Location"",""Distance (km)"",""Pace (min/km)"",""Time""]",2026-09-02T18:00:00Z,strava,curated_candidate,external-offline-backup,
external-drive/elite-endurance-viz-data-dump/data_0402251458H/tempdata/processed_test_AdamFOGG_to_ThomasBRIDGER_w45-47_20250203_202647.csv,c5bbf5bcd19e5eba67d3a62ce83eb9a42a2436b165984de102627130d994fd76,19175,139,ccfb4cf08d3f5caed46de36c12352d233df3f7ba9007e77c04f6461e6f7b18a3,"[""Athlete ID"",""Athlete Name"",""Activity ID"",""Activity Name"",""Description"",""Start Date"",""Elapsed Time"",""Type"",""Location"",""Distance (km)"",""Pace (min/km)"",""Time""]",2026-09-02T18:00:00Z,strava,curated_candidate,external-offline-backup,
external-drive/elite-endurance-viz-data-dump/data_0402251458H/tempdata/processed_test_AdamFOGG_to_ThomasBRIDGER_w45-52_20250203_160613.csv,551f1f1c93ad9af5ac7bf2c43e4e9691af167ac3e9e2cb7874f999d12f704bb3,57221,405,ccfb4cf08d3f5caed46de36c12352d233df3f7ba9007e77c04f6461e6f7b18a3,"[""Athlete ID"",""Athlete Name"",""Activity ID"",""Activity Name"",""Description"",""Start Date"",""Elapsed Time"",""Type"",""Location"",""Distance (km)"",""Pace (min/km)"",""Time""]",2026-09-02T18:00:00Z,strava,curated_candidate,external-offline-backup,
external-drive/elite-endurance-viz-data-dump/data_0402251458H/tempdata/raw_json_AdamFOGG_to_ThomasBRIDGER_w45-47_20250203_202647.csv,a6da6f29938b4ce00a6ea03dab3e4358fe2d297e5cd8cc5bcb6f4f97b58694a6,3850896,12,f0e574d6669e8823fc3bbf83775153ac81726ba1879df7bc6cd31263ea5f5e22,"[""Athlete ID"",""Name"",""Week Number"",""Date Range"",""JSON Data""]",2026-09-02T18:00:00Z,strava,raw,external-offline-backup,
external-drive/elite-endurance-viz-data-dump/data_0402251458H/tempdata/raw_json_AdamFOGG_to_ThomasBRIDGER_w45-47_20250203_212035.csv,1cfd91301e92301cadf2fa9aa8ee42233b9b3591cfc70e4b116f25888d0a3e5d,4204952,12,f0e574d6669e8823fc3bbf83775153ac81726ba1879df7bc6cd31263ea5f5e22,"[""Athlete ID"",""Name"",""Week Number"",""Date Range"",""JSON Data""]",2026-09-02T18:00:00Z,strava,raw,external-offline-backup,
external-drive/elite-endurance-viz-data-dump/data_0402251458H/tempdata/raw_json_AdamFOGG_to_ThomasBRIDGER_w45-47_20250204_125324.csv,53a85a66b98e2e88f51e1f0e726677ba297c8986abf029b15224468a1ec6d4af,3707981,11,f0e574d6669e8823fc3bbf83775153ac81726ba1879df7bc6cd31263ea5f5e22,"[""Athlete ID"",""Name"",""Week Number"",""Date Range"",""JSON Data""]",2026-09-02T18:00:00Z,strava,raw,external-offline-backup,
external-drive/elite-endurance-viz-data-dump/data_0402251458H/tempdata/raw_json_AdamFOGG_to_ThomasBRIDGER_w45-47_20250204_131648.csv,3fb0a59b6113c64bcbe90c8ff451331d8ef632c79b2f9e117bece84b9d77d968,4204950,12,f0e574d6669e8823fc3bbf83775153ac81726ba1879df7bc6cd31263ea5f5e22,"[""Athlete ID"",""Name"",""Week Number"",""Date Range"",""JSON Data""]",2026-09-02T18:00:00Z,strava,raw,external-offline-backup,
external-drive/elite-endurance-viz-data-dump/data_0402251458H/tempdata/raw_json_AdamFOGG_to_ThomasBRIDGER_w45-47_20250204_134644.csv,6380b653b7513ce4e57b69e2f8fc4114606d501ba2b758b2c4863f4bdf278f09,4204956,12,f0e574d6669e8823fc3bbf83775153ac81726ba1879df7bc6cd31263ea5f5e22,"[""Athlete ID"",""Name"",""Week Number"",""Date Range"",""JSON Data""]",2026-09-02T18:00:00Z,strava,raw,external-offline-backup,
external-drive/elite-endurance-viz-data-dump/data_0402251458H/tempdata/raw_json_AdamFOGG_to_ThomasBRIDGER_w45-47_20250204_142112.csv,60182d88655765dedc3e61696f15a5367b8ea58dcea3e552d77d0217c2925925,3658666,11,f0e574d6669e8823fc3bbf83775153ac81726ba1879df7bc6cd31263ea5f5e22,"[""Athlete ID"",""Name"",""Week Number"",""Date Range"",""JSON Data""]",2026-09-02T18:00:00Z,strava,raw,external-offline-backup,
external-drive/elite-endurance-viz-data-dump/data_0402251458H/tempdata/raw_json_AdamFOGG_to_ThomasBRIDGER_w45-47_20250204_144436.csv,f1cf97ef6038ea6d99a6dae02fa953c1f7b1541b6dcb35b5a05401a39e768651,4204953,12,f0e574d6669e8823fc3bbf83775153ac81726ba1879df7bc6cd31263ea5f5e22,"[""Athlete ID"",""Name"",""Week Number"",""Date Range"",""JSON Data""]",2026-09-02T18:00:00Z,strava,raw,external-offline-backup,
external-drive/elite-endurance-viz-data-dump/data_0402251458H/tempdata/raw_json_AdamFOGG_to_ThomasBRIDGER_w45-52_20250125_152350.csv,1026ccb02e05212ec9bc21a0f3725727aaa92649f83bad4e83d375977179ba21,9555416,32,f0e574d6669e8823fc3bbf83775153ac81726ba1879df7bc6cd31263ea5f5e22,"[""Athlete ID"",""Name"",""Week Number"",""Date Range"",""JSON Data""]",2026-09-02T18:00:00Z,strava,raw,external-offline-backup,
external-drive/elite-endurance-viz-data-dump/data_0402251458H/tempdata/raw_json_AdamFOGG_to_ThomasBRIDGER_w45-52_20250203_160613.csv,2c5c01af25895c823965bb7f92886674e7e1f3811e52c94a79cc154b7e706ed1,9552439,32,f0e574d6669e8823fc3bbf83775153ac81726ba1879df7bc6cd31263ea5f5e22,"[""Athlete ID"",""Name"",""Week Number"",""Date Range"",""JSON Data""]",2026-09-02T18:00:00Z,strava,raw,external-offline-backup,
external-drive/elite-endurance-viz-data-dump/data_0402251458H/tempdata/raw_json_AdamFOGG_to_ThomasBRIDGER_w50-52_20250125_160049.csv,a471d2531e4dbda10ea4f24321cba6b5748a682f22e5e8716b1eac2c87a9e1de,2533341,12,f0e574d6669e8823fc3bbf83775153ac81726ba1879df7bc6cd31263ea5f5e22,"[""Athlete ID"",""Name"",""Week Number"",""Date Range"",""JSON Data""]",2026-09-02T18:00:00Z,strava,raw,external-offline-backup,
external-drive/elite-endurance-viz-data-dump/data_0402251458H/tempdata/temp_metadata_20250117_155330.csv,c69bed42587b6c8312591044d47d88aaa37e6933c5a4bbc53e4d4a1ab7f6d5ed,524,8,292309ad3cbc9525c7df7300e69732c744a94f1c0e274bb09cfcea61da9ff399,"[""Athlete ID"",""Name"",""Week Number"",""Date Range"",""Distance (km)"",""Time"",""Elevation (m)""]",2026-09-02T18:00:00Z,unknown_legacy,curated_candidate,external-offline-backup,
external-drive/elite-endurance-viz-data-dump/data_0402251458H/tempdata/temp_metadata_20250117_160151.csv,263d8242c1ce1467471a02e60d5583434bee5a97326eac19716c1329238b9b76,1718,20,292309ad3cbc9525c7df7300e69732c744a94f1c0e274bb09cfcea61da9ff399,"[""Athlete ID"",""Name"",""Week Number"",""Date Range"",""Distance (km)"",""Time"",""Elevation (m)""]",2026-09-02T18:00:00Z,unknown_legacy,curated_candidate,external-offline-backup,
external-drive/elite-endurance-viz-data-dump/data_0402251458H/tempdata/temp_metadata_20250125_120157.csv,10d9ec61755f5d67e2607b975da44614bb8b572c051e64e49767f03798c39703,1606,20,292309ad3cbc9525c7df7300e69732c744a94f1c0e274bb09cfcea61da9ff399,"[""Athlete ID"",""Name"",""Week Number"",""Date Range"",""Distance (km)"",""Time"",""Elevation (m)""]",2026-09-02T18:00:00Z,unknown_legacy,curated_candidate,external-offline-backup,
external-drive/elite-endurance-viz-data-dump/data_0402251458H/tempdata/temp_metadata_20250125_145124.csv,10d9ec61755f5d67e2607b975da44614bb8b572c051e64e49767f03798c39703,1606,20,292309ad3cbc9525c7df7300e69732c744a94f1c0e274bb09cfcea61da9ff399,"[""Athlete ID"",""Name"",""Week Number"",""Date Range"",""Distance (km)"",""Time"",""Elevation (m)""]",2026-09-02T18:00:00Z,unknown_legacy,curated_candidate,external-offline-backup,
external-drive/elite-endurance-viz-data-dump/data_0402251458H/tempdata/temp_metadata_4814818.0_20250117_160454.csv,1ca965b6c28f51dc16ce7649a89fa273d39f9b00faefe801a1dfcd7be50028c1,320,3,292309ad3cbc9525c7df7300e69732c744a94f1c0e274bb09cfcea61da9ff399,"[""Athlete ID"",""Name"",""Week Number"",""Date Range"",""Distance (km)"",""Time"",""Elevation (m)""]",2026-09-02T18:00:00Z,unknown_legacy,curated_candidate,external-offline-backup,
external-drive/elite-endurance-viz-data-dump/data_0402251458H/tempdata/temp_metadata_4928335.0_20250117_160607.csv,038f32dd342a0b7e5e2430ffe7c5627278864907ec966d1468db633232fd5cfb,156,1,292309ad3cbc9525c7df7300e69732c744a94f1c0e274bb09cfcea61da9ff399,"[""Athlete ID"",""Name"",""Week Number"",""Date Range"",""Distance (km)"",""Time"",""Elevation (m)""]",2026-09-02T18:00:00Z,unknown_legacy,curated_candidate,external-offline-backup,
external-drive/elite-endurance-viz-data-dump/data_0402251458H/tempdata/test_results_20250125_145124.csv,eed9beef943118cfafbe633d584a686b98aaad5631aa64122602856e6c457ec1,5286,38,ccfb4cf08d3f5caed46de36c12352d233df3f7ba9007e77c04f6461e6f7b18a3,"[""Athlete ID"",""Athlete Name"",""Activity ID"",""Activity Name"",""Description"",""Start Date"",""Elapsed Time"",""Type"",""Location"",""Distance (km)"",""Pace (min/km)"",""Time""]",2026-09-02T18:00:00Z,strava,curated_candidate,external-offline-backup,
external-drive/elite-endurance-viz-data-dump/data_0402251458H/tempdata/test_results_20250125_150305.csv,eed9beef943118cfafbe633d584a686b98aaad5631aa64122602856e6c457ec1,5286,38,ccfb4cf08d3f5caed46de36c12352d233df3f7ba9007e77c04f6461e6f7b18a3,"[""Athlete ID"",""Athlete Name"",""Activity ID"",""Activity Name"",""Description"",""Start Date"",""Elapsed Time"",""Type"",""Location"",""Distance (km)"",""Pace (min/km)"",""Time""]",2026-09-02T18:00:00Z,strava,curated_candidate,external-offline-backup,
external-drive/elite-endurance-viz-data-dump/data_0602251819H/merged_athlete_metadata.csv,be402c96ba574ad9eb3027165867388837256201f1458d0a92f10ec863cd9b2e,77309,460,b521fc7b0e8e74785f6c869d8f00db251009aef14befd35feb1af95baa4e12e8,"[""Athlete Name"",""Total_Run_Distance_km"",""Avg_Weekly_Run_Mileage_km"",""Total_Run_Hours"",""Avg_Weekly_Run_Hours"",""Total_Ride_Hours"",""Total_Swim_Hours"",""Total_Other_Hours"",""Competitor"",""Nat"",""Gender"",""Mark"",""Discipline"",""Number_of_events"",""Avg_Run_Pace_min_per_km""]",2026-09-02T18:00:00Z,world_athletics,curated_candidate,external-offline-backup,
external-drive/elite-endurance-viz-data-dump/data_0602251819H/metadata/athlete_statistics.csv,1f90d253ddfe98b2a881d6ba4e56e7308efb2a6e6cbae0942eecbc7786a3d30e,54022,676,211a98bfa696f5c85427179f13937fc337cf58d1921ee98384b73fb219adc366,"[""Athlete ID"",""Athlete Name"",""Consistency Percentage"",""Standard Deviation"",""Median-to-Mean Ratio"",""Max-to-Median Ratio"",""No Data Count""]",2026-09-02T18:00:00Z,unknown_legacy,curated_candidate,external-offline-backup,
external-drive/elite-endurance-viz-data-dump/data_0602251819H/metadata/backup/20250203_154856_indiv_activities_full.csv,58bf2ef1974c4a6b837968d8c87c3afdc95a24dc3d2bf94da8f69bdd1181d026,20578701,120303,00af9903ee9944e3c6dcd69e30a8d0e615533155cd8d84966de0222f63c39566,"[""Unnamed: 0"",""Athlete ID"",""Athlete Name"",""Activity ID"",""Activity Name"",""Description"",""Start Date"",""Elapsed Time"",""Type"",""Location"",""Pace (min/mi)"",""Pace (min/km)"",""Time (min)"",""Distance (km)"",""Activity Time (s)""]",2026-09-02T18:00:00Z,strava,backup,external-offline-backup,
external-drive/elite-endurance-viz-data-dump/data_0602251819H/metadata/backup/20250203_155452_indiv_activities_full.csv,58bf2ef1974c4a6b837968d8c87c3afdc95a24dc3d2bf94da8f69bdd1181d026,20578701,120303,00af9903ee9944e3c6dcd69e30a8d0e615533155cd8d84966de0222f63c39566,"[""Unnamed: 0"",""Athlete ID"",""Athlete Name"",""Activity ID"",""Activity Name"",""Description"",""Start Date"",""Elapsed Time"",""Type"",""Location"",""Pace (min/mi)"",""Pace (min/km)"",""Time (min)"",""Distance (km)"",""Activity Time (s)""]",2026-09-02T18:00:00Z,strava,backup,external-offline-backup,
external-drive/elite-endurance-viz-data-dump/data_0602251819H/metadata/backup/20250203_211627_cleaned_athlete_metadata.csv,99e98bdd40d9acb94f92688350f0aaf01507e3d2c3409fc8a8b070d199743e90,78331,460,8feb92b039f84a68968db9687ed0c7dfda551c0ab0afb0b46b9f2c24795a9de2,"[""Athlete Name"",""Total_Run_Distance_km"",""Avg_Weekly_Run_Mileage_km"",""Total_Run_Hours"",""Avg_Weekly_Run_Hours"",""Total_Ride_Hours"",""Total_Swim_Hours"",""Total_Other_Hours"",""Competitor"",""Nat"",""Gender"",""Mark"",""Discipline"",""Number_of_events"",""Avg_Run_Pace_min_per_km"",""2024 Weeks Scraped""]",2026-09-02T18:00:00Z,world_athletics,backup,external-offline-backup,
external-drive/elite-endurance-viz-data-dump/data_0602251819H/metadata/backup/20250203_211627_indiv_activities_full.csv,698009ce5a748526354d794dbe4fd4653ba60a88219b7e63a246d3f220b8d948,21180221,120303,eef8336aaeea86b5f67d40e95b639c7d924cbebff0740837b7af133f54a08aa5,"[""Unnamed: 0"",""Athlete ID"",""Athlete Name"",""Activity ID"",""Activity Name"",""Description"",""Start Date"",""Elapsed Time"",""Type"",""Location"",""Pace (min/mi)"",""Pace (min/km)"",""Time (min)"",""Distance (km)"",""Activity Time (s)"",""Time""]",2026-09-02T18:00:00Z,strava,backup,external-offline-backup,
external-drive/elite-endurance-viz-data-dump/data_0602251819H/metadata/backup/20250203_211658_cleaned_athlete_metadata.csv,99e98bdd40d9acb94f92688350f0aaf01507e3d2c3409fc8a8b070d199743e90,78331,460,8feb92b039f84a68968db9687ed0c7dfda551c0ab0afb0b46b9f2c24795a9de2,"[""Athlete Name"",""Total_Run_Distance_km"",""Avg_Weekly_Run_Mileage_km"",""Total_Run_Hours"",""Avg_Weekly_Run_Hours"",""Total_Ride_Hours"",""Total_Swim_Hours"",""Total_Other_Hours"",""Competitor"",""Nat"",""Gender"",""Mark"",""Discipline"",""Number_of_events"",""Avg_Run_Pace_min_per_km"",""2024 Weeks Scraped""]",2026-09-02T18:00:00Z,world_athletics,backup,external-offline-backup,
external-drive/elite-endurance-viz-data-dump/data_0602251819H/metadata/backup/20250203_211658_indiv_activities_full.csv,698009ce5a748526354d794dbe4fd4653ba60a88219b7e63a246d3f220b8d948,21180221,120303,eef8336aaeea86b5f67d40e95b639c7d924cbebff0740837b7af133f54a08aa5,"[""Unnamed: 0"",""Athlete ID"",""Athlete Name"",""Activity ID"",""Activity Name"",""Description"",""Start Date"",""Elapsed Time"",""Type"",""Location"",""Pace (min/mi)"",""Pace (min/km)"",""Time (min)"",""Distance (km)"",""Activity Time (s)"",""Time""]",2026-09-02T18:00:00Z,strava,backup,external-offline-backup,
external-drive/elite-endurance-viz-data-dump/data_0602251819H/metadata/backup/20250204_124939_cleaned_athlete_metadata.csv,99e98bdd40d9acb94f92688350f0aaf01507e3d2c3409fc8a8b070d199743e90,78331,460,8feb92b039f84a68968db9687ed0c7dfda551c0ab0afb0b46b9f2c24795a9de2,"[""Athlete Name"",""Total_Run_Distance_km"",""Avg_Weekly_Run_Mileage_km"",""Total_Run_Hours"",""Avg_Weekly_Run_Hours"",""Total_Ride_Hours"",""Total_Swim_Hours"",""Total_Other_Hours"",""Competitor"",""Nat"",""Gender"",""Mark"",""Discipline"",""Number_of_events"",""Avg_Run_Pace_min_per_km"",""2024 Weeks Scraped""]",2026-09-02T18:00:00Z,world_athletics,backup,external-offline-backup,
external-drive/elite-endurance-viz-data-dump/data_0602251819H/metadata/backup/20250204_124939_indiv_activities_full.csv,35576e7c98108c0ef7d49625f7d032e12940ac59a92a1a13f471cb5ad6103b4f,21124177,120303,e6ce27f9565d9af916e21b26dc001176c850801b2e06cac3369070d9be68f1f0,"[""Serial"",""Athlete ID"",""Athlete Name"",""Activity ID"",""Activity Name"",""Description"",""Start Date"",""Elapsed Time"",""Type"",""Location"",""Pace (min/mi)"",""Pace (min/km)"",""Time (min)"",""Distance (km)"",""Activity Time (s)"",""Time""]",2026-09-02T18:00:00Z,strava,backup,external-offline-backup,
external-drive/elite-endurance-viz-data-dump/data_0602251819H/metadata/backup/20250204_130421_cleaned_athlete_metadata.csv,99e98bdd40d9acb94f92688350f0aaf01507e3d2c3409fc8a8b070d199743e90,78331,460,8feb92b039f84a68968db9687ed0c7dfda551c0ab0afb0b46b9f2c24795a9de2,"[""Athlete Name"",""Total_Run_Distance_km"",""Avg_Weekly_Run_Mileage_km"",""Total_Run_Hours"",""Avg_Weekly_Run_Hours"",""Total_Ride_Hours"",""Total_Swim_Hours"",""Total_Other_Hours"",""Competitor"",""Nat"",""Gender"",""Mark"",""Discipline"",""Number_of_events"",""Avg_Run_Pace_min_per_km"",""2024 Weeks Scraped""]",2026-09-02T18:00:00Z,world_athletics,backup,external-offline-backup,
external-drive/elite-endurance-viz-data-dump/data_0602251819H/metadata/backup/20250204_130421_indiv_activities_full.csv,35576e7c98108c0ef7d49625f7d032e12940ac59a92a1a13f471cb5ad6103b4f,21124177,120303,e6ce27f9565d9af916e21b26dc001176c850801b2e06cac3369070d9be68f1f0,"[""Serial"",""Athlete ID"",""Athlete Name"",""Activity ID"",""Activity Name"",""Description"",""Start Date"",""Elapsed Time"",""Type"",""Location"",""Pace (min/mi)"",""Pace (min/km)"",""Time (min)"",""Distance (km)"",""Activity Time (s)"",""Time""]",2026-09-02T18:00:00Z,strava,backup,external-offline-backup,
external-drive/elite-endurance-viz-data-dump/data_0602251819H/metadata/backup/20250204_130447_cleaned_athlete_metadata.csv,99e98bdd40d9acb94f92688350f0aaf01507e3d2c3409fc8a8b070d199743e90,78331,460,8feb92b039f84a68968db9687ed0c7dfda551c0ab0afb0b46b9f2c24795a9de2,"[""Athlete Name"",""Total_Run_Distance_km"",""Avg_Weekly_Run_Mileage_km"",""Total_Run_Hours"",""Avg_Weekly_Run_Hours"",""Total_Ride_Hours"",""Total_Swim_Hours"",""Total_Other_Hours"",""Competitor"",""Nat"",""Gender"",""Mark"",""Discipline"",""Number_of_events"",""Avg_Run_Pace_min_per_km"",""2024 Weeks Scraped""]",2026-09-02T18:00:00Z,world_athletics,backup,external-offline-backup,
external-drive/elite-endurance-viz-data-dump/data_0602251819H/metadata/backup/20250204_130447_indiv_activities_full.csv,35576e7c98108c0ef7d49625f7d032e12940ac59a92a1a13f471cb5ad6103b4f,21124177,120303,e6ce27f9565d9af916e21b26dc001176c850801b2e06cac3369070d9be68f1f0,"[""Serial"",""Athlete ID"",""Athlete Name"",""Activity ID"",""Activity Name"",""Description"",""Start Date"",""Elapsed Time"",""Type"",""Location"",""Pace (min/mi)"",""Pace (min/km)"",""Time (min)"",""Distance (km)"",""Activity Time (s)"",""Time""]",2026-09-02T18:00:00Z,strava,backup,external-offline-backup,
external-drive/elite-endurance-viz-data-dump/data_0602251819H/metadata/backup/20250204_130522_cleaned_athlete_metadata.csv,99e98bdd40d9acb94f92688350f0aaf01507e3d2c3409fc8a8b070d199743e90,78331,460,8feb92b039f84a68968db9687ed0c7dfda551c0ab0afb0b46b9f2c24795a9de2,"[""Athlete Name"",""Total_Run_Distance_km"",""Avg_Weekly_Run_Mileage_km"",""Total_Run_Hours"",""Avg_Weekly_Run_Hours"",""Total_Ride_Hours"",""Total_Swim_Hours"",""Total_Other_Hours"",""Competitor"",""Nat"",""Gender"",""Mark"",""Discipline"",""Number_of_events"",""Avg_Run_Pace_min_per_km"",""2024 Weeks Scraped""]",2026-09-02T18:00:00Z,world_athletics,backup,external-offline-backup,
external-drive/elite-endurance-viz-data-dump/data_0602251819H/metadata/backup/20250204_130522_indiv_activities_full.csv,35576e7c98108c0ef7d49625f7d032e12940ac59a92a1a13f471cb5ad6103b4f,21124177,120303,e6ce27f9565d9af916e21b26dc001176c850801b2e06cac3369070d9be68f1f0,"[""Serial"",""Athlete ID"",""Athlete Name"",""Activity ID"",""Activity Name"",""Description"",""Start Date"",""Elapsed Time"",""Type"",""Location"",""Pace (min/mi)"",""Pace (min/km)"",""Time (min)"",""Distance (km)"",""Activity Time (s)"",""Time""]",2026-09-02T18:00:00Z,strava,backup,external-offline-backup,
external-drive/elite-endurance-viz-data-dump/data_0602251819H/metadata/backup/20250204_130721_cleaned_athlete_metadata.csv,99e98bdd40d9acb94f92688350f0aaf01507e3d2c3409fc8a8b070d199743e90,78331,460,8feb92b039f84a68968db9687ed0c7dfda551c0ab0afb0b46b9f2c24795a9de2,"[""Athlete Name"",""Total_Run_Distance_km"",""Avg_Weekly_Run_Mileage_km"",""Total_Run_Hours"",""Avg_Weekly_Run_Hours"",""Total_Ride_Hours"",""Total_Swim_Hours"",""Total_Other_Hours"",""Competitor"",""Nat"",""Gender"",""Mark"",""Discipline"",""Number_of_events"",""Avg_Run_Pace_min_per_km"",""2024 Weeks Scraped""]",2026-09-02T18:00:00Z,world_athletics,backup,external-offline-backup,
external-drive/elite-endurance-viz-data-dump/data_0602251819H/metadata/backup/20250204_130721_indiv_activities_full.csv,35576e7c98108c0ef7d49625f7d032e12940ac59a92a1a13f471cb5ad6103b4f,21124177,120303,e6ce27f9565d9af916e21b26dc001176c850801b2e06cac3369070d9be68f1f0,"[""Serial"",""Athlete ID"",""Athlete Name"",""Activity ID"",""Activity Name"",""Description"",""Start Date"",""Elapsed Time"",""Type"",""Location"",""Pace (min/mi)"",""Pace (min/km)"",""Time (min)"",""Distance (km)"",""Activity Time (s)"",""Time""]",2026-09-02T18:00:00Z,strava,backup,external-offline-backup,
external-drive/elite-endurance-viz-data-dump/data_0602251819H/metadata/backup/20250204_131021_cleaned_athlete_metadata.csv,99e98bdd40d9acb94f92688350f0aaf01507e3d2c3409fc8a8b070d199743e90,78331,460,8feb92b039f84a68968db9687ed0c7dfda551c0ab0afb0b46b9f2c24795a9de2,"[""Athlete Name"",""Total_Run_Distance_km"",""Avg_Weekly_Run_Mileage_km"",""Total_Run_Hours"",""Avg_Weekly_Run_Hours"",""Total_Ride_Hours"",""Total_Swim_Hours"",""Total_Other_Hours"",""Competitor"",""Nat"",""Gender"",""Mark"",""Discipline"",""Number_of_events"",""Avg_Run_Pace_min_per_km"",""2024 Weeks Scraped""]",2026-09-02T18:00:00Z,world_athletics,backup,external-offline-backup,
external-drive/elite-endurance-viz-data-dump/data_0602251819H/metadata/backup/20250204_131021_indiv_activities_full.csv,35576e7c98108c0ef7d49625f7d032e12940ac59a92a1a13f471cb5ad6103b4f,21124177,120303,e6ce27f9565d9af916e21b26dc001176c850801b2e06cac3369070d9be68f1f0,"[""Serial"",""Athlete ID"",""Athlete Name"",""Activity ID"",""Activity Name"",""Description"",""Start Date"",""Elapsed Time"",""Type"",""Location"",""Pace (min/mi)"",""Pace (min/km)"",""Time (min)"",""Distance (km)"",""Activity Time (s)"",""Time""]",2026-09-02T18:00:00Z,strava,backup,external-offline-backup,
external-drive/elite-endurance-viz-data-dump/data_0602251819H/metadata/backup/20250204_131210_cleaned_athlete_metadata.csv,99e98bdd40d9acb94f92688350f0aaf01507e3d2c3409fc8a8b070d199743e90,78331,460,8feb92b039f84a68968db9687ed0c7dfda551c0ab0afb0b46b9f2c24795a9de2,"[""Athlete Name"",""Total_Run_Distance_km"",""Avg_Weekly_Run_Mileage_km"",""Total_Run_Hours"",""Avg_Weekly_Run_Hours"",""Total_Ride_Hours"",""Total_Swim_Hours"",""Total_Other_Hours"",""Competitor"",""Nat"",""Gender"",""Mark"",""Discipline"",""Number_of_events"",""Avg_Run_Pace_min_per_km"",""2024 Weeks Scraped""]",2026-09-02T18:00:00Z,world_athletics,backup,external-offline-backup,
external-drive/elite-endurance-viz-data-dump/data_0602251819H/metadata/backup/20250204_131210_indiv_activities_full.csv,35576e7c98108c0ef7d49625f7d032e12940ac59a92a1a13f471cb5ad6103b4f,21124177,120303,e6ce27f9565d9af916e21b26dc001176c850801b2e06cac3369070d9be68f1f0,"[""Serial"",""Athlete ID"",""Athlete Name"",""Activity ID"",""Activity Name"",""Description"",""Start Date"",""Elapsed Time"",""Type"",""Location"",""Pace (min/mi)"",""Pace (min/km)"",""Time (min)"",""Distance (km)"",""Activity Time (s)"",""Time""]",2026-09-02T18:00:00Z,strava,backup,external-offline-backup,
external-drive/elite-endurance-viz-data-dump/data_0602251819H/metadata/backup/20250204_134132_cleaned_athlete_metadata.csv,79da6494222ea6a7d1476d47c590002d97b2273c54f0097741840e720c14b4b5,82448,460,0276c16ceb786ad41a8a49efcbfd30a65aac8036d495b84b27e53bdd537efbf6,"[""Athlete Name"",""Total_Run_Distance_km"",""Avg_Weekly_Run_Mileage_km"",""Total_Run_Hours"",""Avg_Weekly_Run_Hours"",""Total_Ride_Hours"",""Total_Swim_Hours"",""Total_Other_Hours"",""Competitor"",""Nat"",""Gender"",""Mark"",""Discipline"",""Number_of_events"",""Avg_Run_Pace_min_per_km"",""2024 Weeks Scraped"",""Athlete ID""]",2026-09-02T18:00:00Z,world_athletics,backup,external-offline-backup,
external-drive/elite-endurance-viz-data-dump/data_0602251819H/metadata/backup/20250204_134132_indiv_activities_full.csv,38a390dec1273172495bd1363893daa9b501b1e8304e991776681edf62a42ab4,21124178,120304,e6ce27f9565d9af916e21b26dc001176c850801b2e06cac3369070d9be68f1f0,"[""Serial"",""Athlete ID"",""Athlete Name"",""Activity ID"",""Activity Name"",""Description"",""Start Date"",""Elapsed Time"",""Type"",""Location"",""Pace (min/mi)"",""Pace (min/km)"",""Time (min)"",""Distance (km)"",""Activity Time (s)"",""Time""]",2026-09-02T18:00:00Z,strava,backup,external-offline-backup,row_width_mismatch:1
external-drive/elite-endurance-viz-data-dump/data_0602251819H/metadata/backup/20250204_135124_cleaned_athlete_metadata.csv,79da6494222ea6a7d1476d47c590002d97b2273c54f0097741840e720c14b4b5,82448,460,0276c16ceb786ad41a8a49efcbfd30a65aac8036d495b84b27e53bdd537efbf6,"[""Athlete Name"",""Total_Run_Distance_km"",""Avg_Weekly_Run_Mileage_km"",""Total_Run_Hours"",""Avg_Weekly_Run_Hours"",""Total_Ride_Hours"",""Total_Swim_Hours"",""Total_Other_Hours"",""Competitor"",""Nat"",""Gender"",""Mark"",""Discipline"",""Number_of_events"",""Avg_Run_Pace_min_per_km"",""2024 Weeks Scraped"",""Athlete ID""]",2026-09-02T18:00:00Z,world_athletics,backup,external-offline-backup,
external-drive/elite-endurance-viz-data-dump/data_0602251819H/metadata/backup/20250204_135124_indiv_activities_full.csv,35576e7c98108c0ef7d49625f7d032e12940ac59a92a1a13f471cb5ad6103b4f,21124177,120303,e6ce27f9565d9af916e21b26dc001176c850801b2e06cac3369070d9be68f1f0,"[""Serial"",""Athlete ID"",""Athlete Name"",""Activity ID"",""Activity Name"",""Description"",""Start Date"",""Elapsed Time"",""Type"",""Location"",""Pace (min/mi)"",""Pace (min/km)"",""Time (min)"",""Distance (km)"",""Activity Time (s)"",""Time""]",2026-09-02T18:00:00Z,strava,backup,external-offline-backup,
external-drive/elite-endurance-viz-data-dump/data_0602251819H/metadata/backup/20250204_135242_cleaned_athlete_metadata.csv,79da6494222ea6a7d1476d47c590002d97b2273c54f0097741840e720c14b4b5,82448,460,0276c16ceb786ad41a8a49efcbfd30a65aac8036d495b84b27e53bdd537efbf6,"[""Athlete Name"",""Total_Run_Distance_km"",""Avg_Weekly_Run_Mileage_km"",""Total_Run_Hours"",""Avg_Weekly_Run_Hours"",""Total_Ride_Hours"",""Total_Swim_Hours"",""Total_Other_Hours"",""Competitor"",""Nat"",""Gender"",""Mark"",""Discipline"",""Number_of_events"",""Avg_Run_Pace_min_per_km"",""2024 Weeks Scraped"",""Athlete ID""]",2026-09-02T18:00:00Z,world_athletics,backup,external-offline-backup,
external-drive/elite-endurance-viz-data-dump/data_0602251819H/metadata/backup/20250204_135242_indiv_activities_full.csv,35576e7c98108c0ef7d49625f7d032e12940ac59a92a1a13f471cb5ad6103b4f,21124177,120303,e6ce27f9565d9af916e21b26dc001176c850801b2e06cac3369070d9be68f1f0,"[""Serial"",""Athlete ID"",""Athlete Name"",""Activity ID"",""Activity Name"",""Description"",""Start Date"",""Elapsed Time"",""Type"",""Location"",""Pace (min/mi)"",""Pace (min/km)"",""Time (min)"",""Distance (km)"",""Activity Time (s)"",""Time""]",2026-09-02T18:00:00Z,strava,backup,external-offline-backup,
external-drive/elite-endurance-viz-data-dump/data_0602251819H/metadata/backup/20250204_140142_cleaned_athlete_metadata.csv,79da6494222ea6a7d1476d47c590002d97b2273c54f0097741840e720c14b4b5,82448,460,0276c16ceb786ad41a8a49efcbfd30a65aac8036d495b84b27e53bdd537efbf6,"[""Athlete Name"",""Total_Run_Distance_km"",""Avg_Weekly_Run_Mileage_km"",""Total_Run_Hours"",""Avg_Weekly_Run_Hours"",""Total_Ride_Hours"",""Total_Swim_Hours"",""Total_Other_Hours"",""Competitor"",""Nat"",""Gender"",""Mark"",""Discipline"",""Number_of_events"",""Avg_Run_Pace_min_per_km"",""2024 Weeks Scraped"",""Athlete ID""]",2026-09-02T18:00:00Z,world_athletics,backup,external-offline-backup,
external-drive/elite-endurance-viz-data-dump/data_0602251819H/metadata/backup/20250204_140142_indiv_activities_full.csv,35576e7c98108c0ef7d49625f7d032e12940ac59a92a1a13f471cb5ad6103b4f,21124177,120303,e6ce27f9565d9af916e21b26dc001176c850801b2e06cac3369070d9be68f1f0,"[""Serial"",""Athlete ID"",""Athlete Name"",""Activity ID"",""Activity Name"",""Description"",""Start Date"",""Elapsed Time"",""Type"",""Location"",""Pace (min/mi)"",""Pace (min/km)"",""Time (min)"",""Distance (km)"",""Activity Time (s)"",""Time""]",2026-09-02T18:00:00Z,strava,backup,external-offline-backup,
external-drive/elite-endurance-viz-data-dump/data_0602251819H/metadata/backup/20250204_141640_cleaned_athlete_metadata.csv,79da6494222ea6a7d1476d47c590002d97b2273c54f0097741840e720c14b4b5,82448,460,0276c16ceb786ad41a8a49efcbfd30a65aac8036d495b84b27e53bdd537efbf6,"[""Athlete Name"",""Total_Run_Distance_km"",""Avg_Weekly_Run_Mileage_km"",""Total_Run_Hours"",""Avg_Weekly_Run_Hours"",""Total_Ride_Hours"",""Total_Swim_Hours"",""Total_Other_Hours"",""Competitor"",""Nat"",""Gender"",""Mark"",""Discipline"",""Number_of_events"",""Avg_Run_Pace_min_per_km"",""2024 Weeks Scraped"",""Athlete ID""]",2026-09-02T18:00:00Z,world_athletics,backup,external-offline-backup,
external-drive/elite-endurance-viz-data-dump/data_0602251819H/metadata/backup/20250204_141640_indiv_activities_full.csv,35576e7c98108c0ef7d49625f7d032e12940ac59a92a1a13f471cb5ad6103b4f,21124177,120303,e6ce27f9565d9af916e21b26dc001176c850801b2e06cac3369070d9be68f1f0,"[""Serial"",""Athlete ID"",""Athlete Name"",""Activity ID"",""Activity Name"",""Description"",""Start Date"",""Elapsed Time"",""Type"",""Location"",""Pace (min/mi)"",""Pace (min/km)"",""Time (min)"",""Distance (km)"",""Activity Time (s)"",""Time""]",2026-09-02T18:00:00Z,strava,backup,external-offline-backup,
external-drive/elite-endurance-viz-data-dump/data_0602251819H/metadata/backup/20250204_143946_cleaned_athlete_metadata.csv,5bb5aebbddfb629a5961024c304e9f192b658a041403bca9366fc96c828824ca,82391,460,0276c16ceb786ad41a8a49efcbfd30a65aac8036d495b84b27e53bdd537efbf6,"[""Athlete Name"",""Total_Run_Distance_km"",""Avg_Weekly_Run_Mileage_km"",""Total_Run_Hours"",""Avg_Weekly_Run_Hours"",""Total_Ride_Hours"",""Total_Swim_Hours"",""Total_Other_Hours"",""Competitor"",""Nat"",""Gender"",""Mark"",""Discipline"",""Number_of_events"",""Avg_Run_Pace_min_per_km"",""2024 Weeks Scraped"",""Athlete ID""]",2026-09-02T18:00:00Z,world_athletics,backup,external-offline-backup,
external-drive/elite-endurance-viz-data-dump/data_0602251819H/metadata/backup/20250204_143946_indiv_activities_full.csv,35576e7c98108c0ef7d49625f7d032e12940ac59a92a1a13f471cb5ad6103b4f,21124177,120303,e6ce27f9565d9af916e21b26dc001176c850801b2e06cac3369070d9be68f1f0,"[""Serial"",""Athlete ID"",""Athlete Name"",""Activity ID"",""Activity Name"",""Description"",""Start Date"",""Elapsed Time"",""Type"",""Location"",""Pace (min/mi)"",""Pace (min/km)"",""Time (min)"",""Distance (km)"",""Activity Time (s)"",""Time""]",2026-09-02T18:00:00Z,strava,backup,external-offline-backup,
external-drive/elite-endurance-viz-data-dump/data_0602251819H/metadata/backup/20250205_125135_cleaned_athlete_metadata.csv,722d59f432cfeb0e6e9d4fc03f7235ead4c8e7e925639005e1e5899f05c196a5,82254,460,0276c16ceb786ad41a8a49efcbfd30a65aac8036d495b84b27e53bdd537efbf6,"[""Athlete Name"",""Total_Run_Distance_km"",""Avg_Weekly_Run_Mileage_km"",""Total_Run_Hours"",""Avg_Weekly_Run_Hours"",""Total_Ride_Hours"",""Total_Swim_Hours"",""Total_Other_Hours"",""Competitor"",""Nat"",""Gender"",""Mark"",""Discipline"",""Number_of_events"",""Avg_Run_Pace_min_per_km"",""2024 Weeks Scraped"",""Athlete ID""]",2026-09-02T18:00:00Z,world_athletics,backup,external-offline-backup,
external-drive/elite-endurance-viz-data-dump/data_0602251819H/metadata/backup/20250205_125135_indiv_activities_full.csv,e3f3ab73e95d481494c411af479fd8c3d8779cd167329b521e261f580af37839,21138780,120387,e6ce27f9565d9af916e21b26dc001176c850801b2e06cac3369070d9be68f1f0,"[""Serial"",""Athlete ID"",""Athlete Name"",""Activity ID"",""Activity Name"",""Description"",""Start Date"",""Elapsed Time"",""Type"",""Location"",""Pace (min/mi)"",""Pace (min/km)"",""Time (min)"",""Distance (km)"",""Activity Time (s)"",""Time""]",2026-09-02T18:00:00Z,strava,backup,external-offline-backup,
external-drive/elite-endurance-viz-data-dump/data_0602251819H/metadata/backup/20250206_112552_cleaned_athlete_metadata.csv,7c9eeaff1271038d18a61ad24d70021be63b7b8f5148172f5befde35824d4381,82250,460,0276c16ceb786ad41a8a49efcbfd30a65aac8036d495b84b27e53bdd537efbf6,"[""Athlete Name"",""Total_Run_Distance_km"",""Avg_Weekly_Run_Mileage_km"",""Total_Run_Hours"",""Avg_Weekly_Run_Hours"",""Total_Ride_Hours"",""Total_Swim_Hours"",""Total_Other_Hours"",""Competitor"",""Nat"",""Gender"",""Mark"",""Discipline"",""Number_of_events"",""Avg_Run_Pace_min_per_km"",""2024 Weeks Scraped"",""Athlete ID""]",2026-09-02T18:00:00Z,world_athletics,backup,external-offline-backup,
external-drive/elite-endurance-viz-data-dump/data_0602251819H/metadata/backup/20250206_112552_indiv_activities_full.csv,9381d7a23d9542fa7d9529da3175c33e6554a8c4297f6d1fc2467011c7596ba6,21175956,120591,e6ce27f9565d9af916e21b26dc001176c850801b2e06cac3369070d9be68f1f0,"[""Serial"",""Athlete ID"",""Athlete Name"",""Activity ID"",""Activity Name"",""Description"",""Start Date"",""Elapsed Time"",""Type"",""Location"",""Pace (min/mi)"",""Pace (min/km)"",""Time (min)"",""Distance (km)"",""Activity Time (s)"",""Time""]",2026-09-02T18:00:00Z,strava,backup,external-offline-backup,
external-drive/elite-endurance-viz-data-dump/data_0602251819H/metadata/backup/20250206_123448_cleaned_athlete_metadata.csv,be066aa992ea800381440419d139ffaa7e62ffc0a19473eae6856e61722ab618,81688,460,0276c16ceb786ad41a8a49efcbfd30a65aac8036d495b84b27e53bdd537efbf6,"[""Athlete Name"",""Total_Run_Distance_km"",""Avg_Weekly_Run_Mileage_km"",""Total_Run_Hours"",""Avg_Weekly_Run_Hours"",""Total_Ride_Hours"",""Total_Swim_Hours"",""Total_Other_Hours"",""Competitor"",""Nat"",""Gender"",""Mark"",""Discipline"",""Number_of_events"",""Avg_Run_Pace_min_per_km"",""2024 Weeks Scraped"",""Athlete ID""]",2026-09-02T18:00:00Z,world_athletics,backup,external-offline-backup,
external-drive/elite-endurance-viz-data-dump/data_0602251819H/metadata/backup/20250206_123448_indiv_activities_full.csv,b06d144b6b5e08fbb7dcdafb8656d40a2ece15f89c8f0f8457c08e1ee80d6427,21222560,120864,e6ce27f9565d9af916e21b26dc001176c850801b2e06cac3369070d9be68f1f0,"[""Serial"",""Athlete ID"",""Athlete Name"",""Activity ID"",""Activity Name"",""Description"",""Start Date"",""Elapsed Time"",""Type"",""Location"",""Pace (min/mi)"",""Pace (min/km)"",""Time (min)"",""Distance (km)"",""Activity Time (s)"",""Time""]",2026-09-02T18:00:00Z,strava,backup,external-offline-backup,
external-drive/elite-endurance-viz-data-dump/data_0602251819H/metadata/backup/20250206_133127_cleaned_athlete_metadata.csv,6b919fd0b5ebbbf8ca292bca4d197d60b22b03df87fbdb166c7db92d51e71a77,80953,460,0276c16ceb786ad41a8a49efcbfd30a65aac8036d495b84b27e53bdd537efbf6,"[""Athlete Name"",""Total_Run_Distance_km"",""Avg_Weekly_Run_Mileage_km"",""Total_Run_Hours"",""Avg_Weekly_Run_Hours"",""Total_Ride_Hours"",""Total_Swim_Hours"",""Total_Other_Hours"",""Competitor"",""Nat"",""Gender"",""Mark"",""Discipline"",""Number_of_events"",""Avg_Run_Pace_min_per_km"",""2024 Weeks Scraped"",""Athlete ID""]",2026-09-02T18:00:00Z,world_athletics,backup,external-offline-backup,
external-drive/elite-endurance-viz-data-dump/data_0602251819H/metadata/backup/20250206_133127_indiv_activities_full.csv,56e61b3727e184e5ea1a251df64f01de79b57be25309083dbfca84f5e509e2af,21381197,121726,e6ce27f9565d9af916e21b26dc001176c850801b2e06cac3369070d9be68f1f0,"[""Serial"",""Athlete ID"",""Athlete Name"",""Activity ID"",""Activity Name"",""Description"",""Start Date"",""Elapsed Time"",""Type"",""Location"",""Pace (min/mi)"",""Pace (min/km)"",""Time (min)"",""Distance (km)"",""Activity Time (s)"",""Time""]",2026-09-02T18:00:00Z,strava,backup,external-offline-backup,
external-drive/elite-endurance-viz-data-dump/data_0602251819H/metadata/backup/20250206_152832_cleaned_athlete_metadata.csv,d1d21ea3be108f387aecb91962a10095809c634a38dd0fea0eafcbf3e7028130,79662,460,0276c16ceb786ad41a8a49efcbfd30a65aac8036d495b84b27e53bdd537efbf6,"[""Athlete Name"",""Total_Run_Distance_km"",""Avg_Weekly_Run_Mileage_km"",""Total_Run_Hours"",""Avg_Weekly_Run_Hours"",""Total_Ride_Hours"",""Total_Swim_Hours"",""Total_Other_Hours"",""Competitor"",""Nat"",""Gender"",""Mark"",""Discipline"",""Number_of_events"",""Avg_Run_Pace_min_per_km"",""2024 Weeks Scraped"",""Athlete ID""]",2026-09-02T18:00:00Z,world_athletics,backup,external-offline-backup,
external-drive/elite-endurance-viz-data-dump/data_0602251819H/metadata/backup/20250206_152832_indiv_activities_full.csv,af1db21c58d13c37c3c495a4e15159ea8d63a8579dcdc4a4ec220e2011c58e1c,21598524,122869,e6ce27f9565d9af916e21b26dc001176c850801b2e06cac3369070d9be68f1f0,"[""Serial"",""Athlete ID"",""Athlete Name"",""Activity ID"",""Activity Name"",""Description"",""Start Date"",""Elapsed Time"",""Type"",""Location"",""Pace (min/mi)"",""Pace (min/km)"",""Time (min)"",""Distance (km)"",""Activity Time (s)"",""Time""]",2026-09-02T18:00:00Z,strava,backup,external-offline-backup,
external-drive/elite-endurance-viz-data-dump/data_0602251819H/metadata/backup/master_iaaf_database.csv,7971f225d7f8c124033e0abeb2d7fa6df19061267294cac5d52c1641337c1426,522954,5305,be4ef854f7e6fbc6523cc417c7704359c0fe3841bf6807d67523ad938dbcfe0e,"[""Unnamed: 0"",""Mark"",""Competitor"",""Nat"",""Location"",""Date"",""Results Score"",""Discipline"",""Gender"",""Date_Created""]",2026-09-02T18:00:00Z,world_athletics,backup,external-offline-backup,
external-drive/elite-endurance-viz-data-dump/data_0602251819H/metadata/backup/master_iaaf_database_20250115.csv,702a8758cecc0ba5c0bcc03aed424aaa3911cb3c5ec8fd355785c7540322ab0c,615479,4368,68d1cacf14d9fa29353a26bd22241c2ba1ce01b47e3018b6bbcad97a170d3564,"[""Unnamed: 0"",""Mark"",""Competitor"",""Nat"",""Location"",""Date"",""Results Score"",""Discipline"",""Gender"",""Performance_ID"",""Date_Created""]",2026-09-02T18:00:00Z,world_athletics,backup,external-offline-backup,
external-drive/elite-endurance-viz-data-dump/data_0602251819H/metadata/combined_df_female_distanceCAA30Oct.csv,fed51c06716856b629b1dd7ea5f5e966f28537497f93d1c7494098c09367be6e,164332,1881,cb77bdd41dc723b1d43f43b5d0eec8396d506d8a05ea254a3bb5df87d1bbf27d,"["""",""Mark"",""Competitor"",""Nat"",""Location"",""Date"",""Results Score"",""Discipline""]",2026-09-02T18:00:00Z,world_athletics,curated_candidate,external-offline-backup,
external-drive/elite-endurance-viz-data-dump/data_0602251819H/metadata/combined_df_female_distance_strava_metaCAA31Oct.csv,ca968aebc87f533ef6d1d0a4458b65a26f87034145dd1a42ad904c47e9968b31,197016,1881,73ad55cbad63364b4dcd198617c9bd95e6f637f6949863f6971b2f81e2921ce0,"["""",""Mark"",""Competitor"",""Nat"",""Location"",""Date"",""Results Score"",""Discipline"",""Athlete ID"",""Number of Runs"",""Number of Bike Rides"",""Profile Visibility""]",2026-09-02T18:00:00Z,world_athletics,curated_candidate,external-offline-backup,
external-drive/elite-endurance-viz-data-dump/data_0602251819H/metadata/combined_df_male_distanceCAA30Oct (1).csv,48c6b7934f3280185066d734d08bef1ab26d067ba6f06ff4e302ea0ecb358da4,215965,2487,cb77bdd41dc723b1d43f43b5d0eec8396d506d8a05ea254a3bb5df87d1bbf27d,"["""",""Mark"",""Competitor"",""Nat"",""Location"",""Date"",""Results Score"",""Discipline""]",2026-09-02T18:00:00Z,world_athletics,curated_candidate,external-offline-backup,
external-drive/elite-endurance-viz-data-dump/data_0602251819H/metadata/combined_df_male_distance_strava_meta_updatedCAA31Oct.csv,1633af41c1a023a4eacdebd33194153fb229ed0daa695619bed130161ef32dd9,260287,2487,73ad55cbad63364b4dcd198617c9bd95e6f637f6949863f6971b2f81e2921ce0,"["""",""Mark"",""Competitor"",""Nat"",""Location"",""Date"",""Results Score"",""Discipline"",""Athlete ID"",""Number of Runs"",""Number of Bike Rides"",""Profile Visibility""]",2026-09-02T18:00:00Z,world_athletics,curated_candidate,external-offline-backup,
external-drive/elite-endurance-viz-data-dump/data_0602251819H/metadata/combined_df_strava_oct_public - updated.csv,2cb5ad44089167b6bf823db1a9e070b93cae47d044ac5d44e214e348b89b52a9,146283,1299,73ad55cbad63364b4dcd198617c9bd95e6f637f6949863f6971b2f81e2921ce0,"["""",""Mark"",""Competitor"",""Nat"",""Location"",""Date"",""Results Score"",""Discipline"",""Athlete ID"",""Number of Runs"",""Number of Bike Rides"",""Profile Visibility""]",2026-09-02T18:00:00Z,world_athletics,curated_candidate,external-offline-backup,
external-drive/elite-endurance-viz-data-dump/data_0602251819H/metadata/combined_df_strava_oct_public.csv,1442a3e3390250a36fe3d0a71c5e2d96e47fdfe04934e0d558ce7916f3512d18,144838,1298,73ad55cbad63364b4dcd198617c9bd95e6f637f6949863f6971b2f81e2921ce0,"["""",""Mark"",""Competitor"",""Nat"",""Location"",""Date"",""Results Score"",""Discipline"",""Athlete ID"",""Number of Runs"",""Number of Bike Rides"",""Profile Visibility""]",2026-09-02T18:00:00Z,world_athletics,curated_candidate,external-offline-backup,
external-drive/elite-endurance-viz-data-dump/data_0602251819H/metadata/converted_min_km.csv,d2e6d9e5d31aeaf7c7c371472ef00a1c992f75ca8cc2eb7c1e93d16d2410ea34,19666647,116985,18358041309a40f3e16449e1c3eab148000f8a36c3bbb8ac24a9827a5f585f70,"[""Unnamed: 0"",""Athlete ID"",""Athlete Name"",""Activity ID"",""Activity Name"",""Description"",""Start Date"",""Elapsed Time"",""Type"",""Location"",""Pace (min/mi)"",""Pace (min/km)"",""Time (min)"",""Distance (km)""]",2026-09-02T18:00:00Z,strava,curated_candidate,external-offline-backup,
external-drive/elite-endurance-viz-data-dump/data_0602251819H/metadata/converted_min_km_with_time.csv,c23342b9d1e8022b9973eba007e0d2df861773f869984a4c2c4bdffae3d765a8,450731,3318,6c95ef27b440a9f7e06ffd14c1b88a71cab6a38d3cc77ab826a57839d03d560a,"[""Unnamed: 0"",""Athlete ID"",""Athlete Name"",""Activity ID"",""Activity Name"",""Description"",""Start Date"",""Elapsed Time"",""Type"",""Location"",""Distance (km)"",""Pace (min/km)"",""Time (min)""]",2026-09-02T18:00:00Z,strava,curated_candidate,external-offline-backup,
external-drive/elite-endurance-viz-data-dump/data_0602251819H/metadata/full_meta.csv,30e1ba1c904b4a0a6a9cf50d6c99187fbb4e3106da8ad8f2a769b6c34ae29045,5885693,66550,774140aa80919e3da7fbe0a3af41a1979dd42a900aa5a6ee7716d21bd8c15032,"[""Unnamed: 0"",""Athlete ID"",""Name"",""Week Number"",""Date Range"",""Distance (km)"",""Time"",""Elevation (m)"",""Batch""]",2026-09-02T18:00:00Z,unknown_legacy,curated_candidate,external-offline-backup,
external-drive/elite-endurance-viz-data-dump/data_0602251819H/metadata/master_iaaf_database_with_strava.csv,6506ec688d2f5ec4dfd1464d0d098bd31bdb527d2cdf8819b567f6def608178c,619450,5305,178707014c6571dae05d51c9afd9b72f9a0530361fcd2b47cf81100a719e723d,"[""Unnamed: 0"",""Mark"",""Competitor"",""Nat"",""Location"",""Date"",""Results Score"",""Discipline"",""Gender"",""Date_Created"",""Athlete ID"",""Number of Runs"",""Number of Bike Rides"",""Profile Visibility"",""2024 Weeks Scraped""]",2026-09-02T18:00:00Z,world_athletics,curated_candidate,external-offline-backup,
external-drive/elite-endurance-viz-data-dump/data_0602251819H/metadata/merged_min_km.csv,6a528b90a27a4cb9ff858cf8d7fbd010c23f9afb1039176270956c2b20535917,454660,3318,6af544f45af54ca6e9fd43ebdbdc1a5afc7369eb62556dc4f88c3f47dbaf436c,"[""Unnamed: 0"",""Athlete ID"",""Athlete Name"",""Activity ID"",""Activity Name"",""Description"",""Start Date"",""Elapsed Time"",""Type"",""Location"",""Distance (km)"",""Pace (min/km)"",""Time""]",2026-09-02T18:00:00Z,strava,curated_candidate,external-offline-backup,
external-drive/elite-endurance-viz-data-dump/data_0602251819H/metadata/merged_min_mi.csv,4e81a0e980ba847dccd522fc039b89de895c0dfda8404c482f41cf827eded097,17126985,116985,5569cf606df39d23792ad887c9a2faa6691b8a8e9313b7b873b8e64fe0a53434,"[""Unnamed: 0"",""Athlete ID"",""Athlete Name"",""Activity ID"",""Activity Name"",""Description"",""Start Date"",""Elapsed Time"",""Type"",""Location"",""Distance (mi)"",""Pace (min/mi)"",""Time""]",2026-09-02T18:00:00Z,strava,curated_candidate,external-offline-backup,
external-drive/elite-endurance-viz-data-dump/data_0602251819H/metadata/processed_full_meta.csv,15acce416cf5c52b9b0b780caa0eabd7a61a5d93f1a9acccd40c8c6cb8305c12,5206908,60600,774140aa80919e3da7fbe0a3af41a1979dd42a900aa5a6ee7716d21bd8c15032,"[""Unnamed: 0"",""Athlete ID"",""Name"",""Week Number"",""Date Range"",""Distance (km)"",""Time"",""Elevation (m)"",""Batch""]",2026-09-02T18:00:00Z,unknown_legacy,curated_candidate,external-offline-backup,
external-drive/elite-endurance-viz-data-dump/data_0602251819H/metadata/sorted_full_meta.csv,4eaff4f74eb7857130d0180c8febd62c006d9233355271dcc44ea1d7c396f600,5269668,60600,774140aa80919e3da7fbe0a3af41a1979dd42a900aa5a6ee7716d21bd8c15032,"[""Unnamed: 0"",""Athlete ID"",""Name"",""Week Number"",""Date Range"",""Distance (km)"",""Time"",""Elevation (m)"",""Batch""]",2026-09-02T18:00:00Z,unknown_legacy,curated_candidate,external-offline-backup,
external-drive/elite-endurance-viz-data-dump/data_0602251819H/metadata/test_results_20250125_120157.csv,eed9beef943118cfafbe633d584a686b98aaad5631aa64122602856e6c457ec1,5286,38,ccfb4cf08d3f5caed46de36c12352d233df3f7ba9007e77c04f6461e6f7b18a3,"[""Athlete ID"",""Athlete Name"",""Activity ID"",""Activity Name"",""Description"",""Start Date"",""Elapsed Time"",""Type"",""Location"",""Distance (km)"",""Pace (min/km)"",""Time""]",2026-09-02T18:00:00Z,strava,curated_candidate,external-offline-backup,
external-drive/elite-endurance-viz-data-dump/data_0602251819H/raw_data/batch_10_indiv_activities.csv,d1ff58a6db6d0c3ca3d7759f5d343bf39b5db5c7e33409c5e587c40d4411c94a,339488,2245,f7cc77e8cd24d5eaf50c071004c51c8f02441b164cc352e3d824a84693bdb495,"["""",""Athlete ID"",""Athlete Name"",""Activity ID"",""Activity Name"",""Description"",""Start Date"",""Elapsed Time"",""Type"",""Location"",""Distance (mi)"",""Pace (min/mi)"",""Time""]",2026-09-02T18:00:00Z,strava,curated_candidate,external-offline-backup,
external-drive/elite-endurance-viz-data-dump/data_0602251819H/raw_data/batch_10_meta.csv,9e3a6bbf83ac07ed7bced0564611342c03eaeece3b62d7d9bea0da3cf361756d,21694,225,3180c6fcde557aed2a6a16f7be9ae1918cd05e7470565c14a9ef2eba8a437cdc,"["""",""Athlete ID"",""Name"",""Week Number"",""Date Range"",""Distance (km)"",""Time"",""Elevation (m)""]",2026-09-02T18:00:00Z,unknown_legacy,curated_candidate,external-offline-backup,
external-drive/elite-endurance-viz-data-dump/data_0602251819H/raw_data/batch_11_indiv_activities.csv,0a09da2bee61f329506e7c5fb88a64fa6b517a4f0a6ff6726b63334315584b31,209931,1346,f7cc77e8cd24d5eaf50c071004c51c8f02441b164cc352e3d824a84693bdb495,"["""",""Athlete ID"",""Athlete Name"",""Activity ID"",""Activity Name"",""Description"",""Start Date"",""Elapsed Time"",""Type"",""Location"",""Distance (mi)"",""Pace (min/mi)"",""Time""]",2026-09-02T18:00:00Z,strava,curated_candidate,external-offline-backup,
external-drive/elite-endurance-viz-data-dump/data_0602251819H/raw_data/batch_11_meta.csv,eba2f05644b31c140635851fb2527f2023e4d72f0a35a423f34d496d42f35db6,22115,225,3180c6fcde557aed2a6a16f7be9ae1918cd05e7470565c14a9ef2eba8a437cdc,"["""",""Athlete ID"",""Name"",""Week Number"",""Date Range"",""Distance (km)"",""Time"",""Elevation (m)""]",2026-09-02T18:00:00Z,unknown_legacy,curated_candidate,external-offline-backup,
external-drive/elite-endurance-viz-data-dump/data_0602251819H/raw_data/batch_12_indiv_activities.csv,06761d6a09d280984bacbf0dcad30167698865f7652da8b75d902888833c41b6,198443,1257,f7cc77e8cd24d5eaf50c071004c51c8f02441b164cc352e3d824a84693bdb495,"["""",""Athlete ID"",""Athlete Name"",""Activity ID"",""Activity Name"",""Description"",""Start Date"",""Elapsed Time"",""Type"",""Location"",""Distance (mi)"",""Pace (min/mi)"",""Time""]",2026-09-02T18:00:00Z,strava,curated_candidate,external-offline-backup,
external-drive/elite-endurance-viz-data-dump/data_0602251819H/raw_data/batch_12_meta.csv,2a9af314a8169fa3a042df593e729b4d6623a47e239613a3d07469e68bd40d94,20559,225,3180c6fcde557aed2a6a16f7be9ae1918cd05e7470565c14a9ef2eba8a437cdc,"["""",""Athlete ID"",""Name"",""Week Number"",""Date Range"",""Distance (km)"",""Time"",""Elevation (m)""]",2026-09-02T18:00:00Z,unknown_legacy,curated_candidate,external-offline-backup,
external-drive/elite-endurance-viz-data-dump/data_0602251819H/raw_data/batch_13_indiv_activities.csv,b8d07169fab74e278a12b86d84b22b68f43ee6ccb3fda858fbc8f77aebfd82b8,203840,1321,f7cc77e8cd24d5eaf50c071004c51c8f02441b164cc352e3d824a84693bdb495,"["""",""Athlete ID"",""Athlete Name"",""Activity ID"",""Activity Name"",""Description"",""Start Date"",""Elapsed Time"",""Type"",""Location"",""Distance (mi)"",""Pace (min/mi)"",""Time""]",2026-09-02T18:00:00Z,strava,curated_candidate,external-offline-backup,
external-drive/elite-endurance-viz-data-dump/data_0602251819H/raw_data/batch_13_meta.csv,bec5bd23ec125896853e68e289bb5df29793ce23ef87798d5e120ec6de99a90b,22432,225,3180c6fcde557aed2a6a16f7be9ae1918cd05e7470565c14a9ef2eba8a437cdc,"["""",""Athlete ID"",""Name"",""Week Number"",""Date Range"",""Distance (km)"",""Time"",""Elevation (m)""]",2026-09-02T18:00:00Z,unknown_legacy,curated_candidate,external-offline-backup,
external-drive/elite-endurance-viz-data-dump/data_0602251819H/raw_data/batch_14_indiv_activities.csv,1d2d9a8efc2444e10efebb06c3dbca6ec8b18c17000b523d0679a87203ef8841,99540,682,f7cc77e8cd24d5eaf50c071004c51c8f02441b164cc352e3d824a84693bdb495,"["""",""Athlete ID"",""Athlete Name"",""Activity ID"",""Activity Name"",""Description"",""Start Date"",""Elapsed Time"",""Type"",""Location"",""Distance (mi)"",""Pace (min/mi)"",""Time""]",2026-09-02T18:00:00Z,strava,curated_candidate,external-offline-backup,
external-drive/elite-endurance-viz-data-dump/data_0602251819H/raw_data/batch_14_meta.csv,4afa79a8dd190d03873b1cfbc86d3e59f61c96f1cb8ca5e6ebf060dca0f2d084,20980,225,3180c6fcde557aed2a6a16f7be9ae1918cd05e7470565c14a9ef2eba8a437cdc,"["""",""Athlete ID"",""Name"",""Week Number"",""Date Range"",""Distance (km)"",""Time"",""Elevation (m)""]",2026-09-02T18:00:00Z,unknown_legacy,curated_candidate,external-offline-backup,
external-drive/elite-endurance-viz-data-dump/data_0602251819H/raw_data/batch_15_indiv_activities.csv,caf5a3396c42380af62515d66b188ca53aac7fe2a115bc95c3816b1a1aaee07a,237739,1789,f7cc77e8cd24d5eaf50c071004c51c8f02441b164cc352e3d824a84693bdb495,"["""",""Athlete ID"",""Athlete Name"",""Activity ID"",""Activity Name"",""Description"",""Start Date"",""Elapsed Time"",""Type"",""Location"",""Distance (mi)"",""Pace (min/mi)"",""Time""]",2026-09-02T18:00:00Z,strava,curated_candidate,external-offline-backup,
external-drive/elite-endurance-viz-data-dump/data_0602251819H/raw_data/batch_15_meta.csv,256197c20bfdb37de2f35e24237397fbf42372df514c065754123b803d176814,19305,225,3180c6fcde557aed2a6a16f7be9ae1918cd05e7470565c14a9ef2eba8a437cdc,"["""",""Athlete ID"",""Name"",""Week Number"",""Date Range"",""Distance (km)"",""Time"",""Elevation (m)""]",2026-09-02T18:00:00Z,unknown_legacy,curated_candidate,external-offline-backup,
external-drive/elite-endurance-viz-data-dump/data_0602251819H/raw_data/batch_16_indiv_activities.csv,de845a4278c8a76959e557213b69d42354452ce2a2df490c1178c1a1c56fe827,205978,1363,f7cc77e8cd24d5eaf50c071004c51c8f02441b164cc352e3d824a84693bdb495,"["""",""Athlete ID"",""Athlete Name"",""Activity ID"",""Activity Name"",""Description"",""Start Date"",""Elapsed Time"",""Type"",""Location"",""Distance (mi)"",""Pace (min/mi)"",""Time""]",2026-09-02T18:00:00Z,strava,curated_candidate,external-offline-backup,
external-drive/elite-endurance-viz-data-dump/data_0602251819H/raw_data/batch_16_meta.csv,6488fe4b1a6b04c8ecfe02275125ac18b0407738cd2384dd3f9520adfa86c626,20615,225,3180c6fcde557aed2a6a16f7be9ae1918cd05e7470565c14a9ef2eba8a437cdc,"["""",""Athlete ID"",""Name"",""Week Number"",""Date Range"",""Distance (km)"",""Time"",""Elevation (m)""]",2026-09-02T18:00:00Z,unknown_legacy,curated_candidate,external-offline-backup,
external-drive/elite-endurance-viz-data-dump/data_0602251819H/raw_data/batch_17_indiv_activities.csv,21b01ea84b6171cc5b69fbca23dca7fd8dd0f4630249f2424595c77c39fe3658,162156,1182,f7cc77e8cd24d5eaf50c071004c51c8f02441b164cc352e3d824a84693bdb495,"["""",""Athlete ID"",""Athlete Name"",""Activity ID"",""Activity Name"",""Description"",""Start Date"",""Elapsed Time"",""Type"",""Location"",""Distance (mi)"",""Pace (min/mi)"",""Time""]",2026-09-02T18:00:00Z,strava,curated_candidate,external-offline-backup,
external-drive/elite-endurance-viz-data-dump/data_0602251819H/raw_data/batch_17_meta.csv,ef13d9eb4d830e42d35d17b53b47fc922be65b142a7a439ee1e6277addb9e253,22585,225,3180c6fcde557aed2a6a16f7be9ae1918cd05e7470565c14a9ef2eba8a437cdc,"["""",""Athlete ID"",""Name"",""Week Number"",""Date Range"",""Distance (km)"",""Time"",""Elevation (m)""]",2026-09-02T18:00:00Z,unknown_legacy,curated_candidate,external-offline-backup,
external-drive/elite-endurance-viz-data-dump/data_0602251819H/raw_data/batch_18_indiv_activities.csv,a27d2557c2481b49737ecf941ced64ea8b35f6ae381d039e5b4936137f992d39,324972,2412,f7cc77e8cd24d5eaf50c071004c51c8f02441b164cc352e3d824a84693bdb495,"["""",""Athlete ID"",""Athlete Name"",""Activity ID"",""Activity Name"",""Description"",""Start Date"",""Elapsed Time"",""Type"",""Location"",""Distance (mi)"",""Pace (min/mi)"",""Time""]",2026-09-02T18:00:00Z,strava,curated_candidate,external-offline-backup,
external-drive/elite-endurance-viz-data-dump/data_0602251819H/raw_data/batch_18_meta.csv,99eca8c3440cda6e1ab7f001d5781fdbf6c7253ce77b0423427dcb3308f08819,22622,225,3180c6fcde557aed2a6a16f7be9ae1918cd05e7470565c14a9ef2eba8a437cdc,"["""",""Athlete ID"",""Name"",""Week Number"",""Date Range"",""Distance (km)"",""Time"",""Elevation (m)""]",2026-09-02T18:00:00Z,unknown_legacy,curated_candidate,external-offline-backup,
external-drive/elite-endurance-viz-data-dump/data_0602251819H/raw_data/batch_19_indiv_activities.csv,c4d6a3d09ec6bbb7e31bdb17d055f1c1e55cf856804c5937a4f439dfd71a4176,346618,2161,f7cc77e8cd24d5eaf50c071004c51c8f02441b164cc352e3d824a84693bdb495,"["""",""Athlete ID"",""Athlete Name"",""Activity ID"",""Activity Name"",""Description"",""Start Date"",""Elapsed Time"",""Type"",""Location"",""Distance (mi)"",""Pace (min/mi)"",""Time""]",2026-09-02T18:00:00Z,strava,curated_candidate,external-offline-backup,
external-drive/elite-endurance-viz-data-dump/data_0602251819H/raw_data/batch_19_meta.csv,7f8e96b2b4fbfed4de4e28e8ed02b8a80d954c887480804badeb71c3019c6ae1,22645,225,3180c6fcde557aed2a6a16f7be9ae1918cd05e7470565c14a9ef2eba8a437cdc,"["""",""Athlete ID"",""Name"",""Week Number"",""Date Range"",""Distance (km)"",""Time"",""Elevation (m)""]",2026-09-02T18:00:00Z,unknown_legacy,curated_candidate,external-offline-backup,
external-drive/elite-endurance-viz-data-dump/data_0602251819H/raw_data/batch_1_indiv_activities.csv,af5621ffa467109de7705a65f1f896933b1db2a4c2ca569bff5759e83bec50a4,401223,2688,f7cc77e8cd24d5eaf50c071004c51c8f02441b164cc352e3d824a84693bdb495,"["""",""Athlete ID"",""Athlete Name"",""Activity ID"",""Activity Name"",""Description"",""Start Date"",""Elapsed Time"",""Type"",""Location"",""Distance (mi)"",""Pace (min/mi)"",""Time""]",2026-09-02T18:00:00Z,strava,curated_candidate,external-offline-backup,
external-drive/elite-endurance-viz-data-dump/data_0602251819H/raw_data/batch_1_meta.csv,719c1a892234ec4fdbf5a87ebe25acf85aff01f82cd6c606260b02e53475d308,22640,225,3180c6fcde557aed2a6a16f7be9ae1918cd05e7470565c14a9ef2eba8a437cdc,"["""",""Athlete ID"",""Name"",""Week Number"",""Date Range"",""Distance (km)"",""Time"",""Elevation (m)""]",2026-09-02T18:00:00Z,unknown_legacy,curated_candidate,external-offline-backup,
external-drive/elite-endurance-viz-data-dump/data_0602251819H/raw_data/batch_20_indiv_activities.csv,ea7fd7689fa953488e3b491a899b06c210f6459bd076bbc58f529ebf0f038b93,486814,3075,f7cc77e8cd24d5eaf50c071004c51c8f02441b164cc352e3d824a84693bdb495,"["""",""Athlete ID"",""Athlete Name"",""Activity ID"",""Activity Name"",""Description"",""Start Date"",""Elapsed Time"",""Type"",""Location"",""Distance (mi)"",""Pace (min/mi)"",""Time""]",2026-09-02T18:00:00Z,strava,curated_candidate,external-offline-backup,
external-drive/elite-endurance-viz-data-dump/data_0602251819H/raw_data/batch_20_meta_first10.csv,93a1837955a8d957f6c1045a92139f14f8465636cf7f2bd2ff24844862b874af,44909,450,3180c6fcde557aed2a6a16f7be9ae1918cd05e7470565c14a9ef2eba8a437cdc,"["""",""Athlete ID"",""Name"",""Week Number"",""Date Range"",""Distance (km)"",""Time"",""Elevation (m)""]",2026-09-02T18:00:00Z,unknown_legacy,curated_candidate,external-offline-backup,
external-drive/elite-endurance-viz-data-dump/data_0602251819H/raw_data/batch_21_indiv_activities.csv,6413f6db7bf9cf8c24dc3bc0861e908ccea3f500d3dbc9782f95a8e65618f96b,421039,3092,f7cc77e8cd24d5eaf50c071004c51c8f02441b164cc352e3d824a84693bdb495,"["""",""Athlete ID"",""Athlete Name"",""Activity ID"",""Activity Name"",""Description"",""Start Date"",""Elapsed Time"",""Type"",""Location"",""Distance (mi)"",""Pace (min/mi)"",""Time""]",2026-09-02T18:00:00Z,strava,curated_candidate,external-offline-backup,
external-drive/elite-endurance-viz-data-dump/data_0602251819H/raw_data/batch_21_meta_first10.csv,e9c2231824c3918735ee2aa690edefe5d616d515dece249bcba40a5ae18e76f7,45079,450,3180c6fcde557aed2a6a16f7be9ae1918cd05e7470565c14a9ef2eba8a437cdc,"["""",""Athlete ID"",""Name"",""Week Number"",""Date Range"",""Distance (km)"",""Time"",""Elevation (m)""]",2026-09-02T18:00:00Z,unknown_legacy,curated_candidate,external-offline-backup,
external-drive/elite-endurance-viz-data-dump/data_0602251819H/raw_data/batch_22_indiv_activities.csv,0a1691238c9da9475fb3e16520ba294e7ad74974843448938dced6ec5a3d65b3,996051,6714,f7cc77e8cd24d5eaf50c071004c51c8f02441b164cc352e3d824a84693bdb495,"["""",""Athlete ID"",""Athlete Name"",""Activity ID"",""Activity Name"",""Description"",""Start Date"",""Elapsed Time"",""Type"",""Location"",""Distance (mi)"",""Pace (min/mi)"",""Time""]",2026-09-02T18:00:00Z,strava,curated_candidate,external-offline-backup,
external-drive/elite-endurance-viz-data-dump/data_0602251819H/raw_data/batch_22_meta_20.csv,9bdb78bdb8a2d64e6e299475fa42bd62dc449495fc4f9913fff7194328a3bdad,85370,900,3180c6fcde557aed2a6a16f7be9ae1918cd05e7470565c14a9ef2eba8a437cdc,"["""",""Athlete ID"",""Name"",""Week Number"",""Date Range"",""Distance (km)"",""Time"",""Elevation (m)""]",2026-09-02T18:00:00Z,unknown_legacy,curated_candidate,external-offline-backup,
external-drive/elite-endurance-viz-data-dump/data_0602251819H/raw_data/batch_23_indiv_activities.csv,2e37fed436e7337d10b2a25f085417ba702c28bfb9e4b10454e6b5379c287fc6,735457,5335,f7cc77e8cd24d5eaf50c071004c51c8f02441b164cc352e3d824a84693bdb495,"["""",""Athlete ID"",""Athlete Name"",""Activity ID"",""Activity Name"",""Description"",""Start Date"",""Elapsed Time"",""Type"",""Location"",""Distance (mi)"",""Pace (min/mi)"",""Time""]",2026-09-02T18:00:00Z,strava,curated_candidate,external-offline-backup,
external-drive/elite-endurance-viz-data-dump/data_0602251819H/raw_data/batch_23_meta_20.csv,ed63fc78a8995f1b4b89c2c2114cd47aa28130f44757c74d0f5abc7bf61e2e8a,83636,900,3180c6fcde557aed2a6a16f7be9ae1918cd05e7470565c14a9ef2eba8a437cdc,"["""",""Athlete ID"",""Name"",""Week Number"",""Date Range"",""Distance (km)"",""Time"",""Elevation (m)""]",2026-09-02T18:00:00Z,unknown_legacy,curated_candidate,external-offline-backup,
external-drive/elite-endurance-viz-data-dump/data_0602251819H/raw_data/batch_24_indiv_activities.csv,1a43ef0c12916e33896ff36c9525936bdbb1a0c662d5c9ff4d18d52782791e30,1323199,9272,f7cc77e8cd24d5eaf50c071004c51c8f02441b164cc352e3d824a84693bdb495,"["""",""Athlete ID"",""Athlete Name"",""Activity ID"",""Activity Name"",""Description"",""Start Date"",""Elapsed Time"",""Type"",""Location"",""Distance (mi)"",""Pace (min/mi)"",""Time""]",2026-09-02T18:00:00Z,strava,curated_candidate,external-offline-backup,
external-drive/elite-endurance-viz-data-dump/data_0602251819H/raw_data/batch_24_meta_30.csv,19eae4a939b0322386996617d13e392deef60ffc9a8d38fff522f77b324f80ef,126027,1350,3180c6fcde557aed2a6a16f7be9ae1918cd05e7470565c14a9ef2eba8a437cdc,"["""",""Athlete ID"",""Name"",""Week Number"",""Date Range"",""Distance (km)"",""Time"",""Elevation (m)""]",2026-09-02T18:00:00Z,unknown_legacy,curated_candidate,external-offline-backup,
external-drive/elite-endurance-viz-data-dump/data_0602251819H/raw_data/batch_25.csv,6bc0b03c2103954efd2da78c1ccc6e6df38f0e213dd29589ca1000a0ee219107,39694,450,3180c6fcde557aed2a6a16f7be9ae1918cd05e7470565c14a9ef2eba8a437cdc,"["""",""Athlete ID"",""Name"",""Week Number"",""Date Range"",""Distance (km)"",""Time"",""Elevation (m)""]",2026-09-02T18:00:00Z,unknown_legacy,curated_candidate,external-offline-backup,
external-drive/elite-endurance-viz-data-dump/data_0602251819H/raw_data/batch_25_indiv_activities.csv,fd9202413f7768bf778350d236b5ae44b6f18ac64cd3feb3f5ae528999b2f1d2,409520,2799,f7cc77e8cd24d5eaf50c071004c51c8f02441b164cc352e3d824a84693bdb495,"["""",""Athlete ID"",""Athlete Name"",""Activity ID"",""Activity Name"",""Description"",""Start Date"",""Elapsed Time"",""Type"",""Location"",""Distance (mi)"",""Pace (min/mi)"",""Time""]",2026-09-02T18:00:00Z,strava,curated_candidate,external-offline-backup,
external-drive/elite-endurance-viz-data-dump/data_0602251819H/raw_data/batch_26.csv,199a71d170d0e15fba19ba9e5ce964979c11246695bb661e35b6aebf74664628,42416,450,3180c6fcde557aed2a6a16f7be9ae1918cd05e7470565c14a9ef2eba8a437cdc,"["""",""Athlete ID"",""Name"",""Week Number"",""Date Range"",""Distance (km)"",""Time"",""Elevation (m)""]",2026-09-02T18:00:00Z,unknown_legacy,curated_candidate,external-offline-backup,
external-drive/elite-endurance-viz-data-dump/data_0602251819H/raw_data/batch_26_indiv_activities.csv,b19c2096889059f64b8eb8601030bb934df049995eca4457f8fa03dec9039fa3,586857,4323,f7cc77e8cd24d5eaf50c071004c51c8f02441b164cc352e3d824a84693bdb495,"["""",""Athlete ID"",""Athlete Name"",""Activity ID"",""Activity Name"",""Description"",""Start Date"",""Elapsed Time"",""Type"",""Location"",""Distance (mi)"",""Pace (min/mi)"",""Time""]",2026-09-02T18:00:00Z,strava,curated_candidate,external-offline-backup,
external-drive/elite-endurance-viz-data-dump/data_0602251819H/raw_data/batch_27.csv,e5c196e2a1436db10f964a45ecb51234b8aac03b365572f8ea761d6aa11e06ed,40448,450,3180c6fcde557aed2a6a16f7be9ae1918cd05e7470565c14a9ef2eba8a437cdc,"["""",""Athlete ID"",""Name"",""Week Number"",""Date Range"",""Distance (km)"",""Time"",""Elevation (m)""]",2026-09-02T18:00:00Z,unknown_legacy,curated_candidate,external-offline-backup,
external-drive/elite-endurance-viz-data-dump/data_0602251819H/raw_data/batch_27_30r.csv,6b25252a977075beafaf76547f0d43e5d61799e540928fcb8b0cb6de5b28cf39,85743,1350,3180c6fcde557aed2a6a16f7be9ae1918cd05e7470565c14a9ef2eba8a437cdc,"["""",""Athlete ID"",""Name"",""Week Number"",""Date Range"",""Distance (km)"",""Time"",""Elevation (m)""]",2026-09-02T18:00:00Z,unknown_legacy,curated_candidate,external-offline-backup,
external-drive/elite-endurance-viz-data-dump/data_0602251819H/raw_data/batch_27_indiv_activities.csv,e0eafa1662d9b6aa43b0b43bcd4c4fcaaf3558accf1411564001ec963376b72e,376399,2547,f7cc77e8cd24d5eaf50c071004c51c8f02441b164cc352e3d824a84693bdb495,"["""",""Athlete ID"",""Athlete Name"",""Activity ID"",""Activity Name"",""Description"",""Start Date"",""Elapsed Time"",""Type"",""Location"",""Distance (mi)"",""Pace (min/mi)"",""Time""]",2026-09-02T18:00:00Z,strava,curated_candidate,external-offline-backup,
external-drive/elite-endurance-viz-data-dump/data_0602251819H/raw_data/batch_28.csv,3f7347d63890bebb09414a59ab9b0db71b4b392b9edf6da4863fa689665495ee,40590,450,3180c6fcde557aed2a6a16f7be9ae1918cd05e7470565c14a9ef2eba8a437cdc,"["""",""Athlete ID"",""Name"",""Week Number"",""Date Range"",""Distance (km)"",""Time"",""Elevation (m)""]",2026-09-02T18:00:00Z,unknown_legacy,curated_candidate,external-offline-backup,
external-drive/elite-endurance-viz-data-dump/data_0602251819H/raw_data/batch_28_indiv_activities.csv,9beae68ebe7a364b548f4113177efb215bb6c5e8d3546fd2f61d18ebf3472983,240275,1741,f7cc77e8cd24d5eaf50c071004c51c8f02441b164cc352e3d824a84693bdb495,"["""",""Athlete ID"",""Athlete Name"",""Activity ID"",""Activity Name"",""Description"",""Start Date"",""Elapsed Time"",""Type"",""Location"",""Distance (mi)"",""Pace (min/mi)"",""Time""]",2026-09-02T18:00:00Z,strava,curated_candidate,external-offline-backup,
external-drive/elite-endurance-viz-data-dump/data_0602251819H/raw_data/batch_29.csv,5e9212fc70f4b9be07d4e562743786beb8b5b5d261b93fff662e3f7ef355b9ed,43378,450,3180c6fcde557aed2a6a16f7be9ae1918cd05e7470565c14a9ef2eba8a437cdc,"["""",""Athlete ID"",""Name"",""Week Number"",""Date Range"",""Distance (km)"",""Time"",""Elevation (m)""]",2026-09-02T18:00:00Z,unknown_legacy,curated_candidate,external-offline-backup,
external-drive/elite-endurance-viz-data-dump/data_0602251819H/raw_data/batch_29_indiv_activities.csv,3a4a52d8308146b3d10fea56de58194448d6701e99db6de5de112d4627ff7782,346253,2474,f7cc77e8cd24d5eaf50c071004c51c8f02441b164cc352e3d824a84693bdb495,"["""",""Athlete ID"",""Athlete Name"",""Activity ID"",""Activity Name"",""Description"",""Start Date"",""Elapsed Time"",""Type"",""Location"",""Distance (mi)"",""Pace (min/mi)"",""Time""]",2026-09-02T18:00:00Z,strava,curated_candidate,external-offline-backup,
external-drive/elite-endurance-viz-data-dump/data_0602251819H/raw_data/batch_2_indiv_activities.csv,1b00df2c74ea4dd8eebaa0783a105082f8f4186bbaade58c4801a8c4c68fb016,314467,2310,f7cc77e8cd24d5eaf50c071004c51c8f02441b164cc352e3d824a84693bdb495,"["""",""Athlete ID"",""Athlete Name"",""Activity ID"",""Activity Name"",""Description"",""Start Date"",""Elapsed Time"",""Type"",""Location"",""Distance (mi)"",""Pace (min/mi)"",""Time""]",2026-09-02T18:00:00Z,strava,curated_candidate,external-offline-backup,
external-drive/elite-endurance-viz-data-dump/data_0602251819H/raw_data/batch_2_meta.csv,d56a008d996fa46916783e091d2232ef2daca3e33d175e7f03350ed5f0ed3e09,22862,225,3180c6fcde557aed2a6a16f7be9ae1918cd05e7470565c14a9ef2eba8a437cdc,"["""",""Athlete ID"",""Name"",""Week Number"",""Date Range"",""Distance (km)"",""Time"",""Elevation (m)""]",2026-09-02T18:00:00Z,unknown_legacy,curated_candidate,external-offline-backup,
external-drive/elite-endurance-viz-data-dump/data_0602251819H/raw_data/batch_30.csv,ecc041e979b3de11517e62965296757f991b0bc50e423b120e22ccf7b01aa822,125418,1350,3180c6fcde557aed2a6a16f7be9ae1918cd05e7470565c14a9ef2eba8a437cdc,"["""",""Athlete ID"",""Name"",""Week Number"",""Date Range"",""Distance (km)"",""Time"",""Elevation (m)""]",2026-09-02T18:00:00Z,unknown_legacy,curated_candidate,external-offline-backup,
external-drive/elite-endurance-viz-data-dump/data_0602251819H/raw_data/batch_30_indiv_activities_30.csv,320dfc3bbb19e0fd140ac375d1e0e30ad27b3e02b75d73b15f46a75f49317f67,1024683,6380,f7cc77e8cd24d5eaf50c071004c51c8f02441b164cc352e3d824a84693bdb495,"["""",""Athlete ID"",""Athlete Name"",""Activity ID"",""Activity Name"",""Description"",""Start Date"",""Elapsed Time"",""Type"",""Location"",""Distance (mi)"",""Pace (min/mi)"",""Time""]",2026-09-02T18:00:00Z,strava,curated_candidate,external-offline-backup,
external-drive/elite-endurance-viz-data-dump/data_0602251819H/raw_data/batch_31.csv,70309114cfd38c59732beeed0769b8643d9d62a78100b371dfbc98f3a5f9da4a,34898,450,3180c6fcde557aed2a6a16f7be9ae1918cd05e7470565c14a9ef2eba8a437cdc,"["""",""Athlete ID"",""Name"",""Week Number"",""Date Range"",""Distance (km)"",""Time"",""Elevation (m)""]",2026-09-02T18:00:00Z,unknown_legacy,curated_candidate,external-offline-backup,
external-drive/elite-endurance-viz-data-dump/data_0602251819H/raw_data/batch_31_indiv_activities.csv,88e0b84bf517227021f11490a5f7a40f4c0969fc913c55da90dc93d5ace2e021,165054,1270,f7cc77e8cd24d5eaf50c071004c51c8f02441b164cc352e3d824a84693bdb495,"["""",""Athlete ID"",""Athlete Name"",""Activity ID"",""Activity Name"",""Description"",""Start Date"",""Elapsed Time"",""Type"",""Location"",""Distance (mi)"",""Pace (min/mi)"",""Time""]",2026-09-02T18:00:00Z,strava,curated_candidate,external-offline-backup,
external-drive/elite-endurance-viz-data-dump/data_0602251819H/raw_data/batch_32.csv,6ac6b35f33dfc8c58458437c8c044d216cb54967f356ce337252d6be0610eae1,41800,450,3180c6fcde557aed2a6a16f7be9ae1918cd05e7470565c14a9ef2eba8a437cdc,"["""",""Athlete ID"",""Name"",""Week Number"",""Date Range"",""Distance (km)"",""Time"",""Elevation (m)""]",2026-09-02T18:00:00Z,unknown_legacy,curated_candidate,external-offline-backup,
external-drive/elite-endurance-viz-data-dump/data_0602251819H/raw_data/batch_32_indiv_activities.csv,d06997628cdca6d52d7722508632da2edb57e84d8164926d68314e338f9e3599,247335,1707,f7cc77e8cd24d5eaf50c071004c51c8f02441b164cc352e3d824a84693bdb495,"["""",""Athlete ID"",""Athlete Name"",""Activity ID"",""Activity Name"",""Description"",""Start Date"",""Elapsed Time"",""Type"",""Location"",""Distance (mi)"",""Pace (min/mi)"",""Time""]",2026-09-02T18:00:00Z,strava,curated_candidate,external-offline-backup,
external-drive/elite-endurance-viz-data-dump/data_0602251819H/raw_data/batch_33.csv,813350d52a8a0bffa6b1f4d052444d7ed1102e4ae1c1320cc3cab0e4cfcf1f1d,39441,450,3180c6fcde557aed2a6a16f7be9ae1918cd05e7470565c14a9ef2eba8a437cdc,"["""",""Athlete ID"",""Name"",""Week Number"",""Date Range"",""Distance (km)"",""Time"",""Elevation (m)""]",2026-09-02T18:00:00Z,unknown_legacy,curated_candidate,external-offline-backup,
external-drive/elite-endurance-viz-data-dump/data_0602251819H/raw_data/batch_33_indiv_activities.csv,8046b0b6cccb8c857c025aa31fb12c5db1b16881280899ea211fa81c5f0e3db4,325335,2292,f7cc77e8cd24d5eaf50c071004c51c8f02441b164cc352e3d824a84693bdb495,"["""",""Athlete ID"",""Athlete Name"",""Activity ID"",""Activity Name"",""Description"",""Start Date"",""Elapsed Time"",""Type"",""Location"",""Distance (mi)"",""Pace (min/mi)"",""Time""]",2026-09-02T18:00:00Z,strava,curated_candidate,external-offline-backup,
external-drive/elite-endurance-viz-data-dump/data_0602251819H/raw_data/batch_34.csv,5f057351287301c1e50e29b9de43540dc79bede9aafb30ac0bb42ed6ada627a4,38916,450,3180c6fcde557aed2a6a16f7be9ae1918cd05e7470565c14a9ef2eba8a437cdc,"["""",""Athlete ID"",""Name"",""Week Number"",""Date Range"",""Distance (km)"",""Time"",""Elevation (m)""]",2026-09-02T18:00:00Z,unknown_legacy,curated_candidate,external-offline-backup,
external-drive/elite-endurance-viz-data-dump/data_0602251819H/raw_data/batch_34_indiv_activities.csv,df189a5eec5ac383909514d1878d8e15092b59f361ec5f82ca03f7c45885db80,293906,1719,f7cc77e8cd24d5eaf50c071004c51c8f02441b164cc352e3d824a84693bdb495,"["""",""Athlete ID"",""Athlete Name"",""Activity ID"",""Activity Name"",""Description"",""Start Date"",""Elapsed Time"",""Type"",""Location"",""Distance (mi)"",""Pace (min/mi)"",""Time""]",2026-09-02T18:00:00Z,strava,curated_candidate,external-offline-backup,
external-drive/elite-endurance-viz-data-dump/data_0602251819H/raw_data/batch_35.csv,08643a7088ee469ec9b470cde6cf906b4215cb4dad55c489adf70a03d56e90bb,35406,450,3180c6fcde557aed2a6a16f7be9ae1918cd05e7470565c14a9ef2eba8a437cdc,"["""",""Athlete ID"",""Name"",""Week Number"",""Date Range"",""Distance (km)"",""Time"",""Elevation (m)""]",2026-09-02T18:00:00Z,unknown_legacy,curated_candidate,external-offline-backup,
external-drive/elite-endurance-viz-data-dump/data_0602251819H/raw_data/batch_35_indiv_activities.csv,f44d24f6158cf0bc922c0f2f556dc7fe529de8c7163763538b9989f5018c1281,140736,903,f7cc77e8cd24d5eaf50c071004c51c8f02441b164cc352e3d824a84693bdb495,"["""",""Athlete ID"",""Athlete Name"",""Activity ID"",""Activity Name"",""Description"",""Start Date"",""Elapsed Time"",""Type"",""Location"",""Distance (mi)"",""Pace (min/mi)"",""Time""]",2026-09-02T18:00:00Z,strava,curated_candidate,external-offline-backup,
external-drive/elite-endurance-viz-data-dump/data_0602251819H/raw_data/batch_36_5rows.csv,f8fb76a94f3fd901ffb70b2abb63d2acba98c4babb2c72328ca5d974179e62b1,22499,225,3180c6fcde557aed2a6a16f7be9ae1918cd05e7470565c14a9ef2eba8a437cdc,"["""",""Athlete ID"",""Name"",""Week Number"",""Date Range"",""Distance (km)"",""Time"",""Elevation (m)""]",2026-09-02T18:00:00Z,unknown_legacy,curated_candidate,external-offline-backup,
external-drive/elite-endurance-viz-data-dump/data_0602251819H/raw_data/batch_36_indiv_activities.csv,a3c560938f335fb63c462f3499e7cc3ba88d376c3e46e24fada0e5585a55af51,245378,1822,f7cc77e8cd24d5eaf50c071004c51c8f02441b164cc352e3d824a84693bdb495,"["""",""Athlete ID"",""Athlete Name"",""Activity ID"",""Activity Name"",""Description"",""Start Date"",""Elapsed Time"",""Type"",""Location"",""Distance (mi)"",""Pace (min/mi)"",""Time""]",2026-09-02T18:00:00Z,strava,curated_candidate,external-offline-backup,
external-drive/elite-endurance-viz-data-dump/data_0602251819H/raw_data/batch_37_20rows.csv,558d7c333baa1e2237b8b8e5f0236cc4becac4df36eb5744a02b9f407bfaf626,78019,900,3180c6fcde557aed2a6a16f7be9ae1918cd05e7470565c14a9ef2eba8a437cdc,"["""",""Athlete ID"",""Name"",""Week Number"",""Date Range"",""Distance (km)"",""Time"",""Elevation (m)""]",2026-09-02T18:00:00Z,unknown_legacy,curated_candidate,external-offline-backup,
external-drive/elite-endurance-viz-data-dump/data_0602251819H/raw_data/batch_37_indiv_activities.csv,83c39dba012d232b998b644421ce9197c07e0ee5395368d5c7683db2194e4e8c,400244,3076,f7cc77e8cd24d5eaf50c071004c51c8f02441b164cc352e3d824a84693bdb495,"["""",""Athlete ID"",""Athlete Name"",""Activity ID"",""Activity Name"",""Description"",""Start Date"",""Elapsed Time"",""Type"",""Location"",""Distance (mi)"",""Pace (min/mi)"",""Time""]",2026-09-02T18:00:00Z,strava,curated_candidate,external-offline-backup,
external-drive/elite-endurance-viz-data-dump/data_0602251819H/raw_data/batch_38_20rows.csv,2a025f080a9a28b4f27bdf3ea45d9bbacd031bf1ed1aeb7838a5165d4a105db4,77692,900,3180c6fcde557aed2a6a16f7be9ae1918cd05e7470565c14a9ef2eba8a437cdc,"["""",""Athlete ID"",""Name"",""Week Number"",""Date Range"",""Distance (km)"",""Time"",""Elevation (m)""]",2026-09-02T18:00:00Z,unknown_legacy,curated_candidate,external-offline-backup,
external-drive/elite-endurance-viz-data-dump/data_0602251819H/raw_data/batch_38_indiv_activities.csv,d426e41f38f335b5504b3fffc5dd33b96fc4f958b92cedb37a343769034c049d,484246,2926,f7cc77e8cd24d5eaf50c071004c51c8f02441b164cc352e3d824a84693bdb495,"["""",""Athlete ID"",""Athlete Name"",""Activity ID"",""Activity Name"",""Description"",""Start Date"",""Elapsed Time"",""Type"",""Location"",""Distance (mi)"",""Pace (min/mi)"",""Time""]",2026-09-02T18:00:00Z,strava,curated_candidate,external-offline-backup,
external-drive/elite-endurance-viz-data-dump/data_0602251819H/raw_data/batch_39_10rows.csv,3920996a79a849cb07fd1ff4f4c14ba6946760eb0f6c9d12fa58b88c64c193d2,36972,450,3180c6fcde557aed2a6a16f7be9ae1918cd05e7470565c14a9ef2eba8a437cdc,"["""",""Athlete ID"",""Name"",""Week Number"",""Date Range"",""Distance (km)"",""Time"",""Elevation (m)""]",2026-09-02T18:00:00Z,unknown_legacy,curated_candidate,external-offline-backup,
external-drive/elite-endurance-viz-data-dump/data_0602251819H/raw_data/batch_39_indiv_activities.csv,615d381c63d6b4e6f4d807be1a2e7a1f1bee94703a141934c1c917a926578045,157433,1253,f7cc77e8cd24d5eaf50c071004c51c8f02441b164cc352e3d824a84693bdb495,"["""",""Athlete ID"",""Athlete Name"",""Activity ID"",""Activity Name"",""Description"",""Start Date"",""Elapsed Time"",""Type"",""Location"",""Distance (mi)"",""Pace (min/mi)"",""Time""]",2026-09-02T18:00:00Z,strava,curated_candidate,external-offline-backup,
external-drive/elite-endurance-viz-data-dump/data_0602251819H/raw_data/batch_3_meta.csv,cb1e10fbe37f456b8925b09a929fd5f9c4caf39c3e218d07a0860978e1d32d94,21417,225,3180c6fcde557aed2a6a16f7be9ae1918cd05e7470565c14a9ef2eba8a437cdc,"["""",""Athlete ID"",""Name"",""Week Number"",""Date Range"",""Distance (km)"",""Time"",""Elevation (m)""]",2026-09-02T18:00:00Z,unknown_legacy,curated_candidate,external-offline-backup,
external-drive/elite-endurance-viz-data-dump/data_0602251819H/raw_data/batch_40_30rows.csv,2d5846a82d3e5ba4b0d49b3a5fc77eb37b5aaba57c18bcab6820cd42467fbf3e,113097,1350,3180c6fcde557aed2a6a16f7be9ae1918cd05e7470565c14a9ef2eba8a437cdc,"["""",""Athlete ID"",""Name"",""Week Number"",""Date Range"",""Distance (km)"",""Time"",""Elevation (m)""]",2026-09-02T18:00:00Z,unknown_legacy,curated_candidate,external-offline-backup,
external-drive/elite-endurance-viz-data-dump/data_0602251819H/raw_data/batch_40_indiv_activities.csv,da9efb7aa7e072f7a627512bc02b6b27bc757e0f8ce6b7a9f40bfc7fa10775f3,540388,3903,f7cc77e8cd24d5eaf50c071004c51c8f02441b164cc352e3d824a84693bdb495,"["""",""Athlete ID"",""Athlete Name"",""Activity ID"",""Activity Name"",""Description"",""Start Date"",""Elapsed Time"",""Type"",""Location"",""Distance (mi)"",""Pace (min/mi)"",""Time""]",2026-09-02T18:00:00Z,strava,curated_candidate,external-offline-backup,
external-drive/elite-endurance-viz-data-dump/data_0602251819H/raw_data/batch_41_10rows.csv,495d2028865832c2364300c202a26ab6875147dbd2b477ac3e4206eb83b4cd7d,42051,450,3180c6fcde557aed2a6a16f7be9ae1918cd05e7470565c14a9ef2eba8a437cdc,"["""",""Athlete ID"",""Name"",""Week Number"",""Date Range"",""Distance (km)"",""Time"",""Elevation (m)""]",2026-09-02T18:00:00Z,unknown_legacy,curated_candidate,external-offline-backup,
external-drive/elite-endurance-viz-data-dump/data_0602251819H/raw_data/batch_41_indiv_activities.csv,d6fa4d97090a52847e11420b52c4b1d42f0bb1273f05b1abf971722ee70a427e,416928,2628,f7cc77e8cd24d5eaf50c071004c51c8f02441b164cc352e3d824a84693bdb495,"["""",""Athlete ID"",""Athlete Name"",""Activity ID"",""Activity Name"",""Description"",""Start Date"",""Elapsed Time"",""Type"",""Location"",""Distance (mi)"",""Pace (min/mi)"",""Time""]",2026-09-02T18:00:00Z,strava,curated_candidate,external-offline-backup,
external-drive/elite-endurance-viz-data-dump/data_0602251819H/raw_data/batch_42_10rows.csv,e237febf4186e933be4bc1ccc82b8716c60769cd9b1e3e931993322d5f14017f,36509,450,3180c6fcde557aed2a6a16f7be9ae1918cd05e7470565c14a9ef2eba8a437cdc,"["""",""Athlete ID"",""Name"",""Week Number"",""Date Range"",""Distance (km)"",""Time"",""Elevation (m)""]",2026-09-02T18:00:00Z,unknown_legacy,curated_candidate,external-offline-backup,
external-drive/elite-endurance-viz-data-dump/data_0602251819H/raw_data/batch_42_indiv_activities.csv,3fa42509a9538d3f9fd73e99bd874841b9f4f05fa2905f15d361340b3f560d29,208976,1271,f7cc77e8cd24d5eaf50c071004c51c8f02441b164cc352e3d824a84693bdb495,"["""",""Athlete ID"",""Athlete Name"",""Activity ID"",""Activity Name"",""Description"",""Start Date"",""Elapsed Time"",""Type"",""Location"",""Distance (mi)"",""Pace (min/mi)"",""Time""]",2026-09-02T18:00:00Z,strava,curated_candidate,external-offline-backup,
external-drive/elite-endurance-viz-data-dump/data_0602251819H/raw_data/batch_43_40rows.csv,99116e23c75b21507cbcbcc2757dcc91f8cc00a805c46d08ad25e47d7b7202e1,153951,1800,3180c6fcde557aed2a6a16f7be9ae1918cd05e7470565c14a9ef2eba8a437cdc,"["""",""Athlete ID"",""Name"",""Week Number"",""Date Range"",""Distance (km)"",""Time"",""Elevation (m)""]",2026-09-02T18:00:00Z,unknown_legacy,curated_candidate,external-offline-backup,
external-drive/elite-endurance-viz-data-dump/data_0602251819H/raw_data/batch_43_indiv_activities.csv,2dfee7297fde9d5ad548d41fbdb14c5aab214c720c230aaa62f018cdccca58f7,71126,525,f7cc77e8cd24d5eaf50c071004c51c8f02441b164cc352e3d824a84693bdb495,"["""",""Athlete ID"",""Athlete Name"",""Activity ID"",""Activity Name"",""Description"",""Start Date"",""Elapsed Time"",""Type"",""Location"",""Distance (mi)"",""Pace (min/mi)"",""Time""]",2026-09-02T18:00:00Z,strava,curated_candidate,external-offline-backup,
external-drive/elite-endurance-viz-data-dump/data_0602251819H/raw_data/batch_44_10rows.csv,4bccb53296509ba637500192eaf3ed322dafc1ecaeada7f464a364e5bb2f37f4,36502,450,3180c6fcde557aed2a6a16f7be9ae1918cd05e7470565c14a9ef2eba8a437cdc,"["""",""Athlete ID"",""Name"",""Week Number"",""Date Range"",""Distance (km)"",""Time"",""Elevation (m)""]",2026-09-02T18:00:00Z,unknown_legacy,curated_candidate,external-offline-backup,
external-drive/elite-endurance-viz-data-dump/data_0602251819H/raw_data/batch_44_indiv_activities.csv,843a266e37af695a8b6c334306fd86112eaef17f6a5e867b5c21df5bb228a6dc,196555,1484,f7cc77e8cd24d5eaf50c071004c51c8f02441b164cc352e3d824a84693bdb495,"["""",""Athlete ID"",""Athlete Name"",""Activity ID"",""Activity Name"",""Description"",""Start Date"",""Elapsed Time"",""Type"",""Location"",""Distance (mi)"",""Pace (min/mi)"",""Time""]",2026-09-02T18:00:00Z,strava,curated_candidate,external-offline-backup,
external-drive/elite-endurance-viz-data-dump/data_0602251819H/raw_data/batch_45_40rows.csv,103f8edc9d92af708cd7782ca1306a080699aaa501a59e1852a1437f712bd159,149531,1800,3180c6fcde557aed2a6a16f7be9ae1918cd05e7470565c14a9ef2eba8a437cdc,"["""",""Athlete ID"",""Name"",""Week Number"",""Date Range"",""Distance (km)"",""Time"",""Elevation (m)""]",2026-09-02T18:00:00Z,unknown_legacy,curated_candidate,external-offline-backup,
external-drive/elite-endurance-viz-data-dump/data_0602251819H/raw_data/batch_45_indiv_activities.csv,ff77b00cc6f4d612c11ac27f907b2036b21aed024d83a2368cb10788e11b967e,573959,3963,f7cc77e8cd24d5eaf50c071004c51c8f02441b164cc352e3d824a84693bdb495,"["""",""Athlete ID"",""Athlete Name"",""Activity ID"",""Activity Name"",""Description"",""Start Date"",""Elapsed Time"",""Type"",""Location"",""Distance (mi)"",""Pace (min/mi)"",""Time""]",2026-09-02T18:00:00Z,strava,curated_candidate,external-offline-backup,
external-drive/elite-endurance-viz-data-dump/data_0602251819H/raw_data/batch_46_5rows.csv,ed90fa5e9e8026878019343d733f8ec08299a2e4278bd542b0986b1c00b6f2b4,17908,225,3180c6fcde557aed2a6a16f7be9ae1918cd05e7470565c14a9ef2eba8a437cdc,"["""",""Athlete ID"",""Name"",""Week Number"",""Date Range"",""Distance (km)"",""Time"",""Elevation (m)""]",2026-09-02T18:00:00Z,unknown_legacy,curated_candidate,external-offline-backup,
external-drive/elite-endurance-viz-data-dump/data_0602251819H/raw_data/batch_46_indiv_activities.csv,56c5d99b47250c474aa01c5b24932dab3d371c14bf4dae2cbfc3384e0dec0d59,29525,219,f7cc77e8cd24d5eaf50c071004c51c8f02441b164cc352e3d824a84693bdb495,"["""",""Athlete ID"",""Athlete Name"",""Activity ID"",""Activity Name"",""Description"",""Start Date"",""Elapsed Time"",""Type"",""Location"",""Distance (mi)"",""Pace (min/mi)"",""Time""]",2026-09-02T18:00:00Z,strava,curated_candidate,external-offline-backup,
external-drive/elite-endurance-viz-data-dump/data_0602251819H/raw_data/batch_47_20rows.csv,028ac8bd5ca96d438593546ed9276885e408144db6781ebec0599059f063fc1c,68985,900,3180c6fcde557aed2a6a16f7be9ae1918cd05e7470565c14a9ef2eba8a437cdc,"["""",""Athlete ID"",""Name"",""Week Number"",""Date Range"",""Distance (km)"",""Time"",""Elevation (m)""]",2026-09-02T18:00:00Z,unknown_legacy,curated_candidate,external-offline-backup,
external-drive/elite-endurance-viz-data-dump/data_0602251819H/raw_data/batch_47_indiv_activities.csv,1ed769723aa0bce1cec868e181f21d8a4850519f89828daf048c0438a022080d,309097,1961,f7cc77e8cd24d5eaf50c071004c51c8f02441b164cc352e3d824a84693bdb495,"["""",""Athlete ID"",""Athlete Name"",""Activity ID"",""Activity Name"",""Description"",""Start Date"",""Elapsed Time"",""Type"",""Location"",""Distance (mi)"",""Pace (min/mi)"",""Time""]",2026-09-02T18:00:00Z,strava,curated_candidate,external-offline-backup,
external-drive/elite-endurance-viz-data-dump/data_0602251819H/raw_data/batch_48_20rows.csv,4351f110a624dfefeec164b48abaf6ce56e5122308c78d58815b44b69e2fee68,69393,900,3180c6fcde557aed2a6a16f7be9ae1918cd05e7470565c14a9ef2eba8a437cdc,"["""",""Athlete ID"",""Name"",""Week Number"",""Date Range"",""Distance (km)"",""Time"",""Elevation (m)""]",2026-09-02T18:00:00Z,unknown_legacy,curated_candidate,external-offline-backup,
external-drive/elite-endurance-viz-data-dump/data_0602251819H/raw_data/batch_48_indiv_activities.csv,b598ad4a71636c247bf60a8a7aecfeb19ec808d730c6683a6744e58f2e11a11e,161434,1260,f7cc77e8cd24d5eaf50c071004c51c8f02441b164cc352e3d824a84693bdb495,"["""",""Athlete ID"",""Athlete Name"",""Activity ID"",""Activity Name"",""Description"",""Start Date"",""Elapsed Time"",""Type"",""Location"",""Distance (mi)"",""Pace (min/mi)"",""Time""]",2026-09-02T18:00:00Z,strava,curated_candidate,external-offline-backup,
external-drive/elite-endurance-viz-data-dump/data_0602251819H/raw_data/batch_49_20rows.csv,b0b33d67f5311afab85d56abfded5a0786f3d961d6eee9e457cab172f6fdd853,64089,900,3180c6fcde557aed2a6a16f7be9ae1918cd05e7470565c14a9ef2eba8a437cdc,"["""",""Athlete ID"",""Name"",""Week Number"",""Date Range"",""Distance (km)"",""Time"",""Elevation (m)""]",2026-09-02T18:00:00Z,unknown_legacy,curated_candidate,external-offline-backup,
external-drive/elite-endurance-viz-data-dump/data_0602251819H/raw_data/batch_49_indiv_activities.csv,7129a660bd8fff5bec9d825be992e47e1136de4c40f554c5bf8e92a8a25b5aa9,155060,1174,5d9e3d7b2ebc9b1f9737fedf7df7865d1477ba8bf52c5b18b32f398cb0f11aff,"["""",""Athlete ID"",""Athlete Name"",""Activity ID"",""Activity Name"",""Description"",""Start Date"",""Elapsed Time"",""Type"",""Location"",""Distance (km)"",""Pace (min/km)"",""Time""]",2026-09-02T18:00:00Z,strava,curated_candidate,external-offline-backup,
external-drive/elite-endurance-viz-data-dump/data_0602251819H/raw_data/batch_4_indiv_activities.csv,35382447c9c6ae160b1559bb8a70c868a53f00b8277c576b87e2507223ab6a77,388652,2085,f7cc77e8cd24d5eaf50c071004c51c8f02441b164cc352e3d824a84693bdb495,"["""",""Athlete ID"",""Athlete Name"",""Activity ID"",""Activity Name"",""Description"",""Start Date"",""Elapsed Time"",""Type"",""Location"",""Distance (mi)"",""Pace (min/mi)"",""Time""]",2026-09-02T18:00:00Z,strava,curated_candidate,external-offline-backup,
external-drive/elite-endurance-viz-data-dump/data_0602251819H/raw_data/batch_4_meta.csv,e2bce67c71c4c1a88dce1ca2bec3e32f7811450a2ba2f4b366c5889a852fc3ab,23213,225,3180c6fcde557aed2a6a16f7be9ae1918cd05e7470565c14a9ef2eba8a437cdc,"["""",""Athlete ID"",""Name"",""Week Number"",""Date Range"",""Distance (km)"",""Time"",""Elevation (m)""]",2026-09-02T18:00:00Z,unknown_legacy,curated_candidate,external-offline-backup,
external-drive/elite-endurance-viz-data-dump/data_0602251819H/raw_data/batch_50_20rows.csv,9f77fcbd12b36e8ec14c64c02249d11871d453bf878e4a3ece5d24b37ed4db82,65010,900,3180c6fcde557aed2a6a16f7be9ae1918cd05e7470565c14a9ef2eba8a437cdc,"["""",""Athlete ID"",""Name"",""Week Number"",""Date Range"",""Distance (km)"",""Time"",""Elevation (m)""]",2026-09-02T18:00:00Z,unknown_legacy,curated_candidate,external-offline-backup,
external-drive/elite-endurance-viz-data-dump/data_0602251819H/raw_data/batch_50_indiv_activities.csv,36b6b203cb502a1622a5e1daea96f47e92ee5c802f3bba32bb466e70877dc8d5,201883,1421,5d9e3d7b2ebc9b1f9737fedf7df7865d1477ba8bf52c5b18b32f398cb0f11aff,"["""",""Athlete ID"",""Athlete Name"",""Activity ID"",""Activity Name"",""Description"",""Start Date"",""Elapsed Time"",""Type"",""Location"",""Distance (km)"",""Pace (min/km)"",""Time""]",2026-09-02T18:00:00Z,strava,curated_candidate,external-offline-backup,
external-drive/elite-endurance-viz-data-dump/data_0602251819H/raw_data/batch_51_40rows.csv,c664200cf0d73cbfaa1c6a19e1bc0b51da71fb3a7820a1e018fe3562ad3e98fc,140088,1800,3180c6fcde557aed2a6a16f7be9ae1918cd05e7470565c14a9ef2eba8a437cdc,"["""",""Athlete ID"",""Name"",""Week Number"",""Date Range"",""Distance (km)"",""Time"",""Elevation (m)""]",2026-09-02T18:00:00Z,unknown_legacy,curated_candidate,external-offline-backup,
external-drive/elite-endurance-viz-data-dump/data_0602251819H/raw_data/batch_51_indiv_activities.csv,2ee5f1ebafb481b7aed90766521322fc7a62a4d44ac3eac1789aea95461d2b6a,313141,2123,f7cc77e8cd24d5eaf50c071004c51c8f02441b164cc352e3d824a84693bdb495,"["""",""Athlete ID"",""Athlete Name"",""Activity ID"",""Activity Name"",""Description"",""Start Date"",""Elapsed Time"",""Type"",""Location"",""Distance (mi)"",""Pace (min/mi)"",""Time""]",2026-09-02T18:00:00Z,strava,curated_candidate,external-offline-backup,
external-drive/elite-endurance-viz-data-dump/data_0602251819H/raw_data/batch_52_10rows.csv,1aeefbf7d0c7f4864bde73c9b071b2b0aee88d60f7e5132adb81b275ecdd7c9c,32725,450,3180c6fcde557aed2a6a16f7be9ae1918cd05e7470565c14a9ef2eba8a437cdc,"["""",""Athlete ID"",""Name"",""Week Number"",""Date Range"",""Distance (km)"",""Time"",""Elevation (m)""]",2026-09-02T18:00:00Z,unknown_legacy,curated_candidate,external-offline-backup,
external-drive/elite-endurance-viz-data-dump/data_0602251819H/raw_data/batch_52_40rows.csv,32c2bb82e0474ee29dd540aac628f395926ff2b5a03bb3d96f412f7be7f26d55,57324,900,3180c6fcde557aed2a6a16f7be9ae1918cd05e7470565c14a9ef2eba8a437cdc,"["""",""Athlete ID"",""Name"",""Week Number"",""Date Range"",""Distance (km)"",""Time"",""Elevation (m)""]",2026-09-02T18:00:00Z,unknown_legacy,curated_candidate,external-offline-backup,
external-drive/elite-endurance-viz-data-dump/data_0602251819H/raw_data/batch_52_indiv_activities.csv,b4e4db2e65842880562bf235f62f7e597d9e88e86feb13d122ec1bd377a3f83e,9054,70,f7cc77e8cd24d5eaf50c071004c51c8f02441b164cc352e3d824a84693bdb495,"["""",""Athlete ID"",""Athlete Name"",""Activity ID"",""Activity Name"",""Description"",""Start Date"",""Elapsed Time"",""Type"",""Location"",""Distance (mi)"",""Pace (min/mi)"",""Time""]",2026-09-02T18:00:00Z,strava,curated_candidate,external-offline-backup,
external-drive/elite-endurance-viz-data-dump/data_0602251819H/raw_data/batch_53_indiv_activities.csv,0d097b93c8e8691959411a9caabd55e00b7225b323644e38d277fc4685a4935b,18006,143,f7cc77e8cd24d5eaf50c071004c51c8f02441b164cc352e3d824a84693bdb495,"["""",""Athlete ID"",""Athlete Name"",""Activity ID"",""Activity Name"",""Description"",""Start Date"",""Elapsed Time"",""Type"",""Location"",""Distance (mi)"",""Pace (min/mi)"",""Time""]",2026-09-02T18:00:00Z,strava,curated_candidate,external-offline-backup,
external-drive/elite-endurance-viz-data-dump/data_0602251819H/raw_data/batch_53_mario.csv,7c706ac217d112cd41bf16da443f8ec5ebd1a03ca06ef1aa21992f516d00d6e6,3929,50,3180c6fcde557aed2a6a16f7be9ae1918cd05e7470565c14a9ef2eba8a437cdc,"["""",""Athlete ID"",""Name"",""Week Number"",""Date Range"",""Distance (km)"",""Time"",""Elevation (m)""]",2026-09-02T18:00:00Z,unknown_legacy,curated_candidate,external-offline-backup,
external-drive/elite-endurance-viz-data-dump/data_0602251819H/raw_data/batch_54_indiv_activities.csv,85ea974bab67b5d04edbd666b033302ea9c0a01b53bfa93cf08935efffade54f,97975,723,5d9e3d7b2ebc9b1f9737fedf7df7865d1477ba8bf52c5b18b32f398cb0f11aff,"["""",""Athlete ID"",""Athlete Name"",""Activity ID"",""Activity Name"",""Description"",""Start Date"",""Elapsed Time"",""Type"",""Location"",""Distance (km)"",""Pace (min/km)"",""Time""]",2026-09-02T18:00:00Z,strava,curated_candidate,external-offline-backup,
external-drive/elite-endurance-viz-data-dump/data_0602251819H/raw_data/batch_54_meta_40.csv,9d1108313e695d074f5fa55d853136c85a892700a6ba8320a6096b9674fe7417,135538,1950,3180c6fcde557aed2a6a16f7be9ae1918cd05e7470565c14a9ef2eba8a437cdc,"["""",""Athlete ID"",""Name"",""Week Number"",""Date Range"",""Distance (km)"",""Time"",""Elevation (m)""]",2026-09-02T18:00:00Z,unknown_legacy,curated_candidate,external-offline-backup,
external-drive/elite-endurance-viz-data-dump/data_0602251819H/raw_data/batch_5_indiv_activities.csv,130a8bd9881e834cac05cf73fd468cc8e36b0446ab50c7355b601c2d40cb52f5,268433,1873,f7cc77e8cd24d5eaf50c071004c51c8f02441b164cc352e3d824a84693bdb495,"["""",""Athlete ID"",""Athlete Name"",""Activity ID"",""Activity Name"",""Description"",""Start Date"",""Elapsed Time"",""Type"",""Location"",""Distance (mi)"",""Pace (min/mi)"",""Time""]",2026-09-02T18:00:00Z,strava,curated_candidate,external-offline-backup,
external-drive/elite-endurance-viz-data-dump/data_0602251819H/raw_data/batch_5_meta.csv,5d78249bd72e8215753c1cc9f58e3540a61f0b82f5bf576f3c19ec0533a3c387,21672,225,3180c6fcde557aed2a6a16f7be9ae1918cd05e7470565c14a9ef2eba8a437cdc,"["""",""Athlete ID"",""Name"",""Week Number"",""Date Range"",""Distance (km)"",""Time"",""Elevation (m)""]",2026-09-02T18:00:00Z,unknown_legacy,curated_candidate,external-offline-backup,
external-drive/elite-endurance-viz-data-dump/data_0602251819H/raw_data/batch_6_indiv_activities.csv,30b1cd0a8233505f9c368a99d85f2e93f1a61e3e4ef78e3759c3241e2548de6a,429147,2759,f7cc77e8cd24d5eaf50c071004c51c8f02441b164cc352e3d824a84693bdb495,"["""",""Athlete ID"",""Athlete Name"",""Activity ID"",""Activity Name"",""Description"",""Start Date"",""Elapsed Time"",""Type"",""Location"",""Distance (mi)"",""Pace (min/mi)"",""Time""]",2026-09-02T18:00:00Z,strava,curated_candidate,external-offline-backup,
external-drive/elite-endurance-viz-data-dump/data_0602251819H/raw_data/batch_6_meta.csv,0a65155f7b56c17b8bcb72f4e9254b1d3e0631276d804eabd1ed76594daeb606,22707,225,3180c6fcde557aed2a6a16f7be9ae1918cd05e7470565c14a9ef2eba8a437cdc,"["""",""Athlete ID"",""Name"",""Week Number"",""Date Range"",""Distance (km)"",""Time"",""Elevation (m)""]",2026-09-02T18:00:00Z,unknown_legacy,curated_candidate,external-offline-backup,
external-drive/elite-endurance-viz-data-dump/data_0602251819H/raw_data/batch_7_indiv_activities.csv,22a5cdb5b4ef8b4a53839b8bf860c51e93318261568b0870d3e9a04797326a4b,292889,1928,f7cc77e8cd24d5eaf50c071004c51c8f02441b164cc352e3d824a84693bdb495,"["""",""Athlete ID"",""Athlete Name"",""Activity ID"",""Activity Name"",""Description"",""Start Date"",""Elapsed Time"",""Type"",""Location"",""Distance (mi)"",""Pace (min/mi)"",""Time""]",2026-09-02T18:00:00Z,strava,curated_candidate,external-offline-backup,
external-drive/elite-endurance-viz-data-dump/data_0602251819H/raw_data/batch_7_meta.csv,cc9fd993cb63868c0ad01cf09c74b0ce906719323a536e6b2874f0b289d875df,22812,225,3180c6fcde557aed2a6a16f7be9ae1918cd05e7470565c14a9ef2eba8a437cdc,"["""",""Athlete ID"",""Name"",""Week Number"",""Date Range"",""Distance (km)"",""Time"",""Elevation (m)""]",2026-09-02T18:00:00Z,unknown_legacy,curated_candidate,external-offline-backup,
external-drive/elite-endurance-viz-data-dump/data_0602251819H/raw_data/batch_8_indiv_activities.csv,54a6f55524ab5b57f2aa355dab728a418ec7c0bea3b513783a500703f9bc675e,223623,1612,f7cc77e8cd24d5eaf50c071004c51c8f02441b164cc352e3d824a84693bdb495,"["""",""Athlete ID"",""Athlete Name"",""Activity ID"",""Activity Name"",""Description"",""Start Date"",""Elapsed Time"",""Type"",""Location"",""Distance (mi)"",""Pace (min/mi)"",""Time""]",2026-09-02T18:00:00Z,strava,curated_candidate,external-offline-backup,
external-drive/elite-endurance-viz-data-dump/data_0602251819H/raw_data/batch_8_meta.csv,bd4bd4fb1fdb2f8e959697e5f3793793780554d45863b96459673df5e0562e31,21765,225,3180c6fcde557aed2a6a16f7be9ae1918cd05e7470565c14a9ef2eba8a437cdc,"["""",""Athlete ID"",""Name"",""Week Number"",""Date Range"",""Distance (km)"",""Time"",""Elevation (m)""]",2026-09-02T18:00:00Z,unknown_legacy,curated_candidate,external-offline-backup,
external-drive/elite-endurance-viz-data-dump/data_0602251819H/raw_data/batch_9_indiv_activities.csv,8b74aa87dba0a46070f95e4daf728d367494c67bc60621d2a8cbfa9cc33e2bd4,231999,1702,f7cc77e8cd24d5eaf50c071004c51c8f02441b164cc352e3d824a84693bdb495,"["""",""Athlete ID"",""Athlete Name"",""Activity ID"",""Activity Name"",""Description"",""Start Date"",""Elapsed Time"",""Type"",""Location"",""Distance (mi)"",""Pace (min/mi)"",""Time""]",2026-09-02T18:00:00Z,strava,curated_candidate,external-offline-backup,
external-drive/elite-endurance-viz-data-dump/data_0602251819H/raw_data/batch_9_meta.csv,f6c4933699213d460f355882b0745259225d4d1d7d930a24bb25048f59c6058d,20221,225,3180c6fcde557aed2a6a16f7be9ae1918cd05e7470565c14a9ef2eba8a437cdc,"["""",""Athlete ID"",""Name"",""Week Number"",""Date Range"",""Distance (km)"",""Time"",""Elevation (m)""]",2026-09-02T18:00:00Z,unknown_legacy,curated_candidate,external-offline-backup,
external-drive/elite-endurance-viz-data-dump/data_0602251819H/tempdata/metadata_AdamFOGG_to_ThomasBRIDGER_w45-47_20250203_202647.csv,8861d5589ce326e8fb01ac2873097cd862956913f70ee6a6a6d2df8b858549d8,1080,12,292309ad3cbc9525c7df7300e69732c744a94f1c0e274bb09cfcea61da9ff399,"[""Athlete ID"",""Name"",""Week Number"",""Date Range"",""Distance (km)"",""Time"",""Elevation (m)""]",2026-09-02T18:00:00Z,unknown_legacy,curated_candidate,external-offline-backup,
external-drive/elite-endurance-viz-data-dump/data_0602251819H/tempdata/metadata_AdamFOGG_to_ThomasBRIDGER_w45-47_20250203_212035.csv,1ddf2e938b71e28ffb36cd0984ed9f6c98f88a21a19ff8464b5d0141e031d76d,1077,12,292309ad3cbc9525c7df7300e69732c744a94f1c0e274bb09cfcea61da9ff399,"[""Athlete ID"",""Name"",""Week Number"",""Date Range"",""Distance (km)"",""Time"",""Elevation (m)""]",2026-09-02T18:00:00Z,unknown_legacy,curated_candidate,external-offline-backup,
external-drive/elite-endurance-viz-data-dump/data_0602251819H/tempdata/metadata_AdamFOGG_to_ThomasBRIDGER_w45-47_20250204_125324.csv,943c41d1e4654c173527d3b963591ac1367e2fd5a9a5a00c47904c897e6d175e,1054,12,292309ad3cbc9525c7df7300e69732c744a94f1c0e274bb09cfcea61da9ff399,"[""Athlete ID"",""Name"",""Week Number"",""Date Range"",""Distance (km)"",""Time"",""Elevation (m)""]",2026-09-02T18:00:00Z,unknown_legacy,curated_candidate,external-offline-backup,
external-drive/elite-endurance-viz-data-dump/data_0602251819H/tempdata/metadata_AdamFOGG_to_ThomasBRIDGER_w45-47_20250204_131648.csv,2542d358e3f66a146bd2060cdf68774b3b23816806fc26f06861778c5e2f293a,1084,12,292309ad3cbc9525c7df7300e69732c744a94f1c0e274bb09cfcea61da9ff399,"[""Athlete ID"",""Name"",""Week Number"",""Date Range"",""Distance (km)"",""Time"",""Elevation (m)""]",2026-09-02T18:00:00Z,unknown_legacy,curated_candidate,external-offline-backup,
external-drive/elite-endurance-viz-data-dump/data_0602251819H/tempdata/metadata_AdamFOGG_to_ThomasBRIDGER_w45-47_20250204_134644.csv,aa687ba5427cce526957fe84e6e5766df148bee0bed85935d63bdfda64d77d2b,1083,12,292309ad3cbc9525c7df7300e69732c744a94f1c0e274bb09cfcea61da9ff399,"[""Athlete ID"",""Name"",""Week Number"",""Date Range"",""Distance (km)"",""Time"",""Elevation (m)""]",2026-09-02T18:00:00Z,unknown_legacy,curated_candidate,external-offline-backup,
external-drive/elite-endurance-viz-data-dump/data_0602251819H/tempdata/metadata_AdamFOGG_to_ThomasBRIDGER_w45-47_20250204_142112.csv,dc6e46108df9a1db0e5638ca69227ed0b51dd2b3371abd7343c526b8a62b12ea,1057,12,292309ad3cbc9525c7df7300e69732c744a94f1c0e274bb09cfcea61da9ff399,"[""Athlete ID"",""Name"",""Week Number"",""Date Range"",""Distance (km)"",""Time"",""Elevation (m)""]",2026-09-02T18:00:00Z,unknown_legacy,curated_candidate,external-offline-backup,
external-drive/elite-endurance-viz-data-dump/data_0602251819H/tempdata/metadata_AdamFOGG_to_ThomasBRIDGER_w45-47_20250204_144436.csv,45e246a07ee510ce8a8ca96535b504c18dde76161ebf25278d45940ac67f4c83,1085,12,292309ad3cbc9525c7df7300e69732c744a94f1c0e274bb09cfcea61da9ff399,"[""Athlete ID"",""Name"",""Week Number"",""Date Range"",""Distance (km)"",""Time"",""Elevation (m)""]",2026-09-02T18:00:00Z,unknown_legacy,curated_candidate,external-offline-backup,
external-drive/elite-endurance-viz-data-dump/data_0602251819H/tempdata/metadata_AdamFOGG_to_ThomasBRIDGER_w45-52_20250125_152350.csv,810b707be7d51758afda5575a743a433b840402a0797df657a8376c13e43d530,2758,32,292309ad3cbc9525c7df7300e69732c744a94f1c0e274bb09cfcea61da9ff399,"[""Athlete ID"",""Name"",""Week Number"",""Date Range"",""Distance (km)"",""Time"",""Elevation (m)""]",2026-09-02T18:00:00Z,unknown_legacy,curated_candidate,external-offline-backup,
external-drive/elite-endurance-viz-data-dump/data_0602251819H/tempdata/metadata_AdamFOGG_to_ThomasBRIDGER_w45-52_20250203_160613.csv,36ecf20a2a967230937068bd01388a793cf523faa5cec712a055cf74ae755a31,2758,32,292309ad3cbc9525c7df7300e69732c744a94f1c0e274bb09cfcea61da9ff399,"[""Athlete ID"",""Name"",""Week Number"",""Date Range"",""Distance (km)"",""Time"",""Elevation (m)""]",2026-09-02T18:00:00Z,unknown_legacy,curated_candidate,external-offline-backup,
external-drive/elite-endurance-viz-data-dump/data_0602251819H/tempdata/metadata_AdamFOGG_to_ThomasBRIDGER_w45-52_20250205_130449.csv,b2926498ca505328f586200860880d5a0854ea68bbecabc2c61572a78da29cf3,2750,32,292309ad3cbc9525c7df7300e69732c744a94f1c0e274bb09cfcea61da9ff399,"[""Athlete ID"",""Name"",""Week Number"",""Date Range"",""Distance (km)"",""Time"",""Elevation (m)""]",2026-09-02T18:00:00Z,unknown_legacy,curated_candidate,external-offline-backup,
external-drive/elite-endurance-viz-data-dump/data_0602251819H/tempdata/metadata_AdamFOGG_to_ThomasBRIDGER_w50-52_20250125_160049.csv,91daa1151459a2ea75032da3f16be334232fa8162d5bbaf4484980a852cfac0f,1085,12,292309ad3cbc9525c7df7300e69732c744a94f1c0e274bb09cfcea61da9ff399,"[""Athlete ID"",""Name"",""Week Number"",""Date Range"",""Distance (km)"",""Time"",""Elevation (m)""]",2026-09-02T18:00:00Z,unknown_legacy,curated_candidate,external-offline-backup,
external-drive/elite-endurance-viz-data-dump/data_0602251819H/tempdata/metadata_DanielARCE_to_StanNIESTEN_w45-52_20250206_175102.csv,4d63c0f9d4a0430727e680187b2e946c0f859fd42339008fd63bc57f2a6033e9,29421,376,292309ad3cbc9525c7df7300e69732c744a94f1c0e274bb09cfcea61da9ff399,"[""Athlete ID"",""Name"",""Week Number"",""Date Range"",""Distance (km)"",""Time"",""Elevation (m)""]",2026-09-02T18:00:00Z,unknown_legacy,curated_candidate,external-offline-backup,
external-drive/elite-endurance-viz-data-dump/data_0602251819H/tempdata/metadata_JackROWE_to_JamesHANSEN_w45-52_20250206_132300.csv,67f5972499502a0ce241115d9c095b8be814c85c86291e2e9e43361695b015b7,10858,136,292309ad3cbc9525c7df7300e69732c744a94f1c0e274bb09cfcea61da9ff399,"[""Athlete ID"",""Name"",""Week Number"",""Date Range"",""Distance (km)"",""Time"",""Elevation (m)""]",2026-09-02T18:00:00Z,unknown_legacy,curated_candidate,external-offline-backup,
external-drive/elite-endurance-viz-data-dump/data_0602251819H/tempdata/metadata_MarkPEARCE_to_LaurenHALL_w45-52_20250206_115146.csv,5c325429e2ccb18aff32c61fff2ce41f33934b0b77c65313d101d01f3a10cb59,5862,72,292309ad3cbc9525c7df7300e69732c744a94f1c0e274bb09cfcea61da9ff399,"[""Athlete ID"",""Name"",""Week Number"",""Date Range"",""Distance (km)"",""Time"",""Elevation (m)""]",2026-09-02T18:00:00Z,unknown_legacy,curated_candidate,external-offline-backup,
external-drive/elite-endurance-viz-data-dump/data_0602251819H/tempdata/metadata_MikeFOPPEN_to_StephenEVANS_w45-52_20250206_151504.csv,bb1dd72858cb0128a922bcd42b10e03ff818215645aae38912bed425e515e05b,22868,280,292309ad3cbc9525c7df7300e69732c744a94f1c0e274bb09cfcea61da9ff399,"[""Athlete ID"",""Name"",""Week Number"",""Date Range"",""Distance (km)"",""Time"",""Elevation (m)""]",2026-09-02T18:00:00Z,unknown_legacy,curated_candidate,external-offline-backup,
external-drive/elite-endurance-viz-data-dump/data_0602251819H/tempdata/processed_AdamFOGG_to_ThomasBRIDGER_w45-47_20250203_202647.csv,1f81e8a960b624664631a7a00c28d41f235e27c7b0eb38837c9f5303a4fdc4ae,4774,33,ccfb4cf08d3f5caed46de36c12352d233df3f7ba9007e77c04f6461e6f7b18a3,"[""Athlete ID"",""Athlete Name"",""Activity ID"",""Activity Name"",""Description"",""Start Date"",""Elapsed Time"",""Type"",""Location"",""Distance (km)"",""Pace (min/km)"",""Time""]",2026-09-02T18:00:00Z,strava,curated_candidate,external-offline-backup,
external-drive/elite-endurance-viz-data-dump/data_0602251819H/tempdata/processed_AdamFOGG_to_ThomasBRIDGER_w45-47_20250203_212036.csv,09a7fe6237634f17a7ae6a8ae5d7253b41e7fdd98afb5976a76a438502bac027,19709,143,ccfb4cf08d3f5caed46de36c12352d233df3f7ba9007e77c04f6461e6f7b18a3,"[""Athlete ID"",""Athlete Name"",""Activity ID"",""Activity Name"",""Description"",""Start Date"",""Elapsed Time"",""Type"",""Location"",""Distance (km)"",""Pace (min/km)"",""Time""]",2026-09-02T18:00:00Z,strava,curated_candidate,external-offline-backup,
external-drive/elite-endurance-viz-data-dump/data_0602251819H/tempdata/processed_AdamFOGG_to_ThomasBRIDGER_w45-47_20250204_125324.csv,a5f8ca599759b280e14890e419334d6164ef406064e0715c74d2cb3378556b78,18323,133,ccfb4cf08d3f5caed46de36c12352d233df3f7ba9007e77c04f6461e6f7b18a3,"[""Athlete ID"",""Athlete Name"",""Activity ID"",""Activity Name"",""Description"",""Start Date"",""Elapsed Time"",""Type"",""Location"",""Distance (km)"",""Pace (min/km)"",""Time""]",2026-09-02T18:00:00Z,strava,curated_candidate,external-offline-backup,
external-drive/elite-endurance-viz-data-dump/data_0602251819H/tempdata/processed_AdamFOGG_to_ThomasBRIDGER_w45-47_20250204_131648.csv,09a7fe6237634f17a7ae6a8ae5d7253b41e7fdd98afb5976a76a438502bac027,19709,143,ccfb4cf08d3f5caed46de36c12352d233df3f7ba9007e77c04f6461e6f7b18a3,"[""Athlete ID"",""Athlete Name"",""Activity ID"",""Activity Name"",""Description"",""Start Date"",""Elapsed Time"",""Type"",""Location"",""Distance (km)"",""Pace (min/km)"",""Time""]",2026-09-02T18:00:00Z,strava,curated_candidate,external-offline-backup,
external-drive/elite-endurance-viz-data-dump/data_0602251819H/tempdata/processed_AdamFOGG_to_ThomasBRIDGER_w45-47_20250204_134645.csv,09a7fe6237634f17a7ae6a8ae5d7253b41e7fdd98afb5976a76a438502bac027,19709,143,ccfb4cf08d3f5caed46de36c12352d233df3f7ba9007e77c04f6461e6f7b18a3,"[""Athlete ID"",""Athlete Name"",""Activity ID"",""Activity Name"",""Description"",""Start Date"",""Elapsed Time"",""Type"",""Location"",""Distance (km)"",""Pace (min/km)"",""Time""]",2026-09-02T18:00:00Z,strava,curated_candidate,external-offline-backup,
external-drive/elite-endurance-viz-data-dump/data_0602251819H/tempdata/processed_AdamFOGG_to_ThomasBRIDGER_w45-47_20250204_142112.csv,31e687320f05586d9e72a674094020471eaf2a97993375e5826202f5a0a77084,17400,127,ccfb4cf08d3f5caed46de36c12352d233df3f7ba9007e77c04f6461e6f7b18a3,"[""Athlete ID"",""Athlete Name"",""Activity ID"",""Activity Name"",""Description"",""Start Date"",""Elapsed Time"",""Type"",""Location"",""Distance (km)"",""Pace (min/km)"",""Time""]",2026-09-02T18:00:00Z,strava,curated_candidate,external-offline-backup,
external-drive/elite-endurance-viz-data-dump/data_0602251819H/tempdata/processed_AdamFOGG_to_ThomasBRIDGER_w45-47_20250204_144436.csv,09a7fe6237634f17a7ae6a8ae5d7253b41e7fdd98afb5976a76a438502bac027,19709,143,ccfb4cf08d3f5caed46de36c12352d233df3f7ba9007e77c04f6461e6f7b18a3,"[""Athlete ID"",""Athlete Name"",""Activity ID"",""Activity Name"",""Description"",""Start Date"",""Elapsed Time"",""Type"",""Location"",""Distance (km)"",""Pace (min/km)"",""Time""]",2026-09-02T18:00:00Z,strava,curated_candidate,external-offline-backup,
external-drive/elite-endurance-viz-data-dump/data_0602251819H/tempdata/processed_AdamFOGG_to_ThomasBRIDGER_w45-52_20250125_152351.csv,ff3ef37fc3b7f3ea4dce178111a0a66db4285d9adfd3e6bfe98f43edeac6f909,5308,37,ccfb4cf08d3f5caed46de36c12352d233df3f7ba9007e77c04f6461e6f7b18a3,"[""Athlete ID"",""Athlete Name"",""Activity ID"",""Activity Name"",""Description"",""Start Date"",""Elapsed Time"",""Type"",""Location"",""Distance (km)"",""Pace (min/km)"",""Time""]",2026-09-02T18:00:00Z,strava,curated_candidate,external-offline-backup,
external-drive/elite-endurance-viz-data-dump/data_0602251819H/tempdata/processed_AdamFOGG_to_ThomasBRIDGER_w45-52_20250203_160614.csv,ff3ef37fc3b7f3ea4dce178111a0a66db4285d9adfd3e6bfe98f43edeac6f909,5308,37,ccfb4cf08d3f5caed46de36c12352d233df3f7ba9007e77c04f6461e6f7b18a3,"[""Athlete ID"",""Athlete Name"",""Activity ID"",""Activity Name"",""Description"",""Start Date"",""Elapsed Time"",""Type"",""Location"",""Distance (km)"",""Pace (min/km)"",""Time""]",2026-09-02T18:00:00Z,strava,curated_candidate,external-offline-backup,
external-drive/elite-endurance-viz-data-dump/data_0602251819H/tempdata/processed_AdamFOGG_to_ThomasBRIDGER_w45-52_20250205_130452.csv,b75e102222a16f132a002723ac78963c10650c4e33735d07739c2f43431854f7,57385,405,ccfb4cf08d3f5caed46de36c12352d233df3f7ba9007e77c04f6461e6f7b18a3,"[""Athlete ID"",""Athlete Name"",""Activity ID"",""Activity Name"",""Description"",""Start Date"",""Elapsed Time"",""Type"",""Location"",""Distance (km)"",""Pace (min/km)"",""Time""]",2026-09-02T18:00:00Z,strava,curated_candidate,external-offline-backup,
external-drive/elite-endurance-viz-data-dump/data_0602251819H/tempdata/processed_AdamFOGG_to_ThomasBRIDGER_w50-52_20250125_160050.csv,3a113d2755af106797c3f671e21d0127b79c38f0ffc0d6ea451b48fadefa5164,5877,40,ccfb4cf08d3f5caed46de36c12352d233df3f7ba9007e77c04f6461e6f7b18a3,"[""Athlete ID"",""Athlete Name"",""Activity ID"",""Activity Name"",""Description"",""Start Date"",""Elapsed Time"",""Type"",""Location"",""Distance (km)"",""Pace (min/km)"",""Time""]",2026-09-02T18:00:00Z,strava,curated_candidate,external-offline-backup,
external-drive/elite-endurance-viz-data-dump/data_0602251819H/tempdata/processed_DanielARCE_to_StanNIESTEN_w45-52_20250206_175118.csv,f63c26c48507f01febc43b954a60acf2e93ae52c3185e63938c27d4855121f2d,304071,2013,ccfb4cf08d3f5caed46de36c12352d233df3f7ba9007e77c04f6461e6f7b18a3,"[""Athlete ID"",""Athlete Name"",""Activity ID"",""Activity Name"",""Description"",""Start Date"",""Elapsed Time"",""Type"",""Location"",""Distance (km)"",""Pace (min/km)"",""Time""]",2026-09-02T18:00:00Z,strava,curated_candidate,external-offline-backup,
external-drive/elite-endurance-viz-data-dump/data_0602251819H/tempdata/processed_JackROWE_to_JamesHANSEN_w45-52_20250206_132303.csv,1000b02e93e48506c8f5c7d5d2818fa2f6e92f9cdac11c4c0a48af8c23bb519d,140601,961,ccfb4cf08d3f5caed46de36c12352d233df3f7ba9007e77c04f6461e6f7b18a3,"[""Athlete ID"",""Athlete Name"",""Activity ID"",""Activity Name"",""Description"",""Start Date"",""Elapsed Time"",""Type"",""Location"",""Distance (km)"",""Pace (min/km)"",""Time""]",2026-09-02T18:00:00Z,strava,curated_candidate,external-offline-backup,
external-drive/elite-endurance-viz-data-dump/data_0602251819H/tempdata/processed_MarkPEARCE_to_LaurenHALL_w45-52_20250206_115147.csv,721f9a0dce2218954a9c4d1b9c5a0298a957530642e6e8b9549d8d4ef1b00eef,43720,325,ccfb4cf08d3f5caed46de36c12352d233df3f7ba9007e77c04f6461e6f7b18a3,"[""Athlete ID"",""Athlete Name"",""Activity ID"",""Activity Name"",""Description"",""Start Date"",""Elapsed Time"",""Type"",""Location"",""Distance (km)"",""Pace (min/km)"",""Time""]",2026-09-02T18:00:00Z,strava,curated_candidate,external-offline-backup,
external-drive/elite-endurance-viz-data-dump/data_0602251819H/tempdata/processed_MikeFOPPEN_to_ColeSPROUT_w45-52_20250206_151513.csv,b66cf72324e8f2baa096ac59e1633d51c14b984f0aefa3f2aab04553cb7bf189,197926,1306,ccfb4cf08d3f5caed46de36c12352d233df3f7ba9007e77c04f6461e6f7b18a3,"[""Athlete ID"",""Athlete Name"",""Activity ID"",""Activity Name"",""Description"",""Start Date"",""Elapsed Time"",""Type"",""Location"",""Distance (km)"",""Pace (min/km)"",""Time""]",2026-09-02T18:00:00Z,strava,curated_candidate,external-offline-backup,
external-drive/elite-endurance-viz-data-dump/data_0602251819H/tempdata/processed_activities_w45-52_20250205_130453.csv,0f317413a506822d374d6a149250f142a1c052fd2e25aa3e7384b00b91acc00e,45342,317,ccfb4cf08d3f5caed46de36c12352d233df3f7ba9007e77c04f6461e6f7b18a3,"[""Athlete ID"",""Athlete Name"",""Activity ID"",""Activity Name"",""Description"",""Start Date"",""Elapsed Time"",""Type"",""Location"",""Distance (km)"",""Pace (min/km)"",""Time""]",2026-09-02T18:00:00Z,strava,curated_candidate,external-offline-backup,
external-drive/elite-endurance-viz-data-dump/data_0602251819H/tempdata/processed_activities_w45-52_20250206_115148.csv,76c24a33505ad7ee3c8476c3207c36f0221e66e9694436d1ed9310eee5142b37,42541,316,ccfb4cf08d3f5caed46de36c12352d233df3f7ba9007e77c04f6461e6f7b18a3,"[""Athlete ID"",""Athlete Name"",""Activity ID"",""Activity Name"",""Description"",""Start Date"",""Elapsed Time"",""Type"",""Location"",""Distance (km)"",""Pace (min/km)"",""Time""]",2026-09-02T18:00:00Z,strava,curated_candidate,external-offline-backup,
external-drive/elite-endurance-viz-data-dump/data_0602251819H/tempdata/processed_activities_w45-52_20250206_132306.csv,c1ff2aa13ae9d14c617b622f501e2ef474e23549063b155062f9081cceb29a5f,139061,950,ccfb4cf08d3f5caed46de36c12352d233df3f7ba9007e77c04f6461e6f7b18a3,"[""Athlete ID"",""Athlete Name"",""Activity ID"",""Activity Name"",""Description"",""Start Date"",""Elapsed Time"",""Type"",""Location"",""Distance (km)"",""Pace (min/km)"",""Time""]",2026-09-02T18:00:00Z,strava,curated_candidate,external-offline-backup,
external-drive/elite-endurance-viz-data-dump/data_0602251819H/tempdata/processed_activities_w45-52_20250206_151517.csv,ff26ed0872920758669647e867d4036d492b9027a7eb96b0fd3f130756d73bb1,190068,1248,ccfb4cf08d3f5caed46de36c12352d233df3f7ba9007e77c04f6461e6f7b18a3,"[""Athlete ID"",""Athlete Name"",""Activity ID"",""Activity Name"",""Description"",""Start Date"",""Elapsed Time"",""Type"",""Location"",""Distance (km)"",""Pace (min/km)"",""Time""]",2026-09-02T18:00:00Z,strava,curated_candidate,external-offline-backup,
external-drive/elite-endurance-viz-data-dump/data_0602251819H/tempdata/processed_activities_w45-52_20250206_175125.csv,233f88360a438f6609810701df8885829b2fc8fc66e90d9ff1e1f747a022a8d5,297415,1970,ccfb4cf08d3f5caed46de36c12352d233df3f7ba9007e77c04f6461e6f7b18a3,"[""Athlete ID"",""Athlete Name"",""Activity ID"",""Activity Name"",""Description"",""Start Date"",""Elapsed Time"",""Type"",""Location"",""Distance (km)"",""Pace (min/km)"",""Time""]",2026-09-02T18:00:00Z,strava,curated_candidate,external-offline-backup,
external-drive/elite-endurance-viz-data-dump/data_0602251819H/tempdata/processed_test_AdamFOGG_to_ThomasBRIDGER_w45-47_20250203_202647.csv,c5bbf5bcd19e5eba67d3a62ce83eb9a42a2436b165984de102627130d994fd76,19175,139,ccfb4cf08d3f5caed46de36c12352d233df3f7ba9007e77c04f6461e6f7b18a3,"[""Athlete ID"",""Athlete Name"",""Activity ID"",""Activity Name"",""Description"",""Start Date"",""Elapsed Time"",""Type"",""Location"",""Distance (km)"",""Pace (min/km)"",""Time""]",2026-09-02T18:00:00Z,strava,curated_candidate,external-offline-backup,
external-drive/elite-endurance-viz-data-dump/data_0602251819H/tempdata/processed_test_AdamFOGG_to_ThomasBRIDGER_w45-52_20250203_160613.csv,551f1f1c93ad9af5ac7bf2c43e4e9691af167ac3e9e2cb7874f999d12f704bb3,57221,405,ccfb4cf08d3f5caed46de36c12352d233df3f7ba9007e77c04f6461e6f7b18a3,"[""Athlete ID"",""Athlete Name"",""Activity ID"",""Activity Name"",""Description"",""Start Date"",""Elapsed Time"",""Type"",""Location"",""Distance (km)"",""Pace (min/km)"",""Time""]",2026-09-02T18:00:00Z,strava,curated_candidate,external-offline-backup,
external-drive/elite-endurance-viz-data-dump/data_0602251819H/tempdata/raw_json_AdamFOGG_to_ThomasBRIDGER_w45-47_20250203_202647.csv,a6da6f29938b4ce00a6ea03dab3e4358fe2d297e5cd8cc5bcb6f4f97b58694a6,3850896,12,f0e574d6669e8823fc3bbf83775153ac81726ba1879df7bc6cd31263ea5f5e22,"[""Athlete ID"",""Name"",""Week Number"",""Date Range"",""JSON Data""]",2026-09-02T18:00:00Z,strava,raw,external-offline-backup,
external-drive/elite-endurance-viz-data-dump/data_0602251819H/tempdata/raw_json_AdamFOGG_to_ThomasBRIDGER_w45-47_20250203_212035.csv,1cfd91301e92301cadf2fa9aa8ee42233b9b3591cfc70e4b116f25888d0a3e5d,4204952,12,f0e574d6669e8823fc3bbf83775153ac81726ba1879df7bc6cd31263ea5f5e22,"[""Athlete ID"",""Name"",""Week Number"",""Date Range"",""JSON Data""]",2026-09-02T18:00:00Z,strava,raw,external-offline-backup,
external-drive/elite-endurance-viz-data-dump/data_0602251819H/tempdata/raw_json_AdamFOGG_to_ThomasBRIDGER_w45-47_20250204_125324.csv,53a85a66b98e2e88f51e1f0e726677ba297c8986abf029b15224468a1ec6d4af,3707981,11,f0e574d6669e8823fc3bbf83775153ac81726ba1879df7bc6cd31263ea5f5e22,"[""Athlete ID"",""Name"",""Week Number"",""Date Range"",""JSON Data""]",2026-09-02T18:00:00Z,strava,raw,external-offline-backup,
external-drive/elite-endurance-viz-data-dump/data_0602251819H/tempdata/raw_json_AdamFOGG_to_ThomasBRIDGER_w45-47_20250204_131648.csv,3fb0a59b6113c64bcbe90c8ff451331d8ef632c79b2f9e117bece84b9d77d968,4204950,12,f0e574d6669e8823fc3bbf83775153ac81726ba1879df7bc6cd31263ea5f5e22,"[""Athlete ID"",""Name"",""Week Number"",""Date Range"",""JSON Data""]",2026-09-02T18:00:00Z,strava,raw,external-offline-backup,
external-drive/elite-endurance-viz-data-dump/data_0602251819H/tempdata/raw_json_AdamFOGG_to_ThomasBRIDGER_w45-47_20250204_134644.csv,6380b653b7513ce4e57b69e2f8fc4114606d501ba2b758b2c4863f4bdf278f09,4204956,12,f0e574d6669e8823fc3bbf83775153ac81726ba1879df7bc6cd31263ea5f5e22,"[""Athlete ID"",""Name"",""Week Number"",""Date Range"",""JSON Data""]",2026-09-02T18:00:00Z,strava,raw,external-offline-backup,
external-drive/elite-endurance-viz-data-dump/data_0602251819H/tempdata/raw_json_AdamFOGG_to_ThomasBRIDGER_w45-47_20250204_142112.csv,60182d88655765dedc3e61696f15a5367b8ea58dcea3e552d77d0217c2925925,3658666,11,f0e574d6669e8823fc3bbf83775153ac81726ba1879df7bc6cd31263ea5f5e22,"[""Athlete ID"",""Name"",""Week Number"",""Date Range"",""JSON Data""]",2026-09-02T18:00:00Z,strava,raw,external-offline-backup,
external-drive/elite-endurance-viz-data-dump/data_0602251819H/tempdata/raw_json_AdamFOGG_to_ThomasBRIDGER_w45-47_20250204_144436.csv,f1cf97ef6038ea6d99a6dae02fa953c1f7b1541b6dcb35b5a05401a39e768651,4204953,12,f0e574d6669e8823fc3bbf83775153ac81726ba1879df7bc6cd31263ea5f5e22,"[""Athlete ID"",""Name"",""Week Number"",""Date Range"",""JSON Data""]",2026-09-02T18:00:00Z,strava,raw,external-offline-backup,
external-drive/elite-endurance-viz-data-dump/data_0602251819H/tempdata/raw_json_AdamFOGG_to_ThomasBRIDGER_w45-52_20250125_152350.csv,1026ccb02e05212ec9bc21a0f3725727aaa92649f83bad4e83d375977179ba21,9555416,32,f0e574d6669e8823fc3bbf83775153ac81726ba1879df7bc6cd31263ea5f5e22,"[""Athlete ID"",""Name"",""Week Number"",""Date Range"",""JSON Data""]",2026-09-02T18:00:00Z,strava,raw,external-offline-backup,
external-drive/elite-endurance-viz-data-dump/data_0602251819H/tempdata/raw_json_AdamFOGG_to_ThomasBRIDGER_w45-52_20250203_160613.csv,2c5c01af25895c823965bb7f92886674e7e1f3811e52c94a79cc154b7e706ed1,9552439,32,f0e574d6669e8823fc3bbf83775153ac81726ba1879df7bc6cd31263ea5f5e22,"[""Athlete ID"",""Name"",""Week Number"",""Date Range"",""JSON Data""]",2026-09-02T18:00:00Z,strava,raw,external-offline-backup,
external-drive/elite-endurance-viz-data-dump/data_0602251819H/tempdata/raw_json_AdamFOGG_to_ThomasBRIDGER_w45-52_20250205_130449.csv,04b657239ba2b7794a64f47da1c0bcb585467dc6a6b0c6500bd15309909dfe1d,9503725,32,f0e574d6669e8823fc3bbf83775153ac81726ba1879df7bc6cd31263ea5f5e22,"[""Athlete ID"",""Name"",""Week Number"",""Date Range"",""JSON Data""]",2026-09-02T18:00:00Z,strava,raw,external-offline-backup,
external-drive/elite-endurance-viz-data-dump/data_0602251819H/tempdata/raw_json_AdamFOGG_to_ThomasBRIDGER_w50-52_20250125_160049.csv,a471d2531e4dbda10ea4f24321cba6b5748a682f22e5e8716b1eac2c87a9e1de,2533341,12,f0e574d6669e8823fc3bbf83775153ac81726ba1879df7bc6cd31263ea5f5e22,"[""Athlete ID"",""Name"",""Week Number"",""Date Range"",""JSON Data""]",2026-09-02T18:00:00Z,strava,raw,external-offline-backup,
external-drive/elite-endurance-viz-data-dump/data_0602251819H/tempdata/raw_json_DanielARCE_to_StanNIESTEN_w45-52_20250206_175102.csv,69b38be657d98d54dbadc918a13c8ec8d65eb27ce2df2e34f7fbae837939d9f2,28279962,261,f0e574d6669e8823fc3bbf83775153ac81726ba1879df7bc6cd31263ea5f5e22,"[""Athlete ID"",""Name"",""Week Number"",""Date Range"",""JSON Data""]",2026-09-02T18:00:00Z,strava,raw,external-offline-backup,
external-drive/elite-endurance-viz-data-dump/data_0602251819H/tempdata/raw_json_JackROWE_to_JamesHANSEN_w45-52_20250206_132301.csv,f41ec79f8fdd3e4cc2180644fb66564d42c59739ec772475b896891e2328a3a2,8671151,101,f0e574d6669e8823fc3bbf83775153ac81726ba1879df7bc6cd31263ea5f5e22,"[""Athlete ID"",""Name"",""Week Number"",""Date Range"",""JSON Data""]",2026-09-02T18:00:00Z,strava,raw,external-offline-backup,
external-drive/elite-endurance-viz-data-dump/data_0602251819H/tempdata/raw_json_MarkPEARCE_to_LaurenHALL_w45-52_20250206_115146.csv,766b5fa5f06de16a95aba3a9dbc874cc83636e67e993c69dd5c972f194c0c375,3540756,59,f0e574d6669e8823fc3bbf83775153ac81726ba1879df7bc6cd31263ea5f5e22,"[""Athlete ID"",""Name"",""Week Number"",""Date Range"",""JSON Data""]",2026-09-02T18:00:00Z,strava,raw,external-offline-backup,
external-drive/elite-endurance-viz-data-dump/data_0602251819H/tempdata/raw_json_MikeFOPPEN_to_ColeSPROUT_w45-52_20250206_151504.csv,a1fd6e66d63ff28b328c12aa625b27f02633a6c7d24a1b1b6f9673665ad35196,28307599,230,f0e574d6669e8823fc3bbf83775153ac81726ba1879df7bc6cd31263ea5f5e22,"[""Athlete ID"",""Name"",""Week Number"",""Date Range"",""JSON Data""]",2026-09-02T18:00:00Z,strava,raw,external-offline-backup,
external-drive/elite-endurance-viz-data-dump/data_0602251819H/tempdata/temp_metadata_20250117_155330.csv,c69bed42587b6c8312591044d47d88aaa37e6933c5a4bbc53e4d4a1ab7f6d5ed,524,8,292309ad3cbc9525c7df7300e69732c744a94f1c0e274bb09cfcea61da9ff399,"[""Athlete ID"",""Name"",""Week Number"",""Date Range"",""Distance (km)"",""Time"",""Elevation (m)""]",2026-09-02T18:00:00Z,unknown_legacy,curated_candidate,external-offline-backup,
external-drive/elite-endurance-viz-data-dump/data_0602251819H/tempdata/temp_metadata_20250117_160151.csv,263d8242c1ce1467471a02e60d5583434bee5a97326eac19716c1329238b9b76,1718,20,292309ad3cbc9525c7df7300e69732c744a94f1c0e274bb09cfcea61da9ff399,"[""Athlete ID"",""Name"",""Week Number"",""Date Range"",""Distance (km)"",""Time"",""Elevation (m)""]",2026-09-02T18:00:00Z,unknown_legacy,curated_candidate,external-offline-backup,
external-drive/elite-endurance-viz-data-dump/data_0602251819H/tempdata/temp_metadata_20250125_120157.csv,10d9ec61755f5d67e2607b975da44614bb8b572c051e64e49767f03798c39703,1606,20,292309ad3cbc9525c7df7300e69732c744a94f1c0e274bb09cfcea61da9ff399,"[""Athlete ID"",""Name"",""Week Number"",""Date Range"",""Distance (km)"",""Time"",""Elevation (m)""]",2026-09-02T18:00:00Z,unknown_legacy,curated_candidate,external-offline-backup,
external-drive/elite-endurance-viz-data-dump/data_0602251819H/tempdata/temp_metadata_20250125_145124.csv,10d9ec61755f5d67e2607b975da44614bb8b572c051e64e49767f03798c39703,1606,20,292309ad3cbc9525c7df7300e69732c744a94f1c0e274bb09cfcea61da9ff399,"[""Athlete ID"",""Name"",""Week Number"",""Date Range"",""Distance (km)"",""Time"",""Elevation (m)""]",2026-09-02T18:00:00Z,unknown_legacy,curated_candidate,external-offline-backup,
external-drive/elite-endurance-viz-data-dump/data_0602251819H/tempdata/temp_metadata_4814818.0_20250117_160454.csv,1ca965b6c28f51dc16ce7649a89fa273d39f9b00faefe801a1dfcd7be50028c1,320,3,292309ad3cbc9525c7df7300e69732c744a94f1c0e274bb09cfcea61da9ff399,"[""Athlete ID"",""Name"",""Week Number"",""Date Range"",""Distance (km)"",""Time"",""Elevation (m)""]",2026-09-02T18:00:00Z,unknown_legacy,curated_candidate,external-offline-backup,
external-drive/elite-endurance-viz-data-dump/data_0602251819H/tempdata/temp_metadata_4928335.0_20250117_160607.csv,038f32dd342a0b7e5e2430ffe7c5627278864907ec966d1468db633232fd5cfb,156,1,292309ad3cbc9525c7df7300e69732c744a94f1c0e274bb09cfcea61da9ff399,"[""Athlete ID"",""Name"",""Week Number"",""Date Range"",""Distance (km)"",""Time"",""Elevation (m)""]",2026-09-02T18:00:00Z,unknown_legacy,curated_candidate,external-offline-backup,
external-drive/elite-endurance-viz-data-dump/data_0602251819H/tempdata/test_results_20250125_145124.csv,eed9beef943118cfafbe633d584a686b98aaad5631aa64122602856e6c457ec1,5286,38,ccfb4cf08d3f5caed46de36c12352d233df3f7ba9007e77c04f6461e6f7b18a3,"[""Athlete ID"",""Athlete Name"",""Activity ID"",""Activity Name"",""Description"",""Start Date"",""Elapsed Time"",""Type"",""Location"",""Distance (km)"",""Pace (min/km)"",""Time""]",2026-09-02T18:00:00Z,strava,curated_candidate,external-offline-backup,
external-drive/elite-endurance-viz-data-dump/data_0602251819H/tempdata/test_results_20250125_150305.csv,eed9beef943118cfafbe633d584a686b98aaad5631aa64122602856e6c457ec1,5286,38,ccfb4cf08d3f5caed46de36c12352d233df3f7ba9007e77c04f6461e6f7b18a3,"[""Athlete ID"",""Athlete Name"",""Activity ID"",""Activity Name"",""Description"",""Start Date"",""Elapsed Time"",""Type"",""Location"",""Distance (km)"",""Pace (min/km)"",""Time""]",2026-09-02T18:00:00Z,strava,curated_candidate,external-offline-backup,
external-drive/elite-endurance-viz_full_0302251538H/OLY24 Pred/complex/combined_df_track_2024szn.csv,1f577f8510e89f5aa078021ba136717d6104455e834ba85fa3933e9eab549662,415113,4500,4ad195f0759ba4d92104897fe70ac11d3591903865f24b84ed6f1c0007dda20e,"[""Mark"",""Competitor"",""Nat"",""Location"",""Discipline"",""Date"",""Results Score""]",2026-09-02T18:00:00Z,world_athletics,curated_candidate,external-offline-backup,
external-drive/elite-endurance-viz_full_0302251538H/OLY24 Pred/complex/df_oly_distance_formatted_men.csv,3bcef5cef4db311d820062730d6b21c3930fd4485e50055796db282c552e09ab,11902,310,2c4854a3b161f1ce7c436fec8e40d6de8a49ef570645c91e968ded71a2377770,"[""Athlete"",""Nat"",""Birthdate"",""Event""]",2026-09-02T18:00:00Z,unknown_legacy,curated_candidate,external-offline-backup,
external-drive/elite-endurance-viz_full_0302251538H/OLY24 Pred/simple/aggregated_sorted_by_highest_average.csv,554f36184df7a8e8ca64356abb05158761b43c7afd62c0d45f345d2ef00d925a,12703,327,3409a10ee5328b1d2494678570b5a6586a5ca328242929c919e9bab5a9aa089f,"[""Average_Results_Score"",""Total_Results_Score"",""Disciplines"",""Discipline_Count""]",2026-09-02T18:00:00Z,unknown_legacy,curated_candidate,external-offline-backup,
external-drive/elite-endurance-viz_full_0302251538H/OLY24 Pred/simple/combined_disciplines_elite.csv,35d8f6cddd6cfd871177e7434392558b9ba5f3dff62875de8746a4c8524ffc00,138103,2000,c820464415508f01fb7d6491c20a3569b447ae7c836e0f192f4419bbad8ce7bc,"[""Mark"",""Competitor"",""Nat"",""Location"",""Discipline"",""Results Score""]",2026-09-02T18:00:00Z,world_athletics,curated_candidate,external-offline-backup,
external-drive/elite-endurance-viz_full_0302251538H/OLY24 Pred/simple/duplicates_sorted_by_name.csv,96e81de79f67824eabffcca10a22c22ed7b2f9c7cee1b6a32a0feef0e1ea6bc2,52508,714,c820464415508f01fb7d6491c20a3569b447ae7c836e0f192f4419bbad8ce7bc,"[""Mark"",""Competitor"",""Nat"",""Location"",""Discipline"",""Results Score""]",2026-09-02T18:00:00Z,world_athletics,curated_candidate,external-offline-backup,
external-drive/elite-endurance-viz_full_0302251538H/cleaned_athlete_metadata.csv,99e98bdd40d9acb94f92688350f0aaf01507e3d2c3409fc8a8b070d199743e90,78331,460,8feb92b039f84a68968db9687ed0c7dfda551c0ab0afb0b46b9f2c24795a9de2,"[""Athlete Name"",""Total_Run_Distance_km"",""Avg_Weekly_Run_Mileage_km"",""Total_Run_Hours"",""Avg_Weekly_Run_Hours"",""Total_Ride_Hours"",""Total_Swim_Hours"",""Total_Other_Hours"",""Competitor"",""Nat"",""Gender"",""Mark"",""Discipline"",""Number_of_events"",""Avg_Run_Pace_min_per_km"",""2024 Weeks Scraped""]",2026-09-02T18:00:00Z,world_athletics,curated_candidate,external-offline-backup,
external-drive/elite-endurance-viz_full_0302251538H/combined_df_strava_oct_public - updated - 4.csv,844c8233dd667b5e8a98dba532322cccb8184ca539277a35c974e8bbaeae09db,146395,1300,73ad55cbad63364b4dcd198617c9bd95e6f637f6949863f6971b2f81e2921ce0,"["""",""Mark"",""Competitor"",""Nat"",""Location"",""Date"",""Results Score"",""Discipline"",""Athlete ID"",""Number of Runs"",""Number of Bike Rides"",""Profile Visibility""]",2026-09-02T18:00:00Z,world_athletics,curated_candidate,external-offline-backup,
external-drive/elite-endurance-viz_full_0302251538H/data/merged_athlete_metadata.csv,be402c96ba574ad9eb3027165867388837256201f1458d0a92f10ec863cd9b2e,77309,460,b521fc7b0e8e74785f6c869d8f00db251009aef14befd35feb1af95baa4e12e8,"[""Athlete Name"",""Total_Run_Distance_km"",""Avg_Weekly_Run_Mileage_km"",""Total_Run_Hours"",""Avg_Weekly_Run_Hours"",""Total_Ride_Hours"",""Total_Swim_Hours"",""Total_Other_Hours"",""Competitor"",""Nat"",""Gender"",""Mark"",""Discipline"",""Number_of_events"",""Avg_Run_Pace_min_per_km""]",2026-09-02T18:00:00Z,world_athletics,curated_candidate,external-offline-backup,
external-drive/elite-endurance-viz_full_0302251538H/data/metadata/athlete_statistics.csv,1f90d253ddfe98b2a881d6ba4e56e7308efb2a6e6cbae0942eecbc7786a3d30e,54022,676,211a98bfa696f5c85427179f13937fc337cf58d1921ee98384b73fb219adc366,"[""Athlete ID"",""Athlete Name"",""Consistency Percentage"",""Standard Deviation"",""Median-to-Mean Ratio"",""Max-to-Median Ratio"",""No Data Count""]",2026-09-02T18:00:00Z,unknown_legacy,curated_candidate,external-offline-backup,
external-drive/elite-endurance-viz_full_0302251538H/data/metadata/backup/20250203_154856_cleaned_athlete_metadata.csv,99e98bdd40d9acb94f92688350f0aaf01507e3d2c3409fc8a8b070d199743e90,78331,460,8feb92b039f84a68968db9687ed0c7dfda551c0ab0afb0b46b9f2c24795a9de2,"[""Athlete Name"",""Total_Run_Distance_km"",""Avg_Weekly_Run_Mileage_km"",""Total_Run_Hours"",""Avg_Weekly_Run_Hours"",""Total_Ride_Hours"",""Total_Swim_Hours"",""Total_Other_Hours"",""Competitor"",""Nat"",""Gender"",""Mark"",""Discipline"",""Number_of_events"",""Avg_Run_Pace_min_per_km"",""2024 Weeks Scraped""]",2026-09-02T18:00:00Z,world_athletics,backup,external-offline-backup,
external-drive/elite-endurance-viz_full_0302251538H/data/metadata/backup/20250203_154856_indiv_activities_full.csv,58bf2ef1974c4a6b837968d8c87c3afdc95a24dc3d2bf94da8f69bdd1181d026,20578701,120303,00af9903ee9944e3c6dcd69e30a8d0e615533155cd8d84966de0222f63c39566,"[""Unnamed: 0"",""Athlete ID"",""Athlete Name"",""Activity ID"",""Activity Name"",""Description"",""Start Date"",""Elapsed Time"",""Type"",""Location"",""Pace (min/mi)"",""Pace (min/km)"",""Time (min)"",""Distance (km)"",""Activity Time (s)""]",2026-09-02T18:00:00Z,strava,backup,external-offline-backup,
external-drive/elite-endurance-viz_full_0302251538H/data/metadata/backup/20250203_155452_cleaned_athlete_metadata.csv,99e98bdd40d9acb94f92688350f0aaf01507e3d2c3409fc8a8b070d199743e90,78331,460,8feb92b039f84a68968db9687ed0c7dfda551c0ab0afb0b46b9f2c24795a9de2,"[""Athlete Name"",""Total_Run_Distance_km"",""Avg_Weekly_Run_Mileage_km"",""Total_Run_Hours"",""Avg_Weekly_Run_Hours"",""Total_Ride_Hours"",""Total_Swim_Hours"",""Total_Other_Hours"",""Competitor"",""Nat"",""Gender"",""Mark"",""Discipline"",""Number_of_events"",""Avg_Run_Pace_min_per_km"",""2024 Weeks Scraped""]",2026-09-02T18:00:00Z,world_athletics,backup,external-offline-backup,
external-drive/elite-endurance-viz_full_0302251538H/data/metadata/backup/20250203_155452_indiv_activities_full.csv,58bf2ef1974c4a6b837968d8c87c3afdc95a24dc3d2bf94da8f69bdd1181d026,20578701,120303,00af9903ee9944e3c6dcd69e30a8d0e615533155cd8d84966de0222f63c39566,"[""Unnamed: 0"",""Athlete ID"",""Athlete Name"",""Activity ID"",""Activity Name"",""Description"",""Start Date"",""Elapsed Time"",""Type"",""Location"",""Pace (min/mi)"",""Pace (min/km)"",""Time (min)"",""Distance (km)"",""Activity Time (s)""]",2026-09-02T18:00:00Z,strava,backup,external-offline-backup,
external-drive/elite-endurance-viz_full_0302251538H/data/metadata/backup/20250203_192322_cleaned_athlete_metadata.csv,99e98bdd40d9acb94f92688350f0aaf01507e3d2c3409fc8a8b070d199743e90,78331,460,8feb92b039f84a68968db9687ed0c7dfda551c0ab0afb0b46b9f2c24795a9de2,"[""Athlete Name"",""Total_Run_Distance_km"",""Avg_Weekly_Run_Mileage_km"",""Total_Run_Hours"",""Avg_Weekly_Run_Hours"",""Total_Ride_Hours"",""Total_Swim_Hours"",""Total_Other_Hours"",""Competitor"",""Nat"",""Gender"",""Mark"",""Discipline"",""Number_of_events"",""Avg_Run_Pace_min_per_km"",""2024 Weeks Scraped""]",2026-09-02T18:00:00Z,world_athletics,backup,external-offline-backup,
external-drive/elite-endurance-viz_full_0302251538H/data/metadata/backup/20250203_192322_indiv_activities_full.csv,52401a2b2927864d2f93435b23097e4348c4e9776bd4315c82b99ce77c6cf8cf,21181968,120315,eef8336aaeea86b5f67d40e95b639c7d924cbebff0740837b7af133f54a08aa5,"[""Unnamed: 0"",""Athlete ID"",""Athlete Name"",""Activity ID"",""Activity Name"",""Description"",""Start Date"",""Elapsed Time"",""Type"",""Location"",""Pace (min/mi)"",""Pace (min/km)"",""Time (min)"",""Distance (km)"",""Activity Time (s)"",""Time""]",2026-09-02T18:00:00Z,strava,backup,external-offline-backup,
external-drive/elite-endurance-viz_full_0302251538H/data/metadata/backup/20250203_202230_cleaned_athlete_metadata.csv,99e98bdd40d9acb94f92688350f0aaf01507e3d2c3409fc8a8b070d199743e90,78331,460,8feb92b039f84a68968db9687ed0c7dfda551c0ab0afb0b46b9f2c24795a9de2,"[""Athlete Name"",""Total_Run_Distance_km"",""Avg_Weekly_Run_Mileage_km"",""Total_Run_Hours"",""Avg_Weekly_Run_Hours"",""Total_Ride_Hours"",""Total_Swim_Hours"",""Total_Other_Hours"",""Competitor"",""Nat"",""Gender"",""Mark"",""Discipline"",""Number_of_events"",""Avg_Run_Pace_min_per_km"",""2024 Weeks Scraped""]",2026-09-02T18:00:00Z,world_athletics,backup,external-offline-backup,
external-drive/elite-endurance-viz_full_0302251538H/data/metadata/backup/20250203_202230_indiv_activities_full.csv,9cf332d16a15b5eaa8506ef3a35f51da64182e4bdb0c58ebfb3c0b0ce801f7bb,21180220,120303,eef8336aaeea86b5f67d40e95b639c7d924cbebff0740837b7af133f54a08aa5,"[""Unnamed: 0"",""Athlete ID"",""Athlete Name"",""Activity ID"",""Activity Name"",""Description"",""Start Date"",""Elapsed Time"",""Type"",""Location"",""Pace (min/mi)"",""Pace (min/km)"",""Time (min)"",""Distance (km)"",""Activity Time (s)"",""Time""]",2026-09-02T18:00:00Z,strava,backup,external-offline-backup,
external-drive/elite-endurance-viz_full_0302251538H/data/metadata/backup/20250203_202310_cleaned_athlete_metadata.csv,99e98bdd40d9acb94f92688350f0aaf01507e3d2c3409fc8a8b070d199743e90,78331,460,8feb92b039f84a68968db9687ed0c7dfda551c0ab0afb0b46b9f2c24795a9de2,"[""Athlete Name"",""Total_Run_Distance_km"",""Avg_Weekly_Run_Mileage_km"",""Total_Run_Hours"",""Avg_Weekly_Run_Hours"",""Total_Ride_Hours"",""Total_Swim_Hours"",""Total_Other_Hours"",""Competitor"",""Nat"",""Gender"",""Mark"",""Discipline"",""Number_of_events"",""Avg_Run_Pace_min_per_km"",""2024 Weeks Scraped""]",2026-09-02T18:00:00Z,world_athletics,backup,external-offline-backup,
external-drive/elite-endurance-viz_full_0302251538H/data/metadata/backup/20250203_202310_indiv_activities_full.csv,9cf332d16a15b5eaa8506ef3a35f51da64182e4bdb0c58ebfb3c0b0ce801f7bb,21180220,120303,eef8336aaeea86b5f67d40e95b639c7d924cbebff0740837b7af133f54a08aa5,"[""Unnamed: 0"",""Athlete ID"",""Athlete Name"",""Activity ID"",""Activity Name"",""Description"",""Start Date"",""Elapsed Time"",""Type"",""Location"",""Pace (min/mi)"",""Pace (min/km)"",""Time (min)"",""Distance (km)"",""Activity Time (s)"",""Time""]",2026-09-02T18:00:00Z,strava,backup,external-offline-backup,
external-drive/elite-endurance-viz_full_0302251538H/data/metadata/backup/master_iaaf_database.csv,7971f225d7f8c124033e0abeb2d7fa6df19061267294cac5d52c1641337c1426,522954,5305,be4ef854f7e6fbc6523cc417c7704359c0fe3841bf6807d67523ad938dbcfe0e,"[""Unnamed: 0"",""Mark"",""Competitor"",""Nat"",""Location"",""Date"",""Results Score"",""Discipline"",""Gender"",""Date_Created""]",2026-09-02T18:00:00Z,world_athletics,backup,external-offline-backup,
external-drive/elite-endurance-viz_full_0302251538H/data/metadata/backup/master_iaaf_database_20250115.csv,702a8758cecc0ba5c0bcc03aed424aaa3911cb3c5ec8fd355785c7540322ab0c,615479,4368,68d1cacf14d9fa29353a26bd22241c2ba1ce01b47e3018b6bbcad97a170d3564,"[""Unnamed: 0"",""Mark"",""Competitor"",""Nat"",""Location"",""Date"",""Results Score"",""Discipline"",""Gender"",""Performance_ID"",""Date_Created""]",2026-09-02T18:00:00Z,world_athletics,backup,external-offline-backup,
external-drive/elite-endurance-viz_full_0302251538H/data/metadata/combined_df_female_distanceCAA30Oct.csv,fed51c06716856b629b1dd7ea5f5e966f28537497f93d1c7494098c09367be6e,164332,1881,cb77bdd41dc723b1d43f43b5d0eec8396d506d8a05ea254a3bb5df87d1bbf27d,"["""",""Mark"",""Competitor"",""Nat"",""Location"",""Date"",""Results Score"",""Discipline""]",2026-09-02T18:00:00Z,world_athletics,curated_candidate,external-offline-backup,
external-drive/elite-endurance-viz_full_0302251538H/data/metadata/combined_df_female_distance_strava_metaCAA31Oct.csv,ca968aebc87f533ef6d1d0a4458b65a26f87034145dd1a42ad904c47e9968b31,197016,1881,73ad55cbad63364b4dcd198617c9bd95e6f637f6949863f6971b2f81e2921ce0,"["""",""Mark"",""Competitor"",""Nat"",""Location"",""Date"",""Results Score"",""Discipline"",""Athlete ID"",""Number of Runs"",""Number of Bike Rides"",""Profile Visibility""]",2026-09-02T18:00:00Z,world_athletics,curated_candidate,external-offline-backup,
external-drive/elite-endurance-viz_full_0302251538H/data/metadata/combined_df_male_distanceCAA30Oct (1).csv,48c6b7934f3280185066d734d08bef1ab26d067ba6f06ff4e302ea0ecb358da4,215965,2487,cb77bdd41dc723b1d43f43b5d0eec8396d506d8a05ea254a3bb5df87d1bbf27d,"["""",""Mark"",""Competitor"",""Nat"",""Location"",""Date"",""Results Score"",""Discipline""]",2026-09-02T18:00:00Z,world_athletics,curated_candidate,external-offline-backup,
external-drive/elite-endurance-viz_full_0302251538H/data/metadata/combined_df_male_distance_strava_meta_updatedCAA31Oct.csv,1633af41c1a023a4eacdebd33194153fb229ed0daa695619bed130161ef32dd9,260287,2487,73ad55cbad63364b4dcd198617c9bd95e6f637f6949863f6971b2f81e2921ce0,"["""",""Mark"",""Competitor"",""Nat"",""Location"",""Date"",""Results Score"",""Discipline"",""Athlete ID"",""Number of Runs"",""Number of Bike Rides"",""Profile Visibility""]",2026-09-02T18:00:00Z,world_athletics,curated_candidate,external-offline-backup,
external-drive/elite-endurance-viz_full_0302251538H/data/metadata/combined_df_strava_oct_public - updated.csv,2cb5ad44089167b6bf823db1a9e070b93cae47d044ac5d44e214e348b89b52a9,146283,1299,73ad55cbad63364b4dcd198617c9bd95e6f637f6949863f6971b2f81e2921ce0,"["""",""Mark"",""Competitor"",""Nat"",""Location"",""Date"",""Results Score"",""Discipline"",""Athlete ID"",""Number of Runs"",""Number of Bike Rides"",""Profile Visibility""]",2026-09-02T18:00:00Z,world_athletics,curated_candidate,external-offline-backup,
external-drive/elite-endurance-viz_full_0302251538H/data/metadata/combined_df_strava_oct_public.csv,1442a3e3390250a36fe3d0a71c5e2d96e47fdfe04934e0d558ce7916f3512d18,144838,1298,73ad55cbad63364b4dcd198617c9bd95e6f637f6949863f6971b2f81e2921ce0,"["""",""Mark"",""Competitor"",""Nat"",""Location"",""Date"",""Results Score"",""Discipline"",""Athlete ID"",""Number of Runs"",""Number of Bike Rides"",""Profile Visibility""]",2026-09-02T18:00:00Z,world_athletics,curated_candidate,external-offline-backup,
external-drive/elite-endurance-viz_full_0302251538H/data/metadata/converted_min_km.csv,d2e6d9e5d31aeaf7c7c371472ef00a1c992f75ca8cc2eb7c1e93d16d2410ea34,19666647,116985,18358041309a40f3e16449e1c3eab148000f8a36c3bbb8ac24a9827a5f585f70,"[""Unnamed: 0"",""Athlete ID"",""Athlete Name"",""Activity ID"",""Activity Name"",""Description"",""Start Date"",""Elapsed Time"",""Type"",""Location"",""Pace (min/mi)"",""Pace (min/km)"",""Time (min)"",""Distance (km)""]",2026-09-02T18:00:00Z,strava,curated_candidate,external-offline-backup,
external-drive/elite-endurance-viz_full_0302251538H/data/metadata/converted_min_km_with_time.csv,c23342b9d1e8022b9973eba007e0d2df861773f869984a4c2c4bdffae3d765a8,450731,3318,6c95ef27b440a9f7e06ffd14c1b88a71cab6a38d3cc77ab826a57839d03d560a,"[""Unnamed: 0"",""Athlete ID"",""Athlete Name"",""Activity ID"",""Activity Name"",""Description"",""Start Date"",""Elapsed Time"",""Type"",""Location"",""Distance (km)"",""Pace (min/km)"",""Time (min)""]",2026-09-02T18:00:00Z,strava,curated_candidate,external-offline-backup,
external-drive/elite-endurance-viz_full_0302251538H/data/metadata/full_meta.csv,30e1ba1c904b4a0a6a9cf50d6c99187fbb4e3106da8ad8f2a769b6c34ae29045,5885693,66550,774140aa80919e3da7fbe0a3af41a1979dd42a900aa5a6ee7716d21bd8c15032,"[""Unnamed: 0"",""Athlete ID"",""Name"",""Week Number"",""Date Range"",""Distance (km)"",""Time"",""Elevation (m)"",""Batch""]",2026-09-02T18:00:00Z,unknown_legacy,curated_candidate,external-offline-backup,
external-drive/elite-endurance-viz_full_0302251538H/data/metadata/master_iaaf_database_with_strava.csv,1c6d3034c9ed6116923623315a6b3d45b4152eeeb2dc96257b3982536c538bf8,619448,5305,178707014c6571dae05d51c9afd9b72f9a0530361fcd2b47cf81100a719e723d,"[""Unnamed: 0"",""Mark"",""Competitor"",""Nat"",""Location"",""Date"",""Results Score"",""Discipline"",""Gender"",""Date_Created"",""Athlete ID"",""Number of Runs"",""Number of Bike Rides"",""Profile Visibility"",""2024 Weeks Scraped""]",2026-09-02T18:00:00Z,world_athletics,curated_candidate,external-offline-backup,
external-drive/elite-endurance-viz_full_0302251538H/data/metadata/merged_min_km.csv,6a528b90a27a4cb9ff858cf8d7fbd010c23f9afb1039176270956c2b20535917,454660,3318,6af544f45af54ca6e9fd43ebdbdc1a5afc7369eb62556dc4f88c3f47dbaf436c,"[""Unnamed: 0"",""Athlete ID"",""Athlete Name"",""Activity ID"",""Activity Name"",""Description"",""Start Date"",""Elapsed Time"",""Type"",""Location"",""Distance (km)"",""Pace (min/km)"",""Time""]",2026-09-02T18:00:00Z,strava,curated_candidate,external-offline-backup,
external-drive/elite-endurance-viz_full_0302251538H/data/metadata/merged_min_mi.csv,4e81a0e980ba847dccd522fc039b89de895c0dfda8404c482f41cf827eded097,17126985,116985,5569cf606df39d23792ad887c9a2faa6691b8a8e9313b7b873b8e64fe0a53434,"[""Unnamed: 0"",""Athlete ID"",""Athlete Name"",""Activity ID"",""Activity Name"",""Description"",""Start Date"",""Elapsed Time"",""Type"",""Location"",""Distance (mi)"",""Pace (min/mi)"",""Time""]",2026-09-02T18:00:00Z,strava,curated_candidate,external-offline-backup,
external-drive/elite-endurance-viz_full_0302251538H/data/metadata/processed_full_meta.csv,15acce416cf5c52b9b0b780caa0eabd7a61a5d93f1a9acccd40c8c6cb8305c12,5206908,60600,774140aa80919e3da7fbe0a3af41a1979dd42a900aa5a6ee7716d21bd8c15032,"[""Unnamed: 0"",""Athlete ID"",""Name"",""Week Number"",""Date Range"",""Distance (km)"",""Time"",""Elevation (m)"",""Batch""]",2026-09-02T18:00:00Z,unknown_legacy,curated_candidate,external-offline-backup,
external-drive/elite-endurance-viz_full_0302251538H/data/metadata/sorted_full_meta.csv,4eaff4f74eb7857130d0180c8febd62c006d9233355271dcc44ea1d7c396f600,5269668,60600,774140aa80919e3da7fbe0a3af41a1979dd42a900aa5a6ee7716d21bd8c15032,"[""Unnamed: 0"",""Athlete ID"",""Name"",""Week Number"",""Date Range"",""Distance (km)"",""Time"",""Elevation (m)"",""Batch""]",2026-09-02T18:00:00Z,unknown_legacy,curated_candidate,external-offline-backup,
external-drive/elite-endurance-viz_full_0302251538H/data/metadata/test_results_20250125_120157.csv,eed9beef943118cfafbe633d584a686b98aaad5631aa64122602856e6c457ec1,5286,38,ccfb4cf08d3f5caed46de36c12352d233df3f7ba9007e77c04f6461e6f7b18a3,"[""Athlete ID"",""Athlete Name"",""Activity ID"",""Activity Name"",""Description"",""Start Date"",""Elapsed Time"",""Type"",""Location"",""Distance (km)"",""Pace (min/km)"",""Time""]",2026-09-02T18:00:00Z,strava,curated_candidate,external-offline-backup,
external-drive/elite-endurance-viz_full_0302251538H/data/raw_data/batch_10_indiv_activities.csv,d1ff58a6db6d0c3ca3d7759f5d343bf39b5db5c7e33409c5e587c40d4411c94a,339488,2245,f7cc77e8cd24d5eaf50c071004c51c8f02441b164cc352e3d824a84693bdb495,"["""",""Athlete ID"",""Athlete Name"",""Activity ID"",""Activity Name"",""Description"",""Start Date"",""Elapsed Time"",""Type"",""Location"",""Distance (mi)"",""Pace (min/mi)"",""Time""]",2026-09-02T18:00:00Z,strava,curated_candidate,external-offline-backup,
external-drive/elite-endurance-viz_full_0302251538H/data/raw_data/batch_10_meta.csv,9e3a6bbf83ac07ed7bced0564611342c03eaeece3b62d7d9bea0da3cf361756d,21694,225,3180c6fcde557aed2a6a16f7be9ae1918cd05e7470565c14a9ef2eba8a437cdc,"["""",""Athlete ID"",""Name"",""Week Number"",""Date Range"",""Distance (km)"",""Time"",""Elevation (m)""]",2026-09-02T18:00:00Z,unknown_legacy,curated_candidate,external-offline-backup,
external-drive/elite-endurance-viz_full_0302251538H/data/raw_data/batch_11_indiv_activities.csv,0a09da2bee61f329506e7c5fb88a64fa6b517a4f0a6ff6726b63334315584b31,209931,1346,f7cc77e8cd24d5eaf50c071004c51c8f02441b164cc352e3d824a84693bdb495,"["""",""Athlete ID"",""Athlete Name"",""Activity ID"",""Activity Name"",""Description"",""Start Date"",""Elapsed Time"",""Type"",""Location"",""Distance (mi)"",""Pace (min/mi)"",""Time""]",2026-09-02T18:00:00Z,strava,curated_candidate,external-offline-backup,
external-drive/elite-endurance-viz_full_0302251538H/data/raw_data/batch_11_meta.csv,eba2f05644b31c140635851fb2527f2023e4d72f0a35a423f34d496d42f35db6,22115,225,3180c6fcde557aed2a6a16f7be9ae1918cd05e7470565c14a9ef2eba8a437cdc,"["""",""Athlete ID"",""Name"",""Week Number"",""Date Range"",""Distance (km)"",""Time"",""Elevation (m)""]",2026-09-02T18:00:00Z,unknown_legacy,curated_candidate,external-offline-backup,
external-drive/elite-endurance-viz_full_0302251538H/data/raw_data/batch_12_indiv_activities.csv,06761d6a09d280984bacbf0dcad30167698865f7652da8b75d902888833c41b6,198443,1257,f7cc77e8cd24d5eaf50c071004c51c8f02441b164cc352e3d824a84693bdb495,"["""",""Athlete ID"",""Athlete Name"",""Activity ID"",""Activity Name"",""Description"",""Start Date"",""Elapsed Time"",""Type"",""Location"",""Distance (mi)"",""Pace (min/mi)"",""Time""]",2026-09-02T18:00:00Z,strava,curated_candidate,external-offline-backup,
external-drive/elite-endurance-viz_full_0302251538H/data/raw_data/batch_12_meta.csv,2a9af314a8169fa3a042df593e729b4d6623a47e239613a3d07469e68bd40d94,20559,225,3180c6fcde557aed2a6a16f7be9ae1918cd05e7470565c14a9ef2eba8a437cdc,"["""",""Athlete ID"",""Name"",""Week Number"",""Date Range"",""Distance (km)"",""Time"",""Elevation (m)""]",2026-09-02T18:00:00Z,unknown_legacy,curated_candidate,external-offline-backup,
external-drive/elite-endurance-viz_full_0302251538H/data/raw_data/batch_13_indiv_activities.csv,b8d07169fab74e278a12b86d84b22b68f43ee6ccb3fda858fbc8f77aebfd82b8,203840,1321,f7cc77e8cd24d5eaf50c071004c51c8f02441b164cc352e3d824a84693bdb495,"["""",""Athlete ID"",""Athlete Name"",""Activity ID"",""Activity Name"",""Description"",""Start Date"",""Elapsed Time"",""Type"",""Location"",""Distance (mi)"",""Pace (min/mi)"",""Time""]",2026-09-02T18:00:00Z,strava,curated_candidate,external-offline-backup,
external-drive/elite-endurance-viz_full_0302251538H/data/raw_data/batch_13_meta.csv,bec5bd23ec125896853e68e289bb5df29793ce23ef87798d5e120ec6de99a90b,22432,225,3180c6fcde557aed2a6a16f7be9ae1918cd05e7470565c14a9ef2eba8a437cdc,"["""",""Athlete ID"",""Name"",""Week Number"",""Date Range"",""Distance (km)"",""Time"",""Elevation (m)""]",2026-09-02T18:00:00Z,unknown_legacy,curated_candidate,external-offline-backup,
external-drive/elite-endurance-viz_full_0302251538H/data/raw_data/batch_14_indiv_activities.csv,1d2d9a8efc2444e10efebb06c3dbca6ec8b18c17000b523d0679a87203ef8841,99540,682,f7cc77e8cd24d5eaf50c071004c51c8f02441b164cc352e3d824a84693bdb495,"["""",""Athlete ID"",""Athlete Name"",""Activity ID"",""Activity Name"",""Description"",""Start Date"",""Elapsed Time"",""Type"",""Location"",""Distance (mi)"",""Pace (min/mi)"",""Time""]",2026-09-02T18:00:00Z,strava,curated_candidate,external-offline-backup,
external-drive/elite-endurance-viz_full_0302251538H/data/raw_data/batch_14_meta.csv,4afa79a8dd190d03873b1cfbc86d3e59f61c96f1cb8ca5e6ebf060dca0f2d084,20980,225,3180c6fcde557aed2a6a16f7be9ae1918cd05e7470565c14a9ef2eba8a437cdc,"["""",""Athlete ID"",""Name"",""Week Number"",""Date Range"",""Distance (km)"",""Time"",""Elevation (m)""]",2026-09-02T18:00:00Z,unknown_legacy,curated_candidate,external-offline-backup,
external-drive/elite-endurance-viz_full_0302251538H/data/raw_data/batch_15_indiv_activities.csv,caf5a3396c42380af62515d66b188ca53aac7fe2a115bc95c3816b1a1aaee07a,237739,1789,f7cc77e8cd24d5eaf50c071004c51c8f02441b164cc352e3d824a84693bdb495,"["""",""Athlete ID"",""Athlete Name"",""Activity ID"",""Activity Name"",""Description"",""Start Date"",""Elapsed Time"",""Type"",""Location"",""Distance (mi)"",""Pace (min/mi)"",""Time""]",2026-09-02T18:00:00Z,strava,curated_candidate,external-offline-backup,
external-drive/elite-endurance-viz_full_0302251538H/data/raw_data/batch_15_meta.csv,256197c20bfdb37de2f35e24237397fbf42372df514c065754123b803d176814,19305,225,3180c6fcde557aed2a6a16f7be9ae1918cd05e7470565c14a9ef2eba8a437cdc,"["""",""Athlete ID"",""Name"",""Week Number"",""Date Range"",""Distance (km)"",""Time"",""Elevation (m)""]",2026-09-02T18:00:00Z,unknown_legacy,curated_candidate,external-offline-backup,
external-drive/elite-endurance-viz_full_0302251538H/data/raw_data/batch_16_indiv_activities.csv,de845a4278c8a76959e557213b69d42354452ce2a2df490c1178c1a1c56fe827,205978,1363,f7cc77e8cd24d5eaf50c071004c51c8f02441b164cc352e3d824a84693bdb495,"["""",""Athlete ID"",""Athlete Name"",""Activity ID"",""Activity Name"",""Description"",""Start Date"",""Elapsed Time"",""Type"",""Location"",""Distance (mi)"",""Pace (min/mi)"",""Time""]",2026-09-02T18:00:00Z,strava,curated_candidate,external-offline-backup,
external-drive/elite-endurance-viz_full_0302251538H/data/raw_data/batch_16_meta.csv,6488fe4b1a6b04c8ecfe02275125ac18b0407738cd2384dd3f9520adfa86c626,20615,225,3180c6fcde557aed2a6a16f7be9ae1918cd05e7470565c14a9ef2eba8a437cdc,"["""",""Athlete ID"",""Name"",""Week Number"",""Date Range"",""Distance (km)"",""Time"",""Elevation (m)""]",2026-09-02T18:00:00Z,unknown_legacy,curated_candidate,external-offline-backup,
external-drive/elite-endurance-viz_full_0302251538H/data/raw_data/batch_17_indiv_activities.csv,21b01ea84b6171cc5b69fbca23dca7fd8dd0f4630249f2424595c77c39fe3658,162156,1182,f7cc77e8cd24d5eaf50c071004c51c8f02441b164cc352e3d824a84693bdb495,"["""",""Athlete ID"",""Athlete Name"",""Activity ID"",""Activity Name"",""Description"",""Start Date"",""Elapsed Time"",""Type"",""Location"",""Distance (mi)"",""Pace (min/mi)"",""Time""]",2026-09-02T18:00:00Z,strava,curated_candidate,external-offline-backup,
external-drive/elite-endurance-viz_full_0302251538H/data/raw_data/batch_17_meta.csv,ef13d9eb4d830e42d35d17b53b47fc922be65b142a7a439ee1e6277addb9e253,22585,225,3180c6fcde557aed2a6a16f7be9ae1918cd05e7470565c14a9ef2eba8a437cdc,"["""",""Athlete ID"",""Name"",""Week Number"",""Date Range"",""Distance (km)"",""Time"",""Elevation (m)""]",2026-09-02T18:00:00Z,unknown_legacy,curated_candidate,external-offline-backup,
external-drive/elite-endurance-viz_full_0302251538H/data/raw_data/batch_18_indiv_activities.csv,a27d2557c2481b49737ecf941ced64ea8b35f6ae381d039e5b4936137f992d39,324972,2412,f7cc77e8cd24d5eaf50c071004c51c8f02441b164cc352e3d824a84693bdb495,"["""",""Athlete ID"",""Athlete Name"",""Activity ID"",""Activity Name"",""Description"",""Start Date"",""Elapsed Time"",""Type"",""Location"",""Distance (mi)"",""Pace (min/mi)"",""Time""]",2026-09-02T18:00:00Z,strava,curated_candidate,external-offline-backup,
external-drive/elite-endurance-viz_full_0302251538H/data/raw_data/batch_18_meta.csv,99eca8c3440cda6e1ab7f001d5781fdbf6c7253ce77b0423427dcb3308f08819,22622,225,3180c6fcde557aed2a6a16f7be9ae1918cd05e7470565c14a9ef2eba8a437cdc,"["""",""Athlete ID"",""Name"",""Week Number"",""Date Range"",""Distance (km)"",""Time"",""Elevation (m)""]",2026-09-02T18:00:00Z,unknown_legacy,curated_candidate,external-offline-backup,
external-drive/elite-endurance-viz_full_0302251538H/data/raw_data/batch_19_indiv_activities.csv,c4d6a3d09ec6bbb7e31bdb17d055f1c1e55cf856804c5937a4f439dfd71a4176,346618,2161,f7cc77e8cd24d5eaf50c071004c51c8f02441b164cc352e3d824a84693bdb495,"["""",""Athlete ID"",""Athlete Name"",""Activity ID"",""Activity Name"",""Description"",""Start Date"",""Elapsed Time"",""Type"",""Location"",""Distance (mi)"",""Pace (min/mi)"",""Time""]",2026-09-02T18:00:00Z,strava,curated_candidate,external-offline-backup,
external-drive/elite-endurance-viz_full_0302251538H/data/raw_data/batch_19_meta.csv,7f8e96b2b4fbfed4de4e28e8ed02b8a80d954c887480804badeb71c3019c6ae1,22645,225,3180c6fcde557aed2a6a16f7be9ae1918cd05e7470565c14a9ef2eba8a437cdc,"["""",""Athlete ID"",""Name"",""Week Number"",""Date Range"",""Distance (km)"",""Time"",""Elevation (m)""]",2026-09-02T18:00:00Z,unknown_legacy,curated_candidate,external-offline-backup,
external-drive/elite-endurance-viz_full_0302251538H/data/raw_data/batch_1_indiv_activities.csv,af5621ffa467109de7705a65f1f896933b1db2a4c2ca569bff5759e83bec50a4,401223,2688,f7cc77e8cd24d5eaf50c071004c51c8f02441b164cc352e3d824a84693bdb495,"["""",""Athlete ID"",""Athlete Name"",""Activity ID"",""Activity Name"",""Description"",""Start Date"",""Elapsed Time"",""Type"",""Location"",""Distance (mi)"",""Pace (min/mi)"",""Time""]",2026-09-02T18:00:00Z,strava,curated_candidate,external-offline-backup,
external-drive/elite-endurance-viz_full_0302251538H/data/raw_data/batch_1_meta.csv,719c1a892234ec4fdbf5a87ebe25acf85aff01f82cd6c606260b02e53475d308,22640,225,3180c6fcde557aed2a6a16f7be9ae1918cd05e7470565c14a9ef2eba8a437cdc,"["""",""Athlete ID"",""Name"",""Week Number"",""Date Range"",""Distance (km)"",""Time"",""Elevation (m)""]",2026-09-02T18:00:00Z,unknown_legacy,curated_candidate,external-offline-backup,
external-drive/elite-endurance-viz_full_0302251538H/data/raw_data/batch_20_indiv_activities.csv,ea7fd7689fa953488e3b491a899b06c210f6459bd076bbc58f529ebf0f038b93,486814,3075,f7cc77e8cd24d5eaf50c071004c51c8f02441b164cc352e3d824a84693bdb495,"["""",""Athlete ID"",""Athlete Name"",""Activity ID"",""Activity Name"",""Description"",""Start Date"",""Elapsed Time"",""Type"",""Location"",""Distance (mi)"",""Pace (min/mi)"",""Time""]",2026-09-02T18:00:00Z,strava,curated_candidate,external-offline-backup,
external-drive/elite-endurance-viz_full_0302251538H/data/raw_data/batch_20_meta_first10.csv,93a1837955a8d957f6c1045a92139f14f8465636cf7f2bd2ff24844862b874af,44909,450,3180c6fcde557aed2a6a16f7be9ae1918cd05e7470565c14a9ef2eba8a437cdc,"["""",""Athlete ID"",""Name"",""Week Number"",""Date Range"",""Distance (km)"",""Time"",""Elevation (m)""]",2026-09-02T18:00:00Z,unknown_legacy,curated_candidate,external-offline-backup,
external-drive/elite-endurance-viz_full_0302251538H/data/raw_data/batch_21_indiv_activities.csv,6413f6db7bf9cf8c24dc3bc0861e908ccea3f500d3dbc9782f95a8e65618f96b,421039,3092,f7cc77e8cd24d5eaf50c071004c51c8f02441b164cc352e3d824a84693bdb495,"["""",""Athlete ID"",""Athlete Name"",""Activity ID"",""Activity Name"",""Description"",""Start Date"",""Elapsed Time"",""Type"",""Location"",""Distance (mi)"",""Pace (min/mi)"",""Time""]",2026-09-02T18:00:00Z,strava,curated_candidate,external-offline-backup,
external-drive/elite-endurance-viz_full_0302251538H/data/raw_data/batch_21_meta_first10.csv,e9c2231824c3918735ee2aa690edefe5d616d515dece249bcba40a5ae18e76f7,45079,450,3180c6fcde557aed2a6a16f7be9ae1918cd05e7470565c14a9ef2eba8a437cdc,"["""",""Athlete ID"",""Name"",""Week Number"",""Date Range"",""Distance (km)"",""Time"",""Elevation (m)""]",2026-09-02T18:00:00Z,unknown_legacy,curated_candidate,external-offline-backup,
external-drive/elite-endurance-viz_full_0302251538H/data/raw_data/batch_22_indiv_activities.csv,0a1691238c9da9475fb3e16520ba294e7ad74974843448938dced6ec5a3d65b3,996051,6714,f7cc77e8cd24d5eaf50c071004c51c8f02441b164cc352e3d824a84693bdb495,"["""",""Athlete ID"",""Athlete Name"",""Activity ID"",""Activity Name"",""Description"",""Start Date"",""Elapsed Time"",""Type"",""Location"",""Distance (mi)"",""Pace (min/mi)"",""Time""]",2026-09-02T18:00:00Z,strava,curated_candidate,external-offline-backup,
external-drive/elite-endurance-viz_full_0302251538H/data/raw_data/batch_22_meta_20.csv,9bdb78bdb8a2d64e6e299475fa42bd62dc449495fc4f9913fff7194328a3bdad,85370,900,3180c6fcde557aed2a6a16f7be9ae1918cd05e7470565c14a9ef2eba8a437cdc,"["""",""Athlete ID"",""Name"",""Week Number"",""Date Range"",""Distance (km)"",""Time"",""Elevation (m)""]",2026-09-02T18:00:00Z,unknown_legacy,curated_candidate,external-offline-backup,
external-drive/elite-endurance-viz_full_0302251538H/data/raw_data/batch_23_indiv_activities.csv,2e37fed436e7337d10b2a25f085417ba702c28bfb9e4b10454e6b5379c287fc6,735457,5335,f7cc77e8cd24d5eaf50c071004c51c8f02441b164cc352e3d824a84693bdb495,"["""",""Athlete ID"",""Athlete Name"",""Activity ID"",""Activity Name"",""Description"",""Start Date"",""Elapsed Time"",""Type"",""Location"",""Distance (mi)"",""Pace (min/mi)"",""Time""]",2026-09-02T18:00:00Z,strava,curated_candidate,external-offline-backup,
external-drive/elite-endurance-viz_full_0302251538H/data/raw_data/batch_23_meta_20.csv,ed63fc78a8995f1b4b89c2c2114cd47aa28130f44757c74d0f5abc7bf61e2e8a,83636,900,3180c6fcde557aed2a6a16f7be9ae1918cd05e7470565c14a9ef2eba8a437cdc,"["""",""Athlete ID"",""Name"",""Week Number"",""Date Range"",""Distance (km)"",""Time"",""Elevation (m)""]",2026-09-02T18:00:00Z,unknown_legacy,curated_candidate,external-offline-backup,
external-drive/elite-endurance-viz_full_0302251538H/data/raw_data/batch_24_indiv_activities.csv,1a43ef0c12916e33896ff36c9525936bdbb1a0c662d5c9ff4d18d52782791e30,1323199,9272,f7cc77e8cd24d5eaf50c071004c51c8f02441b164cc352e3d824a84693bdb495,"["""",""Athlete ID"",""Athlete Name"",""Activity ID"",""Activity Name"",""Description"",""Start Date"",""Elapsed Time"",""Type"",""Location"",""Distance (mi)"",""Pace (min/mi)"",""Time""]",2026-09-02T18:00:00Z,strava,curated_candidate,external-offline-backup,
external-drive/elite-endurance-viz_full_0302251538H/data/raw_data/batch_24_meta_30.csv,19eae4a939b0322386996617d13e392deef60ffc9a8d38fff522f77b324f80ef,126027,1350,3180c6fcde557aed2a6a16f7be9ae1918cd05e7470565c14a9ef2eba8a437cdc,"["""",""Athlete ID"",""Name"",""Week Number"",""Date Range"",""Distance (km)"",""Time"",""Elevation (m)""]",2026-09-02T18:00:00Z,unknown_legacy,curated_candidate,external-offline-backup,
external-drive/elite-endurance-viz_full_0302251538H/data/raw_data/batch_25.csv,6bc0b03c2103954efd2da78c1ccc6e6df38f0e213dd29589ca1000a0ee219107,39694,450,3180c6fcde557aed2a6a16f7be9ae1918cd05e7470565c14a9ef2eba8a437cdc,"["""",""Athlete ID"",""Name"",""Week Number"",""Date Range"",""Distance (km)"",""Time"",""Elevation (m)""]",2026-09-02T18:00:00Z,unknown_legacy,curated_candidate,external-offline-backup,
external-drive/elite-endurance-viz_full_0302251538H/data/raw_data/batch_25_indiv_activities.csv,fd9202413f7768bf778350d236b5ae44b6f18ac64cd3feb3f5ae528999b2f1d2,409520,2799,f7cc77e8cd24d5eaf50c071004c51c8f02441b164cc352e3d824a84693bdb495,"["""",""Athlete ID"",""Athlete Name"",""Activity ID"",""Activity Name"",""Description"",""Start Date"",""Elapsed Time"",""Type"",""Location"",""Distance (mi)"",""Pace (min/mi)"",""Time""]",2026-09-02T18:00:00Z,strava,curated_candidate,external-offline-backup,
external-drive/elite-endurance-viz_full_0302251538H/data/raw_data/batch_26.csv,199a71d170d0e15fba19ba9e5ce964979c11246695bb661e35b6aebf74664628,42416,450,3180c6fcde557aed2a6a16f7be9ae1918cd05e7470565c14a9ef2eba8a437cdc,"["""",""Athlete ID"",""Name"",""Week Number"",""Date Range"",""Distance (km)"",""Time"",""Elevation (m)""]",2026-09-02T18:00:00Z,unknown_legacy,curated_candidate,external-offline-backup,
external-drive/elite-endurance-viz_full_0302251538H/data/raw_data/batch_26_indiv_activities.csv,b19c2096889059f64b8eb8601030bb934df049995eca4457f8fa03dec9039fa3,586857,4323,f7cc77e8cd24d5eaf50c071004c51c8f02441b164cc352e3d824a84693bdb495,"["""",""Athlete ID"",""Athlete Name"",""Activity ID"",""Activity Name"",""Description"",""Start Date"",""Elapsed Time"",""Type"",""Location"",""Distance (mi)"",""Pace (min/mi)"",""Time""]",2026-09-02T18:00:00Z,strava,curated_candidate,external-offline-backup,
external-drive/elite-endurance-viz_full_0302251538H/data/raw_data/batch_27.csv,e5c196e2a1436db10f964a45ecb51234b8aac03b365572f8ea761d6aa11e06ed,40448,450,3180c6fcde557aed2a6a16f7be9ae1918cd05e7470565c14a9ef2eba8a437cdc,"["""",""Athlete ID"",""Name"",""Week Number"",""Date Range"",""Distance (km)"",""Time"",""Elevation (m)""]",2026-09-02T18:00:00Z,unknown_legacy,curated_candidate,external-offline-backup,
external-drive/elite-endurance-viz_full_0302251538H/data/raw_data/batch_27_30r.csv,6b25252a977075beafaf76547f0d43e5d61799e540928fcb8b0cb6de5b28cf39,85743,1350,3180c6fcde557aed2a6a16f7be9ae1918cd05e7470565c14a9ef2eba8a437cdc,"["""",""Athlete ID"",""Name"",""Week Number"",""Date Range"",""Distance (km)"",""Time"",""Elevation (m)""]",2026-09-02T18:00:00Z,unknown_legacy,curated_candidate,external-offline-backup,
external-drive/elite-endurance-viz_full_0302251538H/data/raw_data/batch_27_indiv_activities.csv,e0eafa1662d9b6aa43b0b43bcd4c4fcaaf3558accf1411564001ec963376b72e,376399,2547,f7cc77e8cd24d5eaf50c071004c51c8f02441b164cc352e3d824a84693bdb495,"["""",""Athlete ID"",""Athlete Name"",""Activity ID"",""Activity Name"",""Description"",""Start Date"",""Elapsed Time"",""Type"",""Location"",""Distance (mi)"",""Pace (min/mi)"",""Time""]",2026-09-02T18:00:00Z,strava,curated_candidate,external-offline-backup,
external-drive/elite-endurance-viz_full_0302251538H/data/raw_data/batch_28.csv,3f7347d63890bebb09414a59ab9b0db71b4b392b9edf6da4863fa689665495ee,40590,450,3180c6fcde557aed2a6a16f7be9ae1918cd05e7470565c14a9ef2eba8a437cdc,"["""",""Athlete ID"",""Name"",""Week Number"",""Date Range"",""Distance (km)"",""Time"",""Elevation (m)""]",2026-09-02T18:00:00Z,unknown_legacy,curated_candidate,external-offline-backup,
external-drive/elite-endurance-viz_full_0302251538H/data/raw_data/batch_28_indiv_activities.csv,9beae68ebe7a364b548f4113177efb215bb6c5e8d3546fd2f61d18ebf3472983,240275,1741,f7cc77e8cd24d5eaf50c071004c51c8f02441b164cc352e3d824a84693bdb495,"["""",""Athlete ID"",""Athlete Name"",""Activity ID"",""Activity Name"",""Description"",""Start Date"",""Elapsed Time"",""Type"",""Location"",""Distance (mi)"",""Pace (min/mi)"",""Time""]",2026-09-02T18:00:00Z,strava,curated_candidate,external-offline-backup,
external-drive/elite-endurance-viz_full_0302251538H/data/raw_data/batch_29.csv,5e9212fc70f4b9be07d4e562743786beb8b5b5d261b93fff662e3f7ef355b9ed,43378,450,3180c6fcde557aed2a6a16f7be9ae1918cd05e7470565c14a9ef2eba8a437cdc,"["""",""Athlete ID"",""Name"",""Week Number"",""Date Range"",""Distance (km)"",""Time"",""Elevation (m)""]",2026-09-02T18:00:00Z,unknown_legacy,curated_candidate,external-offline-backup,
external-drive/elite-endurance-viz_full_0302251538H/data/raw_data/batch_29_indiv_activities.csv,3a4a52d8308146b3d10fea56de58194448d6701e99db6de5de112d4627ff7782,346253,2474,f7cc77e8cd24d5eaf50c071004c51c8f02441b164cc352e3d824a84693bdb495,"["""",""Athlete ID"",""Athlete Name"",""Activity ID"",""Activity Name"",""Description"",""Start Date"",""Elapsed Time"",""Type"",""Location"",""Distance (mi)"",""Pace (min/mi)"",""Time""]",2026-09-02T18:00:00Z,strava,curated_candidate,external-offline-backup,
external-drive/elite-endurance-viz_full_0302251538H/data/raw_data/batch_2_indiv_activities.csv,1b00df2c74ea4dd8eebaa0783a105082f8f4186bbaade58c4801a8c4c68fb016,314467,2310,f7cc77e8cd24d5eaf50c071004c51c8f02441b164cc352e3d824a84693bdb495,"["""",""Athlete ID"",""Athlete Name"",""Activity ID"",""Activity Name"",""Description"",""Start Date"",""Elapsed Time"",""Type"",""Location"",""Distance (mi)"",""Pace (min/mi)"",""Time""]",2026-09-02T18:00:00Z,strava,curated_candidate,external-offline-backup,
external-drive/elite-endurance-viz_full_0302251538H/data/raw_data/batch_2_meta.csv,d56a008d996fa46916783e091d2232ef2daca3e33d175e7f03350ed5f0ed3e09,22862,225,3180c6fcde557aed2a6a16f7be9ae1918cd05e7470565c14a9ef2eba8a437cdc,"["""",""Athlete ID"",""Name"",""Week Number"",""Date Range"",""Distance (km)"",""Time"",""Elevation (m)""]",2026-09-02T18:00:00Z,unknown_legacy,curated_candidate,external-offline-backup,
external-drive/elite-endurance-viz_full_0302251538H/data/raw_data/batch_30.csv,ecc041e979b3de11517e62965296757f991b0bc50e423b120e22ccf7b01aa822,125418,1350,3180c6fcde557aed2a6a16f7be9ae1918cd05e7470565c14a9ef2eba8a437cdc,"["""",""Athlete ID"",""Name"",""Week Number"",""Date Range"",""Distance (km)"",""Time"",""Elevation (m)""]",2026-09-02T18:00:00Z,unknown_legacy,curated_candidate,external-offline-backup,
external-drive/elite-endurance-viz_full_0302251538H/data/raw_data/batch_30_indiv_activities_30.csv,320dfc3bbb19e0fd140ac375d1e0e30ad27b3e02b75d73b15f46a75f49317f67,1024683,6380,f7cc77e8cd24d5eaf50c071004c51c8f02441b164cc352e3d824a84693bdb495,"["""",""Athlete ID"",""Athlete Name"",""Activity ID"",""Activity Name"",""Description"",""Start Date"",""Elapsed Time"",""Type"",""Location"",""Distance (mi)"",""Pace (min/mi)"",""Time""]",2026-09-02T18:00:00Z,strava,curated_candidate,external-offline-backup,
external-drive/elite-endurance-viz_full_0302251538H/data/raw_data/batch_31.csv,70309114cfd38c59732beeed0769b8643d9d62a78100b371dfbc98f3a5f9da4a,34898,450,3180c6fcde557aed2a6a16f7be9ae1918cd05e7470565c14a9ef2eba8a437cdc,"["""",""Athlete ID"",""Name"",""Week Number"",""Date Range"",""Distance (km)"",""Time"",""Elevation (m)""]",2026-09-02T18:00:00Z,unknown_legacy,curated_candidate,external-offline-backup,
external-drive/elite-endurance-viz_full_0302251538H/data/raw_data/batch_31_indiv_activities.csv,88e0b84bf517227021f11490a5f7a40f4c0969fc913c55da90dc93d5ace2e021,165054,1270,f7cc77e8cd24d5eaf50c071004c51c8f02441b164cc352e3d824a84693bdb495,"["""",""Athlete ID"",""Athlete Name"",""Activity ID"",""Activity Name"",""Description"",""Start Date"",""Elapsed Time"",""Type"",""Location"",""Distance (mi)"",""Pace (min/mi)"",""Time""]",2026-09-02T18:00:00Z,strava,curated_candidate,external-offline-backup,
external-drive/elite-endurance-viz_full_0302251538H/data/raw_data/batch_32.csv,6ac6b35f33dfc8c58458437c8c044d216cb54967f356ce337252d6be0610eae1,41800,450,3180c6fcde557aed2a6a16f7be9ae1918cd05e7470565c14a9ef2eba8a437cdc,"["""",""Athlete ID"",""Name"",""Week Number"",""Date Range"",""Distance (km)"",""Time"",""Elevation (m)""]",2026-09-02T18:00:00Z,unknown_legacy,curated_candidate,external-offline-backup,
external-drive/elite-endurance-viz_full_0302251538H/data/raw_data/batch_32_indiv_activities.csv,d06997628cdca6d52d7722508632da2edb57e84d8164926d68314e338f9e3599,247335,1707,f7cc77e8cd24d5eaf50c071004c51c8f02441b164cc352e3d824a84693bdb495,"["""",""Athlete ID"",""Athlete Name"",""Activity ID"",""Activity Name"",""Description"",""Start Date"",""Elapsed Time"",""Type"",""Location"",""Distance (mi)"",""Pace (min/mi)"",""Time""]",2026-09-02T18:00:00Z,strava,curated_candidate,external-offline-backup,
external-drive/elite-endurance-viz_full_0302251538H/data/raw_data/batch_33.csv,813350d52a8a0bffa6b1f4d052444d7ed1102e4ae1c1320cc3cab0e4cfcf1f1d,39441,450,3180c6fcde557aed2a6a16f7be9ae1918cd05e7470565c14a9ef2eba8a437cdc,"["""",""Athlete ID"",""Name"",""Week Number"",""Date Range"",""Distance (km)"",""Time"",""Elevation (m)""]",2026-09-02T18:00:00Z,unknown_legacy,curated_candidate,external-offline-backup,
external-drive/elite-endurance-viz_full_0302251538H/data/raw_data/batch_33_indiv_activities.csv,8046b0b6cccb8c857c025aa31fb12c5db1b16881280899ea211fa81c5f0e3db4,325335,2292,f7cc77e8cd24d5eaf50c071004c51c8f02441b164cc352e3d824a84693bdb495,"["""",""Athlete ID"",""Athlete Name"",""Activity ID"",""Activity Name"",""Description"",""Start Date"",""Elapsed Time"",""Type"",""Location"",""Distance (mi)"",""Pace (min/mi)"",""Time""]",2026-09-02T18:00:00Z,strava,curated_candidate,external-offline-backup,
external-drive/elite-endurance-viz_full_0302251538H/data/raw_data/batch_34.csv,5f057351287301c1e50e29b9de43540dc79bede9aafb30ac0bb42ed6ada627a4,38916,450,3180c6fcde557aed2a6a16f7be9ae1918cd05e7470565c14a9ef2eba8a437cdc,"["""",""Athlete ID"",""Name"",""Week Number"",""Date Range"",""Distance (km)"",""Time"",""Elevation (m)""]",2026-09-02T18:00:00Z,unknown_legacy,curated_candidate,external-offline-backup,
external-drive/elite-endurance-viz_full_0302251538H/data/raw_data/batch_34_indiv_activities.csv,df189a5eec5ac383909514d1878d8e15092b59f361ec5f82ca03f7c45885db80,293906,1719,f7cc77e8cd24d5eaf50c071004c51c8f02441b164cc352e3d824a84693bdb495,"["""",""Athlete ID"",""Athlete Name"",""Activity ID"",""Activity Name"",""Description"",""Start Date"",""Elapsed Time"",""Type"",""Location"",""Distance (mi)"",""Pace (min/mi)"",""Time""]",2026-09-02T18:00:00Z,strava,curated_candidate,external-offline-backup,
external-drive/elite-endurance-viz_full_0302251538H/data/raw_data/batch_35.csv,08643a7088ee469ec9b470cde6cf906b4215cb4dad55c489adf70a03d56e90bb,35406,450,3180c6fcde557aed2a6a16f7be9ae1918cd05e7470565c14a9ef2eba8a437cdc,"["""",""Athlete ID"",""Name"",""Week Number"",""Date Range"",""Distance (km)"",""Time"",""Elevation (m)""]",2026-09-02T18:00:00Z,unknown_legacy,curated_candidate,external-offline-backup,
external-drive/elite-endurance-viz_full_0302251538H/data/raw_data/batch_35_indiv_activities.csv,f44d24f6158cf0bc922c0f2f556dc7fe529de8c7163763538b9989f5018c1281,140736,903,f7cc77e8cd24d5eaf50c071004c51c8f02441b164cc352e3d824a84693bdb495,"["""",""Athlete ID"",""Athlete Name"",""Activity ID"",""Activity Name"",""Description"",""Start Date"",""Elapsed Time"",""Type"",""Location"",""Distance (mi)"",""Pace (min/mi)"",""Time""]",2026-09-02T18:00:00Z,strava,curated_candidate,external-offline-backup,
external-drive/elite-endurance-viz_full_0302251538H/data/raw_data/batch_36_5rows.csv,f8fb76a94f3fd901ffb70b2abb63d2acba98c4babb2c72328ca5d974179e62b1,22499,225,3180c6fcde557aed2a6a16f7be9ae1918cd05e7470565c14a9ef2eba8a437cdc,"["""",""Athlete ID"",""Name"",""Week Number"",""Date Range"",""Distance (km)"",""Time"",""Elevation (m)""]",2026-09-02T18:00:00Z,unknown_legacy,curated_candidate,external-offline-backup,
external-drive/elite-endurance-viz_full_0302251538H/data/raw_data/batch_36_indiv_activities.csv,a3c560938f335fb63c462f3499e7cc3ba88d376c3e46e24fada0e5585a55af51,245378,1822,f7cc77e8cd24d5eaf50c071004c51c8f02441b164cc352e3d824a84693bdb495,"["""",""Athlete ID"",""Athlete Name"",""Activity ID"",""Activity Name"",""Description"",""Start Date"",""Elapsed Time"",""Type"",""Location"",""Distance (mi)"",""Pace (min/mi)"",""Time""]",2026-09-02T18:00:00Z,strava,curated_candidate,external-offline-backup,
external-drive/elite-endurance-viz_full_0302251538H/data/raw_data/batch_37_20rows.csv,558d7c333baa1e2237b8b8e5f0236cc4becac4df36eb5744a02b9f407bfaf626,78019,900,3180c6fcde557aed2a6a16f7be9ae1918cd05e7470565c14a9ef2eba8a437cdc,"["""",""Athlete ID"",""Name"",""Week Number"",""Date Range"",""Distance (km)"",""Time"",""Elevation (m)""]",2026-09-02T18:00:00Z,unknown_legacy,curated_candidate,external-offline-backup,
external-drive/elite-endurance-viz_full_0302251538H/data/raw_data/batch_37_indiv_activities.csv,83c39dba012d232b998b644421ce9197c07e0ee5395368d5c7683db2194e4e8c,400244,3076,f7cc77e8cd24d5eaf50c071004c51c8f02441b164cc352e3d824a84693bdb495,"["""",""Athlete ID"",""Athlete Name"",""Activity ID"",""Activity Name"",""Description"",""Start Date"",""Elapsed Time"",""Type"",""Location"",""Distance (mi)"",""Pace (min/mi)"",""Time""]",2026-09-02T18:00:00Z,strava,curated_candidate,external-offline-backup,
external-drive/elite-endurance-viz_full_0302251538H/data/raw_data/batch_38_20rows.csv,2a025f080a9a28b4f27bdf3ea45d9bbacd031bf1ed1aeb7838a5165d4a105db4,77692,900,3180c6fcde557aed2a6a16f7be9ae1918cd05e7470565c14a9ef2eba8a437cdc,"["""",""Athlete ID"",""Name"",""Week Number"",""Date Range"",""Distance (km)"",""Time"",""Elevation (m)""]",2026-09-02T18:00:00Z,unknown_legacy,curated_candidate,external-offline-backup,
external-drive/elite-endurance-viz_full_0302251538H/data/raw_data/batch_38_indiv_activities.csv,d426e41f38f335b5504b3fffc5dd33b96fc4f958b92cedb37a343769034c049d,484246,2926,f7cc77e8cd24d5eaf50c071004c51c8f02441b164cc352e3d824a84693bdb495,"["""",""Athlete ID"",""Athlete Name"",""Activity ID"",""Activity Name"",""Description"",""Start Date"",""Elapsed Time"",""Type"",""Location"",""Distance (mi)"",""Pace (min/mi)"",""Time""]",2026-09-02T18:00:00Z,strava,curated_candidate,external-offline-backup,
external-drive/elite-endurance-viz_full_0302251538H/data/raw_data/batch_39_10rows.csv,3920996a79a849cb07fd1ff4f4c14ba6946760eb0f6c9d12fa58b88c64c193d2,36972,450,3180c6fcde557aed2a6a16f7be9ae1918cd05e7470565c14a9ef2eba8a437cdc,"["""",""Athlete ID"",""Name"",""Week Number"",""Date Range"",""Distance (km)"",""Time"",""Elevation (m)""]",2026-09-02T18:00:00Z,unknown_legacy,curated_candidate,external-offline-backup,
external-drive/elite-endurance-viz_full_0302251538H/data/raw_data/batch_39_indiv_activities.csv,615d381c63d6b4e6f4d807be1a2e7a1f1bee94703a141934c1c917a926578045,157433,1253,f7cc77e8cd24d5eaf50c071004c51c8f02441b164cc352e3d824a84693bdb495,"["""",""Athlete ID"",""Athlete Name"",""Activity ID"",""Activity Name"",""Description"",""Start Date"",""Elapsed Time"",""Type"",""Location"",""Distance (mi)"",""Pace (min/mi)"",""Time""]",2026-09-02T18:00:00Z,strava,curated_candidate,external-offline-backup,
external-drive/elite-endurance-viz_full_0302251538H/data/raw_data/batch_3_meta.csv,cb1e10fbe37f456b8925b09a929fd5f9c4caf39c3e218d07a0860978e1d32d94,21417,225,3180c6fcde557aed2a6a16f7be9ae1918cd05e7470565c14a9ef2eba8a437cdc,"["""",""Athlete ID"",""Name"",""Week Number"",""Date Range"",""Distance (km)"",""Time"",""Elevation (m)""]",2026-09-02T18:00:00Z,unknown_legacy,curated_candidate,external-offline-backup,
external-drive/elite-endurance-viz_full_0302251538H/data/raw_data/batch_40_30rows.csv,2d5846a82d3e5ba4b0d49b3a5fc77eb37b5aaba57c18bcab6820cd42467fbf3e,113097,1350,3180c6fcde557aed2a6a16f7be9ae1918cd05e7470565c14a9ef2eba8a437cdc,"["""",""Athlete ID"",""Name"",""Week Number"",""Date Range"",""Distance (km)"",""Time"",""Elevation (m)""]",2026-09-02T18:00:00Z,unknown_legacy,curated_candidate,external-offline-backup,
external-drive/elite-endurance-viz_full_0302251538H/data/raw_data/batch_40_indiv_activities.csv,da9efb7aa7e072f7a627512bc02b6b27bc757e0f8ce6b7a9f40bfc7fa10775f3,540388,3903,f7cc77e8cd24d5eaf50c071004c51c8f02441b164cc352e3d824a84693bdb495,"["""",""Athlete ID"",""Athlete Name"",""Activity ID"",""Activity Name"",""Description"",""Start Date"",""Elapsed Time"",""Type"",""Location"",""Distance (mi)"",""Pace (min/mi)"",""Time""]",2026-09-02T18:00:00Z,strava,curated_candidate,external-offline-backup,
external-drive/elite-endurance-viz_full_0302251538H/data/raw_data/batch_41_10rows.csv,495d2028865832c2364300c202a26ab6875147dbd2b477ac3e4206eb83b4cd7d,42051,450,3180c6fcde557aed2a6a16f7be9ae1918cd05e7470565c14a9ef2eba8a437cdc,"["""",""Athlete ID"",""Name"",""Week Number"",""Date Range"",""Distance (km)"",""Time"",""Elevation (m)""]",2026-09-02T18:00:00Z,unknown_legacy,curated_candidate,external-offline-backup,
external-drive/elite-endurance-viz_full_0302251538H/data/raw_data/batch_41_indiv_activities.csv,d6fa4d97090a52847e11420b52c4b1d42f0bb1273f05b1abf971722ee70a427e,416928,2628,f7cc77e8cd24d5eaf50c071004c51c8f02441b164cc352e3d824a84693bdb495,"["""",""Athlete ID"",""Athlete Name"",""Activity ID"",""Activity Name"",""Description"",""Start Date"",""Elapsed Time"",""Type"",""Location"",""Distance (mi)"",""Pace (min/mi)"",""Time""]",2026-09-02T18:00:00Z,strava,curated_candidate,external-offline-backup,
external-drive/elite-endurance-viz_full_0302251538H/data/raw_data/batch_42_10rows.csv,e237febf4186e933be4bc1ccc82b8716c60769cd9b1e3e931993322d5f14017f,36509,450,3180c6fcde557aed2a6a16f7be9ae1918cd05e7470565c14a9ef2eba8a437cdc,"["""",""Athlete ID"",""Name"",""Week Number"",""Date Range"",""Distance (km)"",""Time"",""Elevation (m)""]",2026-09-02T18:00:00Z,unknown_legacy,curated_candidate,external-offline-backup,
external-drive/elite-endurance-viz_full_0302251538H/data/raw_data/batch_42_indiv_activities.csv,3fa42509a9538d3f9fd73e99bd874841b9f4f05fa2905f15d361340b3f560d29,208976,1271,f7cc77e8cd24d5eaf50c071004c51c8f02441b164cc352e3d824a84693bdb495,"["""",""Athlete ID"",""Athlete Name"",""Activity ID"",""Activity Name"",""Description"",""Start Date"",""Elapsed Time"",""Type"",""Location"",""Distance (mi)"",""Pace (min/mi)"",""Time""]",2026-09-02T18:00:00Z,strava,curated_candidate,external-offline-backup,
external-drive/elite-endurance-viz_full_0302251538H/data/raw_data/batch_43_40rows.csv,99116e23c75b21507cbcbcc2757dcc91f8cc00a805c46d08ad25e47d7b7202e1,153951,1800,3180c6fcde557aed2a6a16f7be9ae1918cd05e7470565c14a9ef2eba8a437cdc,"["""",""Athlete ID"",""Name"",""Week Number"",""Date Range"",""Distance (km)"",""Time"",""Elevation (m)""]",2026-09-02T18:00:00Z,unknown_legacy,curated_candidate,external-offline-backup,
external-drive/elite-endurance-viz_full_0302251538H/data/raw_data/batch_43_indiv_activities.csv,2dfee7297fde9d5ad548d41fbdb14c5aab214c720c230aaa62f018cdccca58f7,71126,525,f7cc77e8cd24d5eaf50c071004c51c8f02441b164cc352e3d824a84693bdb495,"["""",""Athlete ID"",""Athlete Name"",""Activity ID"",""Activity Name"",""Description"",""Start Date"",""Elapsed Time"",""Type"",""Location"",""Distance (mi)"",""Pace (min/mi)"",""Time""]",2026-09-02T18:00:00Z,strava,curated_candidate,external-offline-backup,
external-drive/elite-endurance-viz_full_0302251538H/data/raw_data/batch_44_10rows.csv,4bccb53296509ba637500192eaf3ed322dafc1ecaeada7f464a364e5bb2f37f4,36502,450,3180c6fcde557aed2a6a16f7be9ae1918cd05e7470565c14a9ef2eba8a437cdc,"["""",""Athlete ID"",""Name"",""Week Number"",""Date Range"",""Distance (km)"",""Time"",""Elevation (m)""]",2026-09-02T18:00:00Z,unknown_legacy,curated_candidate,external-offline-backup,
external-drive/elite-endurance-viz_full_0302251538H/data/raw_data/batch_44_indiv_activities.csv,843a266e37af695a8b6c334306fd86112eaef17f6a5e867b5c21df5bb228a6dc,196555,1484,f7cc77e8cd24d5eaf50c071004c51c8f02441b164cc352e3d824a84693bdb495,"["""",""Athlete ID"",""Athlete Name"",""Activity ID"",""Activity Name"",""Description"",""Start Date"",""Elapsed Time"",""Type"",""Location"",""Distance (mi)"",""Pace (min/mi)"",""Time""]",2026-09-02T18:00:00Z,strava,curated_candidate,external-offline-backup,
external-drive/elite-endurance-viz_full_0302251538H/data/raw_data/batch_45_40rows.csv,103f8edc9d92af708cd7782ca1306a080699aaa501a59e1852a1437f712bd159,149531,1800,3180c6fcde557aed2a6a16f7be9ae1918cd05e7470565c14a9ef2eba8a437cdc,"["""",""Athlete ID"",""Name"",""Week Number"",""Date Range"",""Distance (km)"",""Time"",""Elevation (m)""]",2026-09-02T18:00:00Z,unknown_legacy,curated_candidate,external-offline-backup,
external-drive/elite-endurance-viz_full_0302251538H/data/raw_data/batch_45_indiv_activities.csv,ff77b00cc6f4d612c11ac27f907b2036b21aed024d83a2368cb10788e11b967e,573959,3963,f7cc77e8cd24d5eaf50c071004c51c8f02441b164cc352e3d824a84693bdb495,"["""",""Athlete ID"",""Athlete Name"",""Activity ID"",""Activity Name"",""Description"",""Start Date"",""Elapsed Time"",""Type"",""Location"",""Distance (mi)"",""Pace (min/mi)"",""Time""]",2026-09-02T18:00:00Z,strava,curated_candidate,external-offline-backup,
external-drive/elite-endurance-viz_full_0302251538H/data/raw_data/batch_46_5rows.csv,ed90fa5e9e8026878019343d733f8ec08299a2e4278bd542b0986b1c00b6f2b4,17908,225,3180c6fcde557aed2a6a16f7be9ae1918cd05e7470565c14a9ef2eba8a437cdc,"["""",""Athlete ID"",""Name"",""Week Number"",""Date Range"",""Distance (km)"",""Time"",""Elevation (m)""]",2026-09-02T18:00:00Z,unknown_legacy,curated_candidate,external-offline-backup,
external-drive/elite-endurance-viz_full_0302251538H/data/raw_data/batch_46_indiv_activities.csv,56c5d99b47250c474aa01c5b24932dab3d371c14bf4dae2cbfc3384e0dec0d59,29525,219,f7cc77e8cd24d5eaf50c071004c51c8f02441b164cc352e3d824a84693bdb495,"["""",""Athlete ID"",""Athlete Name"",""Activity ID"",""Activity Name"",""Description"",""Start Date"",""Elapsed Time"",""Type"",""Location"",""Distance (mi)"",""Pace (min/mi)"",""Time""]",2026-09-02T18:00:00Z,strava,curated_candidate,external-offline-backup,
external-drive/elite-endurance-viz_full_0302251538H/data/raw_data/batch_47_20rows.csv,028ac8bd5ca96d438593546ed9276885e408144db6781ebec0599059f063fc1c,68985,900,3180c6fcde557aed2a6a16f7be9ae1918cd05e7470565c14a9ef2eba8a437cdc,"["""",""Athlete ID"",""Name"",""Week Number"",""Date Range"",""Distance (km)"",""Time"",""Elevation (m)""]",2026-09-02T18:00:00Z,unknown_legacy,curated_candidate,external-offline-backup,
external-drive/elite-endurance-viz_full_0302251538H/data/raw_data/batch_47_indiv_activities.csv,1ed769723aa0bce1cec868e181f21d8a4850519f89828daf048c0438a022080d,309097,1961,f7cc77e8cd24d5eaf50c071004c51c8f02441b164cc352e3d824a84693bdb495,"["""",""Athlete ID"",""Athlete Name"",""Activity ID"",""Activity Name"",""Description"",""Start Date"",""Elapsed Time"",""Type"",""Location"",""Distance (mi)"",""Pace (min/mi)"",""Time""]",2026-09-02T18:00:00Z,strava,curated_candidate,external-offline-backup,
external-drive/elite-endurance-viz_full_0302251538H/data/raw_data/batch_48_20rows.csv,4351f110a624dfefeec164b48abaf6ce56e5122308c78d58815b44b69e2fee68,69393,900,3180c6fcde557aed2a6a16f7be9ae1918cd05e7470565c14a9ef2eba8a437cdc,"["""",""Athlete ID"",""Name"",""Week Number"",""Date Range"",""Distance (km)"",""Time"",""Elevation (m)""]",2026-09-02T18:00:00Z,unknown_legacy,curated_candidate,external-offline-backup,
external-drive/elite-endurance-viz_full_0302251538H/data/raw_data/batch_48_indiv_activities.csv,b598ad4a71636c247bf60a8a7aecfeb19ec808d730c6683a6744e58f2e11a11e,161434,1260,f7cc77e8cd24d5eaf50c071004c51c8f02441b164cc352e3d824a84693bdb495,"["""",""Athlete ID"",""Athlete Name"",""Activity ID"",""Activity Name"",""Description"",""Start Date"",""Elapsed Time"",""Type"",""Location"",""Distance (mi)"",""Pace (min/mi)"",""Time""]",2026-09-02T18:00:00Z,strava,curated_candidate,external-offline-backup,
external-drive/elite-endurance-viz_full_0302251538H/data/raw_data/batch_49_20rows.csv,b0b33d67f5311afab85d56abfded5a0786f3d961d6eee9e457cab172f6fdd853,64089,900,3180c6fcde557aed2a6a16f7be9ae1918cd05e7470565c14a9ef2eba8a437cdc,"["""",""Athlete ID"",""Name"",""Week Number"",""Date Range"",""Distance (km)"",""Time"",""Elevation (m)""]",2026-09-02T18:00:00Z,unknown_legacy,curated_candidate,external-offline-backup,
external-drive/elite-endurance-viz_full_0302251538H/data/raw_data/batch_49_indiv_activities.csv,7129a660bd8fff5bec9d825be992e47e1136de4c40f554c5bf8e92a8a25b5aa9,155060,1174,5d9e3d7b2ebc9b1f9737fedf7df7865d1477ba8bf52c5b18b32f398cb0f11aff,"["""",""Athlete ID"",""Athlete Name"",""Activity ID"",""Activity Name"",""Description"",""Start Date"",""Elapsed Time"",""Type"",""Location"",""Distance (km)"",""Pace (min/km)"",""Time""]",2026-09-02T18:00:00Z,strava,curated_candidate,external-offline-backup,
external-drive/elite-endurance-viz_full_0302251538H/data/raw_data/batch_4_indiv_activities.csv,35382447c9c6ae160b1559bb8a70c868a53f00b8277c576b87e2507223ab6a77,388652,2085,f7cc77e8cd24d5eaf50c071004c51c8f02441b164cc352e3d824a84693bdb495,"["""",""Athlete ID"",""Athlete Name"",""Activity ID"",""Activity Name"",""Description"",""Start Date"",""Elapsed Time"",""Type"",""Location"",""Distance (mi)"",""Pace (min/mi)"",""Time""]",2026-09-02T18:00:00Z,strava,curated_candidate,external-offline-backup,
external-drive/elite-endurance-viz_full_0302251538H/data/raw_data/batch_4_meta.csv,e2bce67c71c4c1a88dce1ca2bec3e32f7811450a2ba2f4b366c5889a852fc3ab,23213,225,3180c6fcde557aed2a6a16f7be9ae1918cd05e7470565c14a9ef2eba8a437cdc,"["""",""Athlete ID"",""Name"",""Week Number"",""Date Range"",""Distance (km)"",""Time"",""Elevation (m)""]",2026-09-02T18:00:00Z,unknown_legacy,curated_candidate,external-offline-backup,
external-drive/elite-endurance-viz_full_0302251538H/data/raw_data/batch_50_20rows.csv,9f77fcbd12b36e8ec14c64c02249d11871d453bf878e4a3ece5d24b37ed4db82,65010,900,3180c6fcde557aed2a6a16f7be9ae1918cd05e7470565c14a9ef2eba8a437cdc,"["""",""Athlete ID"",""Name"",""Week Number"",""Date Range"",""Distance (km)"",""Time"",""Elevation (m)""]",2026-09-02T18:00:00Z,unknown_legacy,curated_candidate,external-offline-backup,
external-drive/elite-endurance-viz_full_0302251538H/data/raw_data/batch_50_indiv_activities.csv,36b6b203cb502a1622a5e1daea96f47e92ee5c802f3bba32bb466e70877dc8d5,201883,1421,5d9e3d7b2ebc9b1f9737fedf7df7865d1477ba8bf52c5b18b32f398cb0f11aff,"["""",""Athlete ID"",""Athlete Name"",""Activity ID"",""Activity Name"",""Description"",""Start Date"",""Elapsed Time"",""Type"",""Location"",""Distance (km)"",""Pace (min/km)"",""Time""]",2026-09-02T18:00:00Z,strava,curated_candidate,external-offline-backup,
external-drive/elite-endurance-viz_full_0302251538H/data/raw_data/batch_51_40rows.csv,c664200cf0d73cbfaa1c6a19e1bc0b51da71fb3a7820a1e018fe3562ad3e98fc,140088,1800,3180c6fcde557aed2a6a16f7be9ae1918cd05e7470565c14a9ef2eba8a437cdc,"["""",""Athlete ID"",""Name"",""Week Number"",""Date Range"",""Distance (km)"",""Time"",""Elevation (m)""]",2026-09-02T18:00:00Z,unknown_legacy,curated_candidate,external-offline-backup,
external-drive/elite-endurance-viz_full_0302251538H/data/raw_data/batch_51_indiv_activities.csv,2ee5f1ebafb481b7aed90766521322fc7a62a4d44ac3eac1789aea95461d2b6a,313141,2123,f7cc77e8cd24d5eaf50c071004c51c8f02441b164cc352e3d824a84693bdb495,"["""",""Athlete ID"",""Athlete Name"",""Activity ID"",""Activity Name"",""Description"",""Start Date"",""Elapsed Time"",""Type"",""Location"",""Distance (mi)"",""Pace (min/mi)"",""Time""]",2026-09-02T18:00:00Z,strava,curated_candidate,external-offline-backup,
external-drive/elite-endurance-viz_full_0302251538H/data/raw_data/batch_52_10rows.csv,1aeefbf7d0c7f4864bde73c9b071b2b0aee88d60f7e5132adb81b275ecdd7c9c,32725,450,3180c6fcde557aed2a6a16f7be9ae1918cd05e7470565c14a9ef2eba8a437cdc,"["""",""Athlete ID"",""Name"",""Week Number"",""Date Range"",""Distance (km)"",""Time"",""Elevation (m)""]",2026-09-02T18:00:00Z,unknown_legacy,curated_candidate,external-offline-backup,
external-drive/elite-endurance-viz_full_0302251538H/data/raw_data/batch_52_40rows.csv,32c2bb82e0474ee29dd540aac628f395926ff2b5a03bb3d96f412f7be7f26d55,57324,900,3180c6fcde557aed2a6a16f7be9ae1918cd05e7470565c14a9ef2eba8a437cdc,"["""",""Athlete ID"",""Name"",""Week Number"",""Date Range"",""Distance (km)"",""Time"",""Elevation (m)""]",2026-09-02T18:00:00Z,unknown_legacy,curated_candidate,external-offline-backup,
external-drive/elite-endurance-viz_full_0302251538H/data/raw_data/batch_52_indiv_activities.csv,b4e4db2e65842880562bf235f62f7e597d9e88e86feb13d122ec1bd377a3f83e,9054,70,f7cc77e8cd24d5eaf50c071004c51c8f02441b164cc352e3d824a84693bdb495,"["""",""Athlete ID"",""Athlete Name"",""Activity ID"",""Activity Name"",""Description"",""Start Date"",""Elapsed Time"",""Type"",""Location"",""Distance (mi)"",""Pace (min/mi)"",""Time""]",2026-09-02T18:00:00Z,strava,curated_candidate,external-offline-backup,
external-drive/elite-endurance-viz_full_0302251538H/data/raw_data/batch_53_indiv_activities.csv,0d097b93c8e8691959411a9caabd55e00b7225b323644e38d277fc4685a4935b,18006,143,f7cc77e8cd24d5eaf50c071004c51c8f02441b164cc352e3d824a84693bdb495,"["""",""Athlete ID"",""Athlete Name"",""Activity ID"",""Activity Name"",""Description"",""Start Date"",""Elapsed Time"",""Type"",""Location"",""Distance (mi)"",""Pace (min/mi)"",""Time""]",2026-09-02T18:00:00Z,strava,curated_candidate,external-offline-backup,
external-drive/elite-endurance-viz_full_0302251538H/data/raw_data/batch_53_mario.csv,7c706ac217d112cd41bf16da443f8ec5ebd1a03ca06ef1aa21992f516d00d6e6,3929,50,3180c6fcde557aed2a6a16f7be9ae1918cd05e7470565c14a9ef2eba8a437cdc,"["""",""Athlete ID"",""Name"",""Week Number"",""Date Range"",""Distance (km)"",""Time"",""Elevation (m)""]",2026-09-02T18:00:00Z,unknown_legacy,curated_candidate,external-offline-backup,
external-drive/elite-endurance-viz_full_0302251538H/data/raw_data/batch_54_indiv_activities.csv,85ea974bab67b5d04edbd666b033302ea9c0a01b53bfa93cf08935efffade54f,97975,723,5d9e3d7b2ebc9b1f9737fedf7df7865d1477ba8bf52c5b18b32f398cb0f11aff,"["""",""Athlete ID"",""Athlete Name"",""Activity ID"",""Activity Name"",""Description"",""Start Date"",""Elapsed Time"",""Type"",""Location"",""Distance (km)"",""Pace (min/km)"",""Time""]",2026-09-02T18:00:00Z,strava,curated_candidate,external-offline-backup,
external-drive/elite-endurance-viz_full_0302251538H/data/raw_data/batch_54_meta_40.csv,9d1108313e695d074f5fa55d853136c85a892700a6ba8320a6096b9674fe7417,135538,1950,3180c6fcde557aed2a6a16f7be9ae1918cd05e7470565c14a9ef2eba8a437cdc,"["""",""Athlete ID"",""Name"",""Week Number"",""Date Range"",""Distance (km)"",""Time"",""Elevation (m)""]",2026-09-02T18:00:00Z,unknown_legacy,curated_candidate,external-offline-backup,
external-drive/elite-endurance-viz_full_0302251538H/data/raw_data/batch_5_indiv_activities.csv,130a8bd9881e834cac05cf73fd468cc8e36b0446ab50c7355b601c2d40cb52f5,268433,1873,f7cc77e8cd24d5eaf50c071004c51c8f02441b164cc352e3d824a84693bdb495,"["""",""Athlete ID"",""Athlete Name"",""Activity ID"",""Activity Name"",""Description"",""Start Date"",""Elapsed Time"",""Type"",""Location"",""Distance (mi)"",""Pace (min/mi)"",""Time""]",2026-09-02T18:00:00Z,strava,curated_candidate,external-offline-backup,
external-drive/elite-endurance-viz_full_0302251538H/data/raw_data/batch_5_meta.csv,5d78249bd72e8215753c1cc9f58e3540a61f0b82f5bf576f3c19ec0533a3c387,21672,225,3180c6fcde557aed2a6a16f7be9ae1918cd05e7470565c14a9ef2eba8a437cdc,"["""",""Athlete ID"",""Name"",""Week Number"",""Date Range"",""Distance (km)"",""Time"",""Elevation (m)""]",2026-09-02T18:00:00Z,unknown_legacy,curated_candidate,external-offline-backup,
external-drive/elite-endurance-viz_full_0302251538H/data/raw_data/batch_6_indiv_activities.csv,30b1cd0a8233505f9c368a99d85f2e93f1a61e3e4ef78e3759c3241e2548de6a,429147,2759,f7cc77e8cd24d5eaf50c071004c51c8f02441b164cc352e3d824a84693bdb495,"["""",""Athlete ID"",""Athlete Name"",""Activity ID"",""Activity Name"",""Description"",""Start Date"",""Elapsed Time"",""Type"",""Location"",""Distance (mi)"",""Pace (min/mi)"",""Time""]",2026-09-02T18:00:00Z,strava,curated_candidate,external-offline-backup,
external-drive/elite-endurance-viz_full_0302251538H/data/raw_data/batch_6_meta.csv,0a65155f7b56c17b8bcb72f4e9254b1d3e0631276d804eabd1ed76594daeb606,22707,225,3180c6fcde557aed2a6a16f7be9ae1918cd05e7470565c14a9ef2eba8a437cdc,"["""",""Athlete ID"",""Name"",""Week Number"",""Date Range"",""Distance (km)"",""Time"",""Elevation (m)""]",2026-09-02T18:00:00Z,unknown_legacy,curated_candidate,external-offline-backup,
external-drive/elite-endurance-viz_full_0302251538H/data/raw_data/batch_7_indiv_activities.csv,22a5cdb5b4ef8b4a53839b8bf860c51e93318261568b0870d3e9a04797326a4b,292889,1928,f7cc77e8cd24d5eaf50c071004c51c8f02441b164cc352e3d824a84693bdb495,"["""",""Athlete ID"",""Athlete Name"",""Activity ID"",""Activity Name"",""Description"",""Start Date"",""Elapsed Time"",""Type"",""Location"",""Distance (mi)"",""Pace (min/mi)"",""Time""]",2026-09-02T18:00:00Z,strava,curated_candidate,external-offline-backup,
external-drive/elite-endurance-viz_full_0302251538H/data/raw_data/batch_7_meta.csv,cc9fd993cb63868c0ad01cf09c74b0ce906719323a536e6b2874f0b289d875df,22812,225,3180c6fcde557aed2a6a16f7be9ae1918cd05e7470565c14a9ef2eba8a437cdc,"["""",""Athlete ID"",""Name"",""Week Number"",""Date Range"",""Distance (km)"",""Time"",""Elevation (m)""]",2026-09-02T18:00:00Z,unknown_legacy,curated_candidate,external-offline-backup,
external-drive/elite-endurance-viz_full_0302251538H/data/raw_data/batch_8_indiv_activities.csv,54a6f55524ab5b57f2aa355dab728a418ec7c0bea3b513783a500703f9bc675e,223623,1612,f7cc77e8cd24d5eaf50c071004c51c8f02441b164cc352e3d824a84693bdb495,"["""",""Athlete ID"",""Athlete Name"",""Activity ID"",""Activity Name"",""Description"",""Start Date"",""Elapsed Time"",""Type"",""Location"",""Distance (mi)"",""Pace (min/mi)"",""Time""]",2026-09-02T18:00:00Z,strava,curated_candidate,external-offline-backup,
external-drive/elite-endurance-viz_full_0302251538H/data/raw_data/batch_8_meta.csv,bd4bd4fb1fdb2f8e959697e5f3793793780554d45863b96459673df5e0562e31,21765,225,3180c6fcde557aed2a6a16f7be9ae1918cd05e7470565c14a9ef2eba8a437cdc,"["""",""Athlete ID"",""Name"",""Week Number"",""Date Range"",""Distance (km)"",""Time"",""Elevation (m)""]",2026-09-02T18:00:00Z,unknown_legacy,curated_candidate,external-offline-backup,
external-drive/elite-endurance-viz_full_0302251538H/data/raw_data/batch_9_indiv_activities.csv,8b74aa87dba0a46070f95e4daf728d367494c67bc60621d2a8cbfa9cc33e2bd4,231999,1702,f7cc77e8cd24d5eaf50c071004c51c8f02441b164cc352e3d824a84693bdb495,"["""",""Athlete ID"",""Athlete Name"",""Activity ID"",""Activity Name"",""Description"",""Start Date"",""Elapsed Time"",""Type"",""Location"",""Distance (mi)"",""Pace (min/mi)"",""Time""]",2026-09-02T18:00:00Z,strava,curated_candidate,external-offline-backup,
external-drive/elite-endurance-viz_full_0302251538H/data/raw_data/batch_9_meta.csv,f6c4933699213d460f355882b0745259225d4d1d7d930a24bb25048f59c6058d,20221,225,3180c6fcde557aed2a6a16f7be9ae1918cd05e7470565c14a9ef2eba8a437cdc,"["""",""Athlete ID"",""Name"",""Week Number"",""Date Range"",""Distance (km)"",""Time"",""Elevation (m)""]",2026-09-02T18:00:00Z,unknown_legacy,curated_candidate,external-offline-backup,
external-drive/elite-endurance-viz_full_0302251538H/data/tempdata/metadata_AdamFOGG_to_ThomasBRIDGER_w45-47_20250203_202647.csv,8861d5589ce326e8fb01ac2873097cd862956913f70ee6a6a6d2df8b858549d8,1080,12,292309ad3cbc9525c7df7300e69732c744a94f1c0e274bb09cfcea61da9ff399,"[""Athlete ID"",""Name"",""Week Number"",""Date Range"",""Distance (km)"",""Time"",""Elevation (m)""]",2026-09-02T18:00:00Z,unknown_legacy,curated_candidate,external-offline-backup,
external-drive/elite-endurance-viz_full_0302251538H/data/tempdata/metadata_AdamFOGG_to_ThomasBRIDGER_w45-52_20250125_152350.csv,810b707be7d51758afda5575a743a433b840402a0797df657a8376c13e43d530,2758,32,292309ad3cbc9525c7df7300e69732c744a94f1c0e274bb09cfcea61da9ff399,"[""Athlete ID"",""Name"",""Week Number"",""Date Range"",""Distance (km)"",""Time"",""Elevation (m)""]",2026-09-02T18:00:00Z,unknown_legacy,curated_candidate,external-offline-backup,
external-drive/elite-endurance-viz_full_0302251538H/data/tempdata/metadata_AdamFOGG_to_ThomasBRIDGER_w45-52_20250203_160613.csv,36ecf20a2a967230937068bd01388a793cf523faa5cec712a055cf74ae755a31,2758,32,292309ad3cbc9525c7df7300e69732c744a94f1c0e274bb09cfcea61da9ff399,"[""Athlete ID"",""Name"",""Week Number"",""Date Range"",""Distance (km)"",""Time"",""Elevation (m)""]",2026-09-02T18:00:00Z,unknown_legacy,curated_candidate,external-offline-backup,
external-drive/elite-endurance-viz_full_0302251538H/data/tempdata/metadata_AdamFOGG_to_ThomasBRIDGER_w50-52_20250125_160049.csv,91daa1151459a2ea75032da3f16be334232fa8162d5bbaf4484980a852cfac0f,1085,12,292309ad3cbc9525c7df7300e69732c744a94f1c0e274bb09cfcea61da9ff399,"[""Athlete ID"",""Name"",""Week Number"",""Date Range"",""Distance (km)"",""Time"",""Elevation (m)""]",2026-09-02T18:00:00Z,unknown_legacy,curated_candidate,external-offline-backup,
external-drive/elite-endurance-viz_full_0302251538H/data/tempdata/processed_AdamFOGG_to_ThomasBRIDGER_w45-47_20250203_202647.csv,1f81e8a960b624664631a7a00c28d41f235e27c7b0eb38837c9f5303a4fdc4ae,4774,33,ccfb4cf08d3f5caed46de36c12352d233df3f7ba9007e77c04f6461e6f7b18a3,"[""Athlete ID"",""Athlete Name"",""Activity ID"",""Activity Name"",""Description"",""Start Date"",""Elapsed Time"",""Type"",""Location"",""Distance (km)"",""Pace (min/km)"",""Time""]",2026-09-02T18:00:00Z,strava,curated_candidate,external-offline-backup,
external-drive/elite-endurance-viz_full_0302251538H/data/tempdata/processed_AdamFOGG_to_ThomasBRIDGER_w45-52_20250125_152351.csv,ff3ef37fc3b7f3ea4dce178111a0a66db4285d9adfd3e6bfe98f43edeac6f909,5308,37,ccfb4cf08d3f5caed46de36c12352d233df3f7ba9007e77c04f6461e6f7b18a3,"[""Athlete ID"",""Athlete Name"",""Activity ID"",""Activity Name"",""Description"",""Start Date"",""Elapsed Time"",""Type"",""Location"",""Distance (km)"",""Pace (min/km)"",""Time""]",2026-09-02T18:00:00Z,strava,curated_candidate,external-offline-backup,
external-drive/elite-endurance-viz_full_0302251538H/data/tempdata/processed_AdamFOGG_to_ThomasBRIDGER_w45-52_20250203_160614.csv,ff3ef37fc3b7f3ea4dce178111a0a66db4285d9adfd3e6bfe98f43edeac6f909,5308,37,ccfb4cf08d3f5caed46de36c12352d233df3f7ba9007e77c04f6461e6f7b18a3,"[""Athlete ID"",""Athlete Name"",""Activity ID"",""Activity Name"",""Description"",""Start Date"",""Elapsed Time"",""Type"",""Location"",""Distance (km)"",""Pace (min/km)"",""Time""]",2026-09-02T18:00:00Z,strava,curated_candidate,external-offline-backup,
external-drive/elite-endurance-viz_full_0302251538H/data/tempdata/processed_AdamFOGG_to_ThomasBRIDGER_w50-52_20250125_160050.csv,3a113d2755af106797c3f671e21d0127b79c38f0ffc0d6ea451b48fadefa5164,5877,40,ccfb4cf08d3f5caed46de36c12352d233df3f7ba9007e77c04f6461e6f7b18a3,"[""Athlete ID"",""Athlete Name"",""Activity ID"",""Activity Name"",""Description"",""Start Date"",""Elapsed Time"",""Type"",""Location"",""Distance (km)"",""Pace (min/km)"",""Time""]",2026-09-02T18:00:00Z,strava,curated_candidate,external-offline-backup,
external-drive/elite-endurance-viz_full_0302251538H/data/tempdata/processed_test_AdamFOGG_to_ThomasBRIDGER_w45-52_20250203_160613.csv,551f1f1c93ad9af5ac7bf2c43e4e9691af167ac3e9e2cb7874f999d12f704bb3,57221,405,ccfb4cf08d3f5caed46de36c12352d233df3f7ba9007e77c04f6461e6f7b18a3,"[""Athlete ID"",""Athlete Name"",""Activity ID"",""Activity Name"",""Description"",""Start Date"",""Elapsed Time"",""Type"",""Location"",""Distance (km)"",""Pace (min/km)"",""Time""]",2026-09-02T18:00:00Z,strava,curated_candidate,external-offline-backup,
external-drive/elite-endurance-viz_full_0302251538H/data/tempdata/raw_json_AdamFOGG_to_ThomasBRIDGER_w45-47_20250203_202647.csv,a6da6f29938b4ce00a6ea03dab3e4358fe2d297e5cd8cc5bcb6f4f97b58694a6,3850896,12,f0e574d6669e8823fc3bbf83775153ac81726ba1879df7bc6cd31263ea5f5e22,"[""Athlete ID"",""Name"",""Week Number"",""Date Range"",""JSON Data""]",2026-09-02T18:00:00Z,strava,raw,external-offline-backup,
external-drive/elite-endurance-viz_full_0302251538H/data/tempdata/raw_json_AdamFOGG_to_ThomasBRIDGER_w45-52_20250125_152350.csv,1026ccb02e05212ec9bc21a0f3725727aaa92649f83bad4e83d375977179ba21,9555416,32,f0e574d6669e8823fc3bbf83775153ac81726ba1879df7bc6cd31263ea5f5e22,"[""Athlete ID"",""Name"",""Week Number"",""Date Range"",""JSON Data""]",2026-09-02T18:00:00Z,strava,raw,external-offline-backup,
external-drive/elite-endurance-viz_full_0302251538H/data/tempdata/raw_json_AdamFOGG_to_ThomasBRIDGER_w45-52_20250203_160613.csv,2c5c01af25895c823965bb7f92886674e7e1f3811e52c94a79cc154b7e706ed1,9552439,32,f0e574d6669e8823fc3bbf83775153ac81726ba1879df7bc6cd31263ea5f5e22,"[""Athlete ID"",""Name"",""Week Number"",""Date Range"",""JSON Data""]",2026-09-02T18:00:00Z,strava,raw,external-offline-backup,
external-drive/elite-endurance-viz_full_0302251538H/data/tempdata/raw_json_AdamFOGG_to_ThomasBRIDGER_w50-52_20250125_160049.csv,a471d2531e4dbda10ea4f24321cba6b5748a682f22e5e8716b1eac2c87a9e1de,2533341,12,f0e574d6669e8823fc3bbf83775153ac81726ba1879df7bc6cd31263ea5f5e22,"[""Athlete ID"",""Name"",""Week Number"",""Date Range"",""JSON Data""]",2026-09-02T18:00:00Z,strava,raw,external-offline-backup,
external-drive/elite-endurance-viz_full_0302251538H/data/tempdata/temp_metadata_20250117_155330.csv,c69bed42587b6c8312591044d47d88aaa37e6933c5a4bbc53e4d4a1ab7f6d5ed,524,8,292309ad3cbc9525c7df7300e69732c744a94f1c0e274bb09cfcea61da9ff399,"[""Athlete ID"",""Name"",""Week Number"",""Date Range"",""Distance (km)"",""Time"",""Elevation (m)""]",2026-09-02T18:00:00Z,unknown_legacy,curated_candidate,external-offline-backup,
external-drive/elite-endurance-viz_full_0302251538H/data/tempdata/temp_metadata_20250117_160151.csv,263d8242c1ce1467471a02e60d5583434bee5a97326eac19716c1329238b9b76,1718,20,292309ad3cbc9525c7df7300e69732c744a94f1c0e274bb09cfcea61da9ff399,"[""Athlete ID"",""Name"",""Week Number"",""Date Range"",""Distance (km)"",""Time"",""Elevation (m)""]",2026-09-02T18:00:00Z,unknown_legacy,curated_candidate,external-offline-backup,
external-drive/elite-endurance-viz_full_0302251538H/data/tempdata/temp_metadata_20250125_120157.csv,10d9ec61755f5d67e2607b975da44614bb8b572c051e64e49767f03798c39703,1606,20,292309ad3cbc9525c7df7300e69732c744a94f1c0e274bb09cfcea61da9ff399,"[""Athlete ID"",""Name"",""Week Number"",""Date Range"",""Distance (km)"",""Time"",""Elevation (m)""]",2026-09-02T18:00:00Z,unknown_legacy,curated_candidate,external-offline-backup,
external-drive/elite-endurance-viz_full_0302251538H/data/tempdata/temp_metadata_20250125_145124.csv,10d9ec61755f5d67e2607b975da44614bb8b572c051e64e49767f03798c39703,1606,20,292309ad3cbc9525c7df7300e69732c744a94f1c0e274bb09cfcea61da9ff399,"[""Athlete ID"",""Name"",""Week Number"",""Date Range"",""Distance (km)"",""Time"",""Elevation (m)""]",2026-09-02T18:00:00Z,unknown_legacy,curated_candidate,external-offline-backup,
external-drive/elite-endurance-viz_full_0302251538H/data/tempdata/temp_metadata_4814818.0_20250117_160454.csv,1ca965b6c28f51dc16ce7649a89fa273d39f9b00faefe801a1dfcd7be50028c1,320,3,292309ad3cbc9525c7df7300e69732c744a94f1c0e274bb09cfcea61da9ff399,"[""Athlete ID"",""Name"",""Week Number"",""Date Range"",""Distance (km)"",""Time"",""Elevation (m)""]",2026-09-02T18:00:00Z,unknown_legacy,curated_candidate,external-offline-backup,
external-drive/elite-endurance-viz_full_0302251538H/data/tempdata/temp_metadata_4928335.0_20250117_160607.csv,038f32dd342a0b7e5e2430ffe7c5627278864907ec966d1468db633232fd5cfb,156,1,292309ad3cbc9525c7df7300e69732c744a94f1c0e274bb09cfcea61da9ff399,"[""Athlete ID"",""Name"",""Week Number"",""Date Range"",""Distance (km)"",""Time"",""Elevation (m)""]",2026-09-02T18:00:00Z,unknown_legacy,curated_candidate,external-offline-backup,
external-drive/elite-endurance-viz_full_0302251538H/data/tempdata/test_results_20250125_145124.csv,eed9beef943118cfafbe633d584a686b98aaad5631aa64122602856e6c457ec1,5286,38,ccfb4cf08d3f5caed46de36c12352d233df3f7ba9007e77c04f6461e6f7b18a3,"[""Athlete ID"",""Athlete Name"",""Activity ID"",""Activity Name"",""Description"",""Start Date"",""Elapsed Time"",""Type"",""Location"",""Distance (km)"",""Pace (min/km)"",""Time""]",2026-09-02T18:00:00Z,strava,curated_candidate,external-offline-backup,
external-drive/elite-endurance-viz_full_0302251538H/data/tempdata/test_results_20250125_150305.csv,eed9beef943118cfafbe633d584a686b98aaad5631aa64122602856e6c457ec1,5286,38,ccfb4cf08d3f5caed46de36c12352d233df3f7ba9007e77c04f6461e6f7b18a3,"[""Athlete ID"",""Athlete Name"",""Activity ID"",""Activity Name"",""Description"",""Start Date"",""Elapsed Time"",""Type"",""Location"",""Distance (km)"",""Pace (min/km)"",""Time""]",2026-09-02T18:00:00Z,strava,curated_candidate,external-offline-backup,
external-drive/elite-endurance-viz_full_0302251538H/indiv_activities_full.csv,c5289e659fe6042eb99cd18c83587129e67cc84f748985ca14f1452700923363,21182783,120319,eef8336aaeea86b5f67d40e95b639c7d924cbebff0740837b7af133f54a08aa5,"[""Unnamed: 0"",""Athlete ID"",""Athlete Name"",""Activity ID"",""Activity Name"",""Description"",""Start Date"",""Elapsed Time"",""Type"",""Location"",""Pace (min/mi)"",""Pace (min/km)"",""Time (min)"",""Distance (km)"",""Activity Time (s)"",""Time""]",2026-09-02T18:00:00Z,strava,curated_candidate,external-offline-backup,row_width_mismatch:17
external-drive/indiv_activities_full_v0_oct.csv,58bf2ef1974c4a6b837968d8c87c3afdc95a24dc3d2bf94da8f69bdd1181d026,20578701,120303,00af9903ee9944e3c6dcd69e30a8d0e615533155cd8d84966de0222f63c39566,"[""Unnamed: 0"",""Athlete ID"",""Athlete Name"",""Activity ID"",""Activity Name"",""Description"",""Start Date"",""Elapsed Time"",""Type"",""Location"",""Pace (min/mi)"",""Pace (min/km)"",""Time (min)"",""Distance (km)"",""Activity Time (s)""]",2026-09-02T18:00:00Z,strava,curated_candidate,external-offline-backup,
