athlete_id,official_name,official_name_normalized,display_name,nationality_code,gender,identity_status,identity_source,created_at_utc,updated_at_utc
4cb5931d-aa4f-445b-8b01-1639409dccfd,Aaliyah MILLER,aaliyahmiller,,USA,female,resolved,world_athletics,2026-09-02T14:42:10Z,2026-09-02T14:42:10Z
be1c6540-dc3e-4f23-a4c9-875d2a8755ef,Aaliyah MOORE,aaliyahmoore,,GUY,female,resolved,world_athletics,2026-09-02T14:42:10Z,2026-09-02T14:42:10Z
cc474fc4-a57b-4476-abec-70fc9ebf118f,Aamelmal TAGEL,aamelmaltagel,,ETH,female,resolved,world_athletics,2026-09-02T14:42:10Z,2026-09-02T14:42:10Z
929ac84c-5597-45f8-86af-c3abfc7bb361,Aaron Ahl,aaronahl,Aaron Ahl,CAN,male,resolved,world_athletics,2026-09-02T14:42:10Z,2026-09-02T14:42:10Z
ccc450d3-556b-49c3-93c4-9f7be640041f,Aaron Kemei CHEMININGWA,aaronkemeicheminingwa,,KEN,male,resolved,world_athletics,2026-09-02T14:42:10Z,2026-09-02T14:42:10Z
9e364a84-de1d-4ca6-a546-197ab75ac624,Aarón LAS HERAS,aaronlasheras,,ESP,male,resolved,world_athletics,2026-09-02T14:42:10Z,2026-09-02T14:42:10Z
7df831ea-9e9d-4108-a6e2-e8ae1b37bee1,Ababel YESHANEH,ababelyeshaneh,,ETH,female,resolved,world_athletics,2026-09-02T14:42:10Z,2026-09-02T14:42:10Z
50f8b996-c376-4e32-99fa-aa8b469a99c7,Abay ALEMU,abayalemu,,ETH,male,resolved,world_athletics,2026-09-02T14:42:10Z,2026-09-02T14:42:10Z
0258aa2c-db35-4d62-a6a3-2af2fc4fce18,Abayneh AYELE,abaynehayele,,ETH,male,resolved,world_athletics,2026-09-02T14:42:10Z,2026-09-02T14:42:10Z
8e54528b-a6c0-4f99-9110-6d413ae36c4c,Abbabiya SIMBASSA,abbabiyasimbassa,,USA,male,resolved,world_athletics,2026-09-02T14:42:10Z,2026-09-02T14:42:10Z
052d54a0-c3ae-4dad-9062-ff9b1922612a,Abbe GOLDSTEIN,abbegoldstein,,USA,female,resolved,world_athletics,2026-09-02T14:42:10Z,2026-09-02T14:42:10Z
321323a0-04bd-494d-b944-f9d75b0b4a0a,Abbey CALDWELL,abbeycaldwell,,AUS,female,resolved,world_athletics,2026-09-02T14:42:10Z,2026-09-02T14:42:10Z
ab6ef1b0-0ca3-464a-8061-1122214f6135,Abbey COOPER,abbeycooper,,USA,female,resolved,world_athletics,2026-09-02T14:42:10Z,2026-09-02T14:42:10Z
85662f3b-0d7d-4f20-bf2b-5157056b1bad,Abbie DONNELLY,abbiedonnelly,,GBR,female,resolved,world_athletics,2026-09-02T14:42:10Z,2026-09-02T14:42:10Z
f7bc9709-81e9-4a0b-a57a-7c88174339c1,Abby Nichols,abbynichols,Abby Nichols,USA,female,resolved,world_athletics,2026-09-02T14:42:10Z,2026-09-02T14:42:10Z
befc47d1-1809-46eb-9d60-5b6045ea8889,Abdela GODANA,abdelagodana,,ETH,male,resolved,world_athletics,2026-09-02T14:42:10Z,2026-09-02T14:42:10Z
1ffa2d39-93d8-4088-8b75-6ebfc54d7f52,Abdelati EL GUESSE,abdelatielguesse,,MAR,male,resolved,world_athletics,2026-09-02T14:42:10Z,2026-09-02T14:42:10Z
3f60fd71-0594-40d2-8287-2479f928e397,Abdelaziz MERZOUGUI,abdelazizmerzougui,,ESP,male,resolved,world_athletics,2026-09-02T14:42:10Z,2026-09-02T14:42:10Z
15b547ac-d1d9-4b81-b6a5-e0280fb324e0,Abdelhadi LABÄLI,abdelhadilabali,,MAR,male,resolved,world_athletics,2026-09-02T14:42:10Z,2026-09-02T14:42:10Z
b6f89f74-8c1a-4a36-8f94-2d1cc70c54e2,Abdelhakim ABOUZOUHAIR,abdelhakimabouzouhair,,MAR,male,resolved,world_athletics,2026-09-02T14:42:10Z,2026-09-02T14:42:10Z
aca8baa8-2679-464f-b898-ce1581861b10,Abdelkarim BEN ZAHRA,abdelkarimbenzahra,,MAR,male,resolved,world_athletics,2026-09-02T14:42:10Z,2026-09-02T14:42:10Z
308d1031-ac11-4e3c-8912-030c292ecf26,Abdel LAADJEL,abdellaadjel,,IRL,male,resolved,world_athletics,2026-09-02T14:42:10Z,2026-09-02T14:42:10Z
2c969f32-b2d4-49f1-ab37-5046fb01f4cc,Abdellah MOUZLIB,abdellahmouzlib,,MAR,male,resolved,world_athletics,2026-09-02T14:42:10Z,2026-09-02T14:42:10Z
54ca620e-8907-4203-85d8-40a5f3f9dd14,Abdellah TAGHARRAFET,abdellahtagharrafet,,MAR,male,resolved,world_athletics,2026-09-02T14:42:10Z,2026-09-02T14:42:10Z
5de29a15-b1c3-4c6f-8a5a-a94c95dd83b8,Abdellatif SADIKI,abdellatifsadiki,,MAR,male,resolved,world_athletics,2026-09-02T14:42:10Z,2026-09-02T14:42:10Z
3a6dcf29-3530-4e54-b57e-89eb744665c8,Abderezak SULEMAN,abderezaksuleman,,ERI,male,resolved,world_athletics,2026-09-02T14:42:10Z,2026-09-02T14:42:10Z
41c1eb91-829d-4801-9689-a5361b24d740,Abderraahmane AFERDI,abderraahmaneaferdi,,MAR,male,resolved,world_athletics,2026-09-02T14:42:10Z,2026-09-02T14:42:10Z
b33471a4-1386-4310-981f-cd598fb9ffbd,Abderrahman EL KHAYAMI,abderrahmanelkhayami,,ESP,male,resolved,world_athletics,2026-09-02T14:42:10Z,2026-09-02T14:42:10Z
dbcd7ff1-bca8-4926-bfb1-d1c8b5517da1,Abderrazak CHARIK,abderrazakcharik,,FRA,male,resolved,world_athletics,2026-09-02T14:42:10Z,2026-09-02T14:42:10Z
db25fd11-2cab-4669-b9a6-d0688a7d908b,Abdessamad OUKHELFEN,abdessamadoukhelfen,,ESP,male,resolved,world_athletics,2026-09-02T14:42:10Z,2026-09-02T14:42:10Z
9ad82804-326f-4633-b566-eaf8285296d6,Abdi Ali GELELCHU,abdialigelelchu,,BRN,male,resolved,world_athletics,2026-09-02T14:42:10Z,2026-09-02T14:42:10Z
734d1f54-7029-4892-9150-821424eebc89,Abdi FUFA,abdifufa,,ETH,male,resolved,world_athletics,2026-09-02T14:42:10Z,2026-09-02T14:42:10Z
976b513c-1fe7-48ba-8691-5a07b992861e,Abdihamid Nur,abdihamidnur,Abdihamid nur,USA,male,resolved,world_athletics,2026-09-02T14:42:10Z,2026-09-02T14:42:10Z
b686be66-5de3-49de-9358-c379e5cb396e,Abdi KEBEDE,abdikebede,,ETH,male,resolved,world_athletics,2026-09-02T14:42:10Z,2026-09-02T14:42:10Z
4832a77b-0e3c-4a8f-b152-5d570befa018,Abdi NAGEEYE,abdinageeye,,NED,male,resolved,world_athletics,2026-09-02T14:42:10Z,2026-09-02T14:42:10Z
d04696df-b244-4a28-ac56-4324e1449334,Abdirahman Saeed HASSAN,abdirahmansaeedhassan,,QAT,male,resolved,world_athletics,2026-09-02T14:42:10Z,2026-09-02T14:42:10Z
543d2732-085f-4b46-ae50-05fcb1a489f5,Abdisa FAYISA,abdisafayisa,,ETH,male,resolved,world_athletics,2026-09-02T14:42:10Z,2026-09-02T14:42:10Z
299296d8-2cf8-4fdf-b7e9-c6fdc6a63d19,Abdisa TOLA,abdisatola,,ETH,male,resolved,world_athletics,2026-09-02T14:42:10Z,2026-09-02T14:42:10Z
49ebd4d2-19eb-4ff7-966b-05a6b1bde0a8,Abdi WAISS,abdiwaiss,,DJI,male,resolved,world_athletics,2026-09-02T14:42:10Z,2026-09-02T14:42:10Z
1f19e064-ac74-4975-9f78-48dacffc89b7,Abdrselam WORKU,abdrselamworku,,ETH,male,resolved,world_athletics,2026-09-02T14:42:10Z,2026-09-02T14:42:10Z
98160658-b1d3-4305-aa0f-fc469c2e9c58,Abdu ASSEN,abduassen,,ETH,male,resolved,world_athletics,2026-09-02T14:42:10Z,2026-09-02T14:42:10Z
1ec08196-9dbe-41a8-bdf3-cefbc887a8da,Abdu ENDRIS,abduendris,,ETH,male,resolved,world_athletics,2026-09-02T14:42:10Z,2026-09-02T14:42:10Z
6e5774fa-042b-4389-97da-a93938bdb66d,Abduljelil ABDULWOKIL,abduljelilabdulwokil,,ETH,male,resolved,world_athletics,2026-09-02T14:42:10Z,2026-09-02T14:42:10Z
8ee84d34-d3df-4e77-842c-639f39cd5af5,Abdulkerim TEKI,abdulkerimteki,,ETH,male,resolved,world_athletics,2026-09-02T14:42:10Z,2026-09-02T14:42:10Z
07e3666c-5f89-4e7e-94fc-58077536ecbd,Abdullahi Dahir RABI,abdullahidahirrabi,,NOR,male,resolved,world_athletics,2026-09-02T14:42:10Z,2026-09-02T14:42:10Z
8d714fd9-6a7c-44bc-97ee-053aa223604f,Abdullahi HASSAN,abdullahihassan,,CAN,male,resolved,world_athletics,2026-09-02T14:42:10Z,2026-09-02T14:42:10Z
d506cd51-662c-4345-a859-3663c65bda5c,Abdullahi JAMA MOHAMED,abdullahijamamohamed,,SOM,male,resolved,world_athletics,2026-09-02T14:42:10Z,2026-09-02T14:42:10Z
84ad0071-953a-4d44-a7a5-70b36ada3f37,Abdullah TUĞLUK,abdullahtugluk,,TUR,male,resolved,world_athletics,2026-09-02T14:42:10Z,2026-09-02T14:42:10Z
2288a304-839c-411d-9887-1ab0a802b41d,Abdurrahman Gediklioğlu,abdurrahmangediklioglu,Abdurrahman Gediklioğlu,TUR,male,resolved,world_athletics,2026-09-02T14:42:10Z,2026-09-02T14:42:10Z
61770747-bf73-4732-b1fd-437f52c3ded5,Abeba AREGAWI,abebaaregawi,,SWE,female,resolved,world_athletics,2026-09-02T14:42:10Z,2026-09-02T14:42:10Z
e8fc033a-a11d-49ef-b5fc-c150fdb8b5de,Abebaw DESALEW,abebawdesalew,,ETH,male,resolved,world_athletics,2026-09-02T14:42:10Z,2026-09-02T14:42:10Z
47ea624c-269e-457a-acdc-dd9a6ccf200e,Abebaw MUNIYE,abebawmuniye,,ETH,male,resolved,world_athletics,2026-09-02T14:42:10Z,2026-09-02T14:42:10Z
c546f419-daee-48b1-8e39-c6db15834f6f,Abebech AFEWORK,abebechafework,,ETH,female,resolved,world_athletics,2026-09-02T14:42:10Z,2026-09-02T14:42:10Z
dfbca107-4fd4-4928-8a4c-a37bda736f29,Abebe TILAHUN,abebetilahun,,ETH,male,resolved,world_athletics,2026-09-02T14:42:10Z,2026-09-02T14:42:10Z
ec9b76c2-f739-43bc-aea9-efbc0157923e,Abedin MUJEZINOVIĆ,abedinmujezinovic,,BIH,male,resolved,world_athletics,2026-09-02T14:42:10Z,2026-09-02T14:42:10Z
1a92eb0c-7e9c-45a3-962f-9bf06f718598,Abednego CHERUIYOT,abednegocheruiyot,,KEN,male,resolved,world_athletics,2026-09-02T14:42:10Z,2026-09-02T14:42:10Z
440b185d-adc7-458b-8ec6-4dc8674c88f9,Abednico CHOBA,abednicochoba,,RSA,male,resolved,world_athletics,2026-09-02T14:42:10Z,2026-09-02T14:42:10Z
abebc2c9-1261-4a57-8d64-633663d32b2e,Abe GASHAHUN,abegashahun,,ETH,male,resolved,world_athletics,2026-09-02T14:42:10Z,2026-09-02T14:42:10Z
1273ea5d-a0fe-4264-b407-1e1444e774fe,Abel BEKELE,abelbekele,,ETH,male,resolved,world_athletics,2026-09-02T14:42:10Z,2026-09-02T14:42:10Z
84c3af31-c3c6-4b9f-b4ec-eee0285f0384,Abel CHEBET,abelchebet,,UGA,male,resolved,world_athletics,2026-09-02T14:42:10Z,2026-09-02T14:42:10Z
4224a5bc-dd1e-48dc-92ac-432e30b0affd,Abel CHELANGAT,abelchelangat,,UGA,male,resolved,world_athletics,2026-09-02T14:42:10Z,2026-09-02T14:42:10Z
758e9094-406f-446a-86ea-ee6bd04d5fad,Abel KIPCHUMBA,abelkipchumba,,KEN,male,resolved,world_athletics,2026-09-02T14:42:10Z,2026-09-02T14:42:10Z
7a85ef03-ea6b-4e95-acb6-00d0348ae603,Abel KIPSANG,abelkipsang,,KEN,male,resolved,world_athletics,2026-09-02T14:42:10Z,2026-09-02T14:42:10Z
f9e16ef4-680a-4c36-b9ae-aa875d8d34af,Abel MUTAI,abelmutai,,KEN,male,resolved,world_athletics,2026-09-02T14:42:10Z,2026-09-02T14:42:10Z
8e8ce01d-0589-4ae4-9189-ea58e9370b3c,Abel Teffra,abelteffra,Abel Teffra,USA,male,resolved,world_athletics,2026-09-02T14:42:10Z,2026-09-02T14:42:10Z
8910ec58-c64e-4592-879a-abc1dbc71423,Abera MAMO,aberamamo,,ETH,male,resolved,world_athletics,2026-09-02T14:42:10Z,2026-09-02T14:42:10Z
43ec5d09-ae96-48b2-b6fb-46be0a9faee4,Aberash DEMISSE,aberashdemisse,,ETH,female,resolved,world_athletics,2026-09-02T14:42:10Z,2026-09-02T14:42:10Z
5736908a-ff9f-4d38-acdf-ac298d550ed9,Aberash SHILIMA,aberashshilima,,ETH,female,resolved,world_athletics,2026-09-02T14:42:10Z,2026-09-02T14:42:10Z
835930b5-c358-4c3b-82f9-67c9b0f03641,Abersh MINSEWO,abershminsewo,,ETH,female,resolved,world_athletics,2026-09-02T14:42:10Z,2026-09-02T14:42:10Z
987dee7e-c821-411e-b7f9-dc9bd670d191,Aberu AYANA,aberuayana,,ETH,female,resolved,world_athletics,2026-09-02T14:42:10Z,2026-09-02T14:42:10Z
80b2eff4-9c17-4afa-a712-7c64624cc08f,Abigael CHEPKOECH,abigaelchepkoech,,KEN,female,resolved,world_athletics,2026-09-02T14:42:10Z,2026-09-02T14:42:10Z
b847bed6-1b58-4157-b041-05fc8d7512a4,Abigail IVES,abigailives,,GBR,female,resolved,world_athletics,2026-09-02T14:42:10Z,2026-09-02T14:42:10Z
28dd936d-6ff8-4cb9-a5e2-f7ebd617e917,Abir REFFAS,abirreffas,,ALG,female,resolved,world_athletics,2026-09-02T14:42:10Z,2026-09-02T14:42:10Z
dcd404e2-94e9-4a64-ab63-3e88264b5f34,Abraham AKOPESHA,abrahamakopesha,,KEN,male,resolved,world_athletics,2026-09-02T14:42:10Z,2026-09-02T14:42:10Z
d9689e0b-0557-4f23-a1cb-cb0e40cc9eb8,Abraham ALVARADO,abrahamalvarado,,USA,male,resolved,world_athletics,2026-09-02T14:42:10Z,2026-09-02T14:42:10Z
0b45c8e6-384e-466b-87b2-708e3ea37dd4,Abraham BIWOTT,abrahambiwott,,KEN,male,resolved,world_athletics,2026-09-02T14:42:10Z,2026-09-02T14:42:10Z
df72f39c-6e0c-46cf-a705-0d9a6cfc9d9f,Abraham CHEROBEN,abrahamcheroben,,BRN,male,resolved,world_athletics,2026-09-02T14:42:10Z,2026-09-02T14:42:10Z
d4abb0cf-4289-404e-96e4-0dac05f44728,Abraham GUEM,abrahamguem,,SSD,male,resolved,world_athletics,2026-09-02T14:42:10Z,2026-09-02T14:42:10Z
4397630c-8829-4fbc-8ca4-ac587bb13b9f,Abraham KIBIWOT,abrahamkibiwot,,KEN,male,resolved,world_athletics,2026-09-02T14:42:10Z,2026-09-02T14:42:10Z
93e51f70-c7a9-40f6-88a4-8e7f226ab70d,Abraham KIPTOO,abrahamkiptoo,,KEN,male,resolved,world_athletics,2026-09-02T14:42:10Z,2026-09-02T14:42:10Z
fe9a8a5f-4413-4a51-a42e-dbb619c0ac2d,Abraham KIPYATICH,abrahamkipyatich,,KEN,male,resolved,world_athletics,2026-09-02T14:42:10Z,2026-09-02T14:42:10Z
775846ed-4760-45fb-a588-e222c5b3aec0,Abraraw MISGANAW,abrarawmisganaw,,ETH,male,resolved,world_athletics,2026-09-02T14:42:10Z,2026-09-02T14:42:10Z
7c9a9724-3c64-4770-a48c-c6b79a4a67ec,Abrham SIME,abrhamsime,,ETH,male,resolved,world_athletics,2026-09-02T14:42:10Z,2026-09-02T14:42:10Z
347d23cb-7113-40d3-af02-8955dd3c3102,Abubaker Haydar ABDALLA,abubakerhaydarabdalla,,QAT,male,resolved,world_athletics,2026-09-02T14:42:10Z,2026-09-02T14:42:10Z
3d28bd2f-7418-4988-9872-3ee2508b696c,Adam Clarke,adamclarke,adam clarke,GBR,male,resolved,world_athletics,2026-09-02T14:42:10Z,2026-09-02T14:42:10Z
b09bc196-0e8f-4449-9548-99c5094e8a9a,Adam Fogg,adamfogg,Adam Fogg,GBR,male,resolved,world_athletics,2026-09-02T14:42:10Z,2026-09-02T14:42:10Z
512e6e2a-154f-4c16-85b2-82a5e75a9162,Adam LIPSCHITZ,adamlipschitz,,RSA,male,resolved,world_athletics,2026-09-02T14:42:10Z,2026-09-02T14:42:10Z
23e886be-b4e0-420f-8a3d-11bd9f74f404,Adam MAIJO,adammaijo,,ESP,male,resolved,world_athletics,2026-09-02T14:42:10Z,2026-09-02T14:42:10Z
fe8542f7-dc6a-4ffe-aa94-4bed666537aa,Adam NOWICKI,adamnowicki,,POL,male,resolved,world_athletics,2026-09-02T14:42:10Z,2026-09-02T14:42:10Z
dd96bc54-b400-49a5-bfcb-d4a353dfa710,Adam Spencer,adamspencer,Adam Spencer,AUS,male,resolved,world_athletics,2026-09-02T14:42:10Z,2026-09-02T14:42:10Z
8a4ab70b-0a70-4a78-80ae-fcf774d6ab34,Adamu GETAHUM,adamugetahum,,ETH,male,resolved,world_athletics,2026-09-02T14:42:10Z,2026-09-02T14:42:10Z
fdf13420-5668-4672-b87a-573120552b9e,Adane ANMAW,adaneanmaw,,ETH,female,resolved,world_athletics,2026-09-02T14:42:10Z,2026-09-02T14:42:10Z
ded1dfbd-9af1-4b16-afe2-f551575719af,Adanech ANBESA,adanechanbesa,,ETH,female,resolved,world_athletics,2026-09-02T14:42:10Z,2026-09-02T14:42:10Z
77fc8344-130e-475f-b8f3-0abca2fb21cb,Adanech MEKONNEN,adanechmekonnen,,ETH,female,resolved,world_athletics,2026-09-02T14:42:10Z,2026-09-02T14:42:10Z
70eb133d-1df9-4e6e-9885-c19f75b78ff0,Adane KEBEDE,adanekebede,,ETH,male,resolved,world_athletics,2026-09-02T14:42:10Z,2026-09-02T14:42:10Z
8c68cbd1-9a07-4703-86ac-a6c14bc631bb,Adawork ABERTA,adaworkaberta,,ETH,female,resolved,world_athletics,2026-09-02T14:42:10Z,2026-09-02T14:42:10Z
869fc37f-0679-416c-9441-c6b487a0236d,Addisalem BELAY,addisalembelay,,ETH,female,resolved,world_athletics,2026-09-02T14:42:10Z,2026-09-02T14:42:10Z
f59ec46d-38ba-4a43-8e35-e66b3f4a398a,Addison WILEY,addisonwiley,,USA,female,resolved,world_athletics,2026-09-02T14:42:10Z,2026-09-02T14:42:10Z
6f2df04b-8139-4c45-b44f-70ff87ed69f5,Addisu GOBENA,addisugobena,,ETH,male,resolved,world_athletics,2026-09-02T14:42:10Z,2026-09-02T14:42:10Z
fde631c5-d39b-4a57-b040-24ee291fb72b,Addisu YIHUNE,addisuyihune,,ETH,male,resolved,world_athletics,2026-09-02T14:42:10Z,2026-09-02T14:42:10Z
ba499642-0ac9-4abf-9109-eed0e48c8c8d,Addy TOWNSEND,addytownsend,,CAN,female,resolved,world_athletics,2026-09-02T14:42:10Z,2026-09-02T14:42:10Z
ad016f8c-7602-4017-8959-64c0132d2ac0,Adehena KASAYE,adehenakasaye,,ETH,male,resolved,world_athletics,2026-09-02T14:42:10Z,2026-09-02T14:42:10Z
13411621-e0c8-4e1c-8281-8b981d38ad12,Adéla HOLUBOVÁ,adelaholubova,,CZE,female,resolved,world_athletics,2026-09-02T14:42:10Z,2026-09-02T14:42:10Z
9e8ae3f6-2038-4d23-9600-10f0dd77a63d,Adela HONORATO,adelahonorato,,MEX,female,resolved,world_athletics,2026-09-02T14:42:10Z,2026-09-02T14:42:10Z
56d124da-f088-4094-82e1-ce52c8a241c6,Adeledelew MAMO,adeledelewmamo,,ETH,male,resolved,world_athletics,2026-09-02T14:42:10Z,2026-09-02T14:42:10Z
2b7aa840-020b-4638-a82a-21eaae242ef9,Adèle GAY,adelegay,,FRA,female,resolved,world_athletics,2026-09-02T14:42:10Z,2026-09-02T14:42:10Z
cf6e449b-cc9a-4b2e-a847-dd65d7b0328b,Adelle TRACEY,adelletracey,,JAM,female,resolved,world_athletics,2026-09-02T14:42:10Z,2026-09-02T14:42:10Z
4a95a33c-11c8-4ddc-a358-6b1ebe0f0156,Adel MECHAAL,adelmechaal,,ESP,male,resolved,world_athletics,2026-09-02T14:42:10Z,2026-09-02T14:42:10Z
4b5de731-8d93-4cb7-91ce-c7d4b1560f16,Adia BUDDE,adiabudde,,GER,female,resolved,world_athletics,2026-09-02T14:42:10Z,2026-09-02T14:42:10Z
9b09f34c-acff-446f-ba96-76bbbb12abc8,Adil OULAD LIDAME,adilouladlidame,,MAR,male,resolved,world_athletics,2026-09-02T14:42:10Z,2026-09-02T14:42:10Z
75cf1fda-ee49-47a9-9cd1-e338e20f276f,Adisu GIRMA,adisugirma,,ETH,male,resolved,world_athletics,2026-09-02T14:42:10Z,2026-09-02T14:42:10Z
2c8af37b-58f6-4ed9-96f2-e312e9943baf,Adisu GUADIA,adisuguadia,,ISR,male,resolved,world_athletics,2026-09-02T14:42:10Z,2026-09-02T14:42:10Z
16f537dd-fda4-4422-b229-bc872dc83bbe,Adisu NEGASH,adisunegash,,ETH,male,resolved,world_athletics,2026-09-02T14:42:10Z,2026-09-02T14:42:10Z
f655868a-d47b-4618-af3f-366616fc70b6,Adriaan WILDSCHUTT,adriaanwildschutt,,RSA,male,resolved,world_athletics,2026-09-02T14:42:10Z,2026-09-02T14:42:10Z
76b11441-e6ff-4362-97f5-40e4f2ae9c21,Adrián BEN,adrianben,,ESP,male,resolved,world_athletics,2026-09-02T14:42:10Z,2026-09-02T14:42:10Z
27869222-1a43-465a-8a1e-a5cd87c2a0e5,Adrianna TOPOLNICKA,adriannatopolnicka,,POL,female,resolved,world_athletics,2026-09-02T14:42:10Z,2026-09-02T14:42:10Z
d0c5b16b-1305-498d-8ca9-c96eca5347b2,Adugna TAKELE,adugnatakele,,ETH,male,resolved,world_athletics,2026-09-02T14:42:10Z,2026-09-02T14:42:10Z
0e1bfab2-e391-4473-b3b0-1cf3552dfcd1,Adva COHEN,advacohen,,ISR,female,resolved,world_athletics,2026-09-02T14:42:10Z,2026-09-02T14:42:10Z
5f2d6811-feed-4a56-9105-f61d78285f7d,Afera GODFAY,aferagodfay,,ETH,female,resolved,world_athletics,2026-09-02T14:42:10Z,2026-09-02T14:42:10Z
a9547cc4-0f4f-4551-ae09-f71bac8a4e68,Afewerki BERHANE,afewerkiberhane,,ERI,male,resolved,world_athletics,2026-09-02T14:42:10Z,2026-09-02T14:42:10Z
1d16e297-d8f5-4f63-b76a-febc4758a4b1,Afewerki ZERU,afewerkizeru,,USA,male,resolved,world_athletics,2026-09-02T14:42:10Z,2026-09-02T14:42:10Z
3121d2be-1cb0-41b9-ae35-6680335b4eff,Afewerk MESFIN,afewerkmesfin,,ETH,male,resolved,world_athletics,2026-09-02T14:42:10Z,2026-09-02T14:42:10Z
93cd27f7-ce62-4976-9b2d-c300c8e71664,Agate CAUNE,agatecaune,,LAT,female,resolved,world_athletics,2026-09-02T14:42:10Z,2026-09-02T14:42:10Z
825589f2-5b2a-4452-a39f-7e3c3069a6bd,Agathe Delahoutre,agathedelahoutre,Agathe Delahoutre,FRA,female,resolved,world_athletics,2026-09-02T14:42:10Z,2026-09-02T14:42:10Z
c7a10fb7-60d8-4d02-ab16-ea9dce28f241,Agathe GUILLEMOT,agatheguillemot,,FRA,female,resolved,world_athletics,2026-09-02T14:42:10Z,2026-09-02T14:42:10Z
91371289-8ead-4f6e-ac69-6682b10d1313,Agnes Jebet NGETICH,agnesjebetngetich,,KEN,female,resolved,world_athletics,2026-09-02T14:42:10Z,2026-09-02T14:42:10Z
5c43a870-a4f8-4ee2-8537-9aaff88d5511,Agnes KEINO,agneskeino,,KEN,female,resolved,world_athletics,2026-09-02T14:42:10Z,2026-09-02T14:42:10Z
b30ccb55-eeff-4bc7-937c-7aa4656fa111,Agnès MC TIGHE,agnesmctighe,,SUI,female,resolved,world_athletics,2026-09-02T14:42:10Z,2026-09-02T14:42:10Z
9791c3d5-e3cf-48ec-ba60-7f89dade6f72,Agnes Mwikali MUTUKU,agnesmwikalimutuku,,KEN,female,resolved,world_athletics,2026-09-02T14:42:10Z,2026-09-02T14:42:10Z
0bb11917-787f-45fe-8e09-78781d3a4dee,Agnès RAHAROLAHY,agnesraharolahy,,FRA,female,resolved,world_athletics,2026-09-02T14:42:10Z,2026-09-02T14:42:10Z
61c848b6-82d2-488f-ab05-6f6cbe18cc08,Agnieszka CHORZĘPA,agnieszkachorzepa,,POL,female,resolved,world_athletics,2026-09-02T14:42:10Z,2026-09-02T14:42:10Z
e295a9ac-4192-422a-beb8-d5be1f779723,Águeda MARQUÉS,aguedamarques,,ESP,female,resolved,world_athletics,2026-09-02T14:42:10Z,2026-09-02T14:42:10Z
cd7acafb-5fa7-4822-a23d-ea6f5eca053c,Ahmed EL HASSOUNI,ahmedelhassouni,,MAR,male,resolved,world_athletics,2026-09-02T14:42:10Z,2026-09-02T14:42:10Z
d65b6714-c404-4098-94c9-4df2b0800203,Ahmed EL JADDAR,ahmedeljaddar,,MAR,male,resolved,world_athletics,2026-09-02T14:42:10Z,2026-09-02T14:42:10Z
ebc5bf12-d55e-4fe4-9fad-98fb6375d1b7,Ahmed JAZIRI,ahmedjaziri,,TUN,male,resolved,world_athletics,2026-09-02T14:42:10Z,2026-09-02T14:42:10Z
604826c1-4f4b-4c3f-b81f-0bbff0e7dbc5,Ahmed MUHUMED,ahmedmuhumed,,USA,male,resolved,world_athletics,2026-09-02T14:42:10Z,2026-09-02T14:42:10Z
7b5c50d1-a0a3-441e-b8a0-8d4798c8d80f,Ahmed Ouhda,ahmedouhda,Ahmed Ouhda,ITA,male,resolved,world_athletics,2026-09-02T14:42:10Z,2026-09-02T14:42:10Z
bbcbddb1-9e18-46e8-99b2-ffdfa5bb6c03,Ahmed Sayf KADRI,ahmedsayfkadri,,TUN,male,resolved,world_athletics,2026-09-02T14:42:10Z,2026-09-02T14:42:10Z
06110589-16d8-435c-b5b5-0ffcb94b0a04,Aidan O'GORMAN,aidanogorman,,USA,male,resolved,world_athletics,2026-09-02T14:42:10Z,2026-09-02T14:42:10Z
41c180da-26b8-4a53-8a6c-3b85a445b461,Aidan REED,aidanreed,,USA,male,resolved,world_athletics,2026-09-02T14:42:10Z,2026-09-02T14:42:10Z
d7aaab1e-da89-4b48-8a3b-234e4e82c218,Aidan Ryan,aidanryan,Aidan Ryan,USA,male,resolved,world_athletics,2026-09-02T14:42:10Z,2026-09-02T14:42:10Z
957fec47-7cc3-444b-aca4-1f017feaa4b4,Aidan TOOKER,aidantooker,,USA,male,resolved,world_athletics,2026-09-02T14:42:10Z,2026-09-02T14:42:10Z
8e5c6225-a799-4610-8d60-249ec366fd45,Aiden Coles,aidencoles,Aiden Coles,CAN,male,resolved,world_athletics,2026-09-02T14:42:10Z,2026-09-02T14:42:10Z
d16cd9e3-ff42-4e82-b1d5-a547b7493d83,Aiden NEAL,aidenneal,,USA,male,resolved,world_athletics,2026-09-02T14:42:10Z,2026-09-02T14:42:10Z
4608329e-1da4-4753-8e0f-db15341217c1,Ai HOSODA,aihosoda,,JPN,female,resolved,world_athletics,2026-09-02T14:42:10Z,2026-09-02T14:42:10Z
9c92bc9e-e7f1-498d-807c-956f707115a0,Aimee PRATT,aimeepratt,,GBR,female,resolved,world_athletics,2026-09-02T14:42:10Z,2026-09-02T14:42:10Z
dc0f2319-9eb9-44d4-b413-e1186b3d02c0,Ainsley ERZEN,ainsleyerzen,,USA,female,resolved,world_athletics,2026-09-02T14:42:10Z,2026-09-02T14:42:10Z
1f302787-73e7-490c-9836-2d169e5764ee,Ai WATANABE,aiwatanabe,,JPN,female,resolved,world_athletics,2026-09-02T14:42:10Z,2026-09-02T14:42:10Z
bdb87231-c721-4cf5-a90f-5ff96d4e178a,Ajay Kumar SAROJ,ajaykumarsaroj,,IND,male,resolved,world_athletics,2026-09-02T14:42:10Z,2026-09-02T14:42:10Z
4be40980-c9f0-4ee1-acbf-39b3e2f278ad,Ajee' WILSON,ajeewilson,,USA,female,resolved,world_athletics,2026-09-02T14:42:10Z,2026-09-02T14:42:10Z
a174db32-82e0-42a5-b232-2af09cb8984f,AJ ERNST,ajernst,,USA,male,resolved,world_athletics,2026-09-02T14:42:10Z,2026-09-02T14:42:10Z
4d08119f-a177-45ae-b9ff-7e1cbb9cf73b,Akihiro KANEKO,akihirokaneko,,JPN,male,resolved,world_athletics,2026-09-02T14:42:10Z,2026-09-02T14:42:10Z
0d95429d-ac98-4a64-b513-94c96f966a46,Akihito EISHIN,akihitoeishin,,JPN,male,resolved,world_athletics,2026-09-02T14:42:10Z,2026-09-02T14:42:10Z
ea15750c-f67d-47d7-8dee-b7d8de5ae9d5,Akihito KAWATA,akihitokawata,,JPN,male,resolved,world_athletics,2026-09-02T14:42:10Z,2026-09-02T14:42:10Z
261da3d0-c654-49ff-bc32-1a4c4cd59667,Akino ASAHINA,akinoasahina,,JPN,female,resolved,world_athletics,2026-09-02T14:42:10Z,2026-09-02T14:42:10Z
ecd37822-f459-4125-ad02-86c5066c5fec,Akira AIZAWA,akiraaizawa,,JPN,male,resolved,world_athletics,2026-09-02T14:42:10Z,2026-09-02T14:42:10Z
f4dbde87-0241-4207-a5a2-01ebb094ee13,Akira AKASAKI,akiraakasaki,,JPN,male,resolved,world_athletics,2026-09-02T14:42:10Z,2026-09-02T14:42:10Z
09761ae7-76e6-468e-8cf7-fa6271c6f24b,Akira TOMIYASU,akiratomiyasu,,JPN,male,resolved,world_athletics,2026-09-02T14:42:10Z,2026-09-02T14:42:10Z
52e90084-32fc-49f7-b7d0-be9bb0d67ed2,Ala ZOGHLAMI,alazoghlami,,ITA,male,resolved,world_athletics,2026-09-02T14:42:10Z,2026-09-02T14:42:10Z
3bc70c06-eff8-4757-9b12-80be8479e172,Alberte Kjær PEDERSEN,albertekjrpedersen,,DEN,female,resolved,world_athletics,2026-09-02T14:42:10Z,2026-09-02T14:42:10Z
9af0dd9f-6c6b-4cd6-8312-d7dacbf9fde5,Albert KANGOGO,albertkangogo,,KEN,male,resolved,world_athletics,2026-09-02T14:42:10Z,2026-09-02T14:42:10Z
f9988a77-1693-4ef9-98c2-84d80dd9ded5,Albert KORIR,albertkorir,,KEN,male,resolved,world_athletics,2026-09-02T14:42:10Z,2026-09-02T14:42:10Z
55a17dc1-1730-490f-89c1-ce84d6763b6c,Albert ROP,albertrop,,BRN,male,resolved,world_athletics,2026-09-02T14:42:10Z,2026-09-02T14:42:10Z
76e00b5b-ddcf-47eb-9bec-06efbc10fea8,Alec Basten,alecbasten,Alec Basten,USA,male,resolved,world_athletics,2026-09-02T14:42:10Z,2026-09-02T14:42:10Z
384f0e7b-c30d-4f8d-aa97-430956068190,Alejandro JIMENEZ,alejandrojimenez,,ESP,male,resolved,world_athletics,2026-09-02T14:42:10Z,2026-09-02T14:42:10Z
4e001c5d-608a-48d2-bfb7-172b02c78192,Alejandro QUIJADA,alejandroquijada,,ESP,male,resolved,world_athletics,2026-09-02T14:42:10Z,2026-09-02T14:42:10Z
b318fc06-b291-4319-8f32-5ce716d56963,Aleksandra GULYAYEVA,aleksandragulyayeva,,RUS,female,resolved,world_athletics,2026-09-02T14:42:10Z,2026-09-02T14:42:10Z
d3822cba-514b-4446-b7a5-8928a8aece55,Aleksandra LISOWSKA,aleksandralisowska,,POL,female,resolved,world_athletics,2026-09-02T14:42:10Z,2026-09-02T14:42:10Z
ab65fe5f-23a7-4835-a7db-37c8a6d4938a,Aleksandra MOROZOVA,aleksandramorozova,,RUS,female,resolved,world_athletics,2026-09-02T14:42:10Z,2026-09-02T14:42:10Z
dc32872a-4cb0-4b52-a2a5-55003b5cc63a,Aleksandra PŁOCIŃSKA,aleksandrapocinska,,POL,female,resolved,world_athletics,2026-09-02T14:42:10Z,2026-09-02T14:42:10Z
16f418b7-a769-448f-8d31-0e55f41e4ac3,Alemaddis EYAYU,alemaddiseyayu,,ETH,female,resolved,world_athletics,2026-09-02T14:42:10Z,2026-09-02T14:42:10Z
32ae7b0a-0a89-4619-bc99-26b1140ed619,Alemayehu MEKONEN,alemayehumekonen,,ETH,male,resolved,world_athletics,2026-09-02T14:42:10Z,2026-09-02T14:42:10Z
af95ea87-853e-47d1-8a5b-d3e5ec16e53e,Alemaz YUHANIS,alemazyuhanis,,ETH,female,resolved,world_athletics,2026-09-02T14:42:10Z,2026-09-02T14:42:10Z
be2d28f2-937a-4fe6-99f6-fc14b5c7b537,Aleminat WAL,aleminatwal,,ETH,female,resolved,world_athletics,2026-09-02T14:42:10Z,2026-09-02T14:42:10Z
0b233415-760a-48aa-af46-930f99f46360,Alemnat WALLE,alemnatwalle,,ETH,female,resolved,world_athletics,2026-09-02T14:42:10Z,2026-09-02T14:42:10Z
8d1c88d7-677c-4eab-8f5a-7d71c8b26035,Alem NIGUSSIE,alemnigussie,,ETH,female,resolved,world_athletics,2026-09-02T14:42:10Z,2026-09-02T14:42:10Z
48c3ef49-caa5-4988-8747-6fa7e47ba02e,Alemtsehay ASEFA,alemtsehayasefa,,ETH,female,resolved,world_athletics,2026-09-02T14:42:10Z,2026-09-02T14:42:10Z
a11255ba-ff4a-4b6e-a578-23e472528906,Alemtsehay MEKURIA,alemtsehaymekuria,,ETH,female,resolved,world_athletics,2026-09-02T14:42:10Z,2026-09-02T14:42:10Z
7d4b9b8c-0b69-4ed4-9fb0-1bf563abc2fe,Alemu KOKEB,alemukokeb,,ETH,male,resolved,world_athletics,2026-09-02T14:42:10Z,2026-09-02T14:42:10Z
7d914f8a-63c8-4977-ace2-3a0c6d1e99d9,Alene BELAY,alenebelay,,ETH,male,resolved,world_athletics,2026-09-02T14:42:10Z,2026-09-02T14:42:10Z
d8e1adfd-ca95-40e3-a0f6-b6357d33c124,Aleshign BAWEKE,aleshignbaweke,,ETH,female,resolved,world_athletics,2026-09-02T14:42:10Z,2026-09-02T14:42:10Z
c977b959-5173-469c-97f7-eb235a8c3f7d,Alessandro Lotta,alessandrolotta,Alessandro Lotta,ITA,male,resolved,world_athletics,2026-09-02T14:42:10Z,2026-09-02T14:42:10Z
ded0a808-6e45-405a-8d12-3a8335127975,Alex AMANKWA,alexamankwa,,GHA,male,resolved,world_athletics,2026-09-02T14:42:10Z,2026-09-02T14:42:10Z
eaf6d12a-1c94-4db0-922c-8970e7c40a62,Alexander Korczynski,alexanderkorczynski,Alexander Korczynski,USA,male,resolved,world_athletics,2026-09-02T14:42:10Z,2026-09-02T14:42:10Z
2102fc0d-acc3-4c41-81e1-90ab20c3ac84,Alexander MUNYAO,alexandermunyao,,KEN,male,resolved,world_athletics,2026-09-02T14:42:10Z,2026-09-02T14:42:10Z
fce1fd9e-8bf3-4987-b78c-6fc005a5e112,Alexander STEPANOV,alexanderstepanov,,GER,male,resolved,world_athletics,2026-09-02T14:42:10Z,2026-09-02T14:42:10Z
7f8345be-2beb-432f-8bfc-62eda34dcc7b,Alexander STITT,alexanderstitt,,AUS,male,resolved,world_athletics,2026-09-02T14:42:10Z,2026-09-02T14:42:10Z
5283d65c-10f5-454e-a481-6b1616bee481,Alexandra BELL,alexandrabell,,GBR,female,resolved,world_athletics,2026-09-02T14:42:10Z,2026-09-02T14:42:10Z
f398b1b5-bb94-42c3-aadc-877cbcd73c2a,Alexandra HAYS,alexandrahays,,USA,female,resolved,world_athletics,2026-09-02T14:42:10Z,2026-09-02T14:42:10Z
5bf7f121-9675-4ede-8e86-de9d3507165a,Alexandra MILLARD,alexandramillard,,GBR,female,resolved,world_athletics,2026-09-02T14:42:10Z,2026-09-02T14:42:10Z
9dbd87c0-ebfb-4328-be28-ff4eb740126a,Alexandre SELLES,alexandreselles,,FRA,male,resolved,world_athletics,2026-09-02T14:42:10Z,2026-09-02T14:42:10Z
2122e5c0-8dcb-4eab-9c7b-44c9b3e13d69,Alex BOTTERILL,alexbotterill,,GBR,male,resolved,world_athletics,2026-09-02T14:42:10Z,2026-09-02T14:42:10Z
29517a99-cb69-420d-aba3-04bc088eb6c7,Alex Chesiro MASAI,alexchesiromasai,,KEN,male,resolved,world_athletics,2026-09-02T14:42:10Z,2026-09-02T14:42:10Z
e4bc9ba2-fff7-42f2-b303-0b633a8e70d4,Alexis Miellet,alexismiellet,Alexis Miellet,FRA,male,resolved,world_athletics,2026-09-02T14:42:10Z,2026-09-02T14:42:10Z
f572a0d4-9788-473a-9805-0336015067b9,Alexis PHELUT,alexisphelut,,FRA,male,resolved,world_athletics,2026-09-02T14:42:10Z,2026-09-02T14:42:10Z
de6a9edc-41ec-4031-bdca-4d943bfaa13a,Alex Kipirech KIPCHIRCHIR,alexkipirechkipchirchir,,KEN,male,resolved,world_athletics,2026-09-02T14:42:10Z,2026-09-02T14:42:10Z
75415fdc-a944-4816-b08b-10e3c4ffa3f2,Alex MAIER,alexmaier,,USA,male,resolved,world_athletics,2026-09-02T14:42:10Z,2026-09-02T14:42:10Z
2016cdc9-b78a-4171-a1da-e0a3418c87c3,Alex Melloy,alexmelloy,Alex Melloy,GBR,male,resolved,world_athletics,2026-09-02T14:42:10Z,2026-09-02T14:42:10Z
7e2247b9-d0f5-439c-bfa0-d2eed0baec6b,Alex Ngeno KIPNGETICH,alexngenokipngetich,,KEN,male,resolved,world_athletics,2026-09-02T14:42:10Z,2026-09-02T14:42:10Z
a00be852-e01d-4732-bc89-bbd26c4ff907,Alex Nzioka MATATA,alexnziokamatata,,KEN,male,resolved,world_athletics,2026-09-02T14:42:10Z,2026-09-02T14:42:10Z
28e97143-f9a9-4cf4-a9b8-1face97443ce,Alex Phillip,alexphillip,Alex Phillip,USA,male,resolved,world_athletics,2026-09-02T14:42:10Z,2026-09-02T14:42:10Z
75494579-9f77-4578-9406-b183fb6eee9a,Alex PINTADO,alexpintado,,ESP,male,resolved,world_athletics,2026-09-02T14:42:10Z,2026-09-02T14:42:10Z
8cd0fdc0-2fac-4551-9139-5bf8de92ba27,Alex SAEKWO,alexsaekwo,,KEN,male,resolved,world_athletics,2026-09-02T14:42:10Z,2026-09-02T14:42:10Z
5521423c-3e35-4b98-8c24-5653d98720c0,Alex SALAS,alexsalas,,ESP,male,resolved,world_athletics,2026-09-02T14:42:10Z,2026-09-02T14:42:10Z
d827edd2-627f-44ee-9f5f-023bac828b3b,Alex TEUBEL,alexteubel,,USA,female,resolved,world_athletics,2026-09-02T14:42:10Z,2026-09-02T14:42:10Z
f887efda-fc25-4b44-b922-53f82f234368,Alfonce KIBIWOTT,alfoncekibiwott,,KEN,male,resolved,world_athletics,2026-09-02T14:42:10Z,2026-09-02T14:42:10Z
1ba90c0f-f56d-4bec-ad10-a11d7e2114ec,Alfred CHERUIYOT,alfredcheruiyot,,KEN,male,resolved,world_athletics,2026-09-02T14:42:10Z,2026-09-02T14:42:10Z
fe820605-001f-4dbf-8bd7-609e0108eae9,Alfred KIPKETER,alfredkipketer,,KEN,male,resolved,world_athletics,2026-09-02T14:42:10Z,2026-09-02T14:42:10Z
41b2c62d-7c9a-4946-9ee4-71121ef4172d,Ali ABDILMANA,aliabdilmana,,ETH,male,resolved,world_athletics,2026-09-02T14:42:10Z,2026-09-02T14:42:10Z
ef60b285-14fd-4f1b-a0ec-c839fbe3b24b,Aliandrea UPSHAW,aliandreaupshaw,,USA,female,resolved,world_athletics,2026-09-02T14:42:10Z,2026-09-02T14:42:10Z
aa1afcb8-8d35-4c7e-949b-07bef7e423d0,Alice FINOT,alicefinot,,FRA,female,resolved,world_athletics,2026-09-02T14:42:10Z,2026-09-02T14:42:10Z
d608460c-6081-4f0a-8bb7-29aaacc956b4,Alice GOODALL,alicegoodall,,GBR,female,resolved,world_athletics,2026-09-02T14:42:10Z,2026-09-02T14:42:10Z
3248a5eb-16aa-498b-bd78-88d1481ae9b3,Alice SEGUIN,aliceseguin,,FRA,female,resolved,world_athletics,2026-09-02T14:42:10Z,2026-09-02T14:42:10Z
10c6a0dd-7ca4-4184-bd36-500804691b3e,Alice WRIGHT,alicewright,,GBR,female,resolved,world_athletics,2026-09-02T14:42:10Z,2026-09-02T14:42:10Z
4207f630-fb09-4e45-aa11-5637f868f961,Alicia BERZOSA,aliciaberzosa,,ESP,female,resolved,world_athletics,2026-09-02T14:42:10Z,2026-09-02T14:42:10Z
f0e10732-a32c-412b-89e0-edcf0d02eeae,Alicja KONIECZEK,alicjakonieczek,,POL,female,resolved,world_athletics,2026-09-02T14:42:10Z,2026-09-02T14:42:10Z
1d95011d-3b27-414b-93c4-47aa9c1c75ef,Ali Idow HASSAN,aliidowhassan,,SOM,male,resolved,world_athletics,2026-09-02T14:42:10Z,2026-09-02T14:42:10Z
1d61f9e2-5aad-46a4-9493-c93180d4d50a,Ali MESSAOUDI,alimessaoudi,,ALG,male,resolved,world_athletics,2026-09-02T14:42:10Z,2026-09-02T14:42:10Z
0a7334ec-679f-4ee1-b27e-8fd129545b45,Alina KUCHERENKO,alinakucherenko,,RUS,female,resolved,world_athletics,2026-09-02T14:42:10Z,2026-09-02T14:42:10Z
50e3cc02-0c79-4113-beb7-a3c6b095f2fb,Alisa VAINIO,alisavainio,,FIN,female,resolved,world_athletics,2026-09-02T14:42:10Z,2026-09-02T14:42:10Z
96331efc-cd34-4356-9fe2-97505dfb08f1,Alison ANDREWS-PAUL,alisonandrewspaul,,NZL,female,resolved,world_athletics,2026-09-02T14:42:10Z,2026-09-02T14:42:10Z
94df748c-a5ad-4680-beb8-06b9a3d68093,Alli BOOKIN-NOSBISCH,allibookinnosbisch,,USA,female,resolved,world_athletics,2026-09-02T14:42:10Z,2026-09-02T14:42:10Z
93cf093c-d5a7-4a35-82d4-7a2b6e33b509,Allie Buchalski,alliebuchalski,Allie Buchalski,USA,female,resolved,world_athletics,2026-09-02T14:42:10Z,2026-09-02T14:42:10Z
426637d8-44d9-437b-8ff1-4a88af4e81c0,Allie OSTRANDER,allieostrander,,USA,female,resolved,world_athletics,2026-09-02T14:42:10Z,2026-09-02T14:42:10Z
4eb6ce29-e310-443e-b0a7-28ca57e9f25c,Allie Wilson,alliewilson,Allie Wilson,USA,female,resolved,world_athletics,2026-09-02T14:42:10Z,2026-09-02T14:42:10Z
a88c13b9-f10a-476f-b252-18018e3213b2,Alma Delia CORTES,almadeliacortes,,MEX,female,resolved,world_athletics,2026-09-02T14:42:10Z,2026-09-02T14:42:10Z
faa73135-51c8-4f5b-a9aa-c1d0e612f84c,Almenesh HERPA,almeneshherpa,,ETH,female,resolved,world_athletics,2026-09-02T14:42:10Z,2026-09-02T14:42:10Z
04257cca-2090-46eb-b70d-c64c62b48324,Aloyce Felix SIMBU,aloycefelixsimbu,,TAN,male,resolved,world_athletics,2026-09-02T14:42:10Z,2026-09-02T14:42:10Z
c791a5c7-ba69-481b-8411-278d9fa3c39c,Alphonce Felix SIMBU,alphoncefelixsimbu,,TAN,male,resolved,world_athletics,2026-09-02T14:42:10Z,2026-09-02T14:42:10Z
ad65b80d-3ae2-4230-8119-6cbad9b8e1c6,Altobeli SILVA,altobelisilva,,BRA,male,resolved,world_athletics,2026-09-02T14:42:10Z,2026-09-02T14:42:10Z
79f2e822-5db8-48f6-8095-456602810c32,Álvaro DE ARRIBA,alvarodearriba,,ESP,male,resolved,world_athletics,2026-09-02T14:42:10Z,2026-09-02T14:42:10Z
bee8f72b-22ed-4eff-821c-3e9eb6ff901a,Alyson CHURCHILL,alysonchurchill,,USA,female,resolved,world_athletics,2026-09-02T14:42:10Z,2026-09-02T14:42:10Z
658eee7e-047c-4f6f-9059-09b9be57520e,Amalie SÆTEN,amaliesten,,NOR,female,resolved,world_athletics,2026-09-02T14:42:10Z,2026-09-02T14:42:10Z
ea5badc3-d9c4-4da6-805c-db747d5a3aa0,Amanal PETROS,amanalpetros,,GER,male,resolved,world_athletics,2026-09-02T14:42:10Z,2026-09-02T14:42:10Z
afb59a3a-bf2a-467c-8aac-486237063f8d,Amanda Vestri,amandavestri,Amanda Vestri,USA,female,resolved,world_athletics,2026-09-02T14:42:10Z,2026-09-02T14:42:10Z
cc59f1a5-7dec-42f5-a772-bb98e6dac71d,Amane Beriso SHANKULE,amaneberisoshankule,,ETH,female,resolved,world_athletics,2026-09-02T14:42:10Z,2026-09-02T14:42:10Z
c7174d8a-da8f-438e-98b4-86eb7f11db4a,Aman KEDI,amankedi,,ETH,male,resolved,world_athletics,2026-09-02T14:42:10Z,2026-09-02T14:42:10Z
fdeece6e-5f48-4c95-86c9-d15eba6da851,Amanuel MESEL,amanuelmesel,,ERI,male,resolved,world_athletics,2026-09-02T14:42:10Z,2026-09-02T14:42:10Z
818e332f-90c8-4ef4-a648-536cbfb466fe,Amaris TYYNISMAA,amaristyynismaa,,USA,female,resolved,world_athletics,2026-09-02T14:42:10Z,2026-09-02T14:42:10Z
6a7fbf23-fd54-4384-b57e-050578adb651,Amedework WALELEGN,amedeworkwalelegn,,ETH,male,resolved,world_athletics,2026-09-02T14:42:10Z,2026-09-02T14:42:10Z
26f5646f-65f4-44e2-b286-b200d50a01d6,Amel TUKA,ameltuka,,BIH,male,resolved,world_athletics,2026-09-02T14:42:10Z,2026-09-02T14:42:10Z
7aa61fc7-34b1-4165-ad8f-fcc01a73458c,Amente Sorome NEGASH,amentesoromenegash,,ETH,female,resolved,world_athletics,2026-09-02T14:42:10Z,2026-09-02T14:42:10Z
055ceef3-57a1-4ed3-88aa-3409f2f8b0d7,Amid Fozya JEMAL,amidfozyajemal,,ETH,female,resolved,world_athletics,2026-09-02T14:42:10Z,2026-09-02T14:42:10Z
1ab9c29d-159c-4671-a753-ca958acada60,Amina BETTICHE,aminabettiche,,ALG,female,resolved,world_athletics,2026-09-02T14:42:10Z,2026-09-02T14:42:10Z
1f18dff5-7761-4dd2-a429-d1317e6e0613,Amina MAATOUG,aminamaatoug,,NED,female,resolved,world_athletics,2026-09-02T14:42:10Z,2026-09-02T14:42:10Z
021ae87f-597b-44e6-bee8-1eaff79bf7ee,Amine BRAHIMI,aminebrahimi,,ALG,male,resolved,world_athletics,2026-09-02T14:42:10Z,2026-09-02T14:42:10Z
a639dceb-a307-41eb-a9ed-faba9e982f2e,Aminet AHMED,aminetahmed,,ETH,female,resolved,world_athletics,2026-09-02T14:42:10Z,2026-09-02T14:42:10Z
5dabd569-e9d7-4fb4-9634-ba77bde3dd20,Amon KEMBOI,amonkemboi,,KEN,male,resolved,world_athletics,2026-09-02T14:42:10Z,2026-09-02T14:42:10Z
b58bbcee-53bc-40d3-bf2c-dbd39a09c295,Amon KIPTOO,amonkiptoo,,KEN,male,resolved,world_athletics,2026-09-02T14:42:10Z,2026-09-02T14:42:10Z
0ed0c3c4-62da-4163-82bd-f058d701300f,Amos BETT,amosbett,,KEN,male,resolved,world_athletics,2026-09-02T14:42:10Z,2026-09-02T14:42:10Z
b9a8aec4-1f25-48e7-a1e7-4d3f83aac0ce,Amos Kipkemboi BETT,amoskipkemboibett,,KEN,male,resolved,world_athletics,2026-09-02T14:42:10Z,2026-09-02T14:42:10Z
1610ce40-acbc-4fa7-9aec-5ceadcaa9103,Amos KIPKEMOI,amoskipkemoi,,KEN,male,resolved,world_athletics,2026-09-02T14:42:10Z,2026-09-02T14:42:10Z
b488c764-102c-40cf-a06a-fad9bda045c2,Amos Kipkurui LANGAT,amoskipkuruilangat,,KEN,male,resolved,world_athletics,2026-09-02T14:42:10Z,2026-09-02T14:42:10Z
595a33c0-73f6-4e0b-aaac-e810fdca9125,Amos KIPLAGAT,amoskiplagat,,KEN,male,resolved,world_athletics,2026-09-02T14:42:10Z,2026-09-02T14:42:10Z
cbc822ec-4b28-4a87-aac9-d94216bad6db,Amos KIPRUTO,amoskipruto,,KEN,male,resolved,world_athletics,2026-09-02T14:42:10Z,2026-09-02T14:42:10Z
d1d5b50e-a7f2-4935-bf69-f43757289c8e,Amos KURGAT,amoskurgat,,KEN,male,resolved,world_athletics,2026-09-02T14:42:10Z,2026-09-02T14:42:10Z
bac67f90-e525-4fdf-be3d-169a31c7b120,Amos SEREM,amosserem,,KEN,male,resolved,world_athletics,2026-09-02T14:42:10Z,2026-09-02T14:42:10Z
d7afb37f-ec29-455a-a1e2-f3af86685cd4,Amy BUNNAGE,amybunnage,,AUS,female,resolved,world_athletics,2026-09-02T14:42:10Z,2026-09-02T14:42:10Z
a489e3ca-6762-4f6f-9a75-1e5f999dce6c,Amy CASHIN,amycashin,,AUS,female,resolved,world_athletics,2026-09-02T14:42:10Z,2026-09-02T14:42:10Z
ab2ac879-dc5a-4446-9e4d-5c7703da330b,Amy DAVIS-GREEN,amydavisgreen,,USA,female,resolved,world_athletics,2026-09-02T14:42:10Z,2026-09-02T14:42:10Z
232d8fb0-0867-4763-b769-4d55d9101653,Amy-Eloise NEALE,amyeloiseneale,,GBR,female,resolved,world_athletics,2026-09-02T14:42:10Z,2026-09-02T14:42:10Z
9daddee8-3b27-402e-a386-e1fc462ce988,Amy ROBINSON,amyrobinson,,AUS,female,resolved,world_athletics,2026-09-02T14:42:10Z,2026-09-02T14:42:10Z
648aacf3-0bc6-4c35-bef5-b7c191f635a9,Anaïs BOURGOIN,anaisbourgoin,,FRA,female,resolved,world_athletics,2026-09-02T14:42:10Z,2026-09-02T14:42:10Z
68f537e3-03ac-485a-ac52-5594029c144f,Anais QUEMENER,anaisquemener,,FRA,female,resolved,world_athletics,2026-09-02T14:42:10Z,2026-09-02T14:42:10Z
d82f560c-40d5-4354-ad68-0b7f091a1817,Anas LAGTIY CHAOUDAR,anaslagtiychaoudar,,ESP,male,resolved,world_athletics,2026-09-02T14:42:10Z,2026-09-02T14:42:10Z
3f71a505-4b59-4754-86ff-f577e2a23bbb,Anass ESSAYI,anassessayi,,MAR,male,resolved,world_athletics,2026-09-02T14:42:10Z,2026-09-02T14:42:10Z
2e7a1964-5397-464e-b037-0941f80e3599,Anastasia MARINAKOU,anastasiamarinakou,,GRE,female,resolved,world_athletics,2026-09-02T14:42:10Z,2026-09-02T14:42:10Z
192ecb8e-5672-49ca-80dc-bb715ebd2ed3,Anastasiya KRASILNIKOVA,anastasiyakrasilnikova,,RUS,female,resolved,world_athletics,2026-09-02T14:42:10Z,2026-09-02T14:42:10Z
df4b9c02-1dca-47be-9f66-8c7a289daaa6,Anastasiya MADYSHEVA,anastasiyamadysheva,,RUS,female,resolved,world_athletics,2026-09-02T14:42:10Z,2026-09-02T14:42:10Z
360531cf-9014-4841-b2a2-4d4e65209b6d,Anchialem HAYMANOT,anchialemhaymanot,,ETH,female,resolved,world_athletics,2026-09-02T14:42:10Z,2026-09-02T14:42:10Z
388909d8-c0a7-44d2-b16a-4a1b57404592,Anchinalu DESSIE,anchinaludessie,,ETH,female,resolved,world_athletics,2026-09-02T14:42:10Z,2026-09-02T14:42:10Z
84a0d881-b61f-4ef9-a64e-6c88b8264ab0,Andamlak BELIHU,andamlakbelihu,,ETH,male,resolved,world_athletics,2026-09-02T14:42:10Z,2026-09-02T14:42:10Z
9e42cab1-8879-493b-b228-269eff5543be,Anderson SEROI,andersonseroi,,KEN,male,resolved,world_athletics,2026-09-02T14:42:10Z,2026-09-02T14:42:10Z
2808a040-3233-43e7-be2f-62bdd43fc0fa,André ALIE-LAMARCHE,andrealielamarche,,CAN,male,resolved,world_athletics,2026-09-02T14:42:10Z,2026-09-02T14:42:10Z
25941c14-f551-422e-86e2-d073950a4a94,Andrea MARKEZICH,andreamarkezich,,USA,female,resolved,world_athletics,2026-09-02T14:42:10Z,2026-09-02T14:42:10Z
c0a7a691-1a6e-4612-a3d2-37d3c3f7bf90,Andreas ALMGREN,andreasalmgren,,SWE,male,resolved,world_athletics,2026-09-02T14:42:10Z,2026-09-02T14:42:10Z
b3ff2b3c-0878-4e44-8bb7-8d762d53a1f1,Andrea SECCAFIEN,andreaseccafien,,CAN,female,resolved,world_athletics,2026-09-02T14:42:10Z,2026-09-02T14:42:10Z
dcc6fa37-dedc-4d7e-b166-e2bdf431dd21,Andreas FJELD HALVORSEN,andreasfjeldhalvorsen,,NOR,male,resolved,world_athletics,2026-09-02T14:42:10Z,2026-09-02T14:42:10Z
83130b8e-1724-47cd-926f-b8be720b0996,Andreas KRAMER,andreaskramer,,SWE,male,resolved,world_athletics,2026-09-02T14:42:10Z,2026-09-02T14:42:10Z
7de1c553-b7c4-4cfb-bff6-e7d1a1ac6857,Andreas LINDGREEN,andreaslindgreen,,DEN,male,resolved,world_athletics,2026-09-02T14:42:10Z,2026-09-02T14:42:10Z
057e4259-6c59-4627-bd42-a72b6f0e42c1,Andreea STAVILA,andreeastavila,,MDA,female,resolved,world_athletics,2026-09-02T14:42:10Z,2026-09-02T14:42:10Z
6e3195ba-8ada-4746-bee0-f2605fab90b2,Andreu BLANES,andreublanes,,ESP,male,resolved,world_athletics,2026-09-02T14:42:10Z,2026-09-02T14:42:10Z
f89b1b2f-70d2-4fee-acf3-0436fd2f9826,Andrew BUCHANAN,andrewbuchanan,,AUS,male,resolved,world_athletics,2026-09-02T14:42:10Z,2026-09-02T14:42:10Z
be7ebe3e-8c86-40df-b66c-e0e38c74689b,Andrew Butchart,andrewbutchart,Andrew Butchart,GBR,male,resolved,world_athletics,2026-09-02T14:42:10Z,2026-09-02T14:42:10Z
9d45274f-ea09-4c2e-84e3-54c25565791b,Andrew Casey,andrewcasey,Andrew Casey,USA,male,resolved,world_athletics,2026-09-02T14:42:10Z,2026-09-02T14:42:10Z
dfba50cf-b0cc-46f0-843f-fe1cf70ca90a,Andrew COLLEY,andrewcolley,,USA,male,resolved,world_athletics,2026-09-02T14:42:10Z,2026-09-02T14:42:10Z
0665f1c7-5f2a-45d3-9166-466b4e2e1738,Andrew Coscoran,andrewcoscoran,Andrew Coscoran,IRL,male,resolved,world_athletics,2026-09-02T14:42:10Z,2026-09-02T14:42:10Z
fe0c693d-bb80-422b-b87c-e3382d4e9e71,Andrew Hunter,andrewhunter,Andrew Hunter,USA,male,resolved,world_athletics,2026-09-02T14:42:10Z,2026-09-02T14:42:10Z
66196a2e-cad7-47a6-9c4a-abace83de588,Andrew KIPTOO,andrewkiptoo,,KEN,male,resolved,world_athletics,2026-09-02T14:42:10Z,2026-09-02T14:42:10Z
382ae81c-d55a-42d3-a76f-d38af0225f2d,Andrew Kiptoo ALAMISI,andrewkiptooalamisi,,KEN,male,resolved,world_athletics,2026-09-02T14:42:10Z,2026-09-02T14:42:10Z
dc5973f3-f18f-487b-9df4-dc20fcab0923,Andrew LOROT,andrewlorot,,KEN,male,resolved,world_athletics,2026-09-02T14:42:10Z,2026-09-02T14:42:10Z
3c282967-ef9e-42f3-8de6-ae41e7f94558,Andrew MCGILL,andrewmcgill,,GBR,male,resolved,world_athletics,2026-09-02T14:42:10Z,2026-09-02T14:42:10Z
30bf350a-5652-458a-9a6b-9b1446611e6b,Andrew PAYTON,andrewpayton,,USA,male,resolved,world_athletics,2026-09-02T14:42:10Z,2026-09-02T14:42:10Z
1257cd07-a37e-4461-9402-a014f537fe34,Andrew Rotich KWEMOI,andrewrotichkwemoi,,UGA,male,resolved,world_athletics,2026-09-02T14:42:10Z,2026-09-02T14:42:10Z
6d2dffdf-c6c1-483c-a504-1c96a04f8947,Andrzej KOWALCZYK,andrzejkowalczyk,,POL,male,resolved,world_athletics,2026-09-02T14:42:10Z,2026-09-02T14:42:10Z
1b9e76ac-28d2-4e19-84a1-2f6068da1a10,Andualem BELAY,andualembelay,,ETH,male,resolved,world_athletics,2026-09-02T14:42:10Z,2026-09-02T14:42:10Z
3d490404-23e6-4fa3-91f5-896ad3c28f36,Aneta KONIECZEK,anetakonieczek,,POL,female,resolved,world_athletics,2026-09-02T14:42:10Z,2026-09-02T14:42:10Z
fa58e59b-8722-4bed-8825-00a506419d9a,Angel ALVAREZ,angelalvarez,,ESP,male,resolved,world_athletics,2026-09-02T14:42:10Z,2026-09-02T14:42:10Z
fbf31219-a49b-4b77-b4ef-0c963bca805a,Angela TANUI,angelatanui,,KEN,female,resolved,world_athletics,2026-09-02T14:42:10Z,2026-09-02T14:42:10Z
fb3032c4-68c7-463d-9b8f-f1c4df88316a,Angelika SARNA,angelikasarna,,POL,female,resolved,world_athletics,2026-09-02T14:42:10Z,2026-09-02T14:42:10Z
edac5d9f-7873-4393-97b6-c8550f9f0df4,Angelina Ellis,angelinaellis,Angelina Ellis,USA,female,resolved,world_athletics,2026-09-02T14:42:10Z,2026-09-02T14:42:10Z
1a77c6e2-d856-4606-8584-380f6f88fbf6,Angelina NAPOLEON,angelinanapoleon,,USA,female,resolved,world_athletics,2026-09-02T14:42:10Z,2026-09-02T14:42:10Z
dac9bac4-1b91-4820-b59c-b8c03588ac95,Angel PICCIRILLO,angelpiccirillo,,USA,female,resolved,world_athletics,2026-09-02T14:42:10Z,2026-09-02T14:42:10Z
698ccc9b-b735-4ee0-a810-9848e19fda63,Angus Harrington,angusharrington,Angus Harrington,GBR,male,resolved,world_athletics,2026-09-02T14:42:10Z,2026-09-02T14:42:10Z
0804c257-b3ce-462f-9509-a557aacc484b,Anicet KOZAR,anicetkozar,,FRA,male,resolved,world_athletics,2026-09-02T14:42:10Z,2026-09-02T14:42:10Z
d21ed6ab-311e-4acd-8bc6-f142dcb24073,Anika THOMPSON,anikathompson,,IRL,female,resolved,world_athletics,2026-09-02T14:42:10Z,2026-09-02T14:42:10Z
6c43dbf6-c3fe-40d7-9fd1-0655c675ccd7,Anita HORVAT,anitahorvat,,SLO,female,resolved,world_athletics,2026-09-02T14:42:10Z,2026-09-02T14:42:10Z
a53438aa-1d77-4243-9dd9-50e90829b37d,Anita POMA,anitapoma,,PER,female,resolved,world_athletics,2026-09-02T14:42:10Z,2026-09-02T14:42:10Z
9c85000b-7b99-4560-b311-413db6a29e74,Aniya MOSLEY,aniyamosley,,USA,female,resolved,world_athletics,2026-09-02T14:42:10Z,2026-09-02T14:42:10Z
bbb8d6af-cf46-4b89-8633-d5cd5452fbc2,ANKITA,ankita,,IND,female,resolved,world_athletics,2026-09-02T14:42:10Z,2026-09-02T14:42:10Z
e5c405c5-03b3-4efd-ba9b-d0bc7be1aa0d,Anna ARNAUDO,annaarnaudo,,ITA,female,resolved,world_athletics,2026-09-02T14:42:10Z,2026-09-02T14:42:10Z
2357fef4-0481-4c9c-bb80-07bd3f801e87,Anna BANATOVA,annabanatova,,RUS,female,resolved,world_athletics,2026-09-02T14:42:10Z,2026-09-02T14:42:10Z
330a4bed-494d-4a0f-a063-fefe02a28b03,Anna BAŃKOWSKA,annabankowska,,POL,female,resolved,world_athletics,2026-09-02T14:42:10Z,2026-09-02T14:42:10Z
3f2afacf-4980-435a-b6c6-e96d764adb39,Anna CAMP BENNETT,annacampbennett,,USA,female,resolved,world_athletics,2026-09-02T14:42:10Z,2026-09-02T14:42:10Z
e02ee9d9-9128-49de-b2c5-320996fd8c18,Anna DIBABA,annadibaba,,ETH,female,resolved,world_athletics,2026-09-02T14:42:10Z,2026-09-02T14:42:10Z
2f879ecd-6448-418a-8fd2-49db182eccff,Anna Gibson,annagibson,Anna Gibson,USA,female,resolved,world_athletics,2026-09-02T14:42:10Z,2026-09-02T14:42:10Z
82409f0e-3283-4755-b2f9-3e8ac1b305a6,Anna KRASILNIKOVA,annakrasilnikova,,RUS,female,resolved,world_athletics,2026-09-02T14:42:10Z,2026-09-02T14:42:10Z
c7c918f0-b7f9-4dbf-abbe-a6dffb51396d,Anna MATSUDA,annamatsuda,,JPN,female,resolved,world_athletics,2026-09-02T14:42:10Z,2026-09-02T14:42:10Z
be3980f2-baf0-4429-a09d-794de3f673ef,Anna TROPINA,annatropina,,RUS,female,resolved,world_athletics,2026-09-02T14:42:10Z,2026-09-02T14:42:10Z
21f33fbe-88d5-4cd3-bbc3-e55387c985a5,Anna VIKULOVA,annavikulova,,RUS,female,resolved,world_athletics,2026-09-02T14:42:10Z,2026-09-02T14:42:10Z
e8905187-599a-483a-a3b5-5f0812b6361c,Anna WIELGOSZ,annawielgosz,,POL,female,resolved,world_athletics,2026-09-02T14:42:10Z,2026-09-02T14:42:10Z
908c109f-ad80-4f6a-909f-ffcfb74725ca,Anna WORKMAN,annaworkman,,CAN,female,resolved,world_athletics,2026-09-02T14:42:10Z,2026-09-02T14:42:10Z
e3464319-04aa-41ed-8598-79105d30d4df,Anne Gine LØVNES,anneginelvnes,,NOR,female,resolved,world_athletics,2026-09-02T14:42:10Z,2026-09-02T14:42:10Z
fd45e039-7141-4303-8dc9-60b9a82ed334,Annelies NIJSSEN,anneliesnijssen,,BEL,female,resolved,world_athletics,2026-09-02T14:42:10Z,2026-09-02T14:42:10Z
70ec4141-7a46-4723-957d-98b9c3bfc926,Anne Luijten,anneluijten,Anne Luijten,NED,female,resolved,world_athletics,2026-09-02T14:42:10Z,2026-09-02T14:42:10Z
48b0feac-1b4e-4131-b245-a7b2e521ca61,Anne-Marie BLANEY,annemarieblaney,,USA,female,resolved,world_athletics,2026-09-02T14:42:10Z,2026-09-02T14:42:10Z
35ae6f8a-8d5a-40de-98dd-138077234b62,Annemarie Nissen,annemarienissen,Annemarie Nissen,DEN,female,resolved,world_athletics,2026-09-02T14:42:10Z,2026-09-02T14:42:10Z
a906871e-df67-4d29-8b2f-022b0a9d8d31,Annet Chemengich CHELANGAT,annetchemengichchelangat,,UGA,female,resolved,world_athletics,2026-09-02T14:42:10Z,2026-09-02T14:42:10Z
7c4e1d1d-9ccc-4fb3-9bfc-380690c1122e,Annie FRISBIE,anniefrisbie,,USA,female,resolved,world_athletics,2026-09-02T14:42:10Z,2026-09-02T14:42:10Z
8e7739c0-a3c5-44ed-81a0-28cf563e09b6,Annie Rodenfels,annierodenfels,Annie Rodenfels,USA,female,resolved,world_athletics,2026-09-02T14:42:10Z,2026-09-02T14:42:10Z
702b7d99-6ad6-4edc-bd1d-2854dafd6104,Annika REISS,annikareiss,,USA,female,resolved,world_athletics,2026-09-02T14:42:10Z,2026-09-02T14:42:10Z
41dc17d3-6d69-4831-9697-ac490d51e1e9,Anouar EL GHOUZ,anouarelghouz,,MAR,male,resolved,world_athletics,2026-09-02T14:42:10Z,2026-09-02T14:42:10Z
363d4f7b-5d67-40e2-a380-17ee48a9f339,Antenayeh DAGNACHEW,antenayehdagnachew,,ETH,male,resolved,world_athletics,2026-09-02T14:42:10Z,2026-09-02T14:42:10Z
375538cd-62be-47e4-b4d3-dfb87ba3e39e,Anthony Camerieri,anthonycamerieri,Anthony Camerieri,USA,male,resolved,world_athletics,2026-09-02T14:42:10Z,2026-09-02T14:42:10Z
94dea939-47bc-4b95-98b7-dda1f4fc24b5,Anthony KIBE,anthonykibe,,KEN,male,resolved,world_athletics,2026-09-02T14:42:10Z,2026-09-02T14:42:10Z
539fc1d5-6aea-453f-97d7-726e55acf76b,Anthony KIPCHIRCHIR,anthonykipchirchir,,KEN,male,resolved,world_athletics,2026-09-02T14:42:10Z,2026-09-02T14:42:10Z
7f4a97fd-f3ca-4531-9a38-773b3beba89f,Anthony ROTICH,anthonyrotich,,USA,male,resolved,world_athletics,2026-09-02T14:42:10Z,2026-09-02T14:42:10Z
53c64920-70e5-44d6-a59c-ab1bdbc2d64f,Antoine SENARD,antoinesenard,,FRA,male,resolved,world_athletics,2026-09-02T14:42:10Z,2026-09-02T14:42:10Z
e0e5284f-5003-47a2-b182-ee8d63b76344,Antonina KWAMBAI,antoninakwambai,,KEN,female,resolved,world_athletics,2026-09-02T14:42:10Z,2026-09-02T14:42:10Z
ee629dff-5115-4b2c-8852-ce7e7a5aaa30,Antony KIMTAI,antonykimtai,,KEN,male,resolved,world_athletics,2026-09-02T14:42:10Z,2026-09-02T14:42:10Z
62e246b7-c9ed-46de-953b-330a3da0597b,Aoi ITO,aoiito,,JPN,male,resolved,world_athletics,2026-09-02T14:42:10Z,2026-09-02T14:42:10Z
55d59161-bc0b-49a5-9c73-04ebc2af09f2,Archie CASTEEL,archiecasteel,,SWE,male,resolved,world_athletics,2026-09-02T14:42:10Z,2026-09-02T14:42:10Z
9f44518a-6ea6-4723-b008-b74a760d64ee,Archie DAVIS,archiedavis,,GBR,male,resolved,world_athletics,2026-09-02T14:42:10Z,2026-09-02T14:42:10Z
0bb0e832-1445-40cd-aac8-08b76cec95d4,Aredom DEGEFA,aredomdegefa,,ETH,male,resolved,world_athletics,2026-09-02T14:42:10Z,2026-09-02T14:42:10Z
922e3f02-b6b2-4fa9-9a62-436392e2a6a0,Aron KIFLE,aronkifle,,ERI,male,resolved,world_athletics,2026-09-02T14:42:10Z,2026-09-02T14:42:10Z
9e7ec15e-317c-44ba-805e-94da56cb489d,Arthur Gervais,arthurgervais,Arthur Gervais,FRA,male,resolved,world_athletics,2026-09-02T14:42:10Z,2026-09-02T14:42:10Z
de07425e-008d-4fe3-8fbc-c0cc8415bfc1,Artūrs Niklāvs MEDVEDS,artursniklavsmedveds,,LAT,male,resolved,world_athletics,2026-09-02T14:42:10Z,2026-09-02T14:42:10Z
3ca9950b-90b5-4b3b-95f0-cb299666de63,Asahi KURODA,asahikuroda,,JPN,male,resolved,world_athletics,2026-09-02T14:42:10Z,2026-09-02T14:42:10Z
e86cabcb-a732-41b9-9dbe-383f78070a2b,Asayech AYICHEW,asayechayichew,,ETH,female,resolved,world_athletics,2026-09-02T14:42:10Z,2026-09-02T14:42:10Z
db29f313-6e32-4150-afd3-9f122dff49e5,Asbel RUTTO,asbelrutto,,KEN,male,resolved,world_athletics,2026-09-02T14:42:10Z,2026-09-02T14:42:10Z
ab5c1fc6-5645-4dc2-93be-9c135e3e6553,Asefa BOKI,asefaboki,,ETH,male,resolved,world_athletics,2026-09-02T14:42:10Z,2026-09-02T14:42:10Z
6ce8fc1b-2ece-473d-afb5-f27c1a173e06,Asefa MENGISA,asefamengisa,,ETH,male,resolved,world_athletics,2026-09-02T14:42:10Z,2026-09-02T14:42:10Z
8f4cfaec-0d27-44e6-ac36-74d9be5e9ffc,Asefa MENGSTU,asefamengstu,,ETH,male,resolved,world_athletics,2026-09-02T14:42:10Z,2026-09-02T14:42:10Z
37c031ae-7781-4db8-a05c-6a61ab32c34a,Aseter ARERE,aseterarere,,ETH,female,resolved,world_athletics,2026-09-02T14:42:10Z,2026-09-02T14:42:10Z
acd2274a-2ceb-43af-95cf-fddc04a736da,Ashenafi EMANA,ashenafiemana,,ETH,male,resolved,world_athletics,2026-09-02T14:42:10Z,2026-09-02T14:42:10Z
011a2d00-9706-49ae-986e-ec5f134e11fe,Ashenafi MOGES,ashenafimoges,,ETH,male,resolved,world_athletics,2026-09-02T14:42:10Z,2026-09-02T14:42:10Z
2d853a24-d6ea-4424-9d3b-1a57b4ec227a,Ashenafi NEGESE,ashenafinegese,,ETH,male,resolved,world_athletics,2026-09-02T14:42:10Z,2026-09-02T14:42:10Z
0d0414b7-82d1-4543-9d96-213e57b3b8e7,Ashete BEKERE,ashetebekere,,ETH,female,resolved,world_athletics,2026-09-02T14:42:10Z,2026-09-02T14:42:10Z
88b50ab1-4d11-4179-ad1e-8cb806149ed3,Asimarech NAGA,asimarechnaga,,ETH,female,resolved,world_athletics,2026-09-02T14:42:10Z,2026-09-02T14:42:10Z
3ec682e9-0c5b-45d5-808a-71b83c36190f,Asmarech ANLEY,asmarechanley,,ETH,female,resolved,world_athletics,2026-09-02T14:42:10Z,2026-09-02T14:42:10Z
149997b9-97f4-4340-b528-0163d25ce09a,Asmarech NEGA,asmarechnega,,ETH,female,resolved,world_athletics,2026-09-02T14:42:10Z,2026-09-02T14:42:10Z
14a1afb1-9a7d-4178-836b-30c324bdd3e2,Asnake DUBRE,asnakedubre,,ETH,male,resolved,world_athletics,2026-09-02T14:42:10Z,2026-09-02T14:42:10Z
15ca05d5-fbc1-4fe2-b886-91617e730e44,Asrar HIYRDEN,asrarhiyrden,,ETH,male,resolved,world_athletics,2026-09-02T14:42:10Z,2026-09-02T14:42:10Z
644a1a00-aaf3-4605-b08c-42494dc7e350,Assefa HAILE,assefahaile,,ETH,male,resolved,world_athletics,2026-09-02T14:42:10Z,2026-09-02T14:42:10Z
826ca11b-07be-4899-9f06-378b6d7f6930,Assia RAZIKI,assiaraziki,,MAR,female,resolved,world_athletics,2026-09-02T14:42:10Z,2026-09-02T14:42:10Z
a1bad054-827b-46db-b8c8-3d404d699516,Atalel ANMUT,atalelanmut,,ETH,female,resolved,world_athletics,2026-09-02T14:42:10Z,2026-09-02T14:42:10Z
7ecfef16-85d8-4319-9011-628ad28fd585,Atalu ZELALEM,ataluzelalem,,ETH,female,resolved,world_athletics,2026-09-02T14:42:10Z,2026-09-02T14:42:10Z
e38af8c9-6142-4d8b-80dc-362213b128da,Athanas Kioko,athanaskioko,Athanas Kioko,KEN,male,resolved,world_athletics,2026-09-02T14:42:10Z,2026-09-02T14:42:10Z
5c6f06a0-a972-473a-b108-9c053ba5ee83,Athing MU,athingmu,,USA,female,resolved,world_athletics,2026-09-02T14:42:10Z,2026-09-02T14:42:10Z
1c783002-3a3c-4acb-9080-9505179aabca,Atsede BAYISA,atsedebayisa,,ETH,female,resolved,world_athletics,2026-09-02T14:42:10Z,2026-09-02T14:42:10Z
ad3e3820-ae1f-46c4-acf7-9da6b4e70a89,Atsuki URUSHIBATA,atsukiurushibata,,JPN,male,resolved,world_athletics,2026-09-02T14:42:10Z,2026-09-02T14:42:10Z
8a211ecb-9cc7-4227-b25c-856b3246883d,Atsumi ASHIWA,atsumiashiwa,,JPN,male,resolved,world_athletics,2026-09-02T14:42:10Z,2026-09-02T14:42:10Z
3945cbab-2f07-49c9-931f-e6f3ff207795,Atsushi SHOBU,atsushishobu,,JPN,male,resolved,world_athletics,2026-09-02T14:42:10Z,2026-09-02T14:42:10Z
d9851e27-4ea5-45ef-9f8b-fa93d24ffe1a,Aubrey FRENTHEWAY,aubreyfrentheway,,USA,female,resolved,world_athletics,2026-09-02T14:42:10Z,2026-09-02T14:42:10Z
9fad1675-0fa4-416c-a30e-a787b669c3b6,Aude CLAVIER,audeclavier,,FRA,female,resolved,world_athletics,2026-09-02T14:42:10Z,2026-09-02T14:42:10Z
9032042f-d078-4e94-8c84-1097f96540d0,Audrey WERRO,audreywerro,,SUI,female,resolved,world_athletics,2026-09-02T14:42:10Z,2026-09-02T14:42:10Z
a7baf8de-125b-47b7-851f-0735cde98641,Aurele VANDEPUTTE,aurelevandeputte,,BEL,male,resolved,world_athletics,2026-09-02T14:42:10Z,2026-09-02T14:42:10Z
98f9e4d4-65d6-4092-aed5-b2d36f021841,Aurelia Jerotich KIPTUI,aureliajerotichkiptui,,KEN,female,resolved,world_athletics,2026-09-02T14:42:10Z,2026-09-02T14:42:10Z
9c225d7d-b302-49e1-b484-bdcea36f6d1e,Aurora RYNDA,aurorarynda,,CAN,female,resolved,world_athletics,2026-09-02T14:42:10Z,2026-09-02T14:42:10Z
a98fb6ff-4238-44c7-8021-1e958878cbae,Aurore FLEURY,aurorefleury,,FRA,female,resolved,world_athletics,2026-09-02T14:42:10Z,2026-09-02T14:42:10Z
f3114822-5cf2-48d0-b584-236dbe95b9bc,Austen DALQUIST,austendalquist,,USA,male,resolved,world_athletics,2026-09-02T14:42:10Z,2026-09-02T14:42:10Z
edb6f774-39bd-4b71-a30f-5a16f1411786,Austin Vancil,austinvancil,Austin Vancil,USA,male,resolved,world_athletics,2026-09-02T14:42:10Z,2026-09-02T14:42:10Z
a1bd51aa-ff52-4a5b-810b-8f6be849b56b,Ava LLOYD,avalloyd,,GBR,female,resolved,world_athletics,2026-09-02T14:42:10Z,2026-09-02T14:42:10Z
d4f106f4-10dd-4e4f-9158-d4d4ff44234f,Ava O'CONNOR,avaoconnor,,IRL,female,resolved,world_athletics,2026-09-02T14:42:10Z,2026-09-02T14:42:10Z
474c7099-9f52-4417-a58f-c34ad8304e48,Avery PEARSON,averypearson,,CAN,female,resolved,world_athletics,2026-09-02T14:42:10Z,2026-09-02T14:42:10Z
04ba64d4-0d8e-44d6-8e26-e9538c8b6387,Avinash Mukund SABLE,avinashmukundsable,,IND,male,resolved,world_athletics,2026-09-02T14:42:10Z,2026-09-02T14:42:10Z
66c74828-5714-447e-8a75-c69c3169b0d9,Aviwe HOBOLOSHE,aviwehoboloshe,,RSA,female,resolved,world_athletics,2026-09-02T14:42:10Z,2026-09-02T14:42:10Z
2bd94e35-87b9-4165-87c8-650934958ead,Awet HABTE,awethabte,,ERI,male,resolved,world_athletics,2026-09-02T14:42:10Z,2026-09-02T14:42:10Z
63ba186a-ed6a-4d8e-8cf0-3e8dc678ddac,Awet MENGSTEAB,awetmengsteab,,SWE,male,resolved,world_athletics,2026-09-02T14:42:10Z,2026-09-02T14:42:10Z
34b072ee-1cb5-4f05-8429-4cae55ee42b7,Awet Nftalem KIBRAB,awetnftalemkibrab,,NOR,male,resolved,world_athletics,2026-09-02T14:42:10Z,2026-09-02T14:42:10Z
c194ba02-cf6e-4aec-8d9a-76b94a4c1268,Axel FOURNIVAL,axelfournival,,FRA,male,resolved,world_athletics,2026-09-02T14:42:10Z,2026-09-02T14:42:10Z
41e66c6c-8a85-40b3-8624-5b2579708228,Axel Vang CHRISTENSEN,axelvangchristensen,,DEN,male,resolved,world_athletics,2026-09-02T14:42:10Z,2026-09-02T14:42:10Z
755c6af5-e091-40b2-b4de-f6f17067c23f,Axumawit EMBAYE,axumawitembaye,,ETH,female,resolved,world_athletics,2026-09-02T14:42:10Z,2026-09-02T14:42:10Z
43df95c4-3043-44eb-9764-c441e66f9252,Ayad LAMDASSEM,ayadlamdassem,,ESP,male,resolved,world_athletics,2026-09-02T14:42:10Z,2026-09-02T14:42:10Z
40909547-ed77-4e9e-9e6d-39797c24f3f4,Ayal DAGNACHEW,ayaldagnachew,,ETH,female,resolved,world_athletics,2026-09-02T14:42:10Z,2026-09-02T14:42:10Z
775bf7aa-9729-44eb-a683-48fb8a2d2f67,Ayana YAMASHITA,ayanayamashita,,JPN,female,resolved,world_athletics,2026-09-02T14:42:10Z,2026-09-02T14:42:10Z
ed621696-4701-4961-acf3-8a3c2f867660,Ayanleh Abdi ABDILLAHI,ayanlehabdiabdillahi,,DJI,male,resolved,world_athletics,2026-09-02T14:42:10Z,2026-09-02T14:42:10Z
ebcabe05-fc95-4b53-bdf6-50d1b95fc0d9,Ayano IDE,ayanoide,,JPN,female,resolved,world_athletics,2026-09-02T14:42:10Z,2026-09-02T14:42:10Z
d4c1b7b3-e038-42e7-b2a7-a40a41fd6b31,Ayano IKEUCHI,ayanoikeuchi,,JPN,female,resolved,world_athletics,2026-09-02T14:42:10Z,2026-09-02T14:42:10Z
5f4c2f33-df5d-4f9f-8845-f971757c8846,Ayano SHIOMI,ayanoshiomi,,JPN,female,resolved,world_athletics,2026-09-02T14:42:10Z,2026-09-02T14:42:10Z
7d56659f-c321-4059-ac15-6553fbfacdf9,Ayantu ABDI,ayantuabdi,,ETH,female,resolved,world_athletics,2026-09-02T14:42:10Z,2026-09-02T14:42:10Z
a259de2e-4383-462d-80f5-b4fce36aa473,Ayantu Abera DEMISSE,ayantuaberademisse,,ETH,female,resolved,world_athletics,2026-09-02T14:42:10Z,2026-09-02T14:42:10Z
487eed24-4c8a-425b-873b-ba476fec0415,Ayantu KUMELA,ayantukumela,,ETH,female,resolved,world_athletics,2026-09-02T14:42:10Z,2026-09-02T14:42:10Z
324f1b8f-dd6b-4a64-bb4a-e6da470d04e4,Ayari HARADA,ayariharada,,JPN,female,resolved,world_athletics,2026-09-02T14:42:10Z,2026-09-02T14:42:10Z
f7561fc9-ce0a-4478-b42a-4232b8528a33,Aychew BANTIE,aychewbantie,,ETH,male,resolved,world_athletics,2026-09-02T14:42:10Z,2026-09-02T14:42:10Z
f8e3c83f-0e13-46bd-8c04-e80637459c81,Aydee LOAYZA,aydeeloayza,,PER,female,resolved,world_athletics,2026-09-02T14:42:10Z,2026-09-02T14:42:10Z
4e7288a8-da89-4683-af3f-12d1575582d1,Ayehu BITEW,ayehubitew,,ETH,female,resolved,world_athletics,2026-09-02T14:42:10Z,2026-09-02T14:42:10Z
be352063-c543-44c2-9207-2413e07e8726,Ayele Dejene TESHOME,ayeledejeneteshome,,ETH,male,resolved,world_athletics,2026-09-02T14:42:10Z,2026-09-02T14:42:10Z
094a0aca-5659-46c3-9e18-77d98cdce17b,Ayele TADESSE,ayeletadesse,,ETH,male,resolved,world_athletics,2026-09-02T14:42:10Z,2026-09-02T14:42:10Z
25dfb406-1996-43d2-be1a-4339327245d4,Ayensa ALEMU,ayensaalemu,,ETH,male,resolved,world_athletics,2026-09-02T14:42:10Z,2026-09-02T14:42:10Z
56cff256-167a-4c3b-9b74-9df0336f6518,Ayinadis TESHOME,ayinadisteshome,,ETH,female,resolved,world_athletics,2026-09-02T14:42:10Z,2026-09-02T14:42:10Z
e8eb0b86-be1f-42d7-b252-8873ef028cab,Aynadis MEBRATU,aynadismebratu,,ETH,female,resolved,world_athletics,2026-09-02T14:42:10Z,2026-09-02T14:42:10Z
362bd1ab-0245-4e8a-bfaa-545dcb35cec8,Aynalem DESTA,aynalemdesta,,ETH,female,resolved,world_athletics,2026-09-02T14:42:10Z,2026-09-02T14:42:10Z
37013d35-a813-4ffd-aea4-9188781276c5,Aynalem KASSAHUN,aynalemkassahun,,ETH,female,resolved,world_athletics,2026-09-02T14:42:10Z,2026-09-02T14:42:10Z
84f90ea2-efd7-475e-aa6c-705f4ce405a4,Ayuka KAZAMA,ayukakazama,,JPN,female,resolved,world_athletics,2026-09-02T14:42:10Z,2026-09-02T14:42:10Z
8ac370f7-de90-4364-ba52-13d40e133463,Ayuko SUZUKI,ayukosuzuki,,JPN,female,resolved,world_athletics,2026-09-02T14:42:10Z,2026-09-02T14:42:10Z
09c079b6-36cf-4106-8177-3776a3e20300,Ayumi MORITA,ayumimorita,,JPN,female,resolved,world_athletics,2026-09-02T14:42:10Z,2026-09-02T14:42:10Z
a8ec92f4-922f-415d-9d91-f76e7353761f,Ayumu KOBAYASHI,ayumukobayashi,,JPN,male,resolved,world_athletics,2026-09-02T14:42:10Z,2026-09-02T14:42:10Z
72fde061-38ee-42ab-b536-938ad886d0a9,Azeddine Habz,azeddinehabz,Azeddine Habz,FRA,male,resolved,world_athletics,2026-09-02T14:42:10Z,2026-09-02T14:42:10Z
3b689f18-d886-4a1c-9bdb-e74f58d7327d,Aziz AITOURKIA,azizaitourkia,,MAR,male,resolved,world_athletics,2026-09-02T14:42:10Z,2026-09-02T14:42:10Z
fbe38b11-0b82-42af-823b-b6dbcd1751a9,Azmera GEBRU,azmeragebru,,ETH,female,resolved,world_athletics,2026-09-02T14:42:10Z,2026-09-02T14:42:10Z
0a748a14-0eee-4ca4-bff7-67a57fca0676,Bailey GOGGANS,baileygoggans,,USA,female,resolved,world_athletics,2026-09-02T14:42:10Z,2026-09-02T14:42:10Z
637bc233-ce02-4c76-8da5-b6620b1cf349,Bailey HERTENSTEIN,baileyhertenstein,,USA,female,resolved,world_athletics,2026-09-02T14:42:10Z,2026-09-02T14:42:10Z
c75808a7-528f-4c15-967d-31deb2e389aa,Balázs VINDICS,balazsvindics,,HUN,male,resolved,world_athletics,2026-09-02T14:42:10Z,2026-09-02T14:42:10Z
e375ccce-a122-4dfb-a9fb-ee4875faaf86,Baldvin Magnusson,baldvinmagnusson,Baldvin Magnusson,ISL,male,resolved,world_athletics,2026-09-02T14:42:10Z,2026-09-02T14:42:10Z
e72cbb68-5161-4aa4-8ae9-c296b7a39911,Balemlay SHUMET,balemlayshumet,,ETH,female,resolved,world_athletics,2026-09-02T14:42:10Z,2026-09-02T14:42:10Z
5ec80ba4-a19a-4ba0-a82d-201654afc6b2,Balew YIHUNLE,balewyihunle,,ETH,male,resolved,world_athletics,2026-09-02T14:42:10Z,2026-09-02T14:42:10Z
ba529fa6-76f2-4d21-a95a-2d84a87322eb,Bamelak YETYHE,bamelakyetyhe,,ETH,male,resolved,world_athletics,2026-09-02T14:42:10Z,2026-09-02T14:42:10Z
5f3d318f-6cbc-43eb-b24b-231086863ff0,Baptiste COUDERT,baptistecoudert,,FRA,male,resolved,world_athletics,2026-09-02T14:42:10Z,2026-09-02T14:42:10Z
2702662e-7e29-43b8-82b0-c5485c0c2328,Baptiste Fourmont,baptistefourmont,Baptiste Fourmont,FRA,male,resolved,world_athletics,2026-09-02T14:42:10Z,2026-09-02T14:42:10Z
8aaaefbf-94d1-4fcd-b49a-48b760bb4791,Baptiste Guyon,baptisteguyon,Baptiste Guyon,FRA,male,resolved,world_athletics,2026-09-02T14:42:10Z,2026-09-02T14:42:10Z
385d1677-4b3f-49b6-8ab7-cb0374668882,Baptiste MISCHLER,baptistemischler,,FRA,male,resolved,world_athletics,2026-09-02T14:42:10Z,2026-09-02T14:42:10Z
fe3311e9-2676-4328-8a74-17a834daccaa,Baraki GEBRIALA,barakigebriala,,ETH,female,resolved,world_athletics,2026-09-02T14:42:10Z,2026-09-02T14:42:10Z
f9894d4e-8947-4450-ba10-1bf1a4ae1157,Barnaba KIPKOECH,barnabakipkoech,,KEN,male,resolved,world_athletics,2026-09-02T14:42:10Z,2026-09-02T14:42:10Z
0e00ba02-4ade-4102-803d-d59f90fb1e28,Bartosz KITLIŃSKI,bartoszkitlinski,,POL,male,resolved,world_athletics,2026-09-02T14:42:10Z,2026-09-02T14:42:10Z
4c47092b-840b-4d40-a6ae-3b676725955b,Bashanke BILO,bashankebilo,,ETH,female,resolved,world_athletics,2026-09-02T14:42:10Z,2026-09-02T14:42:10Z
1a196a1f-99ca-4e46-ade6-ca54a9239388,Bashir ABDI,bashirabdi,,BEL,male,resolved,world_athletics,2026-09-02T14:42:10Z,2026-09-02T14:42:10Z
a6cee0f8-48c7-4bd5-8352-ec8fd19ac57d,Bastien Augusto,bastienaugusto,Bastien AUGUSTO,FRA,male,resolved,world_athletics,2026-09-02T14:42:10Z,2026-09-02T14:42:10Z
ad109c15-885f-41e0-94e5-68acdad992df,Bayelign TESHAGER,bayelignteshager,,ETH,male,resolved,world_athletics,2026-09-02T14:42:10Z,2026-09-02T14:42:10Z
97adb7c5-9f5e-47c4-ad58-06b7727aa658,Bazezew ASMARE,bazezewasmare,,ETH,male,resolved,world_athletics,2026-09-02T14:42:10Z,2026-09-02T14:42:10Z
c6bcaee7-8d3d-418b-a9ab-4cfebf6e9a75,Beatrice CHEBET,beatricechebet,,KEN,female,resolved,world_athletics,2026-09-02T14:42:10Z,2026-09-02T14:42:10Z
764e6590-5a3c-4933-ab1e-0a63ca311673,Beatrice CHEPKOECH,beatricechepkoech,,KEN,female,resolved,world_athletics,2026-09-02T14:42:10Z,2026-09-02T14:42:10Z
2652e884-4e3c-40aa-872c-8bb767ba633b,Beatrice CHEPTOO,beatricecheptoo,,KEN,female,resolved,world_athletics,2026-09-02T14:42:10Z,2026-09-02T14:42:10Z
6e7b27f0-43a0-4073-8294-4e18330acece,Beatrice CHEROP,beatricecherop,,KEN,female,resolved,world_athletics,2026-09-02T14:42:10Z,2026-09-02T14:42:10Z
9d06adba-80d9-45fb-8348-eb49ab9997d1,Beatrice Jelangat CHEROP,beatricejelangatcherop,,KEN,female,resolved,world_athletics,2026-09-02T14:42:10Z,2026-09-02T14:42:10Z
4b74658e-a31c-46f7-ac28-0de0a4142621,Beatrice Nyaboke BEGI,beatricenyabokebegi,,KEN,female,resolved,world_athletics,2026-09-02T14:42:10Z,2026-09-02T14:42:10Z
11aeff94-9302-4a2b-9fa3-5939c5a4c981,Beatriz ÁLVAREZ,beatrizalvarez,,ESP,female,resolved,world_athletics,2026-09-02T14:42:10Z,2026-09-02T14:42:10Z
d66ad095-4fea-46bb-b73f-839982903b2f,Beck WITTSTADT,beckwittstadt,,USA,male,resolved,world_athletics,2026-09-02T14:42:10Z,2026-09-02T14:42:10Z
e4de3d95-27c3-4564-a870-1f974cb5a61e,Bedan KAROKI,bedankaroki,,KEN,male,resolved,world_athletics,2026-09-02T14:42:10Z,2026-09-02T14:42:10Z
b004c0e8-6bd8-45ae-905a-24ef50119550,Bedatu HIRPA,bedatuhirpa,,ETH,female,resolved,world_athletics,2026-09-02T14:42:10Z,2026-09-02T14:42:10Z
6658aecd-2e74-48e9-8720-6636e0f78010,Bekelech GUDETA,bekelechgudeta,,ETH,female,resolved,world_athletics,2026-09-02T14:42:10Z,2026-09-02T14:42:10Z
a96a1859-1bb1-4dc3-a421-1e5190c1e500,Belay ASFAW,belayasfaw,,ETH,male,resolved,world_athletics,2026-09-02T14:42:10Z,2026-09-02T14:42:10Z
a9307f20-7cd0-477f-b534-aaef8c610b3b,Belay Tilahun BEZABEH,belaytilahunbezabeh,,ETH,male,resolved,world_athletics,2026-09-02T14:42:10Z,2026-09-02T14:42:10Z
efecf1cf-1994-4970-873a-11d35bca17b8,Belén CASETTA,belencasetta,,ARG,female,resolved,world_athletics,2026-09-02T14:42:10Z,2026-09-02T14:42:10Z
cd4e5c82-5400-4c94-ba65-cce9009644b2,Belinda CHEMUTAI,belindachemutai,,UGA,female,resolved,world_athletics,2026-09-02T14:42:10Z,2026-09-02T14:42:10Z
a48d72a7-5458-45aa-852a-e77b185653aa,Benard BIWOTT,benardbiwott,,KEN,male,resolved,world_athletics,2026-09-02T14:42:10Z,2026-09-02T14:42:10Z
50c759d7-5b90-4445-9090-ed7acb6fc10d,Benard KETER,benardketer,,USA,male,resolved,world_athletics,2026-09-02T14:42:10Z,2026-09-02T14:42:10Z
8568d963-3bb8-4b3d-b055-60f06338bf09,Benard KIBET,benardkibet,,KEN,male,resolved,world_athletics,2026-09-02T14:42:10Z,2026-09-02T14:42:10Z
15e0b3ab-56f7-40ae-aeec-32aacd364945,Benard Kibet MURKOMEN,benardkibetmurkomen,,KEN,male,resolved,world_athletics,2026-09-02T14:42:10Z,2026-09-02T14:42:10Z
8c803da0-7d02-407c-8097-d42104ced6aa,Benard KIMELI,benardkimeli,,KEN,male,resolved,world_athletics,2026-09-02T14:42:10Z,2026-09-02T14:42:10Z
dbb07990-30d0-413c-a4ce-63a3c92ba544,Benard KIPKORIR,benardkipkorir,,KEN,male,resolved,world_athletics,2026-09-02T14:42:10Z,2026-09-02T14:42:10Z
f2cfc3bf-cf52-46bf-ad3e-27fd383313fc,Benard LANGAT,benardlangat,,KEN,male,resolved,world_athletics,2026-09-02T14:42:10Z,2026-09-02T14:42:10Z
56a3056f-0b7e-4206-ae28-d6306cbadbf2,Ben BUCKINGHAM,benbuckingham,,AUS,male,resolved,world_athletics,2026-09-02T14:42:10Z,2026-09-02T14:42:10Z
4466d60b-abb7-4097-ace5-c0d2546aafb7,Ben Chelimo SOMIKWO,benchelimosomikwo,,UGA,male,resolved,world_athletics,2026-09-02T14:42:10Z,2026-09-02T14:42:10Z
5945cefa-c9b2-41b8-ae8a-0a899f69ae86,Bendere OBOYA,bendereoboya,,AUS,female,resolved,world_athletics,2026-09-02T14:42:10Z,2026-09-02T14:42:10Z
a82111f3-e205-4366-bb17-7048abb3b2de,Benjamin Allen,benjaminallen,Benjamin Allen,USA,male,resolved,world_athletics,2026-09-02T14:42:10Z,2026-09-02T14:42:10Z
05544227-4274-42b2-9210-ab69d31c4960,Benjamin Choquert,benjaminchoquert,Benjamin CHOQUERT,FRA,male,resolved,world_athletics,2026-09-02T14:42:10Z,2026-09-02T14:42:10Z
564a331c-2eb7-4419-bdef-df50c7e33f9c,Benjamin FLANAGAN,benjaminflanagan,,CAN,male,resolved,world_athletics,2026-09-02T14:42:10Z,2026-09-02T14:42:10Z
01b5f821-fea3-4249-b8a3-5ea7490e6a07,Benjamin KIGEN,benjaminkigen,,KEN,male,resolved,world_athletics,2026-09-02T14:42:10Z,2026-09-02T14:42:10Z
1d8a8d39-b4a5-431e-a7d6-e06d1aab9543,Benjamin REYNOLDS,benjaminreynolds,,GBR,male,resolved,world_athletics,2026-09-02T14:42:10Z,2026-09-02T14:42:10Z
7d952126-cd89-4372-9473-dc73ac1118d4,Benjamin ROBERT,benjaminrobert,,FRA,male,resolved,world_athletics,2026-09-02T14:42:10Z,2026-09-02T14:42:10Z
1c37bb3d-69d3-4131-add8-50c54f819a2f,Benjamin THOMAS,benjaminthomas,,AUS,male,resolved,world_athletics,2026-09-02T14:42:10Z,2026-09-02T14:42:10Z
c2259d98-bce9-4e91-b9a0-3ae7dcb94f2c,Ben Nagel,bennagel,Ben Nagel,USA,male,resolved,world_athletics,2026-09-02T14:42:10Z,2026-09-02T14:42:10Z
f34828e5-d649-492d-ae04-91b883e9c6e0,Benne C. ANDERSON,bennecanderson,,GER,male,resolved,world_athletics,2026-09-02T14:42:10Z,2026-09-02T14:42:10Z
c7754e0d-e736-4657-b20f-2a544e22c032,Benoit CAMPION,benoitcampion,,FRA,male,resolved,world_athletics,2026-09-02T14:42:10Z,2026-09-02T14:42:10Z
34d5c7ae-7e33-4dfc-8432-d319d9dc165d,Ben Pattison,benpattison,Ben Pattison,GBR,male,resolved,world_athletics,2026-09-02T14:42:10Z,2026-09-02T14:42:10Z
398af9c6-2d62-4815-beab-6403be424d91,Ben Perrin,benperrin,Ben Perrin,USA,male,resolved,world_athletics,2026-09-02T14:42:10Z,2026-09-02T14:42:10Z
26a4849b-53f3-43da-a371-7ef5697c8d9a,Ben Preisner,benpreisner,Ben Preisner,CAN,male,resolved,world_athletics,2026-09-02T14:42:10Z,2026-09-02T14:42:10Z
f847f86e-65f2-46f7-a31a-ba8dbe1f0783,Benson KIPLANGAT,bensonkiplangat,,KEN,male,resolved,world_athletics,2026-09-02T14:42:10Z,2026-09-02T14:42:10Z
bc105dee-bf10-43a5-a54a-5bb5c763a7f5,Benson KIPRUTO,bensonkipruto,,KEN,male,resolved,world_athletics,2026-09-02T14:42:10Z,2026-09-02T14:42:10Z
519cb6ba-b53f-42eb-b43e-a7361cb28a3e,Benson NZIOKI,bensonnzioki,,KEN,male,resolved,world_athletics,2026-09-02T14:42:10Z,2026-09-02T14:42:10Z
d8fa6753-5841-42e7-b275-41b9111b8359,Benson TUNYO,bensontunyo,,KEN,male,resolved,world_athletics,2026-09-02T14:42:10Z,2026-09-02T14:42:10Z
9bb2a064-a759-4339-ab51-2f5ffb85e103,Ben VEATCH,benveatch,,USA,male,resolved,world_athletics,2026-09-02T14:42:10Z,2026-09-02T14:42:10Z
63cb0c37-8c0c-425a-8dc0-2b38f31b100d,Berdine CASTILLO,berdinecastillo,,CHI,female,resolved,world_athletics,2026-09-02T14:42:10Z,2026-09-02T14:42:10Z
a2af9ba5-ba8d-4f90-9841-9bdfddc786db,Bere AYALEW,bereayalew,,ETH,female,resolved,world_athletics,2026-09-02T14:42:10Z,2026-09-02T14:42:10Z
25486f5f-e969-4ecc-a4fb-8fa5f9c3c7f1,Berehanu TSEGU,berehanutsegu,,ETH,male,resolved,world_athletics,2026-09-02T14:42:10Z,2026-09-02T14:42:10Z
e612a569-b755-41ee-8a89-53db543c7c2f,Berenice CLEYET-MERLE,berenicecleyetmerle,,FRA,female,resolved,world_athletics,2026-09-02T14:42:10Z,2026-09-02T14:42:10Z
1085fbfa-a826-488d-851f-928fcf8a1fea,Bérénice FULCHIRON,berenicefulchiron,,FRA,female,resolved,world_athletics,2026-09-02T14:42:10Z,2026-09-02T14:42:10Z
fefedbef-cf5a-450c-9ddf-6986bfc4cab0,Berhane TESFAY,berhanetesfay,,ERI,male,resolved,world_athletics,2026-09-02T14:42:10Z,2026-09-02T14:42:10Z
d4ce2959-b8b9-49cb-821b-a1f4046c63d7,Berhane Tsegay TEKLE,berhanetsegaytekle,,ERI,male,resolved,world_athletics,2026-09-02T14:42:10Z,2026-09-02T14:42:10Z
49578e40-0bc5-4649-937c-728dfbe80d9b,Berihu AREGAWI,berihuaregawi,,ETH,male,resolved,world_athletics,2026-09-02T14:42:10Z,2026-09-02T14:42:10Z
fb398077-66db-41c6-8b7d-583440c24342,Berihun MOGES,berihunmoges,,ETH,male,resolved,world_athletics,2026-09-02T14:42:10Z,2026-09-02T14:42:10Z
b458b980-4d3e-40bf-8027-5097241be48b,Bernard KIMANI,bernardkimani,,KEN,male,resolved,world_athletics,2026-09-02T14:42:10Z,2026-09-02T14:42:10Z
be869ed7-183e-4712-8fe6-88728397cba6,Bernard Kipkemoi ROTICH,bernardkipkemoirotich,,KEN,male,resolved,world_athletics,2026-09-02T14:42:10Z,2026-09-02T14:42:10Z
cf5f53fe-9e2a-401b-aa83-8f3e0e786d2d,Bernard Kiprop KOECH,bernardkipropkoech,,KEN,male,resolved,world_athletics,2026-09-02T14:42:10Z,2026-09-02T14:42:10Z
939a8ebc-47ae-452f-a0f4-530f68f62e26,Bernard MUIA,bernardmuia,,KEN,male,resolved,world_athletics,2026-09-02T14:42:10Z,2026-09-02T14:42:10Z
cb6b57fd-2253-403f-aec0-3b4f10aa7093,Bernard WAMBUA,bernardwambua,,KEN,male,resolved,world_athletics,2026-09-02T14:42:10Z,2026-09-02T14:42:10Z
1a8f112e-add8-4845-89e1-c2c89e1b1218,Bertukan WELDE,bertukanwelde,,ETH,female,resolved,world_athletics,2026-09-02T14:42:10Z,2026-09-02T14:42:10Z
6d293ef5-d8f9-445d-ac27-e8db4beaf6a2,Betelihem AFENIGUS,betelihemafenigus,,ETH,female,resolved,world_athletics,2026-09-02T14:42:10Z,2026-09-02T14:42:10Z
4acfba7d-d47a-462a-bea0-01838c350ba9,Bethan MORLEY,bethanmorley,,GBR,female,resolved,world_athletics,2026-09-02T14:42:10Z,2026-09-02T14:42:10Z
783d42a9-c80f-46c4-87f4-4507f6b36084,Bethany HASZ,bethanyhasz,,USA,female,resolved,world_athletics,2026-09-02T14:42:10Z,2026-09-02T14:42:10Z
78ba5e10-d0c0-443f-a1d1-1541cb0d0650,Bethwel Kibet,bethwelkibet,Bethwel Kibet,KEN,male,resolved,world_athletics,2026-09-02T14:42:10Z,2026-09-02T14:42:10Z
a845004b-4e89-40e1-a58c-c11333733fa8,Bethwell KIPKEMBOI,bethwellkipkemboi,,KEN,male,resolved,world_athletics,2026-09-02T14:42:10Z,2026-09-02T14:42:10Z
0b5a35c7-4114-47ee-a4bc-8a206b6a2859,Bethwel YEGON,bethwelyegon,,KEN,male,resolved,world_athletics,2026-09-02T14:42:10Z,2026-09-02T14:42:10Z
716846c1-8684-4612-8517-727191299f4b,Betsy SAINA,betsysaina,,USA,female,resolved,world_athletics,2026-09-02T14:42:10Z,2026-09-02T14:42:10Z
da4e8abb-801a-4ceb-bce5-251415649051,Betty Chepkemoi KIBET,bettychepkemoikibet,,KEN,female,resolved,world_athletics,2026-09-02T14:42:10Z,2026-09-02T14:42:10Z
6ac80409-62cb-459f-96be-50c6ad2a148e,Betty CHEPKORIR,bettychepkorir,,KEN,female,resolved,world_athletics,2026-09-02T14:42:10Z,2026-09-02T14:42:10Z
fe34a93b-f681-4ebc-8833-631f23f80e08,Betty CHEPKWONY,bettychepkwony,,KEN,female,resolved,world_athletics,2026-09-02T14:42:10Z,2026-09-02T14:42:10Z
baaf8c36-2945-421f-b1e4-767c49a954c6,Betty JEPLETING,bettyjepleting,,KEN,female,resolved,world_athletics,2026-09-02T14:42:10Z,2026-09-02T14:42:10Z
f4d612af-592e-4983-a4a1-4132341d9128,Beyenu DEGEFA,beyenudegefa,,ETH,female,resolved,world_athletics,2026-09-02T14:42:10Z,2026-09-02T14:42:10Z
0f78806a-df6c-4936-9c85-7407e6ea077c,Bianka KÉRI,biankakeri,,HUN,female,resolved,world_athletics,2026-09-02T14:42:10Z,2026-09-02T14:42:10Z
7b4e15b3-066d-4cc3-baf0-2a12fc04c2b8,Bikile AMBESU,bikileambesu,,ETH,female,resolved,world_athletics,2026-09-02T14:42:10Z,2026-09-02T14:42:10Z
bace0edf-f64e-488c-becf-e2e3cf349090,Bilal TABTI,bilaltabti,,ALG,male,resolved,world_athletics,2026-09-02T14:42:10Z,2026-09-02T14:42:10Z
82df97f5-8045-4029-a356-787740a69005,Billah JEPKIRUI,billahjepkirui,,KEN,female,resolved,world_athletics,2026-09-02T14:42:10Z,2026-09-02T14:42:10Z
ba070cdb-37c5-4760-af14-87f36ae4ec63,Bing WU,bingwu,,CHN,female,resolved,world_athletics,2026-09-02T14:42:10Z,2026-09-02T14:42:10Z
9d1e7cd9-5d1f-474e-be00-52070cb87313,Biniam MEHARY,biniammehary,,ETH,male,resolved,world_athletics,2026-09-02T14:42:10Z,2026-09-02T14:42:10Z
332b7521-eac5-4f1e-b5f3-9f06f1081064,Bira SEBOKA,biraseboka,,ETH,male,resolved,world_athletics,2026-09-02T14:42:10Z,2026-09-02T14:42:10Z
3d45c9e6-8b91-4190-9a94-2a116437b2ee,Birhane MENGISTU,birhanemengistu,,ETH,male,resolved,world_athletics,2026-09-02T14:42:10Z,2026-09-02T14:42:10Z
5d0da85a-0a49-4721-a3a3-bb53946ab6b5,Birhan MULUGOJAM,birhanmulugojam,,ETH,female,resolved,world_athletics,2026-09-02T14:42:10Z,2026-09-02T14:42:10Z
15d6eb24-7fa8-493e-84d6-4279b8eb37f8,Birhan NEBEBEW,birhannebebew,,ETH,male,resolved,world_athletics,2026-09-02T14:42:10Z,2026-09-02T14:42:10Z
050289e2-72a9-4cb5-afbd-d83b90c7802c,Birhanu BALEW,birhanubalew,,BRN,male,resolved,world_athletics,2026-09-02T14:42:10Z,2026-09-02T14:42:10Z
1c674da1-da5e-462a-8673-eeec4dbacf54,Birhanu LEGESE,birhanulegese,,ETH,male,resolved,world_athletics,2026-09-02T14:42:10Z,2026-09-02T14:42:10Z
e34fdfb5-c2b2-4beb-a6a4-a5787f99764d,Birhanu TESHOME,birhanuteshome,,ETH,male,resolved,world_athletics,2026-09-02T14:42:10Z,2026-09-02T14:42:10Z
85095542-e6e4-4cd8-82c3-3763a6f56fc9,Birke HAYLOM,birkehaylom,,ETH,female,resolved,world_athletics,2026-09-02T14:42:10Z,2026-09-02T14:42:10Z
9b8c0efa-8ebc-47e0-95e4-6eee54954942,Birkutan ABERA,birkutanabera,,ETH,female,resolved,world_athletics,2026-09-02T14:42:10Z,2026-09-02T14:42:10Z
300ecea8-8526-47ec-9ba7-1fcdc5838d3d,Birtukan DEGU,birtukandegu,,ETH,female,resolved,world_athletics,2026-09-02T14:42:10Z,2026-09-02T14:42:10Z
98dc6aac-d9ff-4b57-af48-d88cf9e93880,Birtukan MOLLA,birtukanmolla,,ETH,female,resolved,world_athletics,2026-09-02T14:42:10Z,2026-09-02T14:42:10Z
52d6e767-bba1-4898-9de4-e2c53b6d4432,Bizuager ADERRA,bizuageraderra,,ETH,female,resolved,world_athletics,2026-09-02T14:42:10Z,2026-09-02T14:42:10Z
0c097acc-21aa-4cd4-a2fb-6a56613fc574,Bizunesh GETAHUN,bizuneshgetahun,,ETH,female,resolved,world_athletics,2026-09-02T14:42:10Z,2026-09-02T14:42:10Z
ce9ada30-67f8-451c-834a-aa84b673877d,Blanca FERNÁNDEZ,blancafernandez,,ESP,female,resolved,world_athletics,2026-09-02T14:42:10Z,2026-09-02T14:42:10Z
d2fddb62-177a-4318-9d85-367c5904ff17,Boaz KIPKEMEI,boazkipkemei,,KEN,male,resolved,world_athletics,2026-09-02T14:42:10Z,2026-09-02T14:42:10Z
eec2bfbe-8036-4de9-a210-0c8f42dcc396,Boaz KIPRUGUT,boazkiprugut,,KEN,male,resolved,world_athletics,2026-09-02T14:42:10Z,2026-09-02T14:42:10Z
f87ed156-900c-4043-934c-f142f61b77a5,Bobby Poynter,bobbypoynter,Bobby Poynter,USA,male,resolved,world_athletics,2026-09-02T14:42:10Z,2026-09-02T14:42:10Z
205e8fba-cac9-4370-9b0e-c1c838aec18a,Bob LIKING,bobliking,,USA,male,resolved,world_athletics,2026-09-02T14:42:10Z,2026-09-02T14:42:10Z
988d6cdd-2842-400e-a68c-23276313d551,Boki DIRIBA,bokidiriba,,ETH,male,resolved,world_athletics,2026-09-02T14:42:10Z,2026-09-02T14:42:10Z
98f53d44-a3bd-4508-993b-4b4a31b8f1f1,Bo LI,boli,,CHN,male,resolved,world_athletics,2026-09-02T14:42:10Z,2026-09-02T14:42:10Z
8cb21653-3c1f-499b-8c05-ea7b6241866f,Bone CHELUKE,bonecheluke,,ETH,female,resolved,world_athletics,2026-09-02T14:42:10Z,2026-09-02T14:42:10Z
15c4a1fc-267b-46da-af39-3764e1ff7cb3,Boniface Kibiwott,bonifacekibiwott,Boniface Kibiwott,KEN,male,resolved,world_athletics,2026-09-02T14:42:10Z,2026-09-02T14:42:10Z
b33264d8-0afe-41c5-ba7a-e102a30b6710,Boniface KIMUTAI,bonifacekimutai,,KEN,male,resolved,world_athletics,2026-09-02T14:42:10Z,2026-09-02T14:42:10Z
51cab6c5-6f8e-490e-852f-392c998ed242,Boniface MULWA,bonifacemulwa,,KEN,male,resolved,world_athletics,2026-09-02T14:42:10Z,2026-09-02T14:42:10Z
8803c202-381e-4bcc-b6cb-14b0bbe53dd2,Bontu BEKELE,bontubekele,,ETH,female,resolved,world_athletics,2026-09-02T14:42:10Z,2026-09-02T14:42:10Z
0bf2a2b3-3b30-4e86-a0c1-4494033ca79d,Bontu Edao REBITU,bontuedaorebitu,,BRN,female,resolved,world_athletics,2026-09-02T14:42:10Z,2026-09-02T14:42:10Z
608f11ed-0eb3-4997-850b-bd840c98c1b8,Bosena MULATIE,bosenamulatie,,ETH,female,resolved,world_athletics,2026-09-02T14:42:10Z,2026-09-02T14:42:10Z
6e2283de-56f9-4403-86b8-9af7ca3b9c80,Bouazza KASSOUI,bouazzakassoui,,MAR,male,resolved,world_athletics,2026-09-02T14:42:10Z,2026-09-02T14:42:10Z
81b335e6-79f3-4eb9-b49f-19c36fc53aa6,Brad MATHAS,bradmathas,,NZL,male,resolved,world_athletics,2026-09-02T14:42:10Z,2026-09-02T14:42:10Z
8b3471d6-9968-4ae7-a4a0-e860bc389212,Bram ANDERIESSEN,bramanderiessen,,NED,male,resolved,world_athletics,2026-09-02T14:42:10Z,2026-09-02T14:42:10Z
465ecabd-3d80-41c3-8c94-64d3e43768af,Brandon Miller,brandonmiller,Brandon Miller,USA,male,resolved,world_athletics,2026-09-02T14:42:10Z,2026-09-02T14:42:10Z
c6201520-e856-4b26-9b2f-35d55e770455,Brannon KIDDER,brannonkidder,,USA,male,resolved,world_athletics,2026-09-02T14:42:10Z,2026-09-02T14:42:10Z
f5c0fcb9-5202-4f8e-ad88-3f0173aa57c1,Bravin Kipkogei KIPTOO,bravinkipkogeikiptoo,,KEN,male,resolved,world_athletics,2026-09-02T14:42:10Z,2026-09-02T14:42:10Z
6ecbe8e0-a1d6-4a59-9116-13fbd06468e5,Bravin KIPROP,bravinkiprop,,KEN,male,resolved,world_athletics,2026-09-02T14:42:10Z,2026-09-02T14:42:10Z
caf2ccea-f6b7-4654-b485-318e6f11fceb,Breanna Sieracki,breannasieracki,Breanna Sieracki,USA,female,resolved,world_athletics,2026-09-02T14:42:10Z,2026-09-02T14:42:10Z
3f97f6fe-8b4e-4841-ab52-c8ebe5fd39db,Bregje SLOOT,bregjesloot,,NED,female,resolved,world_athletics,2026-09-02T14:42:10Z,2026-09-02T14:42:10Z
8f209ba6-c571-47d1-965d-c763d3d89773,Brenda Jepchirchir,brendajepchirchir,Brenda Jepchirchir,KEN,female,resolved,world_athletics,2026-09-02T14:42:10Z,2026-09-02T14:42:10Z
e2e10802-0aa2-496b-9913-862f946d53c3,Brenna DETRA,brennadetra,,USA,female,resolved,world_athletics,2026-09-02T14:42:10Z,2026-09-02T14:42:10Z
1b166ca1-4107-439a-bbe6-bde14e00e69e,Brett Gardner,brettgardner,Brett Gardner,USA,male,resolved,world_athletics,2026-09-02T14:42:10Z,2026-09-02T14:42:10Z
6ccc6fec-4ac0-4540-a290-a3402c1ccb2c,Brett MEYER,brettmeyer,,USA,male,resolved,world_athletics,2026-09-02T14:42:10Z,2026-09-02T14:42:10Z
c6182aa7-e7c8-4369-903c-1dab8124a2bf,Brett Robinson,brettrobinson,Brett Robinson,AUS,male,resolved,world_athletics,2026-09-02T14:42:10Z,2026-09-02T14:42:10Z
a27a7b4a-9673-48db-beaf-25bfe3c28365,Briana SCOTT,brianascott,,CAN,female,resolved,world_athletics,2026-09-02T14:42:10Z,2026-09-02T14:42:10Z
5b18661a-edc4-4764-a931-872e3cb59822,Brian BARRAZA,brianbarraza,,USA,male,resolved,world_athletics,2026-09-02T14:42:10Z,2026-09-02T14:42:10Z
2c5ee0ee-cea7-47e9-8b9a-74cc271171eb,Brian Fay,brianfay,Brian Fay,IRL,male,resolved,world_athletics,2026-09-02T14:42:10Z,2026-09-02T14:42:10Z
f069a08c-c37b-4031-9c65-631e3e2e2408,Brian KIBOR,briankibor,,KEN,male,resolved,world_athletics,2026-09-02T14:42:10Z,2026-09-02T14:42:10Z
c075fad9-9e1a-4302-902c-5e5e5c499f38,Brian KIPSANG,briankipsang,,KEN,male,resolved,world_athletics,2026-09-02T14:42:10Z,2026-09-02T14:42:10Z
fbf3d2d2-6a63-412c-9138-63cad932b1e2,Brian Kiptoo,briankiptoo,brian kiptoo,KEN,male,resolved,world_athletics,2026-09-02T14:42:10Z,2026-09-02T14:42:10Z
e149b2ac-ef73-4f0e-9333-de5533869071,Brian Kiptum,briankiptum,brian kiptum,KEN,male,resolved,world_athletics,2026-09-02T14:42:10Z,2026-09-02T14:42:10Z
e9fef90e-840d-4c15-94f1-79266149d3a1,Brian KIPYEGON,briankipyegon,,KEN,male,resolved,world_athletics,2026-09-02T14:42:10Z,2026-09-02T14:42:10Z
0f4cebcd-67ed-4ffc-b2f6-62ee6c4feae2,Brian KOMEN,briankomen,,KEN,male,resolved,world_athletics,2026-09-02T14:42:10Z,2026-09-02T14:42:10Z
e4a43505-261f-4b40-9d8e-0d855e67cadf,Brian KWEMOI,briankwemoi,,KEN,male,resolved,world_athletics,2026-09-02T14:42:10Z,2026-09-02T14:42:10Z
4c258ec3-ed5e-46ab-8d58-92914c8235c5,Brian Muange MUSAU,brianmuangemusau,,KEN,male,resolved,world_athletics,2026-09-02T14:42:10Z,2026-09-02T14:42:10Z
28f39388-b368-4632-ab1e-4b09056b3012,Brianna ROBLES,briannarobles,,USA,female,resolved,world_athletics,2026-09-02T14:42:10Z,2026-09-02T14:42:10Z
9ba25d08-ed24-4abf-bd92-108fab278f71,Brian SHRADER,brianshrader,,USA,male,resolved,world_athletics,2026-09-02T14:42:10Z,2026-09-02T14:42:10Z
29da75f6-5fea-42c9-a647-3d78ca0146c6,Brielle ERBACHER,brielleerbacher,,AUS,female,resolved,world_athletics,2026-09-02T14:42:10Z,2026-09-02T14:42:10Z
1001fff6-b4e0-4113-9cd5-685b9ade81bd,Brigid KOSGEI,brigidkosgei,,KEN,female,resolved,world_athletics,2026-09-02T14:42:10Z,2026-09-02T14:42:10Z
0e7cd525-f857-4c02-870f-3b35de6d17cb,Brillian Jepkorir KIPKOECH,brillianjepkorirkipkoech,,KEN,female,resolved,world_athletics,2026-09-02T14:42:10Z,2026-09-02T14:42:10Z
9beeaabd-90ed-4d81-b791-80e2540de872,Brimin KIPKORIR,briminkipkorir,,KEN,male,resolved,world_athletics,2026-09-02T14:42:10Z,2026-09-02T14:42:10Z
c8e19c1a-f0d3-4b6d-ac11-d3b47a01c86a,Bronwyn PATTERSON,bronwynpatterson,,USA,female,resolved,world_athletics,2026-09-02T14:42:10Z,2026-09-02T14:42:10Z
946a859a-cc5f-4bce-af14-8a94abea17cf,Brooke FELDMEIER,brookefeldmeier,,USA,female,resolved,world_athletics,2026-09-02T14:42:10Z,2026-09-02T14:42:10Z
f1772e3d-78ef-42c7-98f7-c9013e8ba1eb,Brooke JAWORSKI,brookejaworski,,USA,female,resolved,world_athletics,2026-09-02T14:42:10Z,2026-09-02T14:42:10Z
44589e00-fa0a-4805-b185-96e8b9dfc848,Bruce-Lynn DAMONS,brucelynndamons,,RSA,male,resolved,world_athletics,2026-09-02T14:42:10Z,2026-09-02T14:42:10Z
192666df-c347-41f5-9b8c-56cc6a0f8b38,Bruno Pierru,brunopierru,Bruno Pierru,FRA,male,resolved,world_athletics,2026-09-02T14:42:10Z,2026-09-02T14:42:10Z
469bce8e-9397-457d-ac24-60033dceef93,Bryce HOPPEL,brycehoppel,,USA,male,resolved,world_athletics,2026-09-02T14:42:10Z,2026-09-02T14:42:10Z
73a496a7-31c1-4dde-87ef-f6dfe1d3fff4,Bukayawe MALEDE,bukayawemalede,,ISR,male,resolved,world_athletics,2026-09-02T14:42:10Z,2026-09-02T14:42:10Z
98891709-baff-4c35-8b5b-93ad5451ac42,Bute GEMECHU,butegemechu,,ETH,male,resolved,world_athletics,2026-09-02T14:42:10Z,2026-09-02T14:42:10Z
2489651d-e391-4690-8ad2-8b61849d3f43,Buze DIRIBA,buzediriba,,ETH,female,resolved,world_athletics,2026-09-02T14:42:10Z,2026-09-02T14:42:10Z
d12a2673-04cf-429b-b54e-eb0bdf72fdf3,Buzunesh GETACHEW,buzuneshgetachew,,ETH,female,resolved,world_athletics,2026-09-02T14:42:10Z,2026-09-02T14:42:10Z
61578afe-d51d-4522-b7e1-8738729cc275,Byambajav TSEVEENRAVDAN,byambajavtseveenravdan,,MGL,male,resolved,world_athletics,2026-09-02T14:42:10Z,2026-09-02T14:42:10Z
c89772f4-8851-47e1-ba86-61871106dc25,Bygeon KIPRONO,bygeonkiprono,,KEN,male,resolved,world_athletics,2026-09-02T14:42:10Z,2026-09-02T14:42:10Z
0d67a22e-609a-4130-b705-74315df6b0b6,Caden Norris,cadennorris,Caden Norris,USA,male,resolved,world_athletics,2026-09-02T14:42:10Z,2026-09-02T14:42:10Z
f41665fe-90ce-4bcb-b033-52be1f4fe24b,Cairen SUOLANG,cairensuolang,,CHN,male,resolved,world_athletics,2026-09-02T14:42:10Z,2026-09-02T14:42:10Z
d1ad457b-b3d2-46f4-9834-fb6323d53f1d,Calli DOAN,callidoan,,USA,female,resolved,world_athletics,2026-09-02T14:42:10Z,2026-09-02T14:42:10Z
eb5122d2-d0bc-4ed0-8077-b0b606329e62,Calli HAUGER-THACKERY,callihaugerthackery,,GBR,female,resolved,world_athletics,2026-09-02T14:42:10Z,2026-09-02T14:42:10Z
af75cc0c-5d62-4e90-8a6e-a2978dc30ca3,Callum Davies,callumdavies,Callum Davies,AUS,male,resolved,world_athletics,2026-09-02T14:42:10Z,2026-09-02T14:42:10Z
c23baa00-4294-4684-8d64-dce9df470ae6,Callum DODDS,callumdodds,,GBR,male,resolved,world_athletics,2026-09-02T14:42:10Z,2026-09-02T14:42:10Z
5e87b9a0-97dc-4e6b-9cfb-9fc04195bfce,Callum Elson,callumelson,Callum Elson,GBR,male,resolved,world_athletics,2026-09-02T14:42:10Z,2026-09-02T14:42:10Z
7ec09997-64af-4eed-9f48-06894a9a8b1f,Camden Gilmore,camdengilmore,Camden Gilmore,USA,male,resolved,world_athletics,2026-09-02T14:42:10Z,2026-09-02T14:42:10Z
b6c8fcbe-9ce8-47e1-b5f0-3c694e0768ba,Camden MARSHALL,camdenmarshall,,USA,male,resolved,world_athletics,2026-09-02T14:42:10Z,2026-09-02T14:42:10Z
a5a25f03-6902-4fc2-aeb1-5209d00146e7,Cameron Avery,cameronavery,Cameron Avery,NZL,male,resolved,world_athletics,2026-09-02T14:42:10Z,2026-09-02T14:42:10Z
2dd490fc-2db7-4998-a22f-0f1f690948f0,Cameron BOYEK,cameronboyek,,GBR,male,resolved,world_athletics,2026-09-02T14:42:10Z,2026-09-02T14:42:10Z
6148674d-d46c-446a-b357-d8d615ecd32d,Cameron Levins,cameronlevins,Cameron Levins,CAN,male,resolved,world_athletics,2026-09-02T14:42:10Z,2026-09-02T14:42:10Z
c60181eb-bd4e-4444-b8d3-59c6413cd18a,Cameron MYERS,cameronmyers,,AUS,male,resolved,world_athletics,2026-09-02T14:42:10Z,2026-09-02T14:42:10Z
78252053-fc5f-4e9b-8c54-455b777853fe,Cameron PROCEVIAT,cameronproceviat,,CAN,male,resolved,world_athletics,2026-09-02T14:42:10Z,2026-09-02T14:42:10Z
42867366-fd55-40cd-b959-b8873ee52e8e,Camilla RICHARDSSON,camillarichardsson,,FIN,female,resolved,world_athletics,2026-09-02T14:42:10Z,2026-09-02T14:42:10Z
b3adb2e4-af2e-4f64-a797-1b9a49db4b72,Camille FRENCH,camillefrench,,NZL,female,resolved,world_athletics,2026-09-02T14:42:10Z,2026-09-02T14:42:10Z
052e2db6-2467-4624-a5ba-cb21496457f9,Cara FEAIN-RYAN,carafeainryan,,AUS,female,resolved,world_athletics,2026-09-02T14:42:10Z,2026-09-02T14:42:10Z
da701596-5476-4b36-be5c-586744bd6f78,Caren CHEBET,carenchebet,,KEN,female,resolved,world_athletics,2026-09-02T14:42:10Z,2026-09-02T14:42:10Z
e8d5b035-afb7-43d6-b312-a69f74e48369,Cari Hughes,carihughes,Cari Hughes,GBR,female,resolved,world_athletics,2026-09-02T14:42:10Z,2026-09-02T14:42:10Z
bda5ef5d-71c0-4a0b-b6f0-0fd265d454fb,Carina Viljoen,carinaviljoen,Carina Viljoen,RSA,female,resolved,world_athletics,2026-09-02T14:42:10Z,2026-09-02T14:42:10Z
7fe3c3a1-5101-4f2b-a783-d2b7da244b49,Carla Gallardo,carlagallardo,Carla Gallardo,ESP,female,resolved,world_athletics,2026-09-02T14:42:10Z,2026-09-02T14:42:10Z
6435294a-f591-40d1-9195-25175761e90d,Carla MASIP,carlamasip,,ESP,female,resolved,world_athletics,2026-09-02T14:42:10Z,2026-09-02T14:42:10Z
087e5d59-a69f-4dfb-8b41-5d9905d37159,Carla SWEENEY,carlasweeney,,IRL,female,resolved,world_athletics,2026-09-02T14:42:10Z,2026-09-02T14:42:10Z
8bba4ec2-3bf3-4e4d-bcea-3066efc54cf5,Carlee Hansen,carleehansen,Carlee Hansen,USA,female,resolved,world_athletics,2026-09-02T14:42:10Z,2026-09-02T14:42:10Z
dc4b6ce3-b99b-4069-b78a-cbbd0a16212c,Carley THOMAS,carleythomas,,AUS,female,resolved,world_athletics,2026-09-02T14:42:10Z,2026-09-02T14:42:10Z
348a8062-4240-48c8-8ba9-e6aba503050c,Carlos ÁNGEL,carlosangel,,ESP,male,resolved,world_athletics,2026-09-02T14:42:10Z,2026-09-02T14:42:10Z
1639dc00-1f4f-438d-8761-f5e3a8de66c2,Carlos DÍAZ,carlosdiaz,,CHI,male,resolved,world_athletics,2026-09-02T14:42:10Z,2026-09-02T14:42:10Z
c1af43f6-a64f-4d37-8e4d-009b54eb87f2,Carlos MAYO,carlosmayo,,ESP,male,resolved,world_athletics,2026-09-02T14:42:10Z,2026-09-02T14:42:10Z
bf9a3dc8-c58a-42c5-824c-1549af547e9e,Carlos SAEZ,carlossaez,,ESP,male,resolved,world_athletics,2026-09-02T14:42:10Z,2026-09-02T14:42:10Z
b496e5af-8891-4c7a-a215-34e00ea105ee,Carlos SAN MARTÍN,carlossanmartin,,COL,male,resolved,world_athletics,2026-09-02T14:42:10Z,2026-09-02T14:42:10Z
88a2dfc8-01dd-499f-8ace-9eec925bd044,Carmen Graves,carmengraves,Carmen Graves,USA,female,resolved,world_athletics,2026-09-02T14:42:10Z,2026-09-02T14:42:10Z
e239dc44-150a-46c1-8025-a7bc033ac9b6,Carolien MILLENAAR,carolienmillenaar,,DEN,female,resolved,world_athletics,2026-09-02T14:42:10Z,2026-09-02T14:42:10Z
53368b42-7554-4484-bd9a-d111d9939450,Carolina JOHNSON,carolinajohnson,,SWE,female,resolved,world_athletics,2026-09-02T14:42:10Z,2026-09-02T14:42:10Z
8d4dbc4f-a47f-4a60-9ff1-1d90e5d6e9bd,Carolina ROBLES,carolinarobles,,ESP,female,resolved,world_athletics,2026-09-02T14:42:10Z,2026-09-02T14:42:10Z
ec2ca1c3-6101-4bbe-b036-a53f34870731,Carolina WIKSTRÖM,carolinawikstrom,,SWE,female,resolved,world_athletics,2026-09-02T14:42:10Z,2026-09-02T14:42:10Z
da633a38-c743-4cee-9f8b-949c199e7b92,Caroline BREDLINGER,carolinebredlinger,,AUT,female,resolved,world_athletics,2026-09-02T14:42:10Z,2026-09-02T14:42:10Z
fa89d70b-441a-4abf-89d4-61281597f510,Caroline Cheptanui KILEL,carolinecheptanuikilel,,KEN,female,resolved,world_athletics,2026-09-02T14:42:10Z,2026-09-02T14:42:10Z
d4a33cef-6850-423f-a4aa-3251ef1fb85a,Caroline Jebet KORIR,carolinejebetkorir,,KEN,female,resolved,world_athletics,2026-09-02T14:42:10Z,2026-09-02T14:42:10Z
620057da-7f39-4822-9a5f-1cff8621ba96,Caroline JEPCHIRCHIR,carolinejepchirchir,,KEN,female,resolved,world_athletics,2026-09-02T14:42:10Z,2026-09-02T14:42:10Z
302b47d3-e533-4624-bb29-fb3fab7503ef,Caroline JEPKEMEI,carolinejepkemei,,KEN,female,resolved,world_athletics,2026-09-02T14:42:10Z,2026-09-02T14:42:10Z
f366e156-fc8a-419d-be56-4c42db069354,Caroline KARIBA,carolinekariba,,KEN,female,resolved,world_athletics,2026-09-02T14:42:10Z,2026-09-02T14:42:10Z
b3161117-6803-40a6-9c12-4dc7d5d1fcc9,Caroline Makandi GITONGA,carolinemakandigitonga,,KEN,female,resolved,world_athletics,2026-09-02T14:42:10Z,2026-09-02T14:42:10Z
834f74dc-b394-4d56-a6a5-bf241e78db85,Caroline NYAGA,carolinenyaga,,KEN,female,resolved,world_athletics,2026-09-02T14:42:10Z,2026-09-02T14:42:10Z
f5b4b15c-65cd-4bf8-8930-def74e6ee9d3,Caroline ROTICH,carolinerotich,,USA,female,resolved,world_athletics,2026-09-02T14:42:10Z,2026-09-02T14:42:10Z
c2af12ac-902e-4d57-ac79-03ca085bfc80,Carrie VERDON,carrieverdon,,USA,female,resolved,world_athletics,2026-09-02T14:42:10Z,2026-09-02T14:42:10Z
4d618668-e489-46a7-b538-91a7ba1a4e59,Carson Williams,carsonwilliams,Carson Williams,USA,male,resolved,world_athletics,2026-09-02T14:42:10Z,2026-09-02T14:42:10Z
08a8b352-2871-4a5b-b8fc-e4221aeebb16,Carter Fitzgerald,carterfitzgerald,Carter Fitzgerald,USA,male,resolved,world_athletics,2026-09-02T14:42:10Z,2026-09-02T14:42:10Z
79f6f119-4c74-48ec-897a-470043eef7af,Casey CLINGER,caseyclinger,,USA,male,resolved,world_athletics,2026-09-02T14:42:10Z,2026-09-02T14:42:10Z
59209639-d884-41a4-b70b-3996c0dc52ba,Casey Comber,caseycomber,Casey Comber,USA,male,resolved,world_athletics,2026-09-02T14:42:10Z,2026-09-02T14:42:10Z
ca36ec8d-67b1-47bb-a8df-a3a463567175,Cassandra WILLIAMSON,cassandrawilliamson,,CAN,female,resolved,world_athletics,2026-09-02T14:42:10Z,2026-09-02T14:42:10Z
778fc308-dfaf-4513-ab17-8521302d7ebc,Cass ELLIOTT,casselliott,,USA,male,resolved,world_athletics,2026-09-02T14:42:10Z,2026-09-02T14:42:10Z
e9920d65-dfd9-4c64-a27b-14bedda1c991,Catalin TECUCEANU,catalintecuceanu,,ITA,male,resolved,world_athletics,2026-09-02T14:42:10Z,2026-09-02T14:42:10Z
6b6aa7cf-1bc9-47dd-89e8-d5c6cb79a501,Cathal DOYLE,cathaldoyle,,IRL,male,resolved,world_athletics,2026-09-02T14:42:10Z,2026-09-02T14:42:10Z
b2089044-71f6-4e79-a129-2141b97a139d,Catherine CHEROTICH,catherinecherotich,,KEN,female,resolved,world_athletics,2026-09-02T14:42:10Z,2026-09-02T14:42:10Z
fddf33c4-f874-4c9a-98dd-b2ae53ae15ac,Catherine Reline AMANANG'OLE,catherinerelineamanangole,,KEN,female,resolved,world_athletics,2026-09-02T14:42:10Z,2026-09-02T14:42:10Z
40a4543d-6d93-42e8-b43b-94705b0523e9,Catriona BISSET,catrionabisset,,AUS,female,resolved,world_athletics,2026-09-02T14:42:10Z,2026-09-02T14:42:10Z
0e9e6746-baf4-44d9-a2e6-7320885bbd86,Cavaline NAHIMANA,cavalinenahimana,,BDI,female,resolved,world_athletics,2026-09-02T14:42:10Z,2026-09-02T14:42:10Z
3aee9c4c-ca4a-4474-b4e5-e51166526529,Ceili MCCABE,ceilimccabe,,CAN,female,resolved,world_athletics,2026-09-02T14:42:10Z,2026-09-02T14:42:10Z
49067162-d083-4b4c-98f7-67828165f090,Celestine KWACHUWAI,celestinekwachuwai,,KEN,female,resolved,world_athletics,2026-09-02T14:42:10Z,2026-09-02T14:42:10Z
9bb5ca0f-1ed9-4d35-9c08-332043d1f3c3,Célestin NDIKUMANA,celestinndikumana,,BDI,male,resolved,world_athletics,2026-09-02T14:42:10Z,2026-09-02T14:42:10Z
eabddfa0-c645-47c6-af55-3687374f2107,César Daniel GOMEZ PONCE,cesardanielgomezponce,,MEX,male,resolved,world_athletics,2026-09-02T14:42:10Z,2026-09-02T14:42:10Z
4b46b7d2-9b61-4aac-8dc9-a6d6d4dad69e,Chakib LACHGAR,chakiblachgar,,ESP,male,resolved,world_athletics,2026-09-02T14:42:10Z,2026-09-02T14:42:10Z
961decaf-0e93-4e2c-9952-ca870314ba77,Chala BEYO,chalabeyo,,ETH,male,resolved,world_athletics,2026-09-02T14:42:10Z,2026-09-02T14:42:10Z
743359e6-a5e2-4fb5-bea2-d64a87e21c49,Chala REGASA,chalaregasa,,ETH,male,resolved,world_athletics,2026-09-02T14:42:10Z,2026-09-02T14:42:10Z
1217a9cb-dfa2-4d73-a936-d00e369f6d10,Challa GOSSA,challagossa,,ETH,male,resolved,world_athletics,2026-09-02T14:42:10Z,2026-09-02T14:42:10Z
c8e96c26-335b-4aa6-91c3-143a0f408ab3,Chaltu DIDA,chaltudida,,ETH,female,resolved,world_athletics,2026-09-02T14:42:10Z,2026-09-02T14:42:10Z
0bdd0818-de9e-4db7-9519-acd7d47822f9,Chalu DESO,chaludeso,,ETH,male,resolved,world_athletics,2026-09-02T14:42:10Z,2026-09-02T14:42:10Z
7ebdb654-987d-4a39-acf6-e4f76529f52c,Chamar Chambers,chamarchambers,Chamar Chambers,PAN,male,resolved,world_athletics,2026-09-02T14:42:10Z,2026-09-02T14:42:10Z
0a4e9838-315d-44f0-8069-1d49af3c7a17,Chandler Gibbens,chandlergibbens,Chandler Gibbens,USA,male,resolved,world_athletics,2026-09-02T14:42:10Z,2026-09-02T14:42:10Z
d13e52aa-61f8-4ad2-84eb-79917b801d42,Changqin DING,changqinding,,CHN,female,resolved,world_athletics,2026-09-02T14:42:10Z,2026-09-02T14:42:10Z
05dcea6d-9251-4c91-b9fa-4cf05126bc90,Charity CHEROP,charitycherop,,UGA,female,resolved,world_athletics,2026-09-02T14:42:10Z,2026-09-02T14:42:10Z
23de0bcd-54f9-47be-9be7-7b4c170335c5,Charlene LIPSEY,charlenelipsey,,USA,female,resolved,world_athletics,2026-09-02T14:42:10Z,2026-09-02T14:42:10Z
bfb0b0a9-7e53-49cb-adb3-59d4247e1ee7,Charles Cheboi SIMOTWO,charlescheboisimotwo,,KEN,male,resolved,world_athletics,2026-09-02T14:42:10Z,2026-09-02T14:42:10Z
59ceac0c-2d42-4120-92ef-e08daeb60305,Charles GRETHEN,charlesgrethen,,LUX,male,resolved,world_athletics,2026-09-02T14:42:10Z,2026-09-02T14:42:10Z
1e2bf2e4-6733-43e6-acdc-150e5e1ac042,Charles HARDERS,charlesharders,,USA,male,resolved,world_athletics,2026-09-02T14:42:10Z,2026-09-02T14:42:10Z
fb24c162-dd2b-4c82-ba9f-466a2c9416ae,Charles HICKS,charleshicks,,GBR,male,resolved,world_athletics,2026-09-02T14:42:10Z,2026-09-02T14:42:10Z
8e83118d-2580-4ca8-b2cc-3266360fec7e,Charles Kamau WANJIKU,charleskamauwanjiku,,KEN,male,resolved,world_athletics,2026-09-02T14:42:10Z,2026-09-02T14:42:10Z
a9af73c6-e85d-41e9-a442-4b8d07e36cb4,Charles Mbatha MATATA,charlesmbathamatata,,KEN,male,resolved,world_athletics,2026-09-02T14:42:10Z,2026-09-02T14:42:10Z
f384ad12-7041-44d5-809a-65b490e23a25,Charles Philibert-Thiboutot,charlesphilibertthiboutot,Charles Philibert-Thiboutot,CAN,male,resolved,world_athletics,2026-09-02T14:42:10Z,2026-09-02T14:42:10Z
fa1217f9-f619-4d29-8bfe-fd7c0de79f6c,Charles ROTICH,charlesrotich,,KEN,male,resolved,world_athletics,2026-09-02T14:42:10Z,2026-09-02T14:42:10Z
e1ac05a6-8a16-4641-9e38-8318a376e492,Charles Wheeler,charleswheeler,Charles Wheeler,GBR,male,resolved,world_athletics,2026-09-02T14:42:10Z,2026-09-02T14:42:10Z
d7dcde73-bdc3-4e3d-9d8c-e41015665201,Charlie HUNTER,charliehunter,,AUS,male,resolved,world_athletics,2026-09-02T14:42:10Z,2026-09-02T14:42:10Z
1a73550c-2463-4831-a473-fa271a71e4ed,Charlie O'DONOVAN,charlieodonovan,,IRL,male,resolved,world_athletics,2026-09-02T14:42:10Z,2026-09-02T14:42:10Z
58e64efe-94c3-4e44-960d-48d924f775be,Charlie Sweeney,charliesweeney,Charlie Sweeney,USA,male,resolved,world_athletics,2026-09-02T14:42:10Z,2026-09-02T14:42:10Z
c8a1803b-16fc-4d69-973b-99ac6fb29517,Charline MATHIAS,charlinemathias,,LUX,female,resolved,world_athletics,2026-09-02T14:42:10Z,2026-09-02T14:42:10Z
76f8bb97-84b1-4252-9f44-d44fc51cb008,Charlotte DUMAS,charlottedumas,,FRA,female,resolved,world_athletics,2026-09-02T14:42:10Z,2026-09-02T14:42:10Z
ca70c934-0542-4a94-8080-f113079051aa,Charlotte MOUCHET,charlottemouchet,,FRA,female,resolved,world_athletics,2026-09-02T14:42:10Z,2026-09-02T14:42:10Z
a7ea7226-c065-47b5-9a22-7a1f9c444213,Charlotte PIZZO,charlottepizzo,,FRA,female,resolved,world_athletics,2026-09-02T14:42:10Z,2026-09-02T14:42:10Z
06bdbb34-e5ad-41bf-9c56-0fa221d6f57b,Charlotte Purdue,charlottepurdue,Charlotte Purdue,GBR,female,resolved,world_athletics,2026-09-02T14:42:10Z,2026-09-02T14:42:10Z
e31d806a-1d77-4780-9771-c55795b5b3d8,Charlotte TOMKINSON,charlottetomkinson,,USA,female,resolved,world_athletics,2026-09-02T14:42:10Z,2026-09-02T14:42:10Z
1d80d5a4-ef50-4345-bc50-4facf3336c79,Charne SWART,charneswart,,RSA,female,resolved,world_athletics,2026-09-02T14:42:10Z,2026-09-02T14:42:10Z
3f7da4b8-4436-4b23-b471-fcf5059d005e,Chebon Stephen KIPKECH,chebonstephenkipkech,,KEN,male,resolved,world_athletics,2026-09-02T14:42:10Z,2026-09-02T14:42:10Z
f872d519-dfd6-4bfb-bb40-e36b49276c69,Chengliang GAO,chenglianggao,,CHN,male,resolved,world_athletics,2026-09-02T14:42:10Z,2026-09-02T14:42:10Z
bff57e87-b8c6-474e-9963-f3843f8157f1,Chernet MISGANAW,chernetmisganaw,,ETH,female,resolved,world_athletics,2026-09-02T14:42:10Z,2026-09-02T14:42:10Z
82be33be-0317-4575-a716-3e441a134457,Cheruiyot VIVIAN,cheruiyotvivian,,KEN,female,resolved,world_athletics,2026-09-02T14:42:10Z,2026-09-02T14:42:10Z
f7d23207-0a2a-412f-a117-8f0bd3e0ef58,Chiara SCHERRER,chiarascherrer,,SUI,female,resolved,world_athletics,2026-09-02T14:42:10Z,2026-09-02T14:42:10Z
0fdd5992-5139-4671-81fe-79c6e5f3d2ad,Chikako MORI,chikakomori,,JPN,female,resolved,world_athletics,2026-09-02T14:42:10Z,2026-09-02T14:42:10Z
1cf55d36-8f7d-4a81-ad0f-1dfd9a63f5c4,Chikara YAMANO,chikarayamano,,JPN,male,resolved,world_athletics,2026-09-02T14:42:10Z,2026-09-02T14:42:10Z
4ad1d27d-f216-4e8e-a6b7-7d487188bbb1,Chimdesa KUMSA,chimdesakumsa,,ETH,female,resolved,world_athletics,2026-09-02T14:42:10Z,2026-09-02T14:42:10Z
ae56bac1-6fa8-498b-9295-39e8320f26a6,Chimdessa DEBELE,chimdessadebele,,ETH,male,resolved,world_athletics,2026-09-02T14:42:10Z,2026-09-02T14:42:10Z
f855ac7e-acbd-4ab9-a8b6-67a9de20f736,Chio NISHIKAWA,chionishikawa,,JPN,male,resolved,world_athletics,2026-09-02T14:42:10Z,2026-09-02T14:42:10Z
5767beed-5754-49fe-b168-661f4a8d19d9,Chloe FOERSTER,chloefoerster,,USA,female,resolved,world_athletics,2026-09-02T14:42:10Z,2026-09-02T14:42:10Z
cea817b3-99d3-4062-bdc4-bde6f5369b6c,Chloé HERBIET,chloeherbiet,,BEL,female,resolved,world_athletics,2026-09-02T14:42:10Z,2026-09-02T14:42:10Z
651ad16f-3839-4af1-b480-18083f6cff76,Chloe SCRIMGEOUR,chloescrimgeour,,USA,female,resolved,world_athletics,2026-09-02T14:42:10Z,2026-09-02T14:42:10Z
4fdfb9cf-6ae2-4797-a614-75682d696507,Chloe THOMAS,chloethomas,,CAN,female,resolved,world_athletics,2026-09-02T14:42:10Z,2026-09-02T14:42:10Z
065719ab-831a-4627-a699-2b7240dbf4c5,Choe Il GYONG,choeilgyong,,PRK,female,resolved,world_athletics,2026-09-02T14:42:10Z,2026-09-02T14:42:10Z
5d49e789-ded8-4f19-ba98-eaf30c9adf15,Chrisann GORDON-POWELL,chrisanngordonpowell,,JAM,female,resolved,world_athletics,2026-09-02T14:42:10Z,2026-09-02T14:42:10Z
fc344d97-d831-44e7-ab22-4d0dad934a27,Christian HARRISON,christianharrison,,USA,male,resolved,world_athletics,2026-09-02T14:42:10Z,2026-09-02T14:42:10Z
4983e59c-87e5-4a87-84ac-b64f6d875346,Christian Jackson,christianjackson,Christian Jackson,USA,male,resolved,world_athletics,2026-09-02T14:42:10Z,2026-09-02T14:42:10Z
b926d901-a291-426d-9999-e4bc24357cc1,Christian Noble,christiannoble,Christian Noble,USA,male,resolved,world_athletics,2026-09-02T14:42:10Z,2026-09-02T14:42:10Z
b5f5cac4-b274-4911-826e-b8b7ca1bcc4c,Christian Patzka,christianpatzka,Christian Patzka,USA,male,resolved,world_athletics,2026-09-02T14:42:10Z,2026-09-02T14:42:10Z
26ecd471-fcb5-4e72-a149-41b41c292234,Christian RICKETTS,christianricketts,,USA,male,resolved,world_athletics,2026-09-02T14:42:10Z,2026-09-02T14:42:10Z
7cd18d2f-8aca-44d1-afb3-cf1cfb439c55,Christina ARAGON,christinaaragon,,USA,female,resolved,world_athletics,2026-09-02T14:42:10Z,2026-09-02T14:42:10Z
a50bbc3f-51cb-417b-9940-e2de56146c4c,Christina HERING,christinahering,,GER,female,resolved,world_athletics,2026-09-02T14:42:10Z,2026-09-02T14:42:10Z
f94cc42b-372f-494b-8550-f270d0f0eb3f,Christine CHESIRO,christinechesiro,,KEN,female,resolved,world_athletics,2026-09-02T14:42:10Z,2026-09-02T14:42:10Z
494f3052-b904-4fa5-b6a6-d8d4e6dd4975,Christine MANCINI,christinemancini,,USA,female,resolved,world_athletics,2026-09-02T14:42:10Z,2026-09-02T14:42:10Z
2e10751c-5dd9-4240-ae17-d85a1ba95135,Christine Njoki NALIMO,christinenjokinalimo,,KEN,female,resolved,world_athletics,2026-09-02T14:42:10Z,2026-09-02T14:42:10Z
7dbc2785-c0b1-48ca-8b9b-87686d36eb35,Christoffer Frost JOHANSEN,christofferfrostjohansen,,DEN,male,resolved,world_athletics,2026-09-02T14:42:10Z,2026-09-02T14:42:10Z
df38646e-3d2c-4d9c-8e02-3f59d929fc7d,Christopher KITETU,christopherkitetu,,KEN,male,resolved,world_athletics,2026-09-02T14:42:10Z,2026-09-02T14:42:10Z
b39a883b-6db7-4dbb-991f-5cdef40492d1,Chunlong YANG,chunlongyang,,CHN,male,resolved,world_athletics,2026-09-02T14:42:10Z,2026-09-02T14:42:10Z
e1cc7ca3-8849-4831-8d81-90625b997e6d,Chunxia LI,chunxiali,,CHN,female,resolved,world_athletics,2026-09-02T14:42:10Z,2026-09-02T14:42:10Z
a9f22693-4235-41ca-b275-adfdd70dd423,Cian MCPHILLIPS,cianmcphillips,,IRL,male,resolved,world_athletics,2026-09-02T14:42:10Z,2026-09-02T14:42:10Z
4e645c59-c38f-453e-a25c-af911299e538,Cian OLDKNOW,cianoldknow,,RSA,female,resolved,world_athletics,2026-09-02T14:42:10Z,2026-09-02T14:42:10Z
53fd0656-fd41-49ee-b929-8e4780e31583,Ciara MAGEEAN,ciaramageean,,IRL,female,resolved,world_athletics,2026-09-02T14:42:10Z,2026-09-02T14:42:10Z
2120deac-db90-42ab-b884-1c815f112c47,Cillian Kirwan,cilliankirwan,Cillian Kirwan,IRL,male,resolved,world_athletics,2026-09-02T14:42:10Z,2026-09-02T14:42:10Z
4666dacb-b5af-48b7-9e25-2a046b8eb385,Cintia CHEPNGENO,cintiachepngeno,,KEN,female,resolved,world_athletics,2026-09-02T14:42:10Z,2026-09-02T14:42:10Z
4c07dfe4-b2d8-4af5-963d-bf4ccd44bbe3,Ciren ZHAXI,cirenzhaxi,,CHN,male,resolved,world_athletics,2026-09-02T14:42:10Z,2026-09-02T14:42:10Z
233141e3-b03c-4294-9107-c1a16a3bc706,Citlali CRISTIAN MOSCOTE,citlalicristianmoscote,,MEX,female,resolved,world_athletics,2026-09-02T14:42:10Z,2026-09-02T14:42:10Z
e11c0d47-e1fe-4e17-9246-3c6f6c24543f,CJ ALBERTSON,cjalbertson,,USA,male,resolved,world_athletics,2026-09-02T14:42:10Z,2026-09-02T14:42:10Z
cff8b503-df80-4136-b8c7-48d5c30cda46,CJ JONES,cjjones,,USA,male,resolved,world_athletics,2026-09-02T14:42:10Z,2026-09-02T14:42:10Z
4b11f433-46c7-4b89-9eae-22bcd9c24bc6,Cj Singleton,cjsingleton,CJ Singleton,USA,male,resolved,world_athletics,2026-09-02T14:42:10Z,2026-09-02T14:42:10Z
621d6fe1-ed38-41b3-a95c-7f2adc2b086d,Claire GREEN,clairegreen,,USA,female,resolved,world_athletics,2026-09-02T14:42:10Z,2026-09-02T14:42:10Z
d4d3c2ef-a848-4d03-9836-a5e63720d76d,Clara EVANS,claraevans,,GBR,female,resolved,world_athletics,2026-09-02T14:42:10Z,2026-09-02T14:42:10Z
e74762e7-394b-4ab1-8ab6-7fcac4bdfec9,Clara LIBERMAN,claraliberman,,FRA,female,resolved,world_athletics,2026-09-02T14:42:10Z,2026-09-02T14:42:10Z
d9a94234-a9f6-43f3-b243-da3e0eeaceb9,Clara SIMAL,clarasimal,,ESP,female,resolved,world_athletics,2026-09-02T14:42:10Z,2026-09-02T14:42:10Z
007e1b2b-0412-49c8-ab34-904ed0719bf2,Claudia HOLLINGSWORTH,claudiahollingsworth,,AUS,female,resolved,world_athletics,2026-09-02T14:42:10Z,2026-09-02T14:42:10Z
497d8f97-12b3-40b9-91b1-44ba30d768a5,Claudia Mihaela BOBOCEA,claudiamihaelabobocea,,ROU,female,resolved,world_athletics,2026-09-02T14:42:10Z,2026-09-02T14:42:10Z
3a161856-febb-4cf0-8887-38de8c01dc8e,Clayton Murphy,claytonmurphy,Clayton Murphy,USA,male,resolved,world_athletics,2026-09-02T14:42:10Z,2026-09-02T14:42:10Z
79f6c65c-677c-477f-8c43-5fe8b4a83688,Clayton Young,claytonyoung,Clayton Young,USA,male,resolved,world_athletics,2026-09-02T14:42:10Z,2026-09-02T14:42:10Z
c08cfb00-ba6d-4b17-bade-5d7cf5a8f85b,Clémence CALVIN,clemencecalvin,,FRA,female,resolved,world_athletics,2026-09-02T14:42:10Z,2026-09-02T14:42:10Z
60d46bc0-2332-40bc-bb0b-0cebfc3e804f,Clément DEFLANDRE,clementdeflandre,,BEL,male,resolved,world_athletics,2026-09-02T14:42:10Z,2026-09-02T14:42:10Z
f562b0bb-4f81-4e01-9ffc-14e3aef701d2,Clement DUIGOU,clementduigou,,FRA,male,resolved,world_athletics,2026-09-02T14:42:10Z,2026-09-02T14:42:10Z
5c159114-8a2b-4b13-9d2a-5a043f9d567e,Clement TOUATI,clementtouati,,FRA,male,resolved,world_athletics,2026-09-02T14:42:10Z,2026-09-02T14:42:10Z
454623b2-dcbf-488f-9c94-d39509cadee5,Cleophas Kandie MEYAN,cleophaskandiemeyan,,KEN,male,resolved,world_athletics,2026-09-02T14:42:10Z,2026-09-02T14:42:10Z
22913fde-99a9-48b8-945b-0a943fc0a30c,Cleophas KIBET,cleophaskibet,,KEN,male,resolved,world_athletics,2026-09-02T14:42:10Z,2026-09-02T14:42:10Z
f6c05d43-0f68-4eba-8678-a116c8b517e6,Cole HOCKER,colehocker,,USA,male,resolved,world_athletics,2026-09-02T14:42:10Z,2026-09-02T14:42:10Z
71e0ff05-1007-4902-8179-c789ef86cdf2,Cole LINDHORST,colelindhorst,,USA,male,resolved,world_athletics,2026-09-02T14:42:10Z,2026-09-02T14:42:10Z
dc2b60e1-48bb-4c98-a943-0526792a5ac4,Cole Sprout,colesprout,Cole Sprout,USA,male,resolved,world_athletics,2026-09-02T14:42:10Z,2026-09-02T14:42:10Z
03c4cd5b-d13f-4cc0-9470-a059b2dbeb03,Colett RAMPF,colettrampf,,USA,female,resolved,world_athletics,2026-09-02T14:42:10Z,2026-09-02T14:42:10Z
d3ed503c-a454-4d77-81b2-80e0bc8c88e9,Colin Bennie,colinbennie,Colin Bennie,USA,male,resolved,world_athletics,2026-09-02T14:42:10Z,2026-09-02T14:42:10Z
30ea406b-65ba-4b2e-922f-008a450a6527,Colin DALY,colindaly,,USA,male,resolved,world_athletics,2026-09-02T14:42:10Z,2026-09-02T14:42:10Z
064c5de8-34b4-4ad5-bd1d-77d839af7879,Colin SAHLMAN,colinsahlman,,USA,male,resolved,world_athletics,2026-09-02T14:42:10Z,2026-09-02T14:42:10Z
377c4940-04c7-4fcd-ab0d-bf9683429b62,Collin DYLLA,collindylla,,USA,male,resolved,world_athletics,2026-09-02T14:42:10Z,2026-09-02T14:42:10Z
3146cf81-9e06-41db-847c-ec49ddae0f81,Collins Kemboi,collinskemboi,Collins Kemboi,KEN,male,resolved,world_athletics,2026-09-02T14:42:10Z,2026-09-02T14:42:10Z
6b2a2d3c-7ead-48bc-8e23-3e97b9de64c9,Collins KIBET,collinskibet,,KEN,male,resolved,world_athletics,2026-09-02T14:42:10Z,2026-09-02T14:42:10Z
6e431764-ff9c-43d4-a8a7-cb11f5d078e0,Collins KIPKEMBOI,collinskipkemboi,,KEN,male,resolved,world_athletics,2026-09-02T14:42:10Z,2026-09-02T14:42:10Z
043cc837-2615-4198-b87c-ff3a87453e9b,Collins Kipkirui KIPKORIR,collinskipkiruikipkorir,,KEN,male,resolved,world_athletics,2026-09-02T14:42:10Z,2026-09-02T14:42:10Z
afd44514-f43c-4a4a-8979-9047a94643b9,Collins KIPNGOK,collinskipngok,,KEN,male,resolved,world_athletics,2026-09-02T14:42:10Z,2026-09-02T14:42:10Z
1ebc219e-4a7c-4275-92d1-096a332876d0,Collins KIPRUTO,collinskipruto,,KEN,male,resolved,world_athletics,2026-09-02T14:42:10Z,2026-09-02T14:42:10Z
375d4ed4-cf06-46de-83a3-fe4c86ae4f0b,Colton SANDS,coltonsands,,USA,male,resolved,world_athletics,2026-09-02T14:42:10Z,2026-09-02T14:42:10Z
87bf5c53-801e-4362-bf53-d05b9f3908ff,Conner Mantz,connermantz,Conner Mantz,USA,male,resolved,world_athletics,2026-09-02T14:42:10Z,2026-09-02T14:42:10Z
3c1bde20-981a-4286-b1c9-1eea448d2f43,Connor WHITELEY,connorwhiteley,,AUS,male,resolved,world_athletics,2026-09-02T14:42:10Z,2026-09-02T14:42:10Z
1e908cca-59b6-4ac9-bcf9-56f6393908cd,Connor WINTER,connorwinter,,USA,male,resolved,world_athletics,2026-09-02T14:42:10Z,2026-09-02T14:42:10Z
a7a3c1fd-c952-402a-a64a-6e51f36d937e,Conor Murphy,conormurphy,Conor Murphy,IRL,male,resolved,world_athletics,2026-09-02T14:42:10Z,2026-09-02T14:42:10Z
ab826c83-cb7d-4903-98ea-03af7c4cf731,Cooper TEARE,cooperteare,,USA,male,resolved,world_athletics,2026-09-02T14:42:10Z,2026-09-02T14:42:10Z
091b7853-d8d8-4fe5-851a-48af771866c9,Corentin Le Clezio,corentinleclezio,Corentin Le Clezio,FRA,male,resolved,world_athletics,2026-09-02T14:42:10Z,2026-09-02T14:42:10Z
057e1f44-121e-410a-a8ba-f7e8fc997e50,Corentin MAGNOU,corentinmagnou,,FRA,male,resolved,world_athletics,2026-09-02T14:42:10Z,2026-09-02T14:42:10Z
89c79804-f334-4241-9860-4621e400b5ea,Cornelius KEMBOI,corneliuskemboi,,KEN,male,resolved,world_athletics,2026-09-02T14:42:10Z,2026-09-02T14:42:10Z
a4a04ed4-70ee-46eb-b562-3228bc93e33f,Cornelius KIBET,corneliuskibet,,KEN,male,resolved,world_athletics,2026-09-02T14:42:10Z,2026-09-02T14:42:10Z
6978d61d-518a-4b44-bd53-7e430069003c,Cornelius Kibet KIPLAGAT,corneliuskibetkiplagat,,KEN,male,resolved,world_athletics,2026-09-02T14:42:10Z,2026-09-02T14:42:10Z
0469b62a-90a9-4557-a344-ecd8c15e8f9a,Cornelius TUWEI,corneliustuwei,,KEN,male,resolved,world_athletics,2026-09-02T14:42:10Z,2026-09-02T14:42:10Z
100386eb-263d-44ab-bf23-59cef7a03671,Cory Ann MCGEE,coryannmcgee,,USA,female,resolved,world_athletics,2026-09-02T14:42:10Z,2026-09-02T14:42:10Z
2638b2da-ecc2-40c2-8d9e-f6f1cb60ee43,Cosmas KIPLIMO,cosmaskiplimo,,KEN,male,resolved,world_athletics,2026-09-02T14:42:10Z,2026-09-02T14:42:10Z
161435c3-1fe1-4209-8bcf-c061c44832f5,Cosmas Matolo MUTETI,cosmasmatolomuteti,,KEN,male,resolved,world_athletics,2026-09-02T14:42:10Z,2026-09-02T14:42:10Z
07c88424-4310-4125-8363-c090ba22afaa,Cosmas Mwangi BOI,cosmasmwangiboi,,KEN,male,resolved,world_athletics,2026-09-02T14:42:10Z,2026-09-02T14:42:10Z
810ebc59-3548-49e3-a783-f4a6f0685db2,Courtney FRERICHS,courtneyfrerichs,,USA,female,resolved,world_athletics,2026-09-02T14:42:10Z,2026-09-02T14:42:10Z
070f5225-d5c4-4b9e-a4db-32e463a13cbb,Courtney WAYMENT,courtneywayment,,USA,female,resolved,world_athletics,2026-09-02T14:42:10Z,2026-09-02T14:42:10Z
9dee826b-7301-4672-91f3-357c10fe1fde,Craig Engels,craigengels,Craig Engels,USA,male,resolved,world_athletics,2026-09-02T14:42:10Z,2026-09-02T14:42:10Z
2339d833-acda-4cfd-917a-2fb8375bd596,Creed THOMPSON,creedthompson,,USA,male,resolved,world_athletics,2026-09-02T14:42:10Z,2026-09-02T14:42:10Z
418830fb-02ba-4e53-af60-009ac120f38d,Cristhian Zamora,cristhianzamora,Cristhian Zamora,URU,male,resolved,world_athletics,2026-09-02T14:42:10Z,2026-09-02T14:42:10Z
bc23dbb9-ca85-416a-a39b-b6b8dabc2af9,Cuomu CIREN,cuomuciren,,CHN,female,resolved,world_athletics,2026-09-02T14:42:10Z,2026-09-02T14:42:10Z
e643ac12-6906-4228-8e17-2820cf888e15,CyBrian KOTUT,cybriankotut,,KEN,male,resolved,world_athletics,2026-09-02T14:42:10Z,2026-09-02T14:42:10Z
7a2c18f7-b873-450b-bc24-e3a2488e2b8f,Cynthia CHEMWENO,cynthiachemweno,,KEN,female,resolved,world_athletics,2026-09-02T14:42:10Z,2026-09-02T14:42:10Z
dadf7b2c-edaf-4f5b-a5fe-279ad2b1c251,Cynthia JEROTICH,cynthiajerotich,,KEN,female,resolved,world_athletics,2026-09-02T14:42:10Z,2026-09-02T14:42:10Z
4c9d19ba-fe33-447d-8229-2686dd55b521,Cynthia KOSGEI,cynthiakosgei,,KEN,female,resolved,world_athletics,2026-09-02T14:42:10Z,2026-09-02T14:42:10Z
8e93d14c-3f38-4eee-b303-e04f300e8db5,Cyrus MUTAI,cyrusmutai,,KEN,male,resolved,world_athletics,2026-09-02T14:42:10Z,2026-09-02T14:42:10Z
ef499b24-0d54-4672-8080-3c36570e6a36,Dadi Yami GEMEDA,dadiyamigemeda,,ETH,male,resolved,world_athletics,2026-09-02T14:42:10Z,2026-09-02T14:42:10Z
4ff5c216-a71d-4b58-ba58-16ce84aeced9,Daeun JEONG,daeunjeong,,KOR,female,resolved,world_athletics,2026-09-02T14:42:10Z,2026-09-02T14:42:10Z
aec89cdb-b1ec-4fa5-800f-eb52ab355356,Daiana OCAMPO,daianaocampo,,ARG,female,resolved,world_athletics,2026-09-02T14:42:10Z,2026-09-02T14:42:10Z
9de9484b-7f77-44c2-b57a-59ad4ad344aa,Daichi SHIBATA,daichishibata,,JPN,male,resolved,world_athletics,2026-09-02T14:42:10Z,2026-09-02T14:42:10Z
d6b4e614-1e1f-4691-b4ad-b10b30fea3c9,Daiki Hattori,daikihattori,Daiki Hattori,JPN,male,resolved,world_athletics,2026-09-02T14:42:10Z,2026-09-02T14:42:10Z
0c7edff6-252f-4c70-852e-2eac80967f60,Daiki OZAWA,daikiozawa,,JPN,male,resolved,world_athletics,2026-09-02T14:42:10Z,2026-09-02T14:42:10Z
6805c858-bbf5-4607-afb4-5a4ca5aeac21,Daily COOPER GASPAR,dailycoopergaspar,,CUB,female,resolved,world_athletics,2026-09-02T14:42:10Z,2026-09-02T14:42:10Z
1116ffe8-af3c-40fc-a9f5-671be5e9352f,Daisuke DOI,daisukedoi,,JPN,male,resolved,world_athletics,2026-09-02T14:42:10Z,2026-09-02T14:42:10Z
844a0be0-adbd-4059-8bfe-b748595e1799,Daisuke HOSOMORI,daisukehosomori,,JPN,male,resolved,world_athletics,2026-09-02T14:42:10Z,2026-09-02T14:42:10Z
d0220dbd-5ac3-4219-9f6b-25f59de89803,Daisy JEPKEMEI,daisyjepkemei,,KAZ,female,resolved,world_athletics,2026-09-02T14:42:10Z,2026-09-02T14:42:10Z
e0470ef0-a1de-4b3a-819d-48106e19cec5,Daisy KIMELI,daisykimeli,,KEN,female,resolved,world_athletics,2026-09-02T14:42:10Z,2026-09-02T14:42:10Z
b1b7938f-bcc6-4438-b97d-bbe1fdc69b36,Daizy JEMUTAI,daizyjemutai,,KEN,female,resolved,world_athletics,2026-09-02T14:42:10Z,2026-09-02T14:42:10Z
e12551f3-f72e-4aa0-84a7-8d518d1eb332,Dakotah LINDWURM,dakotahlindwurm,,USA,female,resolved,world_athletics,2026-09-02T14:42:10Z,2026-09-02T14:42:10Z
48aec9b4-0e66-4618-bc5b-675c8cadc8e9,Dalila ABDULKADIR,dalilaabdulkadir,,BRN,female,resolved,world_athletics,2026-09-02T14:42:10Z,2026-09-02T14:42:10Z
43ca585b-f50f-4957-bc51-941317e8c36a,Damian HACKETT,damianhackett,,USA,male,resolved,world_athletics,2026-09-02T14:42:10Z,2026-09-02T14:42:10Z
449d47cc-1fd9-4097-9b58-c7e92b484d2e,Damián VÍCH,damianvich,,CZE,male,resolved,world_athletics,2026-09-02T14:42:10Z,2026-09-02T14:42:10Z
88120fc5-3cf0-42be-bd5d-49c559b9c5cc,Damien Dilcher,damiendilcher,Damien Dilcher,USA,male,resolved,world_athletics,2026-09-02T14:42:10Z,2026-09-02T14:42:10Z
d0bd034e-c5cc-47ab-833b-cb9962bf8cbf,Danae RIVERS,danaerivers,,USA,female,resolved,world_athletics,2026-09-02T14:42:10Z,2026-09-02T14:42:10Z
cc4d3e9e-93a1-4102-bd77-6f17b6e288e1,Dana KLEIN,danaklein,,USA,female,resolved,world_athletics,2026-09-02T14:42:10Z,2026-09-02T14:42:10Z
328e151a-54c1-4adc-82c7-18199a937cc7,Daniela GARCÍA,danielagarcia,,ESP,female,resolved,world_athletics,2026-09-02T14:42:10Z,2026-09-02T14:42:10Z
899b05a6-e68a-4ce3-9153-61d3cc05a5fa,Daniel Arce,danielarce,Daniel Arce,ESP,male,resolved,world_athletics,2026-09-02T14:42:10Z,2026-09-02T14:42:10Z
b47bc23f-8e90-462c-950f-def7880ad500,Daniele MEUCCI,danielemeucci,,ITA,male,resolved,world_athletics,2026-09-02T14:42:10Z,2026-09-02T14:42:10Z
1b92db4b-75ca-4035-a9c1-b90ea9d5d423,Daniel KIMAIYO,danielkimaiyo,,KEN,male,resolved,world_athletics,2026-09-02T14:42:10Z,2026-09-02T14:42:10Z
29cc8aad-a75e-4c4a-a247-09d447ebe837,Daniel KINYANJUI,danielkinyanjui,,KEN,male,resolved,world_athletics,2026-09-02T14:42:10Z,2026-09-02T14:42:10Z
cf0dc6ea-821a-4a7e-8b51-d4ceb08f500b,Daniel KOSEN,danielkosen,,KEN,male,resolved,world_athletics,2026-09-02T14:42:10Z,2026-09-02T14:42:10Z
20ee4461-0740-4212-a0e7-776dab870755,Daniel KOTYZA,danielkotyza,,CZE,male,resolved,world_athletics,2026-09-02T14:42:10Z,2026-09-02T14:42:10Z
edf07ae2-5546-4e72-b346-cad1dab6e959,Danielle ARAGON,daniellearagon,,USA,female,resolved,world_athletics,2026-09-02T14:42:10Z,2026-09-02T14:42:10Z
1c68457b-1d75-4c8c-9d67-bde9a83393f8,Danielle Jones,daniellejones,Danielle Jones,USA,female,resolved,world_athletics,2026-09-02T14:42:10Z,2026-09-02T14:42:10Z
cf9c0c52-3dad-4309-8618-bcd1f10bb85e,Danielle POLERECKY,daniellepolerecky,,USA,female,resolved,world_athletics,2026-09-02T14:42:10Z,2026-09-02T14:42:10Z
ad27c639-6608-4cb4-86ce-0bda465a4728,Daniel MATEIKO,danielmateiko,,KEN,male,resolved,world_athletics,2026-09-02T14:42:10Z,2026-09-02T14:42:10Z
13a4e35a-73a3-440a-903c-6f0dcff2f8cd,Daniel MATEO,danielmateo,,ESP,male,resolved,world_athletics,2026-09-02T14:42:10Z,2026-09-02T14:42:10Z
b557e90b-4e18-4a87-be9b-e155fc0a26de,Daniel Michalski,danielmichalski,Daniel Michalski,USA,male,resolved,world_athletics,2026-09-02T14:42:10Z,2026-09-02T14:42:10Z
885a805b-7fb9-4881-80a3-e15b9b408eec,Daniel MUIVA KITONYI,danielmuivakitonyi,,KEN,male,resolved,world_athletics,2026-09-02T14:42:10Z,2026-09-02T14:42:10Z
732d88b8-7e9c-40cb-bfbd-d63cb52ce032,Daniel MUNGUTI,danielmunguti,,KEN,male,resolved,world_athletics,2026-09-02T14:42:10Z,2026-09-02T14:42:10Z
b9c40d01-21af-4308-b292-bdda9087111b,Daniel NDIRITU,danielndiritu,,KEN,male,resolved,world_athletics,2026-09-02T14:42:10Z,2026-09-02T14:42:10Z
72e9d3b8-5855-4057-b64f-29ce2723e85a,Daniel Nghidinwa PAULUS,danielnghidinwapaulus,,NAM,male,resolved,world_athletics,2026-09-02T14:42:10Z,2026-09-02T14:42:10Z
f7ae1ede-31de-4aa8-9e92-0b7966fbbba4,Daniel ROWDEN,danielrowden,,GBR,male,resolved,world_athletics,2026-09-02T14:42:10Z,2026-09-02T14:42:10Z
baaa50b8-30f2-42e7-9111-11d885da6189,Daniel SCHAFFER,danielschaffer,,USA,male,resolved,world_athletics,2026-09-02T14:42:10Z,2026-09-02T14:42:10Z
cd594557-1098-4406-ace8-7d2ef4cfa3e0,Daniel Simiu EBENYO,danielsimiuebenyo,,KEN,male,resolved,world_athletics,2026-09-02T14:42:10Z,2026-09-02T14:42:10Z
a26cd901-5799-452c-bec2-a158cd7caa1c,Daniel Simmons,danielsimmons,Daniel Simmons,USA,male,resolved,world_athletics,2026-09-02T14:42:10Z,2026-09-02T14:42:10Z
511635da-9b68-483b-be3e-6f4529715ddc,Daniel WATCKE,danielwatcke,,USA,male,resolved,world_athletics,2026-09-02T14:42:10Z,2026-09-02T14:42:10Z
817aff52-28e3-4383-b46a-ac9f7d04813e,Daniil NEKRASOV,daniilnekrasov,,RUS,male,resolved,world_athletics,2026-09-02T14:42:10Z,2026-09-02T14:42:10Z
0dc335ea-467a-46e1-b7df-50c8164803e6,Dan Kibet,dankibet,Dan Kibet,UGA,male,resolved,world_athletics,2026-09-02T14:42:10Z,2026-09-02T14:42:10Z
282507da-cc51-4f87-9f88-65cc6a9baf5b,Dan KIPLANGAT,dankiplangat,,KEN,male,resolved,world_athletics,2026-09-02T14:42:10Z,2026-09-02T14:42:10Z
550a15f0-793f-4135-9abb-5020fa416ddf,Dan LI,danli,,CHN,female,resolved,world_athletics,2026-09-02T14:42:10Z,2026-09-02T14:42:10Z
590e8d0c-518f-4d04-83cb-03f1a945f4c4,Dario IVANOVSKI,darioivanovski,,MKD,male,resolved,world_athletics,2026-09-02T14:42:10Z,2026-09-02T14:42:10Z
e9600889-114c-4a7b-8fc3-97ee3e0c5645,Darius KIPYEGO,dariuskipyego,,USA,male,resolved,world_athletics,2026-09-02T14:42:10Z,2026-09-02T14:42:10Z
10c90c70-968b-41e9-9eab-a9321600c905,Darius SMALLWOOD,dariussmallwood,,USA,male,resolved,world_athletics,2026-09-02T14:42:10Z,2026-09-02T14:42:10Z
25d0ec9e-d6bb-4df2-8bba-4133de33a032,David CARRANZA,davidcarranza,,ESP,male,resolved,world_athletics,2026-09-02T14:42:10Z,2026-09-02T14:42:10Z
abb01c71-d091-49bc-9be6-b920bd0f6269,David CHESEREK,davidcheserek,,KEN,male,resolved,world_athletics,2026-09-02T14:42:10Z,2026-09-02T14:42:10Z
2410dcc2-bf7e-4fd7-b94b-cb7edf24275f,David DAM,daviddam,,NAM,male,resolved,world_athletics,2026-09-02T14:42:10Z,2026-09-02T14:42:10Z
34d6e778-cc4c-4b95-8cbe-3d1f36e56856,David GOMEZ GONZÁLEZ,davidgomezgonzalez,,COL,male,resolved,world_athletics,2026-09-02T14:42:10Z,2026-09-02T14:42:10Z
0515d825-edf1-40e3-acef-18810d4a3f87,David KIPRONO,davidkiprono,,KEN,male,resolved,world_athletics,2026-09-02T14:42:10Z,2026-09-02T14:42:10Z
0a3281e1-a5da-4087-8a8d-3dde8eeb2b63,David Mullarkey,davidmullarkey,David Mullarkey,GBR,male,resolved,world_athletics,2026-09-02T14:42:10Z,2026-09-02T14:42:10Z
0e184e64-da46-45f9-86ad-c77a40b35201,David RACE,davidrace,,GBR,male,resolved,world_athletics,2026-09-02T14:42:10Z,2026-09-02T14:42:10Z
1bc8fa90-f7b4-4934-bf9e-513fc4288ea8,David RIBICH,davidribich,,USA,male,resolved,world_athletics,2026-09-02T14:42:10Z,2026-09-02T14:42:10Z
158ec2f1-e00a-4fea-90e4-b0a4f0662c74,David Shungeya NEIYIAI,davidshungeyaneiyiai,,KEN,male,resolved,world_athletics,2026-09-02T14:42:10Z,2026-09-02T14:42:10Z
8d5ddbd3-2470-4649-8d96-0ba326fcfc06,Davis Bove,davisbove,Davis Bove,USA,male,resolved,world_athletics,2026-09-02T14:42:10Z,2026-09-02T14:42:10Z
20eccd15-1f1b-4408-83c6-cca3c0d14edf,Davor Aaron BIENENFELD,davoraaronbienenfeld,,GER,male,resolved,world_athletics,2026-09-02T14:42:10Z,2026-09-02T14:42:10Z
2a135422-7d3a-424d-9cf0-6ba96beae83a,Dawit BETEW,dawitbetew,,ETH,male,resolved,world_athletics,2026-09-02T14:42:10Z,2026-09-02T14:42:10Z
435a0ae5-c54b-4d0f-a50e-c71014d2dfde,Dawit SEARE,dawitseare,,ERI,male,resolved,world_athletics,2026-09-02T14:42:10Z,2026-09-02T14:42:10Z
ba86d065-1f3d-4e62-81cd-4f2d23486fab,Dawit SEYAUM,dawitseyaum,,ETH,female,resolved,world_athletics,2026-09-02T14:42:10Z,2026-09-02T14:42:10Z
e44874d7-7827-4721-b63d-746024f35790,Dawit WOLDE,dawitwolde,,ETH,male,resolved,world_athletics,2026-09-02T14:42:10Z,2026-09-02T14:42:10Z
dc325cd6-1832-4754-ba73-b3bbee9cdcec,Debash DESTA,debashdesta,,ETH,female,resolved,world_athletics,2026-09-02T14:42:10Z,2026-09-02T14:42:10Z
43215963-de88-4776-b8f0-ce8d55bc28b0,Debede TEKA,debedeteka,,ETH,male,resolved,world_athletics,2026-09-02T14:42:10Z,2026-09-02T14:42:10Z
c07647bf-d338-4904-8203-9f684f5b7810,Debessay DESALE,debessaydesale,,ERI,male,resolved,world_athletics,2026-09-02T14:42:10Z,2026-09-02T14:42:10Z
e053b04e-32e5-40cc-b4e3-ff34993ca88a,Deborah CHEMUTAI,deborahchemutai,,KEN,female,resolved,world_athletics,2026-09-02T14:42:10Z,2026-09-02T14:42:10Z
01f986b2-d98a-4f57-9c92-f6649258bc0d,Déborah RODRÍGUEZ,deborahrodriguez,,URU,female,resolved,world_athletics,2026-09-02T14:42:10Z,2026-09-02T14:42:10Z
ca5052af-9fbd-4880-9503-6507946a312b,Deborah SANG,deborahsang,,KEN,female,resolved,world_athletics,2026-09-02T14:42:10Z,2026-09-02T14:42:10Z
319d65d3-7012-4d72-9a41-ed98cf230971,Deborah SCHÖNEBORN,deborahschoneborn,,GER,female,resolved,world_athletics,2026-09-02T14:42:10Z,2026-09-02T14:42:10Z
b81e6f63-25cb-430e-a982-2dda7f908d26,Degitu AZIMERAW,degituazimeraw,,ETH,female,resolved,world_athletics,2026-09-02T14:42:10Z,2026-09-02T14:42:10Z
27e816ff-1441-436e-8eb0-27c75ab116ac,Dejene DEBELA,dejenedebela,,ETH,male,resolved,world_athletics,2026-09-02T14:42:10Z,2026-09-02T14:42:10Z
2bed4a01-1552-4470-9fd2-90631caf7197,Dejene MEGERSA,dejenemegersa,,ETH,male,resolved,world_athletics,2026-09-02T14:42:10Z,2026-09-02T14:42:10Z
c523b39a-6da4-4c2c-bda4-45d4222f1811,Dejene WEYFEN,dejeneweyfen,,ETH,male,resolved,world_athletics,2026-09-02T14:42:10Z,2026-09-02T14:42:10Z
6dab3482-83dd-483a-bc5b-f36dbe424196,Dejen TESFALEM,dejentesfalem,,ERI,male,resolved,world_athletics,2026-09-02T14:42:10Z,2026-09-02T14:42:10Z
0b12eb49-f847-41a4-8fe7-dec8d2ca4129,Delele CHEKLIE,delelecheklie,,ETH,female,resolved,world_athletics,2026-09-02T14:42:10Z,2026-09-02T14:42:10Z
165a6111-c4a7-4f86-a2ff-6d71a263f329,Delia SCLABAS,deliasclabas,,SUI,female,resolved,world_athletics,2026-09-02T14:42:10Z,2026-09-02T14:42:10Z
4979688e-6ed8-4fdd-8e2a-0fbdf853cf46,Delvine Relin MERINGOR,delvinerelinmeringor,,ROU,female,resolved,world_athletics,2026-09-02T14:42:10Z,2026-09-02T14:42:10Z
43e7b863-3b69-4a05-9f57-65999eb1d234,Demeke KASAW,demekekasaw,,ETH,male,resolved,world_athletics,2026-09-02T14:42:10Z,2026-09-02T14:42:10Z
337c8380-34d5-49f8-8789-9d81ff72ee01,Demisu GEMEDA,demisugemeda,,ETH,male,resolved,world_athletics,2026-09-02T14:42:10Z,2026-09-02T14:42:10Z
01531493-66e4-48ce-bb34-7d188b3f840f,Demoz BEKELE,demozbekele,,ETH,male,resolved,world_athletics,2026-09-02T14:42:10Z,2026-09-02T14:42:10Z
7e842852-8f26-4d23-9cca-901e5afb89d9,Denis CHIRCHIR,denischirchir,,KEN,male,resolved,world_athletics,2026-09-02T14:42:10Z,2026-09-02T14:42:10Z
3d8c62c1-2c7e-498d-bf09-708667701a83,Denis KIPNGETICH,deniskipngetich,,KEN,male,resolved,world_athletics,2026-09-02T14:42:10Z,2026-09-02T14:42:10Z
40b07051-8d7f-4964-946e-4a775f2fb52d,Dennick LUKE,dennickluke,,DMA,male,resolved,world_athletics,2026-09-02T14:42:10Z,2026-09-02T14:42:10Z
a32223b6-7f19-49ff-bc4f-fdbf6564da5b,Dennis Kibet KITIYO,denniskibetkitiyo,,KEN,male,resolved,world_athletics,2026-09-02T14:42:10Z,2026-09-02T14:42:10Z
57b4ca94-dcda-4e12-bf85-4e8434adb9da,Dennis Kipkurui,denniskipkurui,Dennis Kipkurui,KEN,male,resolved,world_athletics,2026-09-02T14:42:10Z,2026-09-02T14:42:10Z
d3adb87e-05ca-4f7d-a6f4-b68640511721,Dennis KIPRUTO,denniskipruto,,KEN,male,resolved,world_athletics,2026-09-02T14:42:10Z,2026-09-02T14:42:10Z
544f1fb4-3c60-42f1-b39a-4660e8c56ee0,Dennis KORORIA,denniskororia,,KEN,male,resolved,world_athletics,2026-09-02T14:42:10Z,2026-09-02T14:42:10Z
58c90179-c4f4-4358-9361-88d52724061e,Dennis MUTUKU,dennismutuku,,KEN,male,resolved,world_athletics,2026-09-02T14:42:10Z,2026-09-02T14:42:10Z
dd19def1-c8cf-4296-939f-7562cd8c40ad,Dera DIDA,deradida,,ETH,female,resolved,world_athletics,2026-09-02T14:42:10Z,2026-09-02T14:42:10Z
5b7a3fae-8f21-40c2-ba45-1d322bf6ed67,Derartu HAILU,derartuhailu,,ETH,female,resolved,world_athletics,2026-09-02T14:42:10Z,2026-09-02T14:42:10Z
14d8976b-bda8-4b9d-88ff-bd3541f7faea,Derek Holdsworth,derekholdsworth,Derek Holdsworth,USA,male,resolved,world_athletics,2026-09-02T14:42:10Z,2026-09-02T14:42:10Z
a0355db7-bf4e-4cea-9933-02e9abd16dcc,Derek Johnson,derekjohnson,Derek Johnson,USA,male,resolved,world_athletics,2026-09-02T14:42:10Z,2026-09-02T14:42:10Z
e8a990ba-2f4f-4798-be5d-a29b34786483,Deresa GELETA,deresageleta,,ETH,male,resolved,world_athletics,2026-09-02T14:42:10Z,2026-09-02T14:42:10Z
6a44bb07-879c-44f5-908c-2d68069eeb3a,Derese WORKNEH,dereseworkneh,,ETH,male,resolved,world_athletics,2026-09-02T14:42:10Z,2026-09-02T14:42:10Z
22fb72f8-6f9a-4918-86db-090b1086cb6d,Deribe ROBI,deriberobi,,ETH,male,resolved,world_athletics,2026-09-02T14:42:10Z,2026-09-02T14:42:10Z
160b7fef-dd7e-4101-87f5-31a021b17e19,Derlys AYALA,derlysayala,,PAR,male,resolved,world_athletics,2026-09-02T14:42:10Z,2026-09-02T14:42:10Z
c3c61767-315d-4f36-8305-2522e29c2598,Derseh KINDIE,dersehkindie,,ETH,male,resolved,world_athletics,2026-09-02T14:42:10Z,2026-09-02T14:42:10Z
e7ae4103-6f71-4649-9016-a998b5e70895,Derya KUNUR,deryakunur,,TUR,female,resolved,world_athletics,2026-09-02T14:42:10Z,2026-09-02T14:42:10Z
405df471-6ae1-46d7-b7e7-c636804918a0,Desalegn GIRMA,desalegngirma,,ETH,male,resolved,world_athletics,2026-09-02T14:42:10Z,2026-09-02T14:42:10Z
bea23df0-a60f-4521-8e93-32de076c7e7c,Deshun ZHANG,deshunzhang,,CHN,female,resolved,world_athletics,2026-09-02T14:42:10Z,2026-09-02T14:42:10Z
912aaad3-0f5e-4e40-8826-8b59174f2d80,Desi Jisa MOKONIN,desijisamokonin,,BRN,female,resolved,world_athletics,2026-09-02T14:42:10Z,2026-09-02T14:42:10Z
a3772060-26bc-4caf-9fe8-e269c4738efb,Desiree LINDEN,desireelinden,,USA,female,resolved,world_athletics,2026-09-02T14:42:10Z,2026-09-02T14:42:10Z
010f3195-94e6-4168-966c-6a735ed9b792,Desire NIYOMWUNGERE,desireniyomwungere,,BDI,male,resolved,world_athletics,2026-09-02T14:42:10Z,2026-09-02T14:42:10Z
895d9fd6-78ea-4632-9aa6-4c82f2bc0b21,Desta BURKA,destaburka,,ETH,female,resolved,world_athletics,2026-09-02T14:42:10Z,2026-09-02T14:42:10Z
272b03fd-5f5c-44bb-a7a3-0af8fb1d8135,Dewi GRIFFITHS,dewigriffiths,,GBR,male,resolved,world_athletics,2026-09-02T14:42:10Z,2026-09-02T14:42:10Z
27d7b587-e243-4192-b7b2-92d1578d3335,Deysi CASTRO,deysicastro,,PER,female,resolved,world_athletics,2026-09-02T14:42:10Z,2026-09-02T14:42:10Z
29c756c3-9a22-430f-8fce-8d80fb20b48c,Dezhu LIU,dezhuliu,,CHN,male,resolved,world_athletics,2026-09-02T14:42:10Z,2026-09-02T14:42:10Z
5a77467a-62f3-4709-9846-ef8401e1f5b6,Diana CHEPKEMOI,dianachepkemoi,,KEN,female,resolved,world_athletics,2026-09-02T14:42:10Z,2026-09-02T14:42:10Z
9adb5b51-15b8-462b-b206-cbcf5f50c234,Diana CHEPKORIR,dianachepkorir,,KEN,female,resolved,world_athletics,2026-09-02T14:42:10Z,2026-09-02T14:42:10Z
87a0ccb6-6736-41fd-a997-7bb999862a24,Diana CHEROTICH,dianacherotich,,KEN,female,resolved,world_athletics,2026-09-02T14:42:10Z,2026-09-02T14:42:10Z
3d1111bc-8c3f-427d-86ec-c0dfdb6e76ed,Diana MEZULIÁNÍKOVÁ,dianamezulianikova,,CZE,female,resolved,world_athletics,2026-09-02T14:42:10Z,2026-09-02T14:42:10Z
b86ed2c1-25f5-428a-9206-aa1a2f5c7940,Diane VAN ES,dianevanes,,NED,female,resolved,world_athletics,2026-09-02T14:42:10Z,2026-09-02T14:42:10Z
c417ff23-2293-4f12-b27a-29ba0b4fbc8a,Dibabe BEYENE,dibabebeyene,,ETH,female,resolved,world_athletics,2026-09-02T14:42:10Z,2026-09-02T14:42:10Z
89bcbf71-44bb-499f-a853-0d659b71685f,Dickson KIPTOO,dicksonkiptoo,,KEN,male,resolved,world_athletics,2026-09-02T14:42:10Z,2026-09-02T14:42:10Z
a841b5d3-b68e-420d-89ef-89ea2a163bda,Diego ESTRADA,diegoestrada,,USA,male,resolved,world_athletics,2026-09-02T14:42:10Z,2026-09-02T14:42:10Z
b3b10b2c-665d-4288-be3a-07705d8ebd97,Dilek KOÇAK,dilekkocak,,TUR,female,resolved,world_athletics,2026-09-02T14:42:10Z,2026-09-02T14:42:10Z
e039bfb3-1804-4292-9816-985080cbb174,Dillan Van Rooyen,dillanvanrooyen,Dillan Van Rooyen,RSA,male,resolved,world_athletics,2026-09-02T14:42:10Z,2026-09-02T14:42:10Z
51ac502d-6ba1-4d06-b0a6-0df5c732adca,Dillon Maggard,dillonmaggard,Dillon Maggard,USA,male,resolved,world_athletics,2026-09-02T14:42:10Z,2026-09-02T14:42:10Z
cda90c72-e69f-451e-9466-045942069c0a,Dina Aleksandrova,dinaaleksandrova,Dina Aleksandrova,RUS,female,resolved,world_athletics,2026-09-02T14:42:10Z,2026-09-02T14:42:10Z
15940d6c-48dc-4f15-a577-514feefc63e7,Dinghong YANG,dinghongyang,,CHN,male,resolved,world_athletics,2026-09-02T14:42:10Z,2026-09-02T14:42:10Z
c7f0d5ae-ee6b-4885-82bd-0439169bb52a,Diniya ABARAYA,diniyaabaraya,,ETH,female,resolved,world_athletics,2026-09-02T14:42:10Z,2026-09-02T14:42:10Z
6f9c2fe8-690f-440f-a4c0-6a07098b78f1,Dinkalem AYELE,dinkalemayele,,ETH,male,resolved,world_athletics,2026-09-02T14:42:10Z,2026-09-02T14:42:10Z
cafff0f5-f5d8-4d7c-88a8-f9cce0b5ba0b,Dion EIJSSEN,dioneijssen,,NED,male,resolved,world_athletics,2026-09-02T14:42:10Z,2026-09-02T14:42:10Z
c8b0ebd0-ddaf-48f4-85d5-32882252f273,Diriba GIRMA,diribagirma,,ETH,male,resolved,world_athletics,2026-09-02T14:42:10Z,2026-09-02T14:42:10Z
8eea75fe-3400-4bd3-b58d-c6994c50bb26,Diribe WELTEJI,diribewelteji,,ETH,female,resolved,world_athletics,2026-09-02T14:42:10Z,2026-09-02T14:42:10Z
5b1dc323-cf0f-48d7-b329-19e378dfad51,Djamel SEDJATI,djamelsedjati,,ALG,male,resolved,world_athletics,2026-09-02T14:42:10Z,2026-09-02T14:42:10Z
e7e2471c-1a7d-4d80-a5be-acb751b5cb4c,Djilali Bedrani,djilalibedrani,Djilali Bedrani,FRA,male,resolved,world_athletics,2026-09-02T14:42:10Z,2026-09-02T14:42:10Z
15f0b441-ca6b-4c83-8a01-b5c704c2b108,Dmitriy NEDELIN,dmitriynedelin,,RUS,male,resolved,world_athletics,2026-09-02T14:42:10Z,2026-09-02T14:42:10Z
bf09d4c9-2144-4cc9-9e42-02cdd11b5e14,Dolphine Nyaboke OMARE,dolphinenyabokeomare,,KEN,female,resolved,world_athletics,2026-09-02T14:42:10Z,2026-09-02T14:42:10Z
adb7ea99-9093-4778-b0e4-16cca3ba0638,Dolshi TESFU,dolshitesfu,,ERI,female,resolved,world_athletics,2026-09-02T14:42:10Z,2026-09-02T14:42:10Z
ab983186-14ee-43a3-84d3-2331ed713d1d,Domenika MAYER,domenikamayer,,GER,female,resolved,world_athletics,2026-09-02T14:42:10Z,2026-09-02T14:42:10Z
97891ccc-576c-4795-982c-d0d4133ec033,Dominic Chemut KIPTARUS,dominicchemutkiptarus,,KEN,male,resolved,world_athletics,2026-09-02T14:42:10Z,2026-09-02T14:42:10Z
a27d1924-88fa-4685-ac2f-544b178061ca,Dominick Kipkirui BETT,dominickkipkiruibett,,KEN,male,resolved,world_athletics,2026-09-02T14:42:10Z,2026-09-02T14:42:10Z
9bff6335-4b71-4965-88a7-6110452c74d2,Dominic LETTING,dominicletting,,KEN,male,resolved,world_athletics,2026-09-02T14:42:10Z,2026-09-02T14:42:10Z
14ec8e23-4d09-44b9-bd87-8be31a8331b5,Dominic Lokinyomo LOBALU,dominiclokinyomolobalu,,SUI,male,resolved,world_athletics,2026-09-02T14:42:10Z,2026-09-02T14:42:10Z
8cf4a380-a386-4f18-851d-ba7745f94960,Dominic NGENO,dominicngeno,,KEN,male,resolved,world_athletics,2026-09-02T14:42:10Z,2026-09-02T14:42:10Z
a4919e17-e107-477e-ab14-46cf860655b5,Dominic NYAIRO,dominicnyairo,,KEN,male,resolved,world_athletics,2026-09-02T14:42:10Z,2026-09-02T14:42:10Z
08276c55-055b-4a6e-b932-e82c998489fc,Dominique SCOTT,dominiquescott,,RSA,female,resolved,world_athletics,2026-09-02T14:42:10Z,2026-09-02T14:42:10Z
f9391e51-fa50-4baf-af21-47b38a9d27c6,Dongzhi SANGJI,dongzhisangji,,CHN,male,resolved,world_athletics,2026-09-02T14:42:10Z,2026-09-02T14:42:10Z
8ec6ae8f-4590-419c-a384-a8206fd520c2,Donovan CHRISTIEN,donovanchristien,,FRA,male,resolved,world_athletics,2026-09-02T14:42:10Z,2026-09-02T14:42:10Z
43d42b42-cbf5-490e-b14b-44714c23ca49,Dorcas EWOI,dorcasewoi,,KEN,female,resolved,world_athletics,2026-09-02T14:42:10Z,2026-09-02T14:42:10Z
ade827c0-2aaa-4ab9-86cc-105fc3156077,Dorcas Jepchirchir TUITOEK,dorcasjepchirchirtuitoek,,KEN,female,resolved,world_athletics,2026-09-02T14:42:10Z,2026-09-02T14:42:10Z
7f8cf471-aeb8-42c2-8a96-1bf17ce8a100,Dorian BOULVIN,dorianboulvin,,BEL,male,resolved,world_athletics,2026-09-02T14:42:10Z,2026-09-02T14:42:10Z
86352d05-3310-44f5-9d85-fb0afdfe9741,Dorine JEPCHIRCHIR,dorinejepchirchir,,KEN,female,resolved,world_athletics,2026-09-02T14:42:10Z,2026-09-02T14:42:10Z
aa5c1d56-84c4-41f0-bcff-cc0744132234,Dorine Jerop MURKOMEN,dorinejeropmurkomen,,KEN,female,resolved,world_athletics,2026-09-02T14:42:10Z,2026-09-02T14:42:10Z
33522f84-f825-4efb-ae1d-5b2de0c93a2d,Doris LEMNGOLE,dorislemngole,,KEN,female,resolved,world_athletics,2026-09-02T14:42:10Z,2026-09-02T14:42:10Z
0c918b9c-f918-4998-8043-18a0a62305ac,Douglas CHEBII,douglaschebii,,KEN,male,resolved,world_athletics,2026-09-02T14:42:10Z,2026-09-02T14:42:10Z
23a27741-36c0-4cb7-ad6c-361cb4e8a120,Douglass Kimeli KIPRUGUT,douglasskimelikiprugut,,KEN,male,resolved,world_athletics,2026-09-02T14:42:10Z,2026-09-02T14:42:10Z
26dbe126-f867-4ed8-aa81-6086e0581885,Duarte GOMES,duartegomes,,POR,male,resolved,world_athletics,2026-09-02T14:42:10Z,2026-09-02T14:42:10Z
a9687ad0-5ea4-45c3-9ddb-a4c85749f7bb,Dugion BLACKMAN,dugionblackman,,JAM,male,resolved,world_athletics,2026-09-02T14:42:10Z,2026-09-02T14:42:10Z
f3676b90-146b-432e-ae99-aa7578369c68,Duncan Gathukumi MAINA,duncangathukumimaina,,KEN,male,resolved,world_athletics,2026-09-02T14:42:10Z,2026-09-02T14:42:10Z
0a47f3b2-e8b3-4aa8-b1e3-db73875d2fb9,Duncan Hamilton,duncanhamilton,Duncan Hamilton,USA,male,resolved,world_athletics,2026-09-02T14:42:10Z,2026-09-02T14:42:10Z
622fcdfe-8968-4452-a01f-05f05abe6d1f,Duncan Perrillat,duncanperrillat,Duncan Perrillat,FRA,male,resolved,world_athletics,2026-09-02T14:42:10Z,2026-09-02T14:42:10Z
60d69836-8cee-4c72-bda0-16650002fe4d,Duojie ZHAXI,duojiezhaxi,,CHN,male,resolved,world_athletics,2026-09-02T14:42:10Z,2026-09-02T14:42:10Z
3f5f953c-f9b2-4745-8640-f669fb022ec9,Dylan JACOBS,dylanjacobs,,USA,male,resolved,world_athletics,2026-09-02T14:42:10Z,2026-09-02T14:42:10Z
f813a8f6-a749-465a-bebb-666f8574974a,Dylan SCHUBERT,dylanschubert,,USA,male,resolved,world_athletics,2026-09-02T14:42:10Z,2026-09-02T14:42:10Z
f5814d14-65c8-42f9-8549-eaa0d228cc2a,Ebba CRONHOLM,ebbacronholm,,SWE,female,resolved,world_athletics,2026-09-02T14:42:10Z,2026-09-02T14:42:10Z
8aec4161-0383-4c49-bdbc-eddaab930003,Ebba Tulu CHALA,ebbatuluchala,,SWE,male,resolved,world_athletics,2026-09-02T14:42:10Z,2026-09-02T14:42:10Z
6400eeba-e422-43cf-80e7-167129567add,Ebrahim ALZOFAIRI,ebrahimalzofairi,,KUW,male,resolved,world_athletics,2026-09-02T14:42:10Z,2026-09-02T14:42:10Z
35c21b0a-146f-4a0b-9d02-3a4ce4d63056,Ederson VILELA PEREIRA,edersonvilelapereira,,BRA,male,resolved,world_athletics,2026-09-02T14:42:10Z,2026-09-02T14:42:10Z
30b8211b-d360-484c-85d1-fbc99de04ab2,Edgar DURIEUX,edgardurieux,,FRA,male,resolved,world_athletics,2026-09-02T14:42:10Z,2026-09-02T14:42:10Z
bc38e9d3-4d5b-41bb-9b0c-031786f3b068,Edinah JEBITOK,edinahjebitok,,KEN,female,resolved,world_athletics,2026-09-02T14:42:10Z,2026-09-02T14:42:10Z
88890dea-662f-417d-a888-863dadc66b1a,Edinah JEROTICH,edinahjerotich,,KEN,female,resolved,world_athletics,2026-09-02T14:42:10Z,2026-09-02T14:42:10Z
42677d79-1244-43af-914d-aed50c56aa2a,Edith Jepchumba CHEMJOR,edithjepchumbachemjor,,KEN,female,resolved,world_athletics,2026-09-02T14:42:10Z,2026-09-02T14:42:10Z
5385bb4d-8ad2-46dd-ac63-137b22e3e871,Edmond KIPNGETICH,edmondkipngetich,,KEN,male,resolved,world_athletics,2026-09-02T14:42:10Z,2026-09-02T14:42:10Z
05830513-b30a-461a-a941-390e1366e2ae,Edmund DU PLESSIS,edmundduplessis,,RSA,male,resolved,world_athletics,2026-09-02T14:42:10Z,2026-09-02T14:42:10Z
46e4f95c-4237-44f3-a4ca-bdf3ea9d02b2,Edmund SEREM,edmundserem,,KEN,male,resolved,world_athletics,2026-09-02T14:42:10Z,2026-09-02T14:42:10Z
62309dbf-3ee7-4fa4-aede-841b851c469f,Edna Ngeringwony KIPLAGAT,ednangeringwonykiplagat,,KEN,female,resolved,world_athletics,2026-09-02T14:42:10Z,2026-09-02T14:42:10Z
8bd09029-8358-478a-9e33-0aac9f4e0b66,Edose IBADIN,edoseibadin,,NGR,male,resolved,world_athletics,2026-09-02T14:42:10Z,2026-09-02T14:42:10Z
be001acc-7c4b-41ce-8a77-d856b7731fbf,Eduardo HERRERA,eduardoherrera,,MEX,male,resolved,world_athletics,2026-09-02T14:42:10Z,2026-09-02T14:42:10Z
75c94cfe-d268-48d6-90d3-8c2d02ebe559,Eduardo MENACHO,eduardomenacho,,ESP,male,resolved,world_athletics,2026-09-02T14:42:10Z,2026-09-02T14:42:10Z
d1659c7d-2791-4623-95c1-9b4e9b68e159,Eduardo RIBEIRO,eduardoribeiro,,BRA,male,resolved,world_athletics,2026-09-02T14:42:10Z,2026-09-02T14:42:10Z
0b0837d8-eef8-4262-9b52-5fdbd652c759,Edward CHESEREK,edwardcheserek,,KEN,male,resolved,world_athletics,2026-09-02T14:42:10Z,2026-09-02T14:42:10Z
9de7d641-509f-43f7-9b94-395ccc9b881b,Edward GODDARD,edwardgoddard,,AUS,male,resolved,world_athletics,2026-09-02T14:42:10Z,2026-09-02T14:42:10Z
c7249832-acd5-4039-bc32-e62657bc615c,Edward Konana KOONYO,edwardkonanakoonyo,,KEN,male,resolved,world_athletics,2026-09-02T14:42:10Z,2026-09-02T14:42:10Z
1b51965d-6748-4b39-9dd3-7d400549e86e,Edward MARKS,edwardmarks,,AUS,male,resolved,world_athletics,2026-09-02T14:42:10Z,2026-09-02T14:42:10Z
363eafaa-e609-4138-b6e1-443d0262821a,Edward TRIPPAS,edwardtrippas,,AUS,male,resolved,world_athletics,2026-09-02T14:42:10Z,2026-09-02T14:42:10Z
863c4558-fa5d-428e-8a0f-404930620d91,Edward Zakayo PINGUA,edwardzakayopingua,,KEN,male,resolved,world_athletics,2026-09-02T14:42:10Z,2026-09-02T14:42:10Z
4943d6f3-06b4-4462-8674-e884f830df08,Edwin Cheruiyot SOI,edwincheruiyotsoi,,KEN,male,resolved,world_athletics,2026-09-02T14:42:10Z,2026-09-02T14:42:10Z
fce66b7c-2396-4d19-9eca-a22c371b7724,Edwin KIBICHIY,edwinkibichiy,,KEN,male,resolved,world_athletics,2026-09-02T14:42:10Z,2026-09-02T14:42:10Z
8dd470b1-f6d7-4297-b519-808eb85d3348,Edwin KIMAIYO,edwinkimaiyo,,KEN,male,resolved,world_athletics,2026-09-02T14:42:10Z,2026-09-02T14:42:10Z
0297bd6b-6f91-4ba9-be4f-dc3ba30fbb28,Edwin KIPRUTO,edwinkipruto,,KEN,male,resolved,world_athletics,2026-09-02T14:42:10Z,2026-09-02T14:42:10Z
884c3a32-77be-469d-8280-31113a829da5,Edwin KIPSAISAK,edwinkipsaisak,,KEN,male,resolved,world_athletics,2026-09-02T14:42:10Z,2026-09-02T14:42:10Z
a20493f5-ef3d-4325-9e54-7d9c27e4d23b,Edwin Kiptoo,edwinkiptoo,Edwin Kiptoo,KEN,male,resolved,world_athletics,2026-09-02T14:42:10Z,2026-09-02T14:42:10Z
1fd42710-ce88-4bd9-863d-06f8ca0d757c,Edwin KOSGEI,edwinkosgei,,KEN,male,resolved,world_athletics,2026-09-02T14:42:10Z,2026-09-02T14:42:10Z
f2e279a7-6c63-47e1-9fa7-c1b3f88b3b34,Edwin KURGAT,edwinkurgat,,KEN,male,resolved,world_athletics,2026-09-02T14:42:10Z,2026-09-02T14:42:10Z
3e5d8594-56ba-4d98-80db-852ab0ebb75f,Efrem GIDEY,efremgidey,,IRL,male,resolved,world_athletics,2026-09-02T14:42:10Z,2026-09-02T14:42:10Z
f0a3749c-61d4-4769-93f3-2a6324acc272,Efrem MEKONNEN,efremmekonnen,,ETH,male,resolved,world_athletics,2026-09-02T14:42:10Z,2026-09-02T14:42:10Z
890353b3-7c74-45e0-acec-5f3006c6e7d1,Egide NTAKARUTIMANA,egidentakarutimana,,BDI,male,resolved,world_athletics,2026-09-02T14:42:10Z,2026-09-02T14:42:10Z
37811d2b-e4ee-4909-b4bc-50ebb02b5a1f,Eikichi KAZAOKA,eikichikazaoka,,JPN,male,resolved,world_athletics,2026-09-02T14:42:10Z,2026-09-02T14:42:10Z
e9e89ff7-7826-4ec1-9d0c-2e81ff7b471c,Eilish Mccolgan,eilishmccolgan,Eilish Mccolgan,GBR,female,resolved,world_athletics,2026-09-02T14:42:10Z,2026-09-02T14:42:10Z
ea64aa6a-eab6-4295-9dae-87bd86c8dd5c,Eion NOHILLY,eionnohilly,,USA,male,resolved,world_athletics,2026-09-02T14:42:10Z,2026-09-02T14:42:10Z
52bee3e8-6e39-461b-9783-ad6159f54cf3,Ejgayehu TAYE,ejgayehutaye,,ETH,female,resolved,world_athletics,2026-09-02T14:42:10Z,2026-09-02T14:42:10Z
94f199b3-48ed-477d-8db0-ae3d9caab967,Eleanor BARAN,eleanorbaran,,USA,female,resolved,world_athletics,2026-09-02T14:42:10Z,2026-09-02T14:42:10Z
fa828ec5-b264-4f62-936e-5448b6acabbf,Eleanor FULTON,eleanorfulton,,USA,female,resolved,world_athletics,2026-09-02T14:42:10Z,2026-09-02T14:42:10Z
ba182344-9d0b-48e7-9cb7-44a9398038dd,Elena BELLÒ,elenabello,,ITA,female,resolved,world_athletics,2026-09-02T14:42:10Z,2026-09-02T14:42:10Z
55791d36-490c-4d20-8f42-02e0114eb4e1,Elena BURKARD,elenaburkard,,GER,female,resolved,world_athletics,2026-09-02T14:42:10Z,2026-09-02T14:42:10Z
5580ed5e-5a21-4362-ac57-d219f072780d,Elena CAREY,elenacarey,,GBR,female,resolved,world_athletics,2026-09-02T14:42:10Z,2026-09-02T14:42:10Z
49bcf75f-095f-4659-b8e6-02d14b61ca3d,Elena HAYDAY,elenahayday,,USA,female,resolved,world_athletics,2026-09-02T14:42:10Z,2026-09-02T14:42:10Z
90bee890-89a1-44ee-979c-6373656f3bef,Elena Mirela LAVRIC,elenamirelalavric,,ROU,female,resolved,world_athletics,2026-09-02T14:42:10Z,2026-09-02T14:42:10Z
70fa1bef-cc1b-4351-92c8-c024b16eb0af,Eleonora CURTABBI,eleonoracurtabbi,,ITA,female,resolved,world_athletics,2026-09-02T14:42:10Z,2026-09-02T14:42:10Z
13ff3a0c-3fe9-4d41-8e84-e301471cead1,Eleonora VANDI,eleonoravandi,,ITA,female,resolved,world_athletics,2026-09-02T14:42:10Z,2026-09-02T14:42:10Z
b16ce0d2-5a4c-4cf0-b128-fb93d418a5f0,El Hadi LAAMECHE,elhadilaameche,,ALG,male,resolved,world_athletics,2026-09-02T14:42:10Z,2026-09-02T14:42:10Z
342f856f-9ced-4ceb-9c3c-3f83e12bf878,Elhassane MOUJAHID,elhassanemoujahid,,MAR,male,resolved,world_athletics,2026-09-02T14:42:10Z,2026-09-02T14:42:10Z
3bde7136-4707-4b94-ba58-a93c2a766661,El Hocine BOUCHRAK,elhocinebouchrak,,ESP,male,resolved,world_athletics,2026-09-02T14:42:10Z,2026-09-02T14:42:10Z
40c2ed9a-de4f-46d9-a0fa-745e2d453e1e,EL Hocine ZOURKANE,elhocinezourkane,,ALG,male,resolved,world_athletics,2026-09-02T14:42:10Z,2026-09-02T14:42:10Z
a7b8abe2-0af6-43b6-8ff4-0ba7217623b2,Eliasa KIBET,eliasakibet,,KEN,male,resolved,world_athletics,2026-09-02T14:42:10Z,2026-09-02T14:42:10Z
5ef9f288-d498-4b03-8689-d78048723aea,Elias Kipchumba MAIYO,eliaskipchumbamaiyo,,KEN,male,resolved,world_athletics,2026-09-02T14:42:10Z,2026-09-02T14:42:10Z
8c95702c-3358-4307-b3ca-29c52e2da1bb,Elias Ngeny,eliasngeny,Elias Ngeny,KEN,male,resolved,world_athletics,2026-09-02T14:42:10Z,2026-09-02T14:42:10Z
1569698c-7aa6-48ae-9e65-9058802a1bc1,Elijah THIGA,elijahthiga,,KEN,male,resolved,world_athletics,2026-09-02T14:42:10Z,2026-09-02T14:42:10Z
aa064cab-7b43-400e-aa59-24bbb4851762,Eline DALEMANS,elinedalemans,,BEL,female,resolved,world_athletics,2026-09-02T14:42:10Z,2026-09-02T14:42:10Z
12a2ff10-719c-43a3-a3b2-3c51da6b36d2,Eliott Crestan,eliottcrestan,Eliott Crestan,BEL,male,resolved,world_athletics,2026-09-02T14:42:10Z,2026-09-02T14:42:10Z
5767baa3-7fd0-4125-b38a-a8503a533dcc,Elisa PALMERO,elisapalmero,,ITA,female,resolved,world_athletics,2026-09-02T14:42:10Z,2026-09-02T14:42:10Z
09006f94-71c2-4e20-a978-987c100b5499,Elise CRANNY,elisecranny,,USA,female,resolved,world_athletics,2026-09-02T14:42:10Z,2026-09-02T14:42:10Z
15c63f20-2c1d-42bc-9333-a7fb28617d35,Elise THORNER,elisethorner,,GBR,female,resolved,world_athletics,2026-09-02T14:42:10Z,2026-09-02T14:42:10Z
08087870-59db-4ae1-919f-b7f0a44e6d30,Elise VANDERELST,elisevanderelst,,BEL,female,resolved,world_athletics,2026-09-02T14:42:10Z,2026-09-02T14:42:10Z
565d9332-9ff3-44d5-ad9c-e84fff5256df,Elisha Kiprop BARNO,elishakipropbarno,,KEN,male,resolved,world_athletics,2026-09-02T14:42:10Z,2026-09-02T14:42:10Z
7434b7da-2606-4bf7-81ef-421b1565690a,Elisha ROTICH,elisharotich,,KEN,male,resolved,world_athletics,2026-09-02T14:42:10Z,2026-09-02T14:42:10Z
d97d7fb8-277f-4290-bf1a-db750da173a6,Eliud KIPCHOGE,eliudkipchoge,,KEN,male,resolved,world_athletics,2026-09-02T14:42:10Z,2026-09-02T14:42:10Z
725351cd-dccb-4224-a557-48c133eb96d4,Elizabeth BIRD,elizabethbird,,GBR,female,resolved,world_athletics,2026-09-02T14:42:10Z,2026-09-02T14:42:10Z
36212782-0d3b-4910-89b5-5b52c2c2289a,Elizabeth LEACHMAN,elizabethleachman,,USA,female,resolved,world_athletics,2026-09-02T14:42:10Z,2026-09-02T14:42:10Z
60e28657-941c-4153-889f-bc5f8bd80c5b,Eliza MEGGER,elizamegger,,POL,female,resolved,world_athletics,2026-09-02T14:42:10Z,2026-09-02T14:42:10Z
fe3b13ee-664e-4fc2-8c8c-1be1f772e4e1,Elizeba CHERONO,elizebacherono,,NED,female,resolved,world_athletics,2026-09-02T14:42:10Z,2026-09-02T14:42:10Z
5bacbde1-5d19-46ec-aac4-015788d0ce7f,Elkanah KIBET,elkanahkibet,,USA,male,resolved,world_athletics,2026-09-02T14:42:10Z,2026-09-02T14:42:10Z
e76af7e8-7175-4fb0-b9d9-3f5d820e3a7a,Ella DONAGHU,elladonaghu,,USA,female,resolved,world_athletics,2026-09-02T14:42:10Z,2026-09-02T14:42:10Z
eb818b01-2d72-4e7b-b99f-2e5d8646d127,Ella NELSON,ellanelson,,USA,female,resolved,world_athletics,2026-09-02T14:42:10Z,2026-09-02T14:42:10Z
1aa8768d-0a19-4f35-b52c-1f4fadb6cb9b,Elle ST. PIERRE,ellestpierre,,USA,female,resolved,world_athletics,2026-09-02T14:42:10Z,2026-09-02T14:42:10Z
d1830b3a-c73d-44c2-82db-3ca1a8a72143,Ellie Baker,elliebaker,ellie baker,GBR,female,resolved,world_athletics,2026-09-02T14:42:10Z,2026-09-02T14:42:10Z
e105822b-b2ff-4ecf-b1de-fbed5b274135,Ellie LEATHER,ellieleather,,GBR,female,resolved,world_athletics,2026-09-02T14:42:10Z,2026-09-02T14:42:10Z
a8a5645b-6b4e-4e11-b12b-c2a8ebc66144,Ellie PASHLEY,elliepashley,,AUS,female,resolved,world_athletics,2026-09-02T14:42:10Z,2026-09-02T14:42:10Z
1fdf4c0c-2996-41a2-9e63-df51e6b6fdc9,Ellie SANFORD,elliesanford,,AUS,female,resolved,world_athletics,2026-09-02T14:42:10Z,2026-09-02T14:42:10Z
d24b7642-df48-4fd3-a502-82c7392e563b,Elliot GILES,elliotgiles,,GBR,male,resolved,world_athletics,2026-09-02T14:42:10Z,2026-09-02T14:42:10Z
831184b4-afec-4dad-8e21-b12a147b10a7,Elliott COOK,elliottcook,,USA,male,resolved,world_athletics,2026-09-02T14:42:10Z,2026-09-02T14:42:10Z
7a374606-c34e-4186-a717-e7c81b86f087,Ellis Cross,elliscross,Ellis Cross,GBR,male,resolved,world_athletics,2026-09-02T14:42:10Z,2026-09-02T14:42:10Z
083eba38-89ee-4d9b-baa9-620be1c30245,Elly HENES,ellyhenes,,USA,female,resolved,world_athletics,2026-09-02T14:42:10Z,2026-09-02T14:42:10Z
a358e035-81a3-48ec-8785-9ad24a6344e5,El Mahjoub DAZZA,elmahjoubdazza,,MAR,male,resolved,world_athletics,2026-09-02T14:42:10Z,2026-09-02T14:42:10Z
45f5b473-7b25-4dbd-8f84-b90d20fa743a,Eloisa COIRO,eloisacoiro,,ITA,female,resolved,world_athletics,2026-09-02T14:42:10Z,2026-09-02T14:42:10Z
d322aa45-c1a1-4cd5-9cc9-ccbdffd74482,Eloise WALKER,eloisewalker,,GBR,female,resolved,world_athletics,2026-09-02T14:42:10Z,2026-09-02T14:42:10Z
3eda38aa-222d-4a9a-b84f-309bfbe1bd61,Elphas Toroitich NDIWA,elphastoroitichndiwa,,UGA,male,resolved,world_athletics,2026-09-02T14:42:10Z,2026-09-02T14:42:10Z
7708721c-3e56-4c3e-80d9-1e9978c29fcf,Elroy GELANT,elroygelant,,RSA,male,resolved,world_athletics,2026-09-02T14:42:10Z,2026-09-02T14:42:10Z
01437924-570e-4faa-ac7b-9c5fe82ba341,Elvanie NIMBONA,elvanienimbona,,BDI,female,resolved,world_athletics,2026-09-02T14:42:10Z,2026-09-02T14:42:10Z
66572c53-0b3f-4459-bf21-37dd6f2c269f,Elvin Josué CANALES,elvinjosuecanales,,HON,male,resolved,world_athletics,2026-09-02T14:42:10Z,2026-09-02T14:42:10Z
b8952204-4114-49ab-841b-cc8346847df0,Elvis Kipchoge CHEBOI,elviskipchogecheboi,,KEN,male,resolved,world_athletics,2026-09-02T14:42:10Z,2026-09-02T14:42:10Z
9336c24b-473f-4a0b-9d51-2caa7691a852,Elvis TABARACH,elvistabarach,,KEN,male,resolved,world_athletics,2026-09-02T14:42:10Z,2026-09-02T14:42:10Z
b93ba688-b29f-480e-a605-fe1646c10a87,Elzan BIBIĆ,elzanbibic,,SRB,male,resolved,world_athletics,2026-09-02T14:42:10Z,2026-09-02T14:42:10Z
62b12c6e-e98c-403e-a4db-e51398793f56,Embay GOITOM,embaygoitom,,ETH,male,resolved,world_athletics,2026-09-02T14:42:10Z,2026-09-02T14:42:10Z
aad610d2-b98c-47b2-8eab-3223ff53d83d,Emebet NIGUSE,emebetniguse,,ETH,female,resolved,world_athletics,2026-09-02T14:42:10Z,2026-09-02T14:42:10Z
7ef344e4-39d8-4fb5-aa23-affe39bd03ca,Emil Blomberg,emilblomberg,Emil Blomberg,SWE,male,resolved,world_athletics,2026-09-02T14:42:10Z,2026-09-02T14:42:10Z
4a8569a8-1c04-4707-8440-0c080e1969a2,Emil Danielsson,emildanielsson,Emil Danielsson,SWE,male,resolved,world_athletics,2026-09-02T14:42:10Z,2026-09-02T14:42:10Z
1927f8ed-1d26-4b5f-831c-4e6e5186accf,Emile CAIRESS,emilecairess,,GBR,male,resolved,world_athletics,2026-09-02T14:42:10Z,2026-09-02T14:42:10Z
f8baacdf-f2bc-4688-955e-2f72ba061443,Emile HAFASHIMANA,emilehafashimana,,BDI,male,resolved,world_athletics,2026-09-02T14:42:10Z,2026-09-02T14:42:10Z
0ee50611-28b6-435f-ba94-467d2511d89b,Émile Toupin,emiletoupin,Émile Toupin,CAN,male,resolved,world_athletics,2026-09-02T14:42:10Z,2026-09-02T14:42:10Z
8af0d4f9-451e-4480-a4ae-1b9b657f3e56,Emilia LILLEMO,emilialillemo,,SWE,female,resolved,world_athletics,2026-09-02T14:42:10Z,2026-09-02T14:42:10Z
9a1854ae-0a98-4466-93d7-57fbb43c98e4,Emilie JACQUOT-CLAUDE,emiliejacquotclaude,,FRA,female,resolved,world_athletics,2026-09-02T14:42:10Z,2026-09-02T14:42:10Z
e2b02222-6a0d-4c7f-9c24-68f26af41497,Emil MEGGLE,emilmeggle,,GER,male,resolved,world_athletics,2026-09-02T14:42:10Z,2026-09-02T14:42:10Z
37914aac-802d-42c3-b6bc-16283d10a942,Emily CHEBET,emilychebet,,KEN,female,resolved,world_athletics,2026-09-02T14:42:10Z,2026-09-02T14:42:10Z
ad711ab4-40ae-46db-a73c-c6b92ab52cde,Emily Chebet KIPCHUMBA,emilychebetkipchumba,,KEN,female,resolved,world_athletics,2026-09-02T14:42:10Z,2026-09-02T14:42:10Z
3ce1ccd0-1f10-40fc-a8e6-cf26f69462a5,Emily Chepkemoi ARUSIO,emilychepkemoiarusio,,KEN,female,resolved,world_athletics,2026-09-02T14:42:10Z,2026-09-02T14:42:10Z
a17d0c37-286d-4398-81c7-7ecd23d5b08c,Emily DURGIN,emilydurgin,,USA,female,resolved,world_athletics,2026-09-02T14:42:10Z,2026-09-02T14:42:10Z
b67c6713-f901-4d3f-8e3d-692c409fbded,Emily HAGGARD-KEARNEY,emilyhaggardkearney,,IRL,female,resolved,world_athletics,2026-09-02T14:42:10Z,2026-09-02T14:42:10Z
ff87e029-e0db-4b01-88f7-dc10b5c766ee,Emily INFELD,emilyinfeld,,USA,female,resolved,world_athletics,2026-09-02T14:42:10Z,2026-09-02T14:42:10Z
230e2183-fa3e-495a-94a4-146c318c6ac0,Emily LIPARI,emilylipari,,USA,female,resolved,world_athletics,2026-09-02T14:42:10Z,2026-09-02T14:42:10Z
fecce026-9411-4a9e-9098-332998705907,Emily Mackay,emilymackay,Emily MacKay,USA,female,resolved,world_athletics,2026-09-02T14:42:10Z,2026-09-02T14:42:10Z
54742162-41ad-4709-a717-dd677fc5ea80,Emily PAUPORE,emilypaupore,,USA,female,resolved,world_athletics,2026-09-02T14:42:10Z,2026-09-02T14:42:10Z
baa6ccd5-c587-46d6-b43b-056504afca9e,Emily RICHARDS,emilyrichards,,USA,female,resolved,world_athletics,2026-09-02T14:42:10Z,2026-09-02T14:42:10Z
b89f18e3-2d62-454c-9689-12039aac6743,Emily SISSON,emilysisson,,USA,female,resolved,world_athletics,2026-09-02T14:42:10Z,2026-09-02T14:42:10Z
2afc1787-fb94-4c12-ae7a-1ce87b79ea41,Emily VENTERS,emilyventers,,USA,female,resolved,world_athletics,2026-09-02T14:42:10Z,2026-09-02T14:42:10Z
fdb5162d-95c4-4f7e-9391-13c7e078d600,Emine Hatun MECHAAL,eminehatunmechaal,,TUR,female,resolved,world_athletics,2026-09-02T14:42:10Z,2026-09-02T14:42:10Z
a5af9bf3-7248-4270-8fa0-1eaafb3d8ec7,Emma BATES,emmabates,,USA,female,resolved,world_athletics,2026-09-02T14:42:10Z,2026-09-02T14:42:10Z
a63f8297-8a46-46b0-aecc-bfe809bcd6f8,Emmaculate Anyango ACHOL,emmaculateanyangoachol,,KEN,female,resolved,world_athletics,2026-09-02T14:42:10Z,2026-09-02T14:42:10Z
2a97d72a-6dd6-499d-97af-af203a8e7cc1,Emma DAGENAIS,emmadagenais,,CAN,female,resolved,world_athletics,2026-09-02T14:42:10Z,2026-09-02T14:42:10Z
267098be-5eee-4220-aecf-4090b54afc14,Emma GEE,emmagee,,USA,female,resolved,world_athletics,2026-09-02T14:42:10Z,2026-09-02T14:42:10Z
53ff3bfa-5b40-488d-ab4b-0328cb65d471,Emma Grace HURLEY,emmagracehurley,,USA,female,resolved,world_athletics,2026-09-02T14:42:10Z,2026-09-02T14:42:10Z
16f3dafd-ed07-44ab-b956-fc4189c5ef51,Emmah Cheruto NDIWA,emmahcherutondiwa,,KEN,female,resolved,world_athletics,2026-09-02T14:42:10Z,2026-09-02T14:42:10Z
c537d91e-5c4f-4bf8-b493-93efb9b87a06,Emma KELLEY,emmakelley,,USA,female,resolved,world_athletics,2026-09-02T14:42:10Z,2026-09-02T14:42:10Z
1256bea2-20af-4c77-8d56-df66c5dabc41,Emma LOMBARDI,emmalombardi,,FRA,female,resolved,world_athletics,2026-09-02T14:42:10Z,2026-09-02T14:42:10Z
c77fd59e-3e5f-46c8-90c3-83cc3cdd9871,Emmanuel BOR,emmanuelbor,,USA,male,resolved,world_athletics,2026-09-02T14:42:10Z,2026-09-02T14:42:10Z
1ea23227-1363-4f44-9ec7-abcee6a03ccc,Emmanuel KIPCHIRCHIR,emmanuelkipchirchir,,KEN,male,resolved,world_athletics,2026-09-02T14:42:10Z,2026-09-02T14:42:10Z
f15a5f38-9b48-45a8-8c01-3cd50ca1ab18,Emmanuel Kipchirchir KOSGEI,emmanuelkipchirchirkosgei,,KEN,male,resolved,world_athletics,2026-09-02T14:42:10Z,2026-09-02T14:42:10Z
95a7585b-df8e-4e86-895a-326dfcf4a472,Emmanuel KIPCHUMBA,emmanuelkipchumba,,KEN,male,resolved,world_athletics,2026-09-02T14:42:10Z,2026-09-02T14:42:10Z
c2ee3463-f224-4c3a-bd42-7fb733b223b2,Emmanuel Kiprop KIPRUTO,emmanuelkipropkipruto,,KEN,male,resolved,world_athletics,2026-09-02T14:42:10Z,2026-09-02T14:42:10Z
b3093c01-97e0-44df-8493-dbb6964a00db,Emmanuel Korir KIPLAGAT,emmanuelkorirkiplagat,,KEN,male,resolved,world_athletics,2026-09-02T14:42:10Z,2026-09-02T14:42:10Z
ca6f2526-be2e-4e1e-a12b-6d99374db073,Emmanuel Moi MARU,emmanuelmoimaru,,KEN,male,resolved,world_athletics,2026-09-02T14:42:10Z,2026-09-02T14:42:10Z
2601a131-94a0-4a8e-bec1-89173278f57e,Emmanuel MUTABAZI,emmanuelmutabazi,,RWA,male,resolved,world_athletics,2026-09-02T14:42:10Z,2026-09-02T14:42:10Z
cda0c1ec-b1c9-4b3a-a0e6-88b9c4123391,Emmanuel ROUDOLFF,emmanuelroudolff,,FRA,male,resolved,world_athletics,2026-09-02T14:42:10Z,2026-09-02T14:42:10Z
8185b15e-dbfb-47fc-a3c5-a97a4b630129,Emmanuel WAFULA,emmanuelwafula,,KEN,male,resolved,world_athletics,2026-09-02T14:42:10Z,2026-09-02T14:42:10Z
a89f7f19-8b7c-42e1-a06e-39a57f81261a,Emmanuel WANYONYI,emmanuelwanyonyi,,KEN,male,resolved,world_athletics,2026-09-02T14:42:10Z,2026-09-02T14:42:10Z
60178275-e517-4679-b0b8-6248c0e437b7,Emma Tavella,emmatavella,Emma Tavella,USA,female,resolved,world_athletics,2026-09-02T14:42:10Z,2026-09-02T14:42:10Z
0b6e6e8e-ee80-4c2f-8c28-a672db6ff64e,Enatnesh Alamrew TIRUSEW,enatneshalamrewtirusew,,ETH,female,resolved,world_athletics,2026-09-02T14:42:10Z,2026-09-02T14:42:10Z
a305a290-3a35-4d90-938b-971330e925ac,Enatnesh WALELIGN,enatneshwalelign,,ETH,female,resolved,world_athletics,2026-09-02T14:42:10Z,2026-09-02T14:42:10Z
7b235db6-e0c0-4568-a298-5141a08f0d91,Endashaw RETA,endashawreta,,ETH,male,resolved,world_athletics,2026-09-02T14:42:10Z,2026-09-02T14:42:10Z
fe25a468-bc11-4374-b1b9-d1fbc86f692c,Enock KINYAMAL,enockkinyamal,,KEN,male,resolved,world_athletics,2026-09-02T14:42:10Z,2026-09-02T14:42:10Z
fab236a8-d7f3-4778-b951-549a25550cae,Enock Kipkemboi,enockkipkemboi,Enock Kipkemboi,KEN,male,resolved,world_athletics,2026-09-02T14:42:10Z,2026-09-02T14:42:10Z
34b87a5f-5145-4736-a7f5-a1b4ac70b601,Enock ONCHARI,enockonchari,,KEN,male,resolved,world_athletics,2026-09-02T14:42:10Z,2026-09-02T14:42:10Z
759dbf08-be3c-4ee2-b91c-7cd4d6a772d1,Enyew MEKONNEN,enyewmekonnen,,ETH,male,resolved,world_athletics,2026-09-02T14:42:10Z,2026-09-02T14:42:10Z
7ff68ba6-a051-4173-9f85-76a9fd8acb4a,Enyew NIGATE,enyewnigate,,ETH,male,resolved,world_athletics,2026-09-02T14:42:10Z,2026-09-02T14:42:10Z
6dbf5ccb-ed2b-4917-a77f-5ad4c5864eac,Enyish MENGIE,enyishmengie,,ETH,female,resolved,world_athletics,2026-09-02T14:42:10Z,2026-09-02T14:42:10Z
86d669ad-b2a9-4e5f-886b-ec5c2be696f2,Enzo COUDERCHET,enzocouderchet,,FRA,male,resolved,world_athletics,2026-09-02T14:42:10Z,2026-09-02T14:42:10Z
4fbc5675-6763-45c9-a892-b3e8ca1a2148,Erenjia JIA,erenjiajia,,CHN,male,resolved,world_athletics,2026-09-02T14:42:10Z,2026-09-02T14:42:10Z
3827b312-4864-4c4b-b3cc-5b0a69452963,Eric Avila,ericavila,Eric Avila,USA,male,resolved,world_athletics,2026-09-02T14:42:10Z,2026-09-02T14:42:10Z
0c1f0f34-90e4-43c9-81f0-88bae4f061dd,Eric Holt,ericholt,Eric Holt,USA,male,resolved,world_athletics,2026-09-02T14:42:10Z,2026-09-02T14:42:10Z
58a7a9dc-c446-46a5-868d-c43be0d51d0a,Eric Kiprono KIPTANUI,erickipronokiptanui,,KEN,male,resolved,world_athletics,2026-09-02T14:42:10Z,2026-09-02T14:42:10Z
1195b9d8-d8ff-4292-b603-288eb5168920,Erick Kiplagat SANG,erickkiplagatsang,,KEN,male,resolved,world_athletics,2026-09-02T14:42:10Z,2026-09-02T14:42:10Z
34bf3e54-c4d0-4033-b05f-8dfad598c1f2,Eric NZIKWINKUNDA,ericnzikwinkunda,,BDI,male,resolved,world_athletics,2026-09-02T14:42:10Z,2026-09-02T14:42:10Z
fe4b6f91-e73e-480b-b9f0-d55728298137,Eric VAN DER ELS,ericvanderels,,USA,male,resolved,world_athletics,2026-09-02T14:42:10Z,2026-09-02T14:42:10Z
352faa56-b98b-4bee-96f2-f35118387c50,Erika KEMP,erikakemp,,USA,female,resolved,world_athletics,2026-09-02T14:42:10Z,2026-09-02T14:42:10Z
2ffe8a14-1df5-4d65-952e-2a2f7a358e67,Erika TANOURA,erikatanoura,,JPN,female,resolved,world_athletics,2026-09-02T14:42:10Z,2026-09-02T14:42:10Z
ad520368-c23e-4f82-a0a2-66cbfee1c9c6,Erik Hille,erikhille,Erik Hille,GER,male,resolved,world_athletics,2026-09-02T14:42:10Z,2026-09-02T14:42:10Z
62383d1e-3681-4b9d-a51f-b008ca17bb98,Erin Strzelecki,erinstrzelecki,Erin Strzelecki,USA,female,resolved,world_athletics,2026-09-02T14:42:10Z,2026-09-02T14:42:10Z
e344bbb1-644c-49f7-b037-32c5d47d97df,Erin TESCHUK,erinteschuk,,CAN,female,resolved,world_athletics,2026-09-02T14:42:10Z,2026-09-02T14:42:10Z
59305336-230f-4618-bef9-2be77da37bcd,Erin WALLACE,erinwallace,,GBR,female,resolved,world_athletics,2026-09-02T14:42:10Z,2026-09-02T14:42:10Z
ae70fef1-8622-41a9-aebb-05aefb0558bc,Ermias Girma,ermiasgirma,Ermias Girma,ETH,male,resolved,world_athletics,2026-09-02T14:42:10Z,2026-09-02T14:42:10Z
43c4f54d-66a9-49ec-87fc-4d885f157fbe,Ernest CHERUIYOT,ernestcheruiyot,,KEN,male,resolved,world_athletics,2026-09-02T14:42:10Z,2026-09-02T14:42:10Z
fcdf38b4-b5b0-4fdf-8850-6af0057f7921,Ernest NGENO,ernestngeno,,KEN,male,resolved,world_athletics,2026-09-02T14:42:10Z,2026-09-02T14:42:10Z
57af5c75-9a0b-4112-b6d5-7788100f415b,Esphond CHERUIYOT,esphondcheruiyot,,KEN,male,resolved,world_athletics,2026-09-02T14:42:10Z,2026-09-02T14:42:10Z
e625f54c-582d-495a-bedd-b42deb80ed1a,Estanislao Nicolas RUIZ,estanislaonicolasruiz,,ESP,male,resolved,world_athletics,2026-09-02T14:42:10Z,2026-09-02T14:42:10Z
60ca93f5-9571-4c60-89e1-c527494762a3,Esten Hansen-Møllerud HAUEN,estenhansenmllerudhauen,,NOR,male,resolved,world_athletics,2026-09-02T14:42:10Z,2026-09-02T14:42:10Z
d23f543f-10b2-47d3-83fa-0898efb276a0,Esther CHEBET,estherchebet,,UGA,female,resolved,world_athletics,2026-09-02T14:42:10Z,2026-09-02T14:42:10Z
74120685-1173-434a-86e3-123033c310a7,Esther GITAHI,esthergitahi,,KEN,female,resolved,world_athletics,2026-09-02T14:42:10Z,2026-09-02T14:42:10Z
194b71f5-9776-4cbb-b2f9-ebff4a6b7a1c,Esther GUERRERO,estherguerrero,,ESP,female,resolved,world_athletics,2026-09-02T14:42:10Z,2026-09-02T14:42:10Z
33dce4b6-50c6-4af2-ba05-fc3a17e13b62,Esther MUTHONI,esthermuthoni,,KEN,female,resolved,world_athletics,2026-09-02T14:42:10Z,2026-09-02T14:42:10Z
586a8b9c-d7cd-4d9d-896e-93364e759b8a,Esther NAVARRETE,esthernavarrete,,ESP,female,resolved,world_athletics,2026-09-02T14:42:10Z,2026-09-02T14:42:10Z
fd25b99d-b2f6-403a-b98f-334aa4489782,Esther PFEIFFER,estherpfeiffer,,GER,female,resolved,world_athletics,2026-09-02T14:42:10Z,2026-09-02T14:42:10Z
b1240769-859d-4ce1-8083-b8891ae446e5,Esther Seeland,estherseeland,Esther Seeland,USA,female,resolved,world_athletics,2026-09-02T14:42:10Z,2026-09-02T14:42:10Z
640d4d04-b628-4243-9eb8-df1bcd8256a2,Esther WAMBUI,estherwambui,,KEN,female,resolved,world_athletics,2026-09-02T14:42:10Z,2026-09-02T14:42:10Z
63c95836-55ef-4407-8dcc-33a326e16ee0,Ethan COLEMAN,ethancoleman,,USA,male,resolved,world_athletics,2026-09-02T14:42:10Z,2026-09-02T14:42:10Z
b640f35b-3e60-4738-a776-28e9241da664,Ethan HUSSEY,ethanhussey,,GBR,male,resolved,world_athletics,2026-09-02T14:42:10Z,2026-09-02T14:42:10Z
97ee7c91-86e9-4342-b10f-11cf607162aa,Ethan STRAND,ethanstrand,,USA,male,resolved,world_athletics,2026-09-02T14:42:10Z,2026-09-02T14:42:10Z
328b07ef-bdc0-4bdd-a579-3856ac04bf63,Ethlemahu SINTAYEHU,ethlemahusintayehu,,ETH,female,resolved,world_athletics,2026-09-02T14:42:10Z,2026-09-02T14:42:10Z
c140f11e-9146-4c48-b984-40bf402c2b2c,Etienne Daguinos,etiennedaguinos,Etienne Daguinos,FRA,male,resolved,world_athletics,2026-09-02T14:42:10Z,2026-09-02T14:42:10Z
49e0259e-51a5-4779-a5f2-48c00bf76e04,Etson BARROS,etsonbarros,,POR,male,resolved,world_athletics,2026-09-02T14:42:10Z,2026-09-02T14:42:10Z
4b4f440b-6811-4a8f-9ec7-cded7c21014f,Eugenie MOREL,eugeniemorel,,FRA,female,resolved,world_athletics,2026-09-02T14:42:10Z,2026-09-02T14:42:10Z
c5eb9262-6b47-490c-a0f9-9f9ce12c8e53,Euliter TANUI,eulitertanui,,KEN,female,resolved,world_athletics,2026-09-02T14:42:10Z,2026-09-02T14:42:10Z
1f2d1836-a9a3-4f19-a08c-280255b43bdd,Eunice Chebichii CHUMBA,eunicechebichiichumba,,BRN,female,resolved,world_athletics,2026-09-02T14:42:10Z,2026-09-02T14:42:10Z
a314ccbb-9e92-4126-a7e6-d933cb5c1a83,Eva DIETERICH,evadieterich,,GER,female,resolved,world_athletics,2026-09-02T14:42:10Z,2026-09-02T14:42:10Z
c7756a04-7e1c-43c8-ac90-1bf98e16675b,Evaline CHIRCHIR,evalinechirchir,,KEN,female,resolved,world_athletics,2026-09-02T14:42:10Z,2026-09-02T14:42:10Z
3db98479-398e-465a-9b79-5d29bbfcf9b9,Evan DORENKAMP,evandorenkamp,,USA,male,resolved,world_athletics,2026-09-02T14:42:10Z,2026-09-02T14:42:10Z
dd7a1034-3e2a-4209-a1ed-cd0c14c0036a,Evan Jager,evanjager,Evan Jager,USA,male,resolved,world_athletics,2026-09-02T14:42:10Z,2026-09-02T14:42:10Z
d92f496b-1357-4d00-8021-e365d79fa27d,Evan Jenkins,evanjenkins,Evan Jenkins,USA,male,resolved,world_athletics,2026-09-02T14:42:10Z,2026-09-02T14:42:10Z
232408ec-1044-430d-945d-5c2b2db2ba1b,Evans CHEBET,evanschebet,,KEN,male,resolved,world_athletics,2026-09-02T14:42:10Z,2026-09-02T14:42:10Z
0c60d584-4144-45c5-946c-8a8290109bab,Evans Keitany KIPTUM,evanskeitanykiptum,,KEN,male,resolved,world_athletics,2026-09-02T14:42:10Z,2026-09-02T14:42:10Z
48178971-1354-425c-a758-c58d9076e1cd,Evans Kipkemei KURUI,evanskipkemeikurui,,KEN,male,resolved,world_athletics,2026-09-02T14:42:10Z,2026-09-02T14:42:10Z
f8149ceb-66d9-4df1-984e-4b8a5de80d1e,Evans KIPKORIR,evanskipkorir,,KEN,male,resolved,world_athletics,2026-09-02T14:42:10Z,2026-09-02T14:42:10Z
1a33195a-d103-469e-b7fe-493f9306e3bd,Evans KIPLAGAT,evanskiplagat,,KEN,male,resolved,world_athletics,2026-09-02T14:42:10Z,2026-09-02T14:42:10Z
99a89e1d-a4c8-417e-9ff2-21cbcfbf91ad,Evans MAYAKA,evansmayaka,,KEN,male,resolved,world_athletics,2026-09-02T14:42:10Z,2026-09-02T14:42:10Z
d64b92b8-ba49-4f7f-b003-d62dfd676d9d,Eveliina MÄÄTTÄNEN,eveliinamaattanen,,FIN,female,resolved,world_athletics,2026-09-02T14:42:10Z,2026-09-02T14:42:10Z
ce56cc01-51e0-4def-9dd4-0e954abd4ef7,Everlyn KEMBOI,everlynkemboi,,USA,female,resolved,world_athletics,2026-09-02T14:42:10Z,2026-09-02T14:42:10Z
3e19c771-b22c-410b-bd1b-c0adcec93e0f,Evert SILVA,evertsilva,,USA,male,resolved,world_athletics,2026-09-02T14:42:10Z,2026-09-02T14:42:10Z
8a4310c6-d1b7-425a-9a18-6e7e8cea2d36,Eyob FANIEL,eyobfaniel,,ITA,male,resolved,world_athletics,2026-09-02T14:42:10Z,2026-09-02T14:42:10Z
afda53a6-64be-48b3-aabe-50b83ea31ab9,Eyob GHEBREHIWET FANIEL,eyobghebrehiwetfaniel,,ITA,male,resolved,world_athletics,2026-09-02T14:42:10Z,2026-09-02T14:42:10Z
8b708872-564f-46a3-91dd-4a80b69dfe6c,Ezekiel CHEPKOROM,ezekielchepkorom,,UGA,male,resolved,world_athletics,2026-09-02T14:42:10Z,2026-09-02T14:42:10Z
4618e986-ee23-4f44-b748-7adf1caf06dc,Ezekiel KIPKORIR,ezekielkipkorir,,KEN,male,resolved,world_athletics,2026-09-02T14:42:10Z,2026-09-02T14:42:10Z
7fa04d8c-eca9-456d-ba36-2d5a49964dbb,Ezekiel MUTAI,ezekielmutai,,UGA,male,resolved,world_athletics,2026-09-02T14:42:10Z,2026-09-02T14:42:10Z
ba031b35-d5b4-4cc9-a036-665cab1880a5,Ezekiel ROP,ezekielrop,,KEN,male,resolved,world_athletics,2026-09-02T14:42:10Z,2026-09-02T14:42:10Z
23ef5354-9ae9-4a49-8a8e-9ad268346e2a,Ezra Kipketer TANUI,ezrakipketertanui,,KEN,male,resolved,world_athletics,2026-09-02T14:42:10Z,2026-09-02T14:42:10Z
d5dfa2a7-593b-46b8-bfe9-6e156f4d0668,Fabien LOIRAT,fabienloirat,,FRA,male,resolved,world_athletics,2026-09-02T14:42:10Z,2026-09-02T14:42:10Z
355f3340-e1f1-4690-a06c-30f7fa694f24,Fabienne KÖNIGSTEIN,fabiennekonigstein,,GER,female,resolved,world_athletics,2026-09-02T14:42:10Z,2026-09-02T14:42:10Z
1bc92261-6d24-47e6-ab26-0d51b9d04523,Fabienne Schlumpf,fabienneschlumpf,Fabienne Schlumpf,SUI,female,resolved,world_athletics,2026-09-02T14:42:10Z,2026-09-02T14:42:10Z
2004fbc8-a828-4390-ab38-b87804e2b262,Fabien PALCAU,fabienpalcau,,FRA,male,resolved,world_athletics,2026-09-02T14:42:10Z,2026-09-02T14:42:10Z
7d872d74-2143-4c02-b183-2c705115ed07,Fadouwa LEDHEM,fadouwaledhem,,FRA,female,resolved,world_athletics,2026-09-02T14:42:10Z,2026-09-02T14:42:10Z
d72b1e76-df18-4659-969f-4a4571ac9396,Faid EL MOSTAFA,faidelmostafa,,MAR,male,resolved,world_athletics,2026-09-02T14:42:10Z,2026-09-02T14:42:10Z
5e04e86f-0902-4d03-8e60-c440b8a17aff,Failuna MATANGA,failunamatanga,,TAN,female,resolved,world_athletics,2026-09-02T14:42:10Z,2026-09-02T14:42:10Z
faaf8c1a-0b89-4e5a-a428-112db41e8aee,Faith CHEPCHIRCHIR,faithchepchirchir,,KEN,female,resolved,world_athletics,2026-09-02T14:42:10Z,2026-09-02T14:42:10Z
53eb9c37-df45-4be9-a121-02549adb97ec,Faith Chepchirchir KIPROTICH,faithchepchirchirkiprotich,,KEN,female,resolved,world_athletics,2026-09-02T14:42:10Z,2026-09-02T14:42:10Z
4caad52d-471c-4b2c-baf5-4b5e4f2ceba1,Faith CHEPKOECH,faithchepkoech,,KEN,female,resolved,world_athletics,2026-09-02T14:42:10Z,2026-09-02T14:42:10Z
c3484e03-8bcf-425f-a35f-9a1e7c6d333f,Faith CHERONO,faithcherono,,KEN,female,resolved,world_athletics,2026-09-02T14:42:10Z,2026-09-02T14:42:10Z
b9176b50-d758-4c95-82bd-742a2238895c,Faith CHEROTICH,faithcherotich,,KEN,female,resolved,world_athletics,2026-09-02T14:42:10Z,2026-09-02T14:42:10Z
9b05412f-0a4a-41fc-923f-c2cfec16cbdb,Faith KIPYEGON,faithkipyegon,,KEN,female,resolved,world_athletics,2026-09-02T14:42:10Z,2026-09-02T14:42:10Z
f1a86cb0-62ac-4802-824c-46d90b9b52b3,Fancy CHEMUTAI,fancychemutai,,KEN,female,resolved,world_athletics,2026-09-02T14:42:10Z,2026-09-02T14:42:10Z
746d2ff2-8510-458d-bf0e-5f7706acf76f,Fantaye BELAYNEH,fantayebelayneh,,ETH,female,resolved,world_athletics,2026-09-02T14:42:10Z,2026-09-02T14:42:10Z
30f2fefe-5bfd-4b55-9653-d8e4c3634d48,Fantu GELASA,fantugelasa,,ETH,female,resolved,world_athletics,2026-09-02T14:42:10Z,2026-09-02T14:42:10Z
fe83c2ca-3a58-43a0-bd48-033980486edc,Fantu SHUGI,fantushugi,,ETH,female,resolved,world_athletics,2026-09-02T14:42:10Z,2026-09-02T14:42:10Z
ef9b719a-8352-4adf-85fd-9630e6e929d4,Fantu ZEWUDE,fantuzewude,,ETH,female,resolved,world_athletics,2026-09-02T14:42:10Z,2026-09-02T14:42:10Z
3392af66-9afe-4d20-8b45-aa80228b505a,Faraja Lazaro DAMASI,farajalazarodamasi,,TAN,male,resolved,world_athletics,2026-09-02T14:42:10Z,2026-09-02T14:42:10Z
0763524b-278d-4920-a53c-46a5c7521546,Fatiha BENCHATKI,fatihabenchatki,,MAR,female,resolved,world_athletics,2026-09-02T14:42:10Z,2026-09-02T14:42:10Z
83f28b0b-b71f-4a3e-b4b5-732da6b258d7,Fatima Azzahraa OUHADDOU NAFIE,fatimaazzahraaouhaddounafie,,ESP,female,resolved,world_athletics,2026-09-02T14:42:10Z,2026-09-02T14:42:10Z
39bef6ad-8e76-43cd-b8a4-cfeaba728038,Fatima Ezzahra GARDADI,fatimaezzahragardadi,,MAR,female,resolved,world_athletics,2026-09-02T14:42:10Z,2026-09-02T14:42:10Z
797abac8-441d-4695-b65f-27085b9794c0,Fearghal Curtin,fearghalcurtin,Fearghal Curtin,IRL,male,resolved,world_athletics,2026-09-02T14:42:10Z,2026-09-02T14:42:10Z
1628431f-581c-4ffe-a0d1-c2eda320a701,Federica DEL BUONO,federicadelbuono,,ITA,female,resolved,world_athletics,2026-09-02T14:42:10Z,2026-09-02T14:42:10Z
912d5444-06c0-4b51-87c6-ee7189d21146,Federica PANSINI,federicapansini,,ITA,female,resolved,world_athletics,2026-09-02T14:42:10Z,2026-09-02T14:42:10Z
f6dfbfdd-18f9-4f89-adf4-84521a6ee722,Federico Riva,federicoriva,Federico Riva,ITA,male,resolved,world_athletics,2026-09-02T14:42:10Z,2026-09-02T14:42:10Z
f2e6d368-e7be-4fa8-b3f8-527d2d908125,Felicien MUHITIRA,felicienmuhitira,,RWA,male,resolved,world_athletics,2026-09-02T14:42:10Z,2026-09-02T14:42:10Z
27ad13ed-f906-476d-9907-d6f60a207c00,Felix BOUR,felixbour,,FRA,male,resolved,world_athletics,2026-09-02T14:42:10Z,2026-09-02T14:42:10Z
892d452a-9525-40c7-ac58-4c0aac9d1983,Felix KIBITOK,felixkibitok,,KEN,male,resolved,world_athletics,2026-09-02T14:42:10Z,2026-09-02T14:42:10Z
368bc235-2bc8-44b8-a6b9-43e59edd58cc,Felix Kipchirchir KANDIE,felixkipchirchirkandie,,KEN,male,resolved,world_athletics,2026-09-02T14:42:10Z,2026-09-02T14:42:10Z
c353a379-83e8-48ab-986e-3068c6e943c5,Felix KIPKOECH,felixkipkoech,,KEN,male,resolved,world_athletics,2026-09-02T14:42:10Z,2026-09-02T14:42:10Z
81f05d97-7943-458d-8ee9-a9208833643e,Felix KIPSANG,felixkipsang,,KEN,male,resolved,world_athletics,2026-09-02T14:42:10Z,2026-09-02T14:42:10Z
783b3beb-0185-4eca-b4b1-a52d44bbb10f,Felix Kiptarus KORIR,felixkiptaruskorir,,KEN,male,resolved,world_athletics,2026-09-02T14:42:10Z,2026-09-02T14:42:10Z
d3afca66-ca89-4731-8696-55faa15b5dd1,Felix KIRUI,felixkirui,,KEN,male,resolved,world_athletics,2026-09-02T14:42:10Z,2026-09-02T14:42:10Z
1133b8b5-fc02-4000-9966-e88d01da8db1,Felix KIRWA,felixkirwa,,KEN,male,resolved,world_athletics,2026-09-02T14:42:10Z,2026-09-02T14:42:10Z
ce26f5ec-26ff-46bc-a0f2-13940bd1f1be,Felix KURUI,felixkurui,,KEN,male,resolved,world_athletics,2026-09-02T14:42:10Z,2026-09-02T14:42:10Z
3a2f37e0-0e35-4908-9253-3aca9b1239fb,Felix MUTHIANI,felixmuthiani,,KEN,male,resolved,world_athletics,2026-09-02T14:42:10Z,2026-09-02T14:42:10Z
9fdc99db-5390-4973-8809-d9170c0037e2,Femke ROSBERGEN,femkerosbergen,,NED,female,resolved,world_athletics,2026-09-02T14:42:10Z,2026-09-02T14:42:10Z
dc23085e-a0d0-4c5e-91fd-135a97fd176b,Ferdinand Kvan EDMAN,ferdinandkvanedman,,NOR,male,resolved,world_athletics,2026-09-02T14:42:10Z,2026-09-02T14:42:10Z
858bae56-a7b6-47bb-a41c-f37440fae23d,Ferenc Soma KOVÁCS,ferencsomakovacs,,HUN,male,resolved,world_athletics,2026-09-02T14:42:10Z,2026-09-02T14:42:10Z
c0bdab78-b438-4c88-8429-6d4bb8f2461d,Ferguson Cheruiyot ROTICH,fergusoncheruiyotrotich,,KEN,male,resolved,world_athletics,2026-09-02T14:42:10Z,2026-09-02T14:42:10Z
19de046c-e373-49cd-ba3b-cd5ec348b0a5,Fernando CARRO,fernandocarro,,ESP,male,resolved,world_athletics,2026-09-02T14:42:10Z,2026-09-02T14:42:10Z
45ce9571-3c5d-404d-9097-aa694b332a35,Festus KIPRONO,festuskiprono,,KEN,male,resolved,world_athletics,2026-09-02T14:42:10Z,2026-09-02T14:42:10Z
34c6bc2e-726d-4e5e-8ed4-1495df6d7928,Festus Lagat,festuslagat,Festus Lagat,KEN,male,resolved,world_athletics,2026-09-02T14:42:10Z,2026-09-02T14:42:10Z
e71b4c02-0fc8-424b-b068-53a99ca02300,Feyissa MULGETA,feyissamulgeta,,ETH,male,resolved,world_athletics,2026-09-02T14:42:10Z,2026-09-02T14:42:10Z
3236caaf-c9de-4fdf-b4b5-eed0109062f6,Fikadu GONZALEZ,fikadugonzalez,,ESP,male,resolved,world_athletics,2026-09-02T14:42:10Z,2026-09-02T14:42:10Z
d1fae623-c662-41fe-a6af-415b50862f5d,Fikre BEKELE,fikrebekele,,ETH,male,resolved,world_athletics,2026-09-02T14:42:10Z,2026-09-02T14:42:10Z
d555e71f-2202-4e2c-8271-6bf600cc15cc,Fikrte WERETA,fikrtewereta,,ETH,female,resolved,world_athletics,2026-09-02T14:42:10Z,2026-09-02T14:42:10Z
9b1ca2e3-9a7a-4798-b893-b82f1e9e004f,Filimon ABRAHAM,filimonabraham,,GER,male,resolved,world_athletics,2026-09-02T14:42:10Z,2026-09-02T14:42:10Z
0ef02e93-20a6-4219-826c-43a3b9600fb3,Filip INGEBRIGTSEN,filipingebrigtsen,,NOR,male,resolved,world_athletics,2026-09-02T14:42:10Z,2026-09-02T14:42:10Z
66e3215a-3257-451e-957e-2c5c5aaa436e,Filip Ostrowski,filipostrowski,Filip Ostrowski,POL,male,resolved,world_athletics,2026-09-02T14:42:10Z,2026-09-02T14:42:10Z
6cb3852b-5fb6-4742-9271-1d924037ae38,Filip RAK,filiprak,,POL,male,resolved,world_athletics,2026-09-02T14:42:10Z,2026-09-02T14:42:10Z
8ef3c4ce-6dea-4edf-8d6a-292b355c7f55,Filip SASÍNEK,filipsasinek,,CZE,male,resolved,world_athletics,2026-09-02T14:42:10Z,2026-09-02T14:42:10Z
74c22e54-a7de-4e7e-bcff-36e6c1f22036,Filmon TESFU,filmontesfu,,NED,male,resolved,world_athletics,2026-09-02T14:42:10Z,2026-09-02T14:42:10Z
0b4dc5c1-033e-4c46-9ca7-1f50ac3c3281,Fina DUBE,finadube,,RSA,female,resolved,world_athletics,2026-09-02T14:42:10Z,2026-09-02T14:42:10Z
c8cb4102-60f8-48e7-8124-a82a62771f9a,Finley MCLEAR,finleymclear,,GBR,male,resolved,world_athletics,2026-09-02T14:42:10Z,2026-09-02T14:42:10Z
f08f5373-b122-4838-a0ed-d889d614f6e8,Fiona O'KEEFFE,fionaokeeffe,,USA,female,resolved,world_athletics,2026-09-02T14:42:10Z,2026-09-02T14:42:10Z
a2b6605d-dc1c-42e4-9516-3dd3ec1c9f71,Fionnuala MCCORMACK,fionnualamccormack,,IRL,female,resolved,world_athletics,2026-09-02T14:42:10Z,2026-09-02T14:42:10Z
9ce24814-dfd0-4bb1-9f5d-17cdf29e7011,Firehiwot GESESE,firehiwotgesese,,ETH,female,resolved,world_athletics,2026-09-02T14:42:10Z,2026-09-02T14:42:10Z
f2d7d0a7-1e1f-493c-b43f-487d6f4fb656,Fithawi ZAID,fithawizaid,,ERI,male,resolved,world_athletics,2026-09-02T14:42:10Z,2026-09-02T14:42:10Z
88d4aae3-e502-4f31-ba63-cde39e3e7fbd,Flavia Maria DE LIMA,flaviamariadelima,,BRA,female,resolved,world_athletics,2026-09-02T14:42:10Z,2026-09-02T14:42:10Z
c1b55882-9d73-47ce-9457-ce444fe04bce,Flavien SZOT,flavienszot,,FRA,male,resolved,world_athletics,2026-09-02T14:42:10Z,2026-09-02T14:42:10Z
0aebac31-8aa7-480a-8719-4702bca9bf24,Flavie RENOUARD,flavierenouard,,FRA,female,resolved,world_athletics,2026-09-02T14:42:10Z,2026-09-02T14:42:10Z
f44db070-d899-44c1-baca-732da379b4c6,Flomena ASEKOL,flomenaasekol,,KEN,female,resolved,world_athletics,2026-09-02T14:42:10Z,2026-09-02T14:42:10Z
ea563569-bbc6-4cba-b7a0-fb6057d15bf0,Florence Caron,florencecaron,Florence Caron,CAN,female,resolved,world_athletics,2026-09-02T14:42:10Z,2026-09-02T14:42:10Z
700b71ec-5d79-4ecf-a9d3-649f311a60eb,Florencia BORELLI,florenciaborelli,,ARG,female,resolved,world_athletics,2026-09-02T14:42:10Z,2026-09-02T14:42:10Z
aba71c33-c38e-482e-a178-5c5ff3df5fc9,Florian Bremm,florianbremm,Florian Bremm,GER,male,resolved,world_athletics,2026-09-02T14:42:10Z,2026-09-02T14:42:10Z
38af3f88-6c26-4ce7-b6c7-fa0701e031c7,Florian CARO,floriancaro,,FRA,male,resolved,world_athletics,2026-09-02T14:42:10Z,2026-09-02T14:42:10Z
ace0f59c-c931-4429-8a3a-af2ebe1118b1,Floriane QUESADA,florianequesada,,FRA,female,resolved,world_athletics,2026-09-02T14:42:10Z,2026-09-02T14:42:10Z
e241f107-2c47-4a68-ae9c-759ad065ddb2,Florian Le Pallec,florianlepallec,Florian Le Pallec,FRA,male,resolved,world_athletics,2026-09-02T14:42:10Z,2026-09-02T14:42:10Z
46705d85-b987-414a-a33e-84a9e353a99c,Foster Malleck,fostermalleck,Foster Malleck,CAN,male,resolved,world_athletics,2026-09-02T14:42:10Z,2026-09-02T14:42:10Z
73529f7d-a6fb-4810-8b37-f35e269ab8f3,Fotyen TESFAY,fotyentesfay,,ETH,female,resolved,world_athletics,2026-09-02T14:42:10Z,2026-09-02T14:42:10Z
72bf39a0-9f91-4cd6-95b3-eccc5cc97850,Fouad MESSAOUDI,fouadmessaoudi,,MAR,male,resolved,world_athletics,2026-09-02T14:42:10Z,2026-09-02T14:42:10Z
cf19c3cc-ca6a-40ec-af7e-a3e83292e193,Francesco GUERRA,francescoguerra,,ITA,male,resolved,world_athletics,2026-09-02T14:42:10Z,2026-09-02T14:42:10Z
2aa0b20e-fe29-42b8-b943-9933bcc807b4,Francesco PERNICI,francescopernici,,ITA,male,resolved,world_athletics,2026-09-02T14:42:10Z,2026-09-02T14:42:10Z
cb489db6-6790-44de-9610-a883d76aa662,Francine NIYOMUKUNZI,francineniyomukunzi,,BDI,female,resolved,world_athletics,2026-09-02T14:42:10Z,2026-09-02T14:42:10Z
551b694d-2d6f-472c-9509-2245ccedc426,Francis ABONG,francisabong,,KEN,male,resolved,world_athletics,2026-09-02T14:42:10Z,2026-09-02T14:42:10Z
8427e92b-752c-4645-bc71-5e50a185e08d,Francis KAMETHO,franciskametho,,KEN,male,resolved,world_athletics,2026-09-02T14:42:10Z,2026-09-02T14:42:10Z
ca7f7ed1-9ddd-4dc7-b1c0-897bb108d9e5,Francis Kipkorir LANGAT,franciskipkorirlangat,,KEN,male,resolved,world_athletics,2026-09-02T14:42:10Z,2026-09-02T14:42:10Z
45f73ef1-640b-47e5-ab44-9b8d8784c4ca,Frank LARA,franklara,,USA,male,resolved,world_athletics,2026-09-02T14:42:10Z,2026-09-02T14:42:10Z
d7c06b06-3869-4888-958f-73d57da7d407,Frank LUJAN,franklujan,,PER,male,resolved,world_athletics,2026-09-02T14:42:10Z,2026-09-02T14:42:10Z
e2b5c2ff-cbe5-4e4f-9bf7-b181e02393e5,Frederik RUPPERT,frederikruppert,,GER,male,resolved,world_athletics,2026-09-02T14:42:10Z,2026-09-02T14:42:10Z
a835cc4a-aa4b-4823-922c-4cdb410d45cd,Fredrick KIBII,fredrickkibii,,KEN,male,resolved,world_athletics,2026-09-02T14:42:10Z,2026-09-02T14:42:10Z
49f915a6-41f1-4744-8b0c-09d08818c702,Fredrik Sandvik,fredriksandvik,Fredrik Sandvik,NOR,male,resolved,world_athletics,2026-09-02T14:42:10Z,2026-09-02T14:42:10Z
6959d059-8ddb-443d-ba4a-bbd01fe16cee,Freweyni HAILU,freweynihailu,,ETH,female,resolved,world_athletics,2026-09-02T14:42:10Z,2026-09-02T14:42:10Z
f61b5d50-c5a2-472b-8f29-066908f6b8b0,Ftaw ZERAY,ftawzeray,,ETH,female,resolved,world_athletics,2026-09-02T14:42:10Z,2026-09-02T14:42:10Z
ca6d25f8-9533-47d0-9d77-e256d4cf8448,Fumihiro MARUYAMA,fumihiromaruyama,,JPN,male,resolved,world_athletics,2026-09-02T14:42:10Z,2026-09-02T14:42:10Z
f528f7c0-5f0c-4ec4-ae57-eb90416c1bc3,Fuminori SHIMO,fuminorishimo,,JPN,male,resolved,world_athletics,2026-09-02T14:42:10Z,2026-09-02T14:42:10Z
122308f7-a98e-41e4-a8e8-2ede59928bcb,Fumiya OSHIMA,fumiyaoshima,,JPN,male,resolved,world_athletics,2026-09-02T14:42:10Z,2026-09-02T14:42:10Z
7e8f0c6b-8e12-4126-9cd6-5811670501cb,Futsum ZIENASELLASSIE,futsumzienasellassie,,USA,male,resolved,world_athletics,2026-09-02T14:42:10Z,2026-09-02T14:42:10Z
393da75f-aeca-4aeb-a3a4-0d79138878fb,Gabija GALVYDYTĖ,gabijagalvydyte,,LTU,female,resolved,world_athletics,2026-09-02T14:42:10Z,2026-09-02T14:42:10Z
8a150e05-b18b-4722-a198-881a5c79e778,Gable SIEPERDA,gablesieperda,,USA,male,resolved,world_athletics,2026-09-02T14:42:10Z,2026-09-02T14:42:10Z
f95eee18-7c98-4de1-9f4e-73551aee280c,Gabriela Debues-Stafford,gabrieladebuesstafford,Gabriela DeBues-Stafford,CAN,female,resolved,world_athletics,2026-09-02T14:42:10Z,2026-09-02T14:42:10Z
115bcadd-2475-4af1-8def-7a0ddd1567d1,Gabriela GAJANOVÁ,gabrielagajanova,,SVK,female,resolved,world_athletics,2026-09-02T14:42:10Z,2026-09-02T14:42:10Z
dd1718e0-c147-4419-853a-a98b8f1c8d2f,Gabriele ANGIONO,gabrieleangiono,,ITA,male,resolved,world_athletics,2026-09-02T14:42:10Z,2026-09-02T14:42:10Z
1e096cac-3899-4e6d-8702-a1185d5cf1be,Gabriel Gerald GEAY,gabrielgeraldgeay,,TAN,male,resolved,world_athletics,2026-09-02T14:42:10Z,2026-09-02T14:42:10Z
8bfc99c4-c0f2-4472-afb0-50c4bcccf5a6,Gabriella ROOKER,gabriellarooker,,USA,female,resolved,world_athletics,2026-09-02T14:42:10Z,2026-09-02T14:42:10Z
8e779c00-9d0f-41db-a43c-79f8e9b7305f,Gabrielle JENNINGS,gabriellejennings,,USA,female,resolved,world_athletics,2026-09-02T14:42:10Z,2026-09-02T14:42:10Z
1c9a042b-eb29-4fc5-8fd6-4b6d70e11cf5,Gabrielle WILKINSON,gabriellewilkinson,,USA,female,resolved,world_athletics,2026-09-02T14:42:10Z,2026-09-02T14:42:10Z
adb0726c-42e3-475c-8dfb-c6cca513fbf7,Gabriel TUAL,gabrieltual,,FRA,male,resolved,world_athletics,2026-09-02T14:42:10Z,2026-09-02T14:42:10Z
5a0fab3a-2aca-4c84-8c5f-7192ac75bf48,Gaddisa TAFA DEKEBE,gaddisatafadekebe,,ETH,male,resolved,world_athletics,2026-09-02T14:42:10Z,2026-09-02T14:42:10Z
77e8f4b1-8b68-493e-91b9-336d32807f9a,Gadisa BIRHANU,gadisabirhanu,,ETH,male,resolved,world_athletics,2026-09-02T14:42:10Z,2026-09-02T14:42:10Z
5a857e3a-32c5-4837-9d37-0a1256cdaece,Gadisa TAJEBE,gadisatajebe,,ETH,male,resolved,world_athletics,2026-09-02T14:42:10Z,2026-09-02T14:42:10Z
2af03384-6705-4e8c-8b81-137aa7217102,Gadise MULU,gadisemulu,,ETH,female,resolved,world_athletics,2026-09-02T14:42:10Z,2026-09-02T14:42:10Z
f7a44aee-296c-4a02-bb24-278ac67abf9a,Gaia SABBATINI,gaiasabbatini,,ITA,female,resolved,world_athletics,2026-09-02T14:42:10Z,2026-09-02T14:42:10Z
31bf1376-a4b9-4310-a192-c869ec82a802,Gamze BULUT,gamzebulut,,TUR,female,resolved,world_athletics,2026-09-02T14:42:10Z,2026-09-02T14:42:10Z
e228cb27-f766-4f7c-9410-ff88e62faf24,Gantulga DAMBADARJAA,gantulgadambadarjaa,,MGL,male,resolved,world_athletics,2026-09-02T14:42:10Z,2026-09-02T14:42:10Z
3aa60dcb-1a8c-4672-a3cb-bdbe082b2688,Gaor DROUIN VIALLARD,gaordrouinviallard,,FRA,male,resolved,world_athletics,2026-09-02T14:42:10Z,2026-09-02T14:42:10Z
e505d87e-883a-4160-8dba-d7e9ad2ada9a,Gary Martin,garymartin,Gary Martin,USA,male,resolved,world_athletics,2026-09-02T14:42:10Z,2026-09-02T14:42:10Z
51a254df-9e74-4f8d-856f-716bffd43edf,Gashau AYALE,gashauayale,,ISR,male,resolved,world_athletics,2026-09-02T14:42:10Z,2026-09-02T14:42:10Z
54fd4dd8-9c25-44f9-8842-3a5d06724da8,Gatien AIRIAU,gatienairiau,,FRA,male,resolved,world_athletics,2026-09-02T14:42:10Z,2026-09-02T14:42:10Z
c8548f2a-a842-4fc7-ab78-b5639bb787b0,Gebeyanesh AYELE,gebeyaneshayele,,ETH,female,resolved,world_athletics,2026-09-02T14:42:10Z,2026-09-02T14:42:10Z
715edfee-83ac-4b6f-8b58-813940811c33,Gebise DEBELE,gebisedebele,,ETH,male,resolved,world_athletics,2026-09-02T14:42:10Z,2026-09-02T14:42:10Z
9c84fef1-e23f-4f45-bfa6-9e4ebca41de0,Gebretsadik ABRAHA,gebretsadikabraha,,ETH,male,resolved,world_athletics,2026-09-02T14:42:10Z,2026-09-02T14:42:10Z
194bce3f-a28f-448d-b4da-548cde77037e,Gebru REDAHGNE,gebruredahgne,,ETH,male,resolved,world_athletics,2026-09-02T14:42:10Z,2026-09-02T14:42:10Z
8c096c88-58a2-4d67-8a54-3761ae428ff0,Gela HAMBESE,gelahambese,,ETH,female,resolved,world_athletics,2026-09-02T14:42:10Z,2026-09-02T14:42:10Z
2404510b-95d2-41c0-a111-22aa56f8ed45,Gemechu DIDA,gemechudida,,ETH,male,resolved,world_athletics,2026-09-02T14:42:10Z,2026-09-02T14:42:10Z
2e41cf8f-7b88-4fb3-8337-e35e3fca7022,Gemma FINCH,gemmafinch,,GBR,female,resolved,world_athletics,2026-09-02T14:42:10Z,2026-09-02T14:42:10Z
9e5175c8-6744-4af0-aac2-9d8291edee52,Gena LÖFSTRAND,genalofstrand,,RSA,female,resolved,world_athletics,2026-09-02T14:42:10Z,2026-09-02T14:42:10Z
214bff7f-6561-44eb-8c8f-0f19385bc34c,General Berhanu AYANSA,generalberhanuayansa,,ETH,male,resolved,world_athletics,2026-09-02T14:42:10Z,2026-09-02T14:42:10Z
4233fbe6-5c4c-439c-917c-3b250e7f0e7d,Genet Habela ABDURKADIR,genethabelaabdurkadir,,ETH,female,resolved,world_athletics,2026-09-02T14:42:10Z,2026-09-02T14:42:10Z
cfcd68fa-17af-46b5-a55e-83a0dbaa95e1,Genet ROBI,genetrobi,,ETH,female,resolved,world_athletics,2026-09-02T14:42:10Z,2026-09-02T14:42:10Z
eb0f6b15-99e2-4349-96a6-0ad2675d5cdc,Genevieve GREGSON,genevievegregson,,AUS,female,resolved,world_athletics,2026-09-02T14:42:10Z,2026-09-02T14:42:10Z
81a99a45-e93f-4708-8541-02504c82def6,Genicious RONO,geniciousrono,,KEN,male,resolved,world_athletics,2026-09-02T14:42:10Z,2026-09-02T14:42:10Z
6e2f9291-39e9-49e7-beaa-adf778206ba4,Genki NAKANISHI,genkinakanishi,,JPN,male,resolved,world_athletics,2026-09-02T14:42:10Z,2026-09-02T14:42:10Z
983b9925-d0bc-48b5-b972-f6adda061545,Geoffrey KAMWOROR,geoffreykamworor,,KEN,male,resolved,world_athletics,2026-09-02T14:42:10Z,2026-09-02T14:42:10Z
bebd56ff-6c15-4a14-95dc-75aae311f5fa,Geoffrey KIPROTICH BIRGEN,geoffreykiprotichbirgen,,KEN,male,resolved,world_athletics,2026-09-02T14:42:10Z,2026-09-02T14:42:10Z
e6e59149-3615-446d-bba5-30137d76186a,Geoffrey KOECH,geoffreykoech,,KEN,male,resolved,world_athletics,2026-09-02T14:42:10Z,2026-09-02T14:42:10Z
ad70b448-7bb7-424d-a50e-c736b1a3e04b,Geoffrey TOROITICH,geoffreytoroitich,,KEN,male,resolved,world_athletics,2026-09-02T14:42:10Z,2026-09-02T14:42:10Z
6efa306d-2b72-435b-b69c-60a89a4d315c,Geordie BEAMISH,geordiebeamish,,NZL,male,resolved,world_athletics,2026-09-02T14:42:10Z,2026-09-02T14:42:10Z
176b61e7-11c0-486d-899e-145bfa5b8336,George Couttie,georgecouttie,George Couttie,GBR,male,resolved,world_athletics,2026-09-02T14:42:10Z,2026-09-02T14:42:10Z
c18fd994-b260-46a0-84c3-1183c474c077,George JAMES,georgejames,,GBR,male,resolved,world_athletics,2026-09-02T14:42:10Z,2026-09-02T14:42:10Z
0c69708f-73d6-4072-971a-d571d1b4bb37,George MILLS,georgemills,,GBR,male,resolved,world_athletics,2026-09-02T14:42:10Z,2026-09-02T14:42:10Z
3ebcf8c7-a93c-4240-b6d1-fc9d7d765451,George ONYANCHA,georgeonyancha,,KEN,male,resolved,world_athletics,2026-09-02T14:42:10Z,2026-09-02T14:42:10Z
ec46c8c5-a9b2-4da3-9542-48fd22816227,Georgia Bell,georgiabell,Georgia bell,GBR,female,resolved,world_athletics,2026-09-02T14:42:10Z,2026-09-02T14:42:10Z
fcee8511-e107-49da-94ee-9f9f4cb2ecc2,Georgia GRIFFITH,georgiagriffith,,AUS,female,resolved,world_athletics,2026-09-02T14:42:10Z,2026-09-02T14:42:10Z
58a91c70-2605-4ae4-a420-0beea945a05b,Georgia-Maria DESPOLLARI,georgiamariadespollari,,GRE,female,resolved,world_athletics,2026-09-02T14:42:10Z,2026-09-02T14:42:10Z
70587020-7a85-4130-824b-b8ec1a7cbd6f,Georgia WINKCUP,georgiawinkcup,,AUS,female,resolved,world_athletics,2026-09-02T14:42:10Z,2026-09-02T14:42:10Z
943645a0-35a1-418b-b50d-fd0e06ee8cf3,Georgie GRGEC,georgiegrgec,,NZL,female,resolved,world_athletics,2026-09-02T14:42:10Z,2026-09-02T14:42:10Z
096d073e-f3c6-43d6-8a60-c80928f6e0fe,Georgie HARTIGAN,georgiehartigan,,IRL,female,resolved,world_athletics,2026-09-02T14:42:10Z,2026-09-02T14:42:10Z
5b4b6b4b-194f-4d32-8c18-52df6f2c30d3,Georgina SCHWIENING,georginaschwiening,,GBR,female,resolved,world_athletics,2026-09-02T14:42:10Z,2026-09-02T14:42:10Z
671cd37d-38d0-466e-8738-11f1b41c053a,Gerba DIBABA,gerbadibaba,,ETH,male,resolved,world_athletics,2026-09-02T14:42:10Z,2026-09-02T14:42:10Z
435d9cde-fafc-4e5f-934f-d1b19a5dac52,Gerda STEYN,gerdasteyn,,RSA,female,resolved,world_athletics,2026-09-02T14:42:10Z,2026-09-02T14:42:10Z
df01d85e-8ed9-4295-9558-3dd234df3854,Gesa Felicitas KRAUSE,gesafelicitaskrause,,GER,female,resolved,world_athletics,2026-09-02T14:42:10Z,2026-09-02T14:42:10Z
4612c879-882e-4137-8256-355386cd878b,Getaneh MOLLA,getanehmolla,,ETH,male,resolved,world_athletics,2026-09-02T14:42:10Z,2026-09-02T14:42:10Z
61b71bad-fe8c-44b0-aed0-d2c423e8ff92,Gete ALEMAYEHU,getealemayehu,,ETH,female,resolved,world_athletics,2026-09-02T14:42:10Z,2026-09-02T14:42:10Z
3c645f78-65b4-4f47-819f-ffbf74499b82,Gete DUKALE,getedukale,,ETH,female,resolved,world_athletics,2026-09-02T14:42:10Z,2026-09-02T14:42:10Z
1f515b9a-813c-4571-a202-fe505fdd2a0f,Getinet MELE GEDAMU,getinetmelegedamu,,ETH,male,resolved,world_athletics,2026-09-02T14:42:10Z,2026-09-02T14:42:10Z
21dc2734-1908-48de-9a1c-84543e719dcd,Getnet WALE,getnetwale,,ETH,male,resolved,world_athletics,2026-09-02T14:42:10Z,2026-09-02T14:42:10Z
44e5c3f3-d62f-4942-81cb-ae7a5feeabf3,Ghirmay GHEBRESLASSIE,ghirmayghebreslassie,,ERI,male,resolved,world_athletics,2026-09-02T14:42:10Z,2026-09-02T14:42:10Z
6bfbcbf9-5855-47b7-9d18-c4778939d09d,Gideon CHEPKONGA,gideonchepkonga,,KEN,male,resolved,world_athletics,2026-09-02T14:42:10Z,2026-09-02T14:42:10Z
a541a70c-b7c1-4a6d-9c67-03654ea60d52,Gideon Kibichi RONOH,gideonkibichironoh,,KEN,male,resolved,world_athletics,2026-09-02T14:42:10Z,2026-09-02T14:42:10Z
2e3c0794-edc4-49ea-8ff9-b80812a4198c,Gideon Kipkertich RONO,gideonkipkertichrono,,KEN,male,resolved,world_athletics,2026-09-02T14:42:10Z,2026-09-02T14:42:10Z
0569fa48-3ba6-4db2-933b-b509438ad4c2,Gideon KIPROP,gideonkiprop,,KEN,male,resolved,world_athletics,2026-09-02T14:42:10Z,2026-09-02T14:42:10Z
b1d00e0b-778c-4bb4-8796-d8bfec3197bb,Gideon KIPROTICH,gideonkiprotich,,KEN,male,resolved,world_athletics,2026-09-02T14:42:10Z,2026-09-02T14:42:10Z
c615d199-f792-4522-bfbd-d752b3c13ae5,Gilbert CHUMBA,gilbertchumba,,KEN,male,resolved,world_athletics,2026-09-02T14:42:10Z,2026-09-02T14:42:10Z
800dcaf9-a3bf-48e4-ab07-be16827c3875,Gilbert KIBET,gilbertkibet,,KEN,male,resolved,world_athletics,2026-09-02T14:42:10Z,2026-09-02T14:42:10Z
9d0c04a5-947d-46db-9e81-15360988cf96,Gilbert Kipkosgei KIPROTICH,gilbertkipkosgeikiprotich,,KEN,male,resolved,world_athletics,2026-09-02T14:42:10Z,2026-09-02T14:42:10Z
c36e5749-af99-48b9-bd20-e427a392e59b,Gilbert MUGE,gilbertmuge,,KEN,male,resolved,world_athletics,2026-09-02T14:42:10Z,2026-09-02T14:42:10Z
9904d248-c987-4827-a124-938035d3bda9,Giovanna Epis,giovannaepis,Giovanna Epis,ITA,female,resolved,world_athletics,2026-09-02T14:42:10Z,2026-09-02T14:42:10Z
57af5cd1-73fc-42da-98dd-fa7a97199275,Giovanni Filippi,giovannifilippi,Giovanni Filippi,ITA,male,resolved,world_athletics,2026-09-02T14:42:10Z,2026-09-02T14:42:10Z
153c22b6-4d1a-4f65-95ec-60228c3fed8d,Giovanni LAZZARO,giovannilazzaro,,ITA,male,resolved,world_athletics,2026-09-02T14:42:10Z,2026-09-02T14:42:10Z
c5e71d11-3188-4aae-8311-71de27c9f108,Girmaw AMARE,girmawamare,,ISR,male,resolved,world_athletics,2026-09-02T14:42:10Z,2026-09-02T14:42:10Z
0b8b3833-38ee-440b-a473-d30265bb78ed,Girmawit GEBRZIHAIR,girmawitgebrzihair,,ETH,female,resolved,world_athletics,2026-09-02T14:42:10Z,2026-09-02T14:42:10Z
4c6d301c-39c9-46db-b19b-c3900c4bcafa,Girmay Birhanu GEBRU,girmaybirhanugebru,,ETH,male,resolved,world_athletics,2026-09-02T14:42:10Z,2026-09-02T14:42:10Z
28a8ecb6-b1f7-4143-85a7-c8099eeb54c4,Giulia APRILE,giuliaaprile,,ITA,female,resolved,world_athletics,2026-09-02T14:42:10Z,2026-09-02T14:42:10Z
bd504b7f-f830-476d-a7dd-5e1c693db3aa,Giuseppe GRAVANTE,giuseppegravante,,ITA,male,resolved,world_athletics,2026-09-02T14:42:10Z,2026-09-02T14:42:10Z
3c0b8df4-a1ea-4942-96f7-efa2490d0619,Gizealew AYANA,gizealewayana,,ETH,male,resolved,world_athletics,2026-09-02T14:42:10Z,2026-09-02T14:42:10Z
ab78fe99-238c-4b6f-9a59-b72b07716620,Gladys CHEMUTAI,gladyschemutai,,KEN,female,resolved,world_athletics,2026-09-02T14:42:10Z,2026-09-02T14:42:10Z
2d0469c2-f380-4343-a7f9-c7980ad18a20,Gladys CHEPKURUI,gladyschepkurui,,KEN,female,resolved,world_athletics,2026-09-02T14:42:10Z,2026-09-02T14:42:10Z
a3a66fdc-fd9d-4673-a8e0-031fd31d0d8f,Gladys Chepngetich,gladyschepngetich,Gladys Chepngetich,KEN,female,resolved,world_athletics,2026-09-02T14:42:10Z,2026-09-02T14:42:10Z
25f7d7a8-f70d-4c84-b071-b67a9a221f8a,Gladys CHESIR,gladyschesir,,KEN,female,resolved,world_athletics,2026-09-02T14:42:10Z,2026-09-02T14:42:10Z
8116a95c-5392-461d-84aa-db19de0d0f57,Gladys JEMAIYO,gladysjemaiyo,,KEN,female,resolved,world_athletics,2026-09-02T14:42:10Z,2026-09-02T14:42:10Z
4f34a4dd-27a3-4f5f-b26e-ed67e811500b,Gladys KIPTOO,gladyskiptoo,,KEN,female,resolved,world_athletics,2026-09-02T14:42:10Z,2026-09-02T14:42:10Z
4a4bd00b-f911-43b8-a9a4-ae9e18a5979a,Gladys KWAMBOKA,gladyskwamboka,,KEN,female,resolved,world_athletics,2026-09-02T14:42:10Z,2026-09-02T14:42:10Z
131d9b6f-10e5-49e3-ba18-bbb786ca9634,Glenrose XABA,glenrosexaba,,RSA,female,resolved,world_athletics,2026-09-02T14:42:10Z,2026-09-02T14:42:10Z
89018e62-148c-4174-bc8d-72e7d0ddaa6f,Glorius JEPKIRUI,gloriusjepkirui,,KEN,female,resolved,world_athletics,2026-09-02T14:42:10Z,2026-09-02T14:42:10Z
84f1a083-2101-4665-9c3c-7b8d16e5b225,Godadaw BELACHEW,godadawbelachew,,ISR,male,resolved,world_athletics,2026-09-02T14:42:10Z,2026-09-02T14:42:10Z
bc122ad3-4cb3-4b27-b80c-46dc3bb5cbef,Goitom KIFLE,goitomkifle,,ERI,male,resolved,world_athletics,2026-09-02T14:42:10Z,2026-09-02T14:42:10Z
8c609857-cc39-433a-8a8a-ee1b5b572d06,Gojjam ENYEW,gojjamenyew,,ETH,female,resolved,world_athletics,2026-09-02T14:42:10Z,2026-09-02T14:42:10Z
9d7e5563-73dd-487c-98ac-e02f5838a6da,Gonzalo PARRA,gonzaloparra,,ESP,male,resolved,world_athletics,2026-09-02T14:42:10Z,2026-09-02T14:42:10Z
38983197-5c04-4dcc-8d71-2bd88aa3f973,Gotytom GEBRESLASE,gotytomgebreslase,,ETH,female,resolved,world_athletics,2026-09-02T14:42:10Z,2026-09-02T14:42:10Z
216f71f0-f707-4d68-8e44-a877bda2ddf4,Grace Barnett,gracebarnett,Grace Barnett,USA,female,resolved,world_athletics,2026-09-02T14:42:10Z,2026-09-02T14:42:10Z
9db2deb6-16c9-480d-a443-7d9a96a5daf3,Grace FETHERSTONHAUGH,gracefetherstonhaugh,,CAN,female,resolved,world_athletics,2026-09-02T14:42:10Z,2026-09-02T14:42:10Z
a8265502-6b37-4e3c-ac25-b7465cacc93e,Grace HARTMAN,gracehartman,,USA,female,resolved,world_athletics,2026-09-02T14:42:10Z,2026-09-02T14:42:10Z
73861f72-b24f-4f67-a336-8e226487efd0,Grace KAHURA,gracekahura,,KEN,female,resolved,world_athletics,2026-09-02T14:42:10Z,2026-09-02T14:42:10Z
ddce925a-5490-4799-88b0-921ff4c0c6fa,Grace Loibach NAWOWUNA,graceloibachnawowuna,,KEN,female,resolved,world_athletics,2026-09-02T14:42:10Z,2026-09-02T14:42:10Z
26bea13e-b325-4a31-8721-c1af1be04011,Gracelyn Larkin,gracelynlarkin,Gracelyn Larkin,CAN,female,resolved,world_athletics,2026-09-02T14:42:10Z,2026-09-02T14:42:10Z
f129d030-c71c-4431-a1d3-d76d07ea248f,Grace VANS AGNEW,gracevansagnew,,GBR,female,resolved,world_athletics,2026-09-02T14:42:10Z,2026-09-02T14:42:10Z
436d8b39-22a9-4b9a-9afc-120e9895c155,Gracie HYDE,graciehyde,,USA,female,resolved,world_athletics,2026-09-02T14:42:10Z,2026-09-02T14:42:10Z
62ad4eff-aa79-4037-ba66-a787f7d75a6d,Gracie MORRIS,graciemorris,,USA,female,resolved,world_athletics,2026-09-02T14:42:10Z,2026-09-02T14:42:10Z
852e22d4-4ca4-4a41-bfaf-16a83b6008c1,Graham BLANKS,grahamblanks,,USA,male,resolved,world_athletics,2026-09-02T14:42:10Z,2026-09-02T14:42:10Z
9f75328c-aa9a-4c34-882f-992dac3b8a81,Grant FISHER,grantfisher,,USA,male,resolved,world_athletics,2026-09-02T14:42:10Z,2026-09-02T14:42:10Z
e73a4792-b833-4a44-9bd5-0312fe1c6c85,Greta KARINAUSKAITĖ,gretakarinauskaite,,LTU,female,resolved,world_athletics,2026-09-02T14:42:10Z,2026-09-02T14:42:10Z
99abb5bc-35ba-4365-a589-3f59ca83e1ed,Grethe TYLDUM,grethetyldum,,NOR,female,resolved,world_athletics,2026-09-02T14:42:10Z,2026-09-02T14:42:10Z
3b636115-e2b4-4394-8e4b-fedd3d3b383f,Gudaf TSEGAY,gudaftsegay,,ETH,female,resolved,world_athletics,2026-09-02T14:42:10Z,2026-09-02T14:42:10Z
da33945f-c47a-4636-864d-b457df036e22,Gulveer SINGH,gulveersingh,,IND,male,resolved,world_athletics,2026-09-02T14:42:10Z,2026-09-02T14:42:10Z
3e389469-70a3-43c5-b509-fb1b432bdd6d,Guojian DONG,guojiandong,,CHN,male,resolved,world_athletics,2026-09-02T14:42:10Z,2026-09-02T14:42:10Z
cd494e23-0e51-465f-a1ad-7c280ac21f4e,Gutemi Shone IMANA,gutemishoneimana,,ETH,female,resolved,world_athletics,2026-09-02T14:42:10Z,2026-09-02T14:42:10Z
5e44aaed-b78b-4d96-a94f-9f8a473cc4b3,Gutene SHANKO,guteneshanko,,ETH,female,resolved,world_athletics,2026-09-02T14:42:10Z,2026-09-02T14:42:10Z
b682ee8c-e6b5-410b-8a30-b6572743d187,Guy LEARMONTH,guylearmonth,,GBR,male,resolved,world_athletics,2026-09-02T14:42:10Z,2026-09-02T14:42:10Z
bda843d3-64d1-4054-b492-8c2355fb0dd9,Habitam ALEMU,habitamalemu,,ETH,female,resolved,world_athletics,2026-09-02T14:42:10Z,2026-09-02T14:42:10Z
9227d167-682a-4b91-aa5f-d85592b59fa9,Habtom SAMUEL,habtomsamuel,,ERI,male,resolved,world_athletics,2026-09-02T14:42:10Z,2026-09-02T14:42:10Z
6678efe7-bbee-4863-aa77-5a6acc348f99,Hafid RIZQY,hafidrizqy,,MAR,male,resolved,world_athletics,2026-09-02T14:42:10Z,2026-09-02T14:42:10Z
664abc95-3c8f-4acf-bdee-98edf662d26d,Haftamu GEBRESILASE,haftamugebresilase,,ETH,male,resolved,world_athletics,2026-09-02T14:42:10Z,2026-09-02T14:42:10Z
bb4ccbcf-b825-4131-bbd8-2ac150f5c886,Haftom Welday,haftomwelday,Haftom Welday,GER,male,resolved,world_athletics,2026-09-02T14:42:10Z,2026-09-02T14:42:10Z
5ecda531-3d8e-437c-934d-824e3ff1ce7a,Haftu STRINTZOS,haftustrintzos,,AUS,male,resolved,world_athletics,2026-09-02T14:42:10Z,2026-09-02T14:42:10Z
16574de4-ff55-4cef-9fe1-9a5e515ee0a7,Hagos EYOB,hagoseyob,,ETH,male,resolved,world_athletics,2026-09-02T14:42:10Z,2026-09-02T14:42:10Z
bc5e6530-9fe1-4eb3-a695-1eef540ace25,Hagos GEBRHIWET,hagosgebrhiwet,,ETH,male,resolved,world_athletics,2026-09-02T14:42:10Z,2026-09-02T14:42:10Z
4e404b82-cb22-4d46-92af-a879eac04e1a,Hagumi OGI,hagumiogi,,JPN,male,resolved,world_athletics,2026-09-02T14:42:10Z,2026-09-02T14:42:10Z
e544b238-fc41-4d92-8868-400e6fc7941f,Haile Gebru TSIHAY,hailegebrutsihay,,ETH,female,resolved,world_athletics,2026-09-02T14:42:10Z,2026-09-02T14:42:10Z
06fd4a81-2b27-4a34-b546-5abcfbd503d3,Hailemariyam AMARE,hailemariyamamare,,ETH,male,resolved,world_athletics,2026-09-02T14:42:10Z,2026-09-02T14:42:10Z
0397740c-07bb-4729-bf95-7bebb7925bb6,Hailemaryam KIROS,hailemaryamkiros,,ETH,male,resolved,world_athletics,2026-09-02T14:42:10Z,2026-09-02T14:42:10Z
e177acb5-63df-44ac-852d-c5441c0c2289,Hailu AYALEW,hailuayalew,,ETH,male,resolved,world_athletics,2026-09-02T14:42:10Z,2026-09-02T14:42:10Z
b230a02e-44e5-45fa-af9f-910552acb540,Hailu ZEWDU,hailuzewdu,,ETH,male,resolved,world_athletics,2026-09-02T14:42:10Z,2026-09-02T14:42:10Z
096b5f17-258e-4fa5-90d3-4b3bdf1fb019,Haimro ALAME,haimroalame,,ISR,male,resolved,world_athletics,2026-09-02T14:42:10Z,2026-09-02T14:42:10Z
54c6579b-b313-4bd2-8a7d-bfe570f20993,Håkon MOE BERG,hakonmoeberg,,NOR,male,resolved,world_athletics,2026-09-02T14:42:10Z,2026-09-02T14:42:10Z
9b9c2413-ce65-4e96-a7d7-18ba115eb90b,Halimah NAKAAYI,halimahnakaayi,,UGA,female,resolved,world_athletics,2026-09-02T14:42:10Z,2026-09-02T14:42:10Z
dade3120-e93d-4b83-93b5-8b65759df9f5,Hamid BEN DAOUD,hamidbendaoud,,ESP,male,resolved,world_athletics,2026-09-02T14:42:10Z,2026-09-02T14:42:10Z
6916b62b-dee0-4e2a-8c89-3ba97cc240c6,Hammington KIMAIYO,hammingtonkimaiyo,,KEN,male,resolved,world_athletics,2026-09-02T14:42:10Z,2026-09-02T14:42:10Z
026036e5-00e2-4a3d-a309-142117b998d3,Hamza Sahli,hamzasahli,Hamza SAHLI,MAR,male,resolved,world_athletics,2026-09-02T14:42:10Z,2026-09-02T14:42:10Z
556ad21c-af8b-4e56-818f-5844dc0dee45,Handal ROBAN,handalroban,,VIN,male,resolved,world_athletics,2026-09-02T14:42:10Z,2026-09-02T14:42:10Z
1158ced8-9651-4d21-b7ff-34e829171b24,Hanna Hermansson,hannahermansson,Hanna Hermansson,SWE,female,resolved,world_athletics,2026-09-02T14:42:10Z,2026-09-02T14:42:10Z
843276bf-88ba-4784-ac54-70e5d1746a02,Hannah IRWIN,hannahirwin,,GBR,female,resolved,world_athletics,2026-09-02T14:42:10Z,2026-09-02T14:42:10Z
9456177f-912b-4d85-8cca-2271bccd1943,Hannah Nuttall,hannahnuttall,hannah nuttall,GBR,female,resolved,world_athletics,2026-09-02T14:42:10Z,2026-09-02T14:42:10Z
48b00e82-1ec9-4331-b02d-a8cb11cc9576,Hannah SEGRAVE,hannahsegrave,,GBR,female,resolved,world_athletics,2026-09-02T14:42:10Z,2026-09-02T14:42:10Z
207376ff-ae2e-4e7f-8cc2-0b556943bca8,Hannah STEELMAN,hannahsteelman,,USA,female,resolved,world_athletics,2026-09-02T14:42:10Z,2026-09-02T14:42:10Z
85b8b076-df83-4383-82ca-af31cbe1ca91,Hanna KLEIN,hannaklein,,GER,female,resolved,world_athletics,2026-09-02T14:42:10Z,2026-09-02T14:42:10Z
aa46af9b-ead4-4475-b6bc-2231611453c9,Hanna Lindholm,hannalindholm,Hanna Lindholm,SWE,female,resolved,world_athletics,2026-09-02T14:42:10Z,2026-09-02T14:42:10Z
24556e2b-d60a-4eee-8b43-af04a238f058,Hanne Mjøen MARIDAL,hannemjenmaridal,,NOR,female,resolved,world_athletics,2026-09-02T14:42:10Z,2026-09-02T14:42:10Z
eadd5f66-fa5f-433e-a8be-23f5ea1163cc,Hanne VERBRUGGEN,hanneverbruggen,,BEL,female,resolved,world_athletics,2026-09-02T14:42:10Z,2026-09-02T14:42:10Z
624f41de-2cb9-4688-93b9-31daf5d95d96,Harrison WITT,harrisonwitt,,USA,male,resolved,world_athletics,2026-09-02T14:42:10Z,2026-09-02T14:42:10Z
fadc8a06-497b-4856-9bb2-a4821c3c655c,Harry PURCELL,harrypurcell,,IRL,male,resolved,world_athletics,2026-09-02T14:42:10Z,2026-09-02T14:42:10Z
73adec1f-1bb0-4888-8afa-673adb0a1526,Harry Wakefield,harrywakefield,Harry Wakefield,GBR,male,resolved,world_athletics,2026-09-02T14:42:10Z,2026-09-02T14:42:10Z
113e0b52-d5a2-4a67-80e5-0cb5b93eacec,Haruka KOKAI,harukakokai,,JPN,female,resolved,world_athletics,2026-09-02T14:42:10Z,2026-09-02T14:42:10Z
ca456377-627b-485f-9fcb-46e7eeec45f7,Haruka OGAWA,harukaogawa,,JPN,female,resolved,world_athletics,2026-09-02T14:42:10Z,2026-09-02T14:42:10Z
49f605a7-83bb-4778-ae0e-ba286ca5f20e,Haruka ONODERA,harukaonodera,,JPN,male,resolved,world_athletics,2026-09-02T14:42:10Z,2026-09-02T14:42:10Z
c52c5f05-277b-4d0c-b614-65be90ca150d,Haruki MINATOYA,harukiminatoya,,JPN,male,resolved,world_athletics,2026-09-02T14:42:10Z,2026-09-02T14:42:10Z
43e5eb88-41b9-4bcc-8ecf-bded6861ea71,Haru TANINAKA,harutaninaka,,JPN,male,resolved,world_athletics,2026-09-02T14:42:10Z,2026-09-02T14:42:10Z
b68cb5d7-c6e5-430c-87c0-9b893c9d015e,Haruto ONO,harutoono,,JPN,male,resolved,world_athletics,2026-09-02T14:42:10Z,2026-09-02T14:42:10Z
d85987ff-90ec-44e3-b831-7315f59eea30,Hasna ZAHI,hasnazahi,,MAR,female,resolved,world_athletics,2026-09-02T14:42:10Z,2026-09-02T14:42:10Z
d673d489-a958-4f38-82bd-0a63a8000847,Hassan CHAHDI,hassanchahdi,,FRA,male,resolved,world_athletics,2026-09-02T14:42:10Z,2026-09-02T14:42:10Z
a584800a-4c63-4b2d-a3e6-7364c8c1da45,Hassan TORISS,hassantoriss,,MAR,male,resolved,world_athletics,2026-09-02T14:42:10Z,2026-09-02T14:42:10Z
50e39e95-b781-4d16-bc76-12fe32e570b8,Hatim AIT OULGHAZI,hatimaitoulghazi,,QAT,male,resolved,world_athletics,2026-09-02T14:42:10Z,2026-09-02T14:42:10Z
962af810-ae20-4f99-af3d-6d5c26b2c004,Haven Hailu DESSE,havenhailudesse,,ETH,female,resolved,world_athletics,2026-09-02T14:42:10Z,2026-09-02T14:42:10Z
c8960423-c152-4480-838b-c22c11ccfa2d,Hawi ABERA,hawiabera,,ETH,female,resolved,world_athletics,2026-09-02T14:42:10Z,2026-09-02T14:42:10Z
9e983bfc-56ff-4ab3-99f9-436fe0741edf,Hawi FEYSA,hawifeysa,,ETH,female,resolved,world_athletics,2026-09-02T14:42:10Z,2026-09-02T14:42:10Z
7139c023-5c0c-4b97-b4ce-b9f333bcb0c4,Hayat BENHIMA,hayatbenhima,,MAR,female,resolved,world_athletics,2026-09-02T14:42:10Z,2026-09-02T14:42:10Z
728c8a9e-a8b8-4730-9a72-21604ef226f7,Hayato NOMURA,hayatonomura,,JPN,male,resolved,world_athletics,2026-09-02T14:42:10Z,2026-09-02T14:42:10Z
f22ee51d-1625-45a2-a46d-7e4faaf527f8,Hayden WILDE,haydenwilde,,NZL,male,resolved,world_athletics,2026-09-02T14:42:10Z,2026-09-02T14:42:10Z
d5f81b55-6158-46ff-8906-7930b716bae4,Hayimro YELE,hayimroyele,,ETH,male,resolved,world_athletics,2026-09-02T14:42:10Z,2026-09-02T14:42:10Z
e3b41639-260c-45af-8b86-e30c4144efba,Hayley Kitching,hayleykitching,Hayley Kitching,AUS,female,resolved,world_athletics,2026-09-02T14:42:10Z,2026-09-02T14:42:10Z
174635fb-80cf-4f03-93ac-73df1f090fcc,Haymanot ALEW,haymanotalew,,ETH,male,resolved,world_athletics,2026-09-02T14:42:10Z,2026-09-02T14:42:10Z
c04a3076-2e4e-4d41-b981-f0f0ddefab58,Hazem Miawad,hazemmiawad,Hazem Miawad,EGY,male,resolved,world_athletics,2026-09-02T14:42:10Z,2026-09-02T14:42:10Z
80e7c20a-bddc-46da-a74f-4397db72f664,Hazuma HATTORI,hazumahattori,,JPN,male,resolved,world_athletics,2026-09-02T14:42:10Z,2026-09-02T14:42:10Z
413e23cd-cc4c-4383-bc96-a626668a718a,Heather MACLEAN,heathermaclean,,USA,female,resolved,world_athletics,2026-09-02T14:42:10Z,2026-09-02T14:42:10Z
d81b2fe2-e258-4940-ba7d-0a6e7aabff38,Heather Seaward,heatherseaward,Heather Seaward,GBR,female,resolved,world_athletics,2026-09-02T14:42:10Z,2026-09-02T14:42:10Z
57edbd79-1fd7-4da6-a412-a0c561deb1a8,Heithem CHENITEF,heithemchenitef,,ALG,male,resolved,world_athletics,2026-09-02T14:42:10Z,2026-09-02T14:42:10Z
fd58ced8-be0f-4e54-b49d-21109d106485,Helah Jelagat KIPROP,helahjelagatkiprop,,KEN,female,resolved,world_athletics,2026-09-02T14:42:10Z,2026-09-02T14:42:10Z
1410243a-8688-4611-8eec-1577d5344976,Helalia JOHANNES,helaliajohannes,,NAM,female,resolved,world_athletics,2026-09-02T14:42:10Z,2026-09-02T14:42:10Z
dd94bf3f-86d0-428b-9d44-1f22808f1a6a,Helen BEKELE,helenbekele,,,female,resolved,world_athletics,2026-09-02T14:42:10Z,2026-09-02T14:42:10Z
146a0ca5-03b7-4586-9799-c1757b7f12ab,Helene SVANE,helenesvane,,DEN,female,resolved,world_athletics,2026-09-02T14:42:10Z,2026-09-02T14:42:10Z
b6e98024-f1c5-4b31-955f-196842ed1b94,Helen SCHLACHTENHAUFEN,helenschlachtenhaufen,,USA,female,resolved,world_athletics,2026-09-02T14:42:10Z,2026-09-02T14:42:10Z
6e4131d6-6929-49fb-84f5-8d6c06107af2,Hélio GOMES,heliogomes,,POR,male,resolved,world_athletics,2026-09-02T14:42:10Z,2026-09-02T14:42:10Z
a752d5ba-4b5b-46ba-97ce-b02cbcc74e2f,Hellen Ekalale LOBUN,hellenekalalelobun,,KEN,female,resolved,world_athletics,2026-09-02T14:42:10Z,2026-09-02T14:42:10Z
d41dd075-553c-44a8-ad9e-8c140e076870,Hellen OBIRI,hellenobiri,,KEN,female,resolved,world_athletics,2026-09-02T14:42:10Z,2026-09-02T14:42:10Z
11ef91d5-ad2a-4232-8535-668cb9845a2b,Hendrik Pfeiffer,hendrikpfeiffer,Hendrik Pfeiffer,GER,male,resolved,world_athletics,2026-09-02T14:42:10Z,2026-09-02T14:42:10Z
6cad94d9-e50e-459f-a5f7-78865712686e,Henok TESFAY,henoktesfay,,ERI,male,resolved,world_athletics,2026-09-02T14:42:10Z,2026-09-02T14:42:10Z
0017c84f-94f7-45c6-a05e-c3ff2ca18475,Henrik INGEBRIGTSEN,henrikingebrigtsen,,NOR,male,resolved,world_athletics,2026-09-02T14:42:10Z,2026-09-02T14:42:10Z
0951957a-b44d-4bac-8a86-72b6dc0f4ef3,Henry Fisher,henryfisher,Henry Fisher,GBR,male,resolved,world_athletics,2026-09-02T14:42:10Z,2026-09-02T14:42:10Z
3c8acf08-fffb-4368-9399-981c690d9d94,Henry JONAS,henryjonas,,GBR,male,resolved,world_athletics,2026-09-02T14:42:10Z,2026-09-02T14:42:10Z
83e39601-e1a6-4f5d-9b2c-0f95e32ecacd,Henry KICHANA,henrykichana,,TAN,male,resolved,world_athletics,2026-09-02T14:42:10Z,2026-09-02T14:42:10Z
1387ed0b-360e-44a4-b406-b2f64350a8c6,Henry MCLUCKIE,henrymcluckie,,GBR,male,resolved,world_athletics,2026-09-02T14:42:10Z,2026-09-02T14:42:10Z
8bad48a8-df08-4fb0-87e4-d0ebcd89e6cc,Henry Wynne,henrywynne,Henry Wynne,USA,male,resolved,world_athletics,2026-09-02T14:42:10Z,2026-09-02T14:42:10Z
d18cd398-78ac-4a1e-9307-a1f21d7dd76e,Herpasa NEGASA,herpasanegasa,,ETH,male,resolved,world_athletics,2026-09-02T14:42:10Z,2026-09-02T14:42:10Z
a76da906-5301-4643-a126-85b46ba83af0,Hesiquio FLORES,hesiquioflores,,MEX,male,resolved,world_athletics,2026-09-02T14:42:10Z,2026-09-02T14:42:10Z
b53da238-b45c-4897-8fb1-b72bbb1802a8,Hibiki MURAKAMI,hibikimurakami,,JPN,male,resolved,world_athletics,2026-09-02T14:42:10Z,2026-09-02T14:42:10Z
061b0b14-b58e-480c-91af-a426d4977061,Hibiki OBARA,hibikiobara,,JPN,male,resolved,world_athletics,2026-09-02T14:42:10Z,2026-09-02T14:42:10Z
33ff8528-176a-4494-a14b-c8ac4af96c43,Hibiki YOSHIDA,hibikiyoshida,,JPN,male,resolved,world_athletics,2026-09-02T14:42:10Z,2026-09-02T14:42:10Z
3ca2bb3f-09d4-45ef-8fe7-44ea1d7f3b8e,Hicham AKANKAM,hichamakankam,,MAR,male,resolved,world_athletics,2026-09-02T14:42:10Z,2026-09-02T14:42:10Z
530116ce-ee75-4239-b6a1-da08caba2baf,Hicham AMGHAR,hichamamghar,,MAR,male,resolved,world_athletics,2026-09-02T14:42:10Z,2026-09-02T14:42:10Z
5c06f339-8336-4ede-bc8e-9156509651cd,Hicham LAQOUAHI,hichamlaqouahi,,MAR,male,resolved,world_athletics,2026-09-02T14:42:10Z,2026-09-02T14:42:10Z
696821ce-3848-476f-bc83-2054d6a14d81,Hicham Ouladha,hichamouladha,Hicham Ouladha,MAR,male,resolved,world_athletics,2026-09-02T14:42:10Z,2026-09-02T14:42:10Z
52fef939-69b0-49bb-a781-3930c155c3d3,Hichem BOUCHICHA,hichembouchicha,,ALG,male,resolved,world_athletics,2026-09-02T14:42:10Z,2026-09-02T14:42:10Z
46bb18a6-2e8f-475c-a3a2-bdc396f13d3d,Hidekazu HIJIKATA,hidekazuhijikata,,JPN,male,resolved,world_athletics,2026-09-02T14:42:10Z,2026-09-02T14:42:10Z
e8ebada3-995c-4130-ac91-d2fc2e00df0b,Hideto KOSODE,hidetokosode,,JPN,male,resolved,world_athletics,2026-09-02T14:42:10Z,2026-09-02T14:42:10Z
f0d417da-d2ea-43e3-bd7b-9219b1dcb80f,Hideyuki Tanaka,hideyukitanaka,HIDEYUKI TANAKA,JPN,male,resolved,world_athletics,2026-09-02T14:42:10Z,2026-09-02T14:42:10Z
2fc20825-68b4-4df9-bea8-c137aa6b7192,Hikari OHNISHI,hikariohnishi,,JPN,female,resolved,world_athletics,2026-09-02T14:42:10Z,2026-09-02T14:42:10Z
3a296dde-a609-4a16-af4a-f87b19415a1c,Hiko Tonosa HASO,hikotonosahaso,,IRL,male,resolved,world_athletics,2026-09-02T14:42:10Z,2026-09-02T14:42:10Z
dfe7faf4-1ad8-49e6-92a9-d1c1538d1da2,Hilda CHEBET,hildachebet,,KEN,female,resolved,world_athletics,2026-09-02T14:42:10Z,2026-09-02T14:42:10Z
36395249-faf7-4af1-b3d7-07cbfb6e698e,Hildah Jepkogei CHEBOI,hildahjepkogeicheboi,,KEN,female,resolved,world_athletics,2026-09-02T14:42:10Z,2026-09-02T14:42:10Z
5033421d-c087-4d85-8178-61f60e9aad7b,Hilda KIPTUM,hildakiptum,,KEN,female,resolved,world_athletics,2026-09-02T14:42:10Z,2026-09-02T14:42:10Z
aaa639da-f59a-41de-bb99-ded09ae77fa4,Hillary BOR,hillarybor,,USA,male,resolved,world_athletics,2026-09-02T14:42:10Z,2026-09-02T14:42:10Z
0aa93a8e-2599-4c8f-a364-6df330f73e3a,Hillary CHEMWENO,hillarychemweno,,KEN,male,resolved,world_athletics,2026-09-02T14:42:10Z,2026-09-02T14:42:10Z
0afdc365-caa4-4d3d-b8d9-9ae04c2c97ae,Hillary KERING,hillarykering,,KEN,male,resolved,world_athletics,2026-09-02T14:42:10Z,2026-09-02T14:42:10Z
c6c1a84c-da53-4890-8cf2-42b9907e0844,Hillary Kipchirchir CHEPKWONY,hillarykipchirchirchepkwony,,KEN,male,resolved,world_athletics,2026-09-02T14:42:10Z,2026-09-02T14:42:10Z
ea088aff-dcdb-4475-b399-882db972539e,Hillary KIPCHUMBA,hillarykipchumba,,KEN,male,resolved,world_athletics,2026-09-02T14:42:10Z,2026-09-02T14:42:10Z
f9f83120-1a94-4c9f-92c7-cdfe341ef509,Hillary Kipkoech,hillarykipkoech,Hillary Kipkoech,KEN,male,resolved,world_athletics,2026-09-02T14:42:10Z,2026-09-02T14:42:10Z
d0719e3d-2280-4f1c-8151-c2ee8e43acde,Hillary KIPSAMBU,hillarykipsambu,,KEN,male,resolved,world_athletics,2026-09-02T14:42:10Z,2026-09-02T14:42:10Z
5cf4a244-6f8f-4731-b0ac-a46814456d09,Hinata MAEDA,hinatamaeda,,JPN,male,resolved,world_athletics,2026-09-02T14:42:10Z,2026-09-02T14:42:10Z
fafa6424-5c9a-486a-a04d-2f88621a7bad,Hirko HAYILU,hirkohayilu,,ETH,male,resolved,world_athletics,2026-09-02T14:42:10Z,2026-09-02T14:42:10Z
2ef78ee8-b715-4765-b55d-7872e536a793,Hiroki ABE,hirokiabe,,JPN,male,resolved,world_athletics,2026-09-02T14:42:10Z,2026-09-02T14:42:10Z
dc977167-4b43-4ca8-bf28-9be094b1cd9a,Hiroki MATSUEDA,hirokimatsueda,,JPN,male,resolved,world_athletics,2026-09-02T14:42:10Z,2026-09-02T14:42:10Z
9df3b5f5-ea11-4be4-8b53-080533c1e439,Hiroki YAMANAKA,hirokiyamanaka,,JPN,male,resolved,world_athletics,2026-09-02T14:42:10Z,2026-09-02T14:42:10Z
0481e99b-529d-4bf1-aa6f-5dfd44217164,Hiro KONDA,hirokonda,,JPN,male,resolved,world_athletics,2026-09-02T14:42:10Z,2026-09-02T14:42:10Z
2ff797eb-2ca0-47dc-acc4-aa61405d4cdf,Hiromasa KUMAHASHI,hiromasakumahashi,,JPN,male,resolved,world_athletics,2026-09-02T14:42:10Z,2026-09-02T14:42:10Z
e6c85519-1c81-492c-9320-708ec34972f6,Hiromichi NONAKA,hiromichinonaka,,JPN,male,resolved,world_athletics,2026-09-02T14:42:10Z,2026-09-02T14:42:10Z
36641812-e985-459e-8a50-64a978c169fb,Hironori KISHIMOTO,hironorikishimoto,,JPN,male,resolved,world_athletics,2026-09-02T14:42:10Z,2026-09-02T14:42:10Z
8fde8b6b-852c-4cd6-9c5f-6fcdfc53db71,Hiroshi ICHIDA,hiroshiichida,,JPN,male,resolved,world_athletics,2026-09-02T14:42:10Z,2026-09-02T14:42:10Z
d584fbff-863d-43a1-a1f9-4c1fa627d48b,Hiroto FUJIMAGARI,hirotofujimagari,,JPN,male,resolved,world_athletics,2026-09-02T14:42:10Z,2026-09-02T14:42:10Z
dace2b5b-7cb5-42ba-b6cc-31cca73f2a01,Hiroto HAYASHIDA,hirotohayashida,,JPN,male,resolved,world_athletics,2026-09-02T14:42:10Z,2026-09-02T14:42:10Z
d7e24242-ae8e-4b77-b791-bd14982628e3,Hiroto INOUE,hirotoinoue,,JPN,male,resolved,world_athletics,2026-09-02T14:42:10Z,2026-09-02T14:42:10Z
d829acaf-557d-4a93-baee-816129d34a8b,Hiroto KUNIYASU,hirotokuniyasu,,JPN,male,resolved,world_athletics,2026-09-02T14:42:10Z,2026-09-02T14:42:10Z
d9e92cdc-56af-44ab-b00e-d01ea916f4eb,Hirut MESHESHA,hirutmeshesha,,ETH,female,resolved,world_athletics,2026-09-02T14:42:10Z,2026-09-02T14:42:10Z
c80c399a-1328-4be7-ba24-26b9bb7e4e03,Hisaya HANAOKA,hisayahanaoka,,JPN,male,resolved,world_athletics,2026-09-02T14:42:10Z,2026-09-02T14:42:10Z
3d2449e8-606e-4ced-abc7-81bc1bad0776,Hitomi NIIYA,hitominiiya,,JPN,female,resolved,world_athletics,2026-09-02T14:42:10Z,2026-09-02T14:42:10Z
4fa02a63-a919-4f11-9710-59506456f149,Hiwot GEBREKIDAN,hiwotgebrekidan,,ETH,female,resolved,world_athletics,2026-09-02T14:42:10Z,2026-09-02T14:42:10Z
ee84e20c-14ad-4ef1-9ed5-8e3785c22e92,Hiwot MEHARI,hiwotmehari,,ETH,female,resolved,world_athletics,2026-09-02T14:42:10Z,2026-09-02T14:42:10Z
c2d432ec-0c12-4460-a98a-298936aab95e,Hobbs Kessler,hobbskessler,Hobbs Kessler,USA,male,resolved,world_athletics,2026-09-02T14:42:10Z,2026-09-02T14:42:10Z
bdd30220-dba0-4907-9473-211f89e96152,Holly CAMPBELL,hollycampbell,,AUS,female,resolved,world_athletics,2026-09-02T14:42:10Z,2026-09-02T14:42:10Z
221fce8a-8bd6-41b2-acee-5ca08b8c6adb,Honami MAEDA,honamimaeda,,JPN,female,resolved,world_athletics,2026-09-02T14:42:10Z,2026-09-02T14:42:10Z
d1c8143d-131a-4ee2-84ee-ce3543ba9909,Hongjiao WU,hongjiaowu,,CHN,female,resolved,world_athletics,2026-09-02T14:42:10Z,2026-09-02T14:42:10Z
ff658ada-59c8-4776-81a8-e079660c7b75,Honoka TANAIKE,honokatanaike,,JPN,female,resolved,world_athletics,2026-09-02T14:42:10Z,2026-09-02T14:42:10Z
27b94db3-24ca-4b99-8e0a-695a0c08b29d,Honour FINLEY,honourfinley,,USA,female,resolved,world_athletics,2026-09-02T14:42:10Z,2026-09-02T14:42:10Z
d4eb81e6-d5ce-463a-876e-8962ed306789,Hosea KIPLANGAT,hoseakiplangat,,UGA,male,resolved,world_athletics,2026-09-02T14:42:10Z,2026-09-02T14:42:10Z
2ba8d18f-414c-4c07-9dad-454ff9d03575,Houssam BOUZAIDI,houssambouzaidi,,MAR,male,resolved,world_athletics,2026-09-02T14:42:10Z,2026-09-02T14:42:10Z
22d99545-6588-4471-ad6d-3af7467079a9,Hugh ARMSTRONG,hugharmstrong,,IRL,male,resolved,world_athletics,2026-09-02T14:42:10Z,2026-09-02T14:42:10Z
a80707d2-f2a6-4b13-a18b-675d88463ae8,Hugo CATRILEO,hugocatrileo,,CHI,male,resolved,world_athletics,2026-09-02T14:42:10Z,2026-09-02T14:42:10Z
ee68ca20-4b6f-44bc-b178-4e18df87f3c4,Hugo HAY,hugohay,,FRA,male,resolved,world_athletics,2026-09-02T14:42:10Z,2026-09-02T14:42:10Z
208ebeea-ad17-4b30-b4d2-b765bd82ccc9,Hugo Houyez,hugohouyez,Hugo Houyez,FRA,male,resolved,world_athletics,2026-09-02T14:42:10Z,2026-09-02T14:42:10Z
afa1cd4c-0b13-4103-a1b9-1ba54a4ce200,Hyuga ENDO,hyugaendo,,JPN,male,resolved,world_athletics,2026-09-02T14:42:10Z,2026-09-02T14:42:10Z
6c3ce41b-37b9-4b9d-91fe-3b3269a8612d,Ibrahim Abass M CHOUT,ibrahimabassmchout,,QAT,male,resolved,world_athletics,2026-09-02T14:42:10Z,2026-09-02T14:42:10Z
ba6a73d2-292a-41f9-a437-7bdf59fc0d7c,Ibrahim CHAKIR,ibrahimchakir,,ESP,male,resolved,world_athletics,2026-09-02T14:42:10Z,2026-09-02T14:42:10Z
ae9af891-5368-4515-b60f-26899337d6bf,Ibrahim EZZAYDOUNI,ibrahimezzaydouni,,ESP,male,resolved,world_athletics,2026-09-02T14:42:10Z,2026-09-02T14:42:10Z
00b2f3e5-b9fa-45e9-8297-fdf00de06ed5,Ibrahim HASSAN,ibrahimhassan,,DJI,male,resolved,world_athletics,2026-09-02T14:42:10Z,2026-09-02T14:42:10Z
03ac3352-78c9-408f-9ef3-e65a9f738bd4,Ichitaka YAMASHITA,ichitakayamashita,,JPN,male,resolved,world_athletics,2026-09-02T14:42:10Z,2026-09-02T14:42:10Z
3fb4116e-27b5-4b52-98ab-be959d625938,Idaira PRIETO,idairaprieto,,ESP,female,resolved,world_athletics,2026-09-02T14:42:10Z,2026-09-02T14:42:10Z
42382123-ca4c-4e00-8226-da70cc55a444,Ignacio Erario,ignacioerario,Ignacio Erario,ARG,male,resolved,world_athletics,2026-09-02T14:42:10Z,2026-09-02T14:42:10Z
20dd713b-3ac3-4b46-89f6-5f684d13a96f,Ignacio FONTES,ignaciofontes,,ESP,male,resolved,world_athletics,2026-09-02T14:42:10Z,2026-09-02T14:42:10Z
46e82604-1135-4193-9320-c1dacc4bf349,Ikram OUAAZIZ,ikramouaaziz,,MAR,female,resolved,world_athletics,2026-09-02T14:42:10Z,2026-09-02T14:42:10Z
146947ca-445c-43dd-b6bc-65f19d8cb6b1,Ilham Tanui ÖZBILEN,ilhamtanuiozbilen,,TUR,male,resolved,world_athletics,2026-09-02T14:42:10Z,2026-09-02T14:42:10Z
1011a912-0e82-414a-b3b6-12dcacbdff15,Ilias FIFA,iliasfifa,,ESP,male,resolved,world_athletics,2026-09-02T14:42:10Z,2026-09-02T14:42:10Z
cbcc67e9-3a23-48b4-ab97-8b2cc90d6903,Iliass AOUANI,iliassaouani,,ITA,male,resolved,world_athletics,2026-09-02T14:42:10Z,2026-09-02T14:42:10Z
8e124123-b6f2-4707-9e05-bcfc3dda14ae,Ilona MONONEN,ilonamononen,,FIN,female,resolved,world_athletics,2026-09-02T14:42:10Z,2026-09-02T14:42:10Z
05398931-242f-4eca-8872-8922fc4e9aec,Il Ryong HAN,ilryonghan,,PRK,male,resolved,world_athletics,2026-09-02T14:42:10Z,2026-09-02T14:42:10Z
a22d7f00-864a-4ad3-864e-686be5cb9ccc,Imogen BARRETT,imogenbarrett,,AUS,female,resolved,world_athletics,2026-09-02T14:42:10Z,2026-09-02T14:42:10Z
449d9df0-b0b4-40d9-b22f-c474756da353,Inès HAMOUDI,ineshamoudi,,FRA,female,resolved,world_athletics,2026-09-02T14:42:10Z,2026-09-02T14:42:10Z
fa0a7d40-a6f5-45fd-9b5b-a2a462da8c2c,Ingeborg ØSTGÅRD,ingeborgstgard,,NOR,female,resolved,world_athletics,2026-09-02T14:42:10Z,2026-09-02T14:42:10Z
a44da5ad-7aff-4493-b251-1e5adf65c14e,Innes FITZGERALD,innesfitzgerald,,GBR,female,resolved,world_athletics,2026-09-02T14:42:10Z,2026-09-02T14:42:10Z
655c65c7-109e-4dca-b92c-54c6c12ae26b,Invida Mauriņa,invidamaurina,Invida Mauriņa,LAT,female,resolved,world_athletics,2026-09-02T14:42:10Z,2026-09-02T14:42:10Z
d30fe32c-19f1-4f0f-8ec5-fca4d817b321,Iraitz ARROSPIDE,iraitzarrospide,,ESP,male,resolved,world_athletics,2026-09-02T14:42:10Z,2026-09-02T14:42:10Z
a352a1d7-651e-41ff-88c6-54d967a52f9a,Irene SÁNCHEZ-ESCRIBANO,irenesanchezescribano,,ESP,female,resolved,world_athletics,2026-09-02T14:42:10Z,2026-09-02T14:42:10Z
bde5307d-9708-4607-9436-896bad89a44a,Irene VAN DER REIJKEN,irenevanderreijken,,NED,female,resolved,world_athletics,2026-09-02T14:42:10Z,2026-09-02T14:42:10Z
52a856fa-84b7-4078-ac39-5bcc85386db6,Iren JEROBON,irenjerobon,,KEN,female,resolved,world_athletics,2026-09-02T14:42:10Z,2026-09-02T14:42:10Z
3f3fcf79-25f2-4e98-831b-bd051971cc8e,Irine Chepet CHEPTAI,irinechepetcheptai,,KEN,female,resolved,world_athletics,2026-09-02T14:42:10Z,2026-09-02T14:42:10Z
ed1f5f07-3d47-42d0-99fa-c2bb1422e92a,Irvette Van Zyl,irvettevanzyl,Irvette Van Zyl,RSA,female,resolved,world_athletics,2026-09-02T14:42:10Z,2026-09-02T14:42:10Z
33890801-a014-4770-b80f-d3bd90ac1325,Isaac Basten,isaacbasten,Isaac Basten,USA,male,resolved,world_athletics,2026-09-02T14:42:10Z,2026-09-02T14:42:10Z
c7f6b593-9b70-4d6a-bcf7-00fe112cf54f,Isaac CHELUKO,isaaccheluko,,KEN,male,resolved,world_athletics,2026-09-02T14:42:10Z,2026-09-02T14:42:10Z
ade9d5b6-7035-423f-a7fe-8a4e75e1491f,Isaac KIBET,isaackibet,,UGA,male,resolved,world_athletics,2026-09-02T14:42:10Z,2026-09-02T14:42:10Z
5067325b-1dfb-498d-8db3-78e070f7a468,Isaac Kibet NDIEMA,isaackibetndiema,,KEN,male,resolved,world_athletics,2026-09-02T14:42:10Z,2026-09-02T14:42:10Z
c71c9bdc-a8b4-46fc-8bfe-7343bd06a437,Isaac KIMELI,isaackimeli,,BEL,male,resolved,world_athletics,2026-09-02T14:42:10Z,2026-09-02T14:42:10Z
de5d20d6-d154-43eb-b2f0-09a9aac9c199,Isaac KIPKEMBOI,isaackipkemboi,,KEN,male,resolved,world_athletics,2026-09-02T14:42:10Z,2026-09-02T14:42:10Z
4b83d71d-af44-41de-9dde-b6c51f7c1893,Isaac Kipkemboi TOO,isaackipkemboitoo,,KEN,male,resolved,world_athletics,2026-09-02T14:42:10Z,2026-09-02T14:42:10Z
0bccc298-45c7-4122-88bf-f9427538263c,Isaac KIPSANG,isaackipsang,,KEN,male,resolved,world_athletics,2026-09-02T14:42:10Z,2026-09-02T14:42:10Z
8f50ded2-f18d-4c35-92e3-40d02aac11f9,Isaac MPOFU,isaacmpofu,,ZIM,male,resolved,world_athletics,2026-09-02T14:42:10Z,2026-09-02T14:42:10Z
8c55a79a-59f2-4260-8273-a33d53631f5f,Isaac NADER,isaacnader,,POR,male,resolved,world_athletics,2026-09-02T14:42:10Z,2026-09-02T14:42:10Z
80616eb4-daab-4436-9eb5-c74ccfb846c7,Isaac Updike,isaacupdike,Isaac Updike,USA,male,resolved,world_athletics,2026-09-02T14:42:10Z,2026-09-02T14:42:10Z
12c5a31d-26ab-40a2-9157-fc05f324c9d5,Isabel BARREIRO,isabelbarreiro,,ESP,female,resolved,world_athletics,2026-09-02T14:42:10Z,2026-09-02T14:42:10Z
a76f2f91-174a-4b61-90a3-70b8a492d4d3,Isabelle BOFFEY,isabelleboffey,,GBR,female,resolved,world_athletics,2026-09-02T14:42:10Z,2026-09-02T14:42:10Z
664b401e-321e-49c0-ae15-86bf08679a94,Isabel OROPEZA,isabeloropeza,,MEX,female,resolved,world_athletics,2026-09-02T14:42:10Z,2026-09-02T14:42:10Z
1fd40d39-674d-4a0a-a52a-5e902abd1864,Isaiah GIVENS,isaiahgivens,,USA,male,resolved,world_athletics,2026-09-02T14:42:10Z,2026-09-02T14:42:10Z
8f15cbbc-c46e-45e2-8975-3d241558e51d,Isaiah Harris,isaiahharris,Isaiah Harris,USA,male,resolved,world_athletics,2026-09-02T14:42:10Z,2026-09-02T14:42:10Z
f597a61f-b5ed-4e71-b20e-d15b168b2449,Isaiah JEWETT,isaiahjewett,,USA,male,resolved,world_athletics,2026-09-02T14:42:10Z,2026-09-02T14:42:10Z
a4d38200-da0f-407c-8b20-043bb80eea8e,Isaia Kipkoech LASOI,isaiakipkoechlasoi,,KEN,male,resolved,world_athletics,2026-09-02T14:42:10Z,2026-09-02T14:42:10Z
ec440ffe-23f8-46a8-8d8a-f1658b7ba553,Ishmael Arthur,ishmaelarthur,ISHMAEL ARTHUR,GHA,male,resolved,world_athletics,2026-09-02T14:42:10Z,2026-09-02T14:42:10Z
00740b0f-aec2-4c73-b7d7-a938366000ce,Ishmael Chelanga KALALE,ishmaelchelangakalale,,KEN,male,resolved,world_athletics,2026-09-02T14:42:10Z,2026-09-02T14:42:10Z
a43faa78-6af3-44ca-a2ff-cac8537b42ea,Ismael KIPRONO,ismaelkiprono,,KEN,male,resolved,world_athletics,2026-09-02T14:42:10Z,2026-09-02T14:42:10Z
04eca625-7d59-4bd6-88a2-c2dc73897ccd,Isobel BATT-DOYLE,isobelbattdoyle,,AUS,female,resolved,world_athletics,2026-09-02T14:42:10Z,2026-09-02T14:42:10Z
855eb639-2398-4022-b7a5-25169d9bfaec,Israel TINAJERO ÁLVAREZ,israeltinajeroalvarez,,MEX,male,resolved,world_athletics,2026-09-02T14:42:10Z,2026-09-02T14:42:10Z
d7c77bf5-e3ba-4281-af38-fb14be56e73c,István PALKOVITS,istvanpalkovits,,HUN,male,resolved,world_athletics,2026-09-02T14:42:10Z,2026-09-02T14:42:10Z
bf7f1e5f-36cf-482e-987c-5a3de98331a2,István SZÖGI,istvanszogi,,HUN,male,resolved,world_athletics,2026-09-02T14:42:10Z,2026-09-02T14:42:10Z
80f7f8f8-001f-4928-aa03-c6cc9d751873,Itsuki HIRABAYASHI,itsukihirabayashi,,JPN,male,resolved,world_athletics,2026-09-02T14:42:10Z,2026-09-02T14:42:10Z
72bb79e1-abf5-4596-969f-569981ff46af,Itta TAMEIKE,ittatameike,,JPN,male,resolved,world_athletics,2026-09-02T14:42:10Z,2026-09-02T14:42:10Z
237d2cf1-5b1d-480f-b6fd-b87d773baca1,Ivan PELIZZA,ivanpelizza,,SUI,male,resolved,world_athletics,2026-09-02T14:42:10Z,2026-09-02T14:42:10Z
fc52ab4a-8d57-45cf-a798-1eac2f04e3d9,Ivan Siuris,ivansiuris,Ivan Siuris,MDA,male,resolved,world_athletics,2026-09-02T14:42:10Z,2026-09-02T14:42:10Z
4b640b15-07f1-4c26-9a66-6cf4173beef6,Ivyne JERUTO,ivynejeruto,,KEN,female,resolved,world_athletics,2026-09-02T14:42:10Z,2026-09-02T14:42:10Z
7cb0e488-b770-4d9c-8d52-e2c99d1f9e40,Iwona BERNARDELLI,iwonabernardelli,,POL,female,resolved,world_athletics,2026-09-02T14:42:10Z,2026-09-02T14:42:10Z
d76d4d72-7d3f-4c3b-9d3a-1a3d115b7835,Izabela PASZKIEWICZ,izabelapaszkiewicz,,POL,female,resolved,world_athletics,2026-09-02T14:42:10Z,2026-09-02T14:42:10Z
4347e2d6-2315-4107-9fa4-407291d05567,Izzy FRY,izzyfry,,GBR,female,resolved,world_athletics,2026-09-02T14:42:10Z,2026-09-02T14:42:10Z
f68192ca-8657-43ef-99c1-84c09d585b6f,Jabolane NCAMANE,jabolanencamane,,RSA,male,resolved,world_athletics,2026-09-02T14:42:10Z,2026-09-02T14:42:10Z
03d87804-02a7-4f17-ad2f-ca7813363a2d,Jacelyn GRUPPEN,jacelyngruppen,,NED,female,resolved,world_athletics,2026-09-02T14:42:10Z,2026-09-02T14:42:10Z
10fb30a7-d60e-4862-9ac7-1c6b4d26fa26,Jáchym KOVÁŘ,jachymkovar,,CZE,male,resolved,world_athletics,2026-09-02T14:42:10Z,2026-09-02T14:42:10Z
37b7eb38-418d-4a13-b7b3-e114176c803c,Jack ANSTEY,jackanstey,,AUS,male,resolved,world_athletics,2026-09-02T14:42:10Z,2026-09-02T14:42:10Z
29430aed-6031-400f-82c0-c5ec7f7a3e7a,Jack Balick,jackbalick,Jack Balick,USA,male,resolved,world_athletics,2026-09-02T14:42:10Z,2026-09-02T14:42:10Z
1c32a90a-afad-4e13-8df1-779b3c784982,Jack GUMM,jackgumm,,GBR,male,resolved,world_athletics,2026-09-02T14:42:10Z,2026-09-02T14:42:10Z
59e29e27-51e0-4de2-82c4-4e30f4e8ae87,Jack Higgins,jackhiggins,Jack Higgins,GBR,male,resolved,world_athletics,2026-09-02T14:42:10Z,2026-09-02T14:42:10Z
19b0ec7e-c049-4f74-b42a-4380d1ec9dc9,Jackline CHEPKOECH,jacklinechepkoech,,KEN,female,resolved,world_athletics,2026-09-02T14:42:10Z,2026-09-02T14:42:10Z
a163d1ba-211b-44f6-a5e3-9bb30861d4d2,Jackline CHERONO,jacklinecherono,,KEN,female,resolved,world_athletics,2026-09-02T14:42:10Z,2026-09-02T14:42:10Z
fdc08f0a-c8fe-412e-8e00-5090f8d15aa2,Jackline SAKILU,jacklinesakilu,,TAN,female,resolved,world_athletics,2026-09-02T14:42:10Z,2026-09-02T14:42:10Z
210387df-4e03-4cc8-955f-b6d2ce3ea460,Jack Lunn,jacklunn,Jack Lunn,AUS,male,resolved,world_athletics,2026-09-02T14:42:10Z,2026-09-02T14:42:10Z
48587209-cc72-4d69-b898-691d50785b7d,Jack Rayner,jackrayner,Jack Rayner,AUS,male,resolved,world_athletics,2026-09-02T14:42:10Z,2026-09-02T14:42:10Z
3302a25f-4eaf-4ca7-b62e-527fa3c7f7c6,Jack Rowe,jackrowe,Jack Rowe,GBR,male,resolved,world_athletics,2026-09-02T14:42:10Z,2026-09-02T14:42:10Z
30842c02-b3e6-47c1-b0f1-dd7ad65cd852,Jack Salisbury,jacksalisbury,Jack Salisbury,USA,male,resolved,world_athletics,2026-09-02T14:42:10Z,2026-09-02T14:42:10Z
89af6d26-f5c8-4d0c-8477-cdc8232838c7,Jackson Kavesa MUEMA,jacksonkavesamuema,,KEN,male,resolved,world_athletics,2026-09-02T14:42:10Z,2026-09-02T14:42:10Z
fd868e3f-0cfb-4ac3-a977-084aab3ad9d8,Jackson Kemboi RUTTO,jacksonkemboirutto,,KEN,male,resolved,world_athletics,2026-09-02T14:42:10Z,2026-09-02T14:42:10Z
df307127-e321-4406-b641-2bf934d6df12,Jackson MESTLER,jacksonmestler,,USA,male,resolved,world_athletics,2026-09-02T14:42:10Z,2026-09-02T14:42:10Z
75f8ba75-df7b-412c-9df3-f4f9b026955e,Jackson Sharp,jacksonsharp,Jackson Sharp,AUS,male,resolved,world_athletics,2026-09-02T14:42:10Z,2026-09-02T14:42:10Z
f229f6e0-2337-4f71-af9b-fc151452e334,Jackson SHORTEN,jacksonshorten,,USA,male,resolved,world_athletics,2026-09-02T14:42:10Z,2026-09-02T14:42:10Z
4d3afb1b-a23d-462a-9c89-1e5831c31507,Jacob Boutera,jacobboutera,Jacob Boutera,NOR,male,resolved,world_athletics,2026-09-02T14:42:10Z,2026-09-02T14:42:10Z
106dde88-e20d-43e9-8bfb-d84580b854d4,Jacob KIPLIMO,jacobkiplimo,,UGA,male,resolved,world_athletics,2026-09-02T14:42:10Z,2026-09-02T14:42:10Z
c5cdafec-4af1-4be4-a720-3c407228fab6,Jacob KOSGEI,jacobkosgei,,KEN,male,resolved,world_athletics,2026-09-02T14:42:10Z,2026-09-02T14:42:10Z
2b065ec3-4756-4566-903c-8b4790bd039b,Jacob KROP,jacobkrop,,KEN,male,resolved,world_athletics,2026-09-02T14:42:10Z,2026-09-02T14:42:10Z
af8d5493-b8d8-4dbe-8678-1e1dcd83dc13,Jacob Sommer SIMONSEN,jacobsommersimonsen,,DEN,male,resolved,world_athletics,2026-09-02T14:42:10Z,2026-09-02T14:42:10Z
da175126-8bc3-4cb5-ae56-11ed62101015,Jacqueline GAUGHAN,jacquelinegaughan,,USA,female,resolved,world_athletics,2026-09-02T14:42:10Z,2026-09-02T14:42:10Z
429ea9f2-af49-4748-ba86-81a0671ef85b,Jake Ritter,jakeritter,Jake Ritter,USA,male,resolved,world_athletics,2026-09-02T14:42:10Z,2026-09-02T14:42:10Z
382c4b1a-f84e-4a4a-8f50-6db68f13e558,Jake WIGHTMAN,jakewightman,,GBR,male,resolved,world_athletics,2026-09-02T14:42:10Z,2026-09-02T14:42:10Z
4e3df4e0-d196-460a-bcd4-a70bfcfa542f,Jakob INGEBRIGTSEN,jakobingebrigtsen,,NOR,male,resolved,world_athletics,2026-09-02T14:42:10Z,2026-09-02T14:42:10Z
9757678e-f755-4983-8e0a-03ada89b6dfb,Jakub DUDYCHA,jakubdudycha,,CZE,male,resolved,world_athletics,2026-09-02T14:42:10Z,2026-09-02T14:42:10Z
af246a8e-f224-4f6a-9094-ed8d64c7bf24,Jamal Abdelmaji EISA MOHAMMED,jamalabdelmajieisamohammed,,,male,resolved,world_athletics,2026-09-02T14:42:10Z,2026-09-02T14:42:10Z
bbf82e5c-3d87-4863-9eff-b9b79e781989,James Corrigan,jamescorrigan,James Corrigan,USA,male,resolved,world_athletics,2026-09-02T14:42:10Z,2026-09-02T14:42:10Z
a174df6f-4b9a-48df-a58f-0864664cfa41,James DONAHUE,jamesdonahue,,USA,male,resolved,world_athletics,2026-09-02T14:42:10Z,2026-09-02T14:42:10Z
388b7b00-16bc-47ed-abd7-0b9733176d6d,James DUNNE,jamesdunne,,IRL,male,resolved,world_athletics,2026-09-02T14:42:10Z,2026-09-02T14:42:10Z
f0cd6dc1-99bf-40af-89fb-5b5b133d9705,James GORMLEY,jamesgormley,,GBR,male,resolved,world_athletics,2026-09-02T14:42:10Z,2026-09-02T14:42:10Z
e0d18683-9c53-4bb9-b2fd-b61aab8d607c,James Hansen,jameshansen,James Hansen,AUS,male,resolved,world_athletics,2026-09-02T14:42:10Z,2026-09-02T14:42:10Z
d6b0c9ea-b36a-48a2-af04-cda925472d6c,James Kimeu,jameskimeu,James Kimeu,KEN,male,resolved,world_athletics,2026-09-02T14:42:10Z,2026-09-02T14:42:10Z
7f2ae2c1-c420-4156-ba32-32091564233b,James KIPKOGEI,jameskipkogei,,KEN,male,resolved,world_athletics,2026-09-02T14:42:10Z,2026-09-02T14:42:10Z
31223668-fdee-461a-87af-11e61014485e,James KIPLAGAT,jameskiplagat,,KEN,male,resolved,world_athletics,2026-09-02T14:42:10Z,2026-09-02T14:42:10Z
70821ec8-db71-45d8-a6fa-8f1af0f5dcc0,James MCMURRAY,jamesmcmurray,,GBR,male,resolved,world_athletics,2026-09-02T14:42:10Z,2026-09-02T14:42:10Z
62ac6f08-8a65-4447-899f-ee55490bf2b0,James Mwanzia MUTUKU,jamesmwanziamutuku,,KEN,male,resolved,world_athletics,2026-09-02T14:42:10Z,2026-09-02T14:42:10Z
a9b2d714-97d0-4175-ad75-55826f3e82ba,James MWAURA,jamesmwaura,,USA,male,resolved,world_athletics,2026-09-02T14:42:10Z,2026-09-02T14:42:10Z
38282f0b-23e8-4c42-9d25-f1bff6d443c8,James Preston,jamespreston,James Preston,NZL,male,resolved,world_athletics,2026-09-02T14:42:10Z,2026-09-02T14:42:10Z
6bf32c72-6d97-496c-a491-0888f19973c9,James Seeliger,jamesseeliger,James Seeliger,RSA,male,resolved,world_athletics,2026-09-02T14:42:10Z,2026-09-02T14:42:10Z
f175ac55-eef4-4d60-a9ce-e6bc2ca22492,James West,jameswest,James West,GBR,male,resolved,world_athletics,2026-09-02T14:42:10Z,2026-09-02T14:42:10Z
40c9cc95-7980-42e1-b850-7239cb88fd96,James YOUNG,jamesyoung,,GBR,male,resolved,world_athletics,2026-09-02T14:42:10Z,2026-09-02T14:42:10Z
e9dcee67-2607-4d01-8193-b3128356b624,Jamie PHILLIPS,jamiephillips,,GBR,male,resolved,world_athletics,2026-09-02T14:42:10Z,2026-09-02T14:42:10Z
8646713a-6416-40f9-8eca-5eb9f4237bd5,Jana Marie BECKER,janamariebecker,,GER,female,resolved,world_athletics,2026-09-02T14:42:10Z,2026-09-02T14:42:10Z
d5257af1-30c7-471c-b1d2-bf4b69c51f07,Jana VAN LENT,janavanlent,,BEL,female,resolved,world_athletics,2026-09-02T14:42:10Z,2026-09-02T14:42:10Z
63a976b4-f5a7-4c65-b529-fbf210e292e2,Jan Badia,janbadia,Jan Badia,ESP,male,resolved,world_athletics,2026-09-02T14:42:10Z,2026-09-02T14:42:10Z
5a6824f1-23bc-418f-8008-3718c45ae44b,Jane Bareikis,janebareikis,Jane Bareikis,USA,female,resolved,world_athletics,2026-09-02T14:42:10Z,2026-09-02T14:42:10Z
4b66775b-21ff-455f-8883-5bde630047ac,Janeth CHEPNGETICH,janethchepngetich,,KEN,female,resolved,world_athletics,2026-09-02T14:42:10Z,2026-09-02T14:42:10Z
551d843e-346d-4177-836a-50bd95f45ed6,Janeth Nyiva MUTUNGI,janethnyivamutungi,,KEN,female,resolved,world_athletics,2026-09-02T14:42:10Z,2026-09-02T14:42:10Z
0676c52a-3f24-4b93-807d-24220a2c0a6a,Janet JEPKEMOI,janetjepkemoi,,KEN,female,resolved,world_athletics,2026-09-02T14:42:10Z,2026-09-02T14:42:10Z
74a77380-0e37-46b6-9800-f49fefc24396,Janet Jepkoech CHEPKEMOI,janetjepkoechchepkemoi,,KEN,female,resolved,world_athletics,2026-09-02T14:42:10Z,2026-09-02T14:42:10Z
11571057-4b4b-4296-bd07-58bd251458fc,Janet RUGURU,janetruguru,,KEN,female,resolved,world_athletics,2026-09-02T14:42:10Z,2026-09-02T14:42:10Z
ea640d86-d7d9-4b12-9f1c-3db6cee8476b,Janette SCHRAFT,janetteschraft,,USA,female,resolved,world_athletics,2026-09-02T14:42:10Z,2026-09-02T14:42:10Z
4e749ef4-29f4-4ec0-ba9b-0be9193af63e,Jan FRIŠ,janfris,,CZE,male,resolved,world_athletics,2026-09-02T14:42:10Z,2026-09-02T14:42:10Z
8ea14280-0f1d-43ad-835e-2669b5e93cdb,Jan TESAŘ,jantesar,,CZE,male,resolved,world_athletics,2026-09-02T14:42:10Z,2026-09-02T14:42:10Z
e5173458-0b22-4016-850f-0a03f817b1ec,Jan VUKOVIČ,janvukovic,,SLO,male,resolved,world_athletics,2026-09-02T14:42:10Z,2026-09-02T14:42:10Z
44b53967-4495-48a2-affa-611be3a0a423,Jaouad HSSINI,jaouadhssini,,ESP,male,resolved,world_athletics,2026-09-02T14:42:10Z,2026-09-02T14:42:10Z
350d853e-fd7b-4da3-b30d-b59699c903c3,Jaquavious Harris,jaquaviousharris,JaQuavious Harris,USA,male,resolved,world_athletics,2026-09-02T14:42:10Z,2026-09-02T14:42:10Z
6e8d0fb6-c29a-46fb-bd5b-58b50c6175e0,Jaqueline Beatriz WEBER,jaquelinebeatrizweber,,BRA,female,resolved,world_athletics,2026-09-02T14:42:10Z,2026-09-02T14:42:10Z
a9b9cf93-1625-4744-b8e2-c0ebf0292031,Jasmijn LAU,jasmijnlau,,NED,female,resolved,world_athletics,2026-09-02T14:42:10Z,2026-09-02T14:42:10Z
f7c77b8a-5d1d-44e1-bb86-2f08d870de0e,Jason GOMEZ,jasongomez,,USA,male,resolved,world_athletics,2026-09-02T14:42:10Z,2026-09-02T14:42:10Z
e40f09dc-2a11-41ae-85db-b8a36924413d,Jason POINTEAU,jasonpointeau,,FRA,male,resolved,world_athletics,2026-09-02T14:42:10Z,2026-09-02T14:42:10Z
be16a18c-c5e6-4b9f-9708-388d5b374bfa,Javier GUERRA,javierguerra,,ESP,male,resolved,world_athletics,2026-09-02T14:42:10Z,2026-09-02T14:42:10Z
9d5f52e1-fdd3-4f1c-b99f-24de6fb74915,Javier MIRON,javiermiron,,ESP,male,resolved,world_athletics,2026-09-02T14:42:10Z,2026-09-02T14:42:10Z
b27cff33-ac9c-4fdb-922f-12ae2110f430,Jaxson Hoey,jaxsonhoey,Jaxson Hoey,USA,male,resolved,world_athletics,2026-09-02T14:42:10Z,2026-09-02T14:42:10Z
107486e4-7ed1-4a85-9b53-31ee532768b6,Jaylah HANCOCK-CAMERON,jaylahhancockcameron,,AUS,female,resolved,world_athletics,2026-09-02T14:42:10Z,2026-09-02T14:42:10Z
1339de59-b8b1-43f0-9a4d-38105f3e0c32,Jazz SHUKLA,jazzshukla,,CAN,female,resolved,world_athletics,2026-09-02T14:42:10Z,2026-09-02T14:42:10Z
88a51d58-3a5d-4ddf-a4fe-5137c03a8e60,Jean-Simon Desgagnés,jeansimondesgagnes,Jean-Simon Desgagnés,CAN,male,resolved,world_athletics,2026-09-02T14:42:10Z,2026-09-02T14:42:10Z
6ef6e81d-355d-42bc-95e3-3d4464d00196,Jemal MEKONEN,jemalmekonen,,ETH,male,resolved,world_athletics,2026-09-02T14:42:10Z,2026-09-02T14:42:10Z
ac93d4c8-be82-4a03-aae9-cd92543c9a83,Jemma REEKIE,jemmareekie,,GBR,female,resolved,world_athletics,2026-09-02T14:42:10Z,2026-09-02T14:42:10Z
3409c786-faed-45c8-835e-98b2ed0c1e2e,Jenberu SISAY,jenberusisay,,ETH,male,resolved,world_athletics,2026-09-02T14:42:10Z,2026-09-02T14:42:10Z
7cef2956-9bf9-40c5-8e99-1c016d37b1c2,Jenna BROMELL,jennabromell,,IRL,female,resolved,world_athletics,2026-09-02T14:42:10Z,2026-09-02T14:42:10Z
82d23faf-04f4-445c-b7cd-3363f2604e03,Jenna HUTCHINS,jennahutchins,,USA,female,resolved,world_athletics,2026-09-02T14:42:10Z,2026-09-02T14:42:10Z
850a5531-a9a8-4752-9bac-d9d995ae9578,Jenna MELANSON,jennamelanson,,CAN,female,resolved,world_athletics,2026-09-02T14:42:10Z,2026-09-02T14:42:10Z
7aeca56b-0803-4fd4-8b37-035b09ffc904,Jennie HAUKE,jenniehauke,,GER,female,resolved,world_athletics,2026-09-02T14:42:10Z,2026-09-02T14:42:10Z
f785b1c7-3144-4fd9-a173-a5f11d4a8332,Jennifer Gulikers,jennifergulikers,Jennifer Gulikers,NED,female,resolved,world_athletics,2026-09-02T14:42:10Z,2026-09-02T14:42:10Z
5609d48c-187d-4910-9a89-04c35d424bda,Jennifer Nesbitt,jennifernesbitt,Jennifer Nesbitt,GBR,female,resolved,world_athletics,2026-09-02T14:42:10Z,2026-09-02T14:42:10Z
dfb8cbd2-5ff9-4b19-98f0-65c500a56fed,Jennifer Randall,jenniferrandall,Jennifer Randall,USA,female,resolved,world_athletics,2026-09-02T14:42:10Z,2026-09-02T14:42:10Z
03a848f2-6ad9-4608-94bd-c3f2bcec488f,Jenny BLUNDELL,jennyblundell,,AUS,female,resolved,world_athletics,2026-09-02T14:42:10Z,2026-09-02T14:42:10Z
afcd4f57-7e3d-4aa1-9ed9-34de17b09769,Jenny SCHILLING,jennyschilling,,USA,female,resolved,world_athletics,2026-09-02T14:42:10Z,2026-09-02T14:42:10Z
21a9e0af-642f-4b61-b935-710b05e6e290,Jenny SIMPSON,jennysimpson,,USA,female,resolved,world_athletics,2026-09-02T14:42:10Z,2026-09-02T14:42:10Z
41d91f1e-8398-42b1-8c64-f6a02a2eaf1f,Jens MERGENTHALER,jensmergenthaler,,GER,male,resolved,world_athletics,2026-09-02T14:42:10Z,2026-09-02T14:42:10Z
43be461f-5132-4571-aab0-fd60be024324,Jeremia SHALIAXWE,jeremiashaliaxwe,,NAM,male,resolved,world_athletics,2026-09-02T14:42:10Z,2026-09-02T14:42:10Z
94769f06-d319-44bf-9a24-f20442ddd7a1,Jerrell Mock,jerrellmock,Jerrell Mock,USA,male,resolved,world_athletics,2026-09-02T14:42:10Z,2026-09-02T14:42:10Z
e12e03c1-da2a-4ce4-a671-2b9c1014d02e,Jerry MOTSAU,jerrymotsau,,RSA,male,resolved,world_athletics,2026-09-02T14:42:10Z,2026-09-02T14:42:10Z
65ab2b65-65c2-429d-8400-305976fb7dc5,Jesca CHELANGAT,jescachelangat,,KEN,female,resolved,world_athletics,2026-09-02T14:42:10Z,2026-09-02T14:42:10Z
f0f9dcaa-0494-4912-8305-9fa077d9c5e0,Jessa HANSON,jessahanson,,USA,female,resolved,world_athletics,2026-09-02T14:42:10Z,2026-09-02T14:42:10Z
99eb9569-4b1a-4c83-aadd-3bb9bc3c11ee,Jesse FOKKENROOD,jessefokkenrood,,NED,male,resolved,world_athletics,2026-09-02T14:42:10Z,2026-09-02T14:42:10Z
bdb0ebcc-5591-4bab-8c44-e7df2925ba4f,Jesse HAMLIN,jessehamlin,,USA,male,resolved,world_athletics,2026-09-02T14:42:10Z,2026-09-02T14:42:10Z
4ace0a05-d717-4ba8-b438-ebecd3d23d21,Jesse HUNT,jessehunt,,AUS,male,resolved,world_athletics,2026-09-02T14:42:10Z,2026-09-02T14:42:10Z
fc055a11-f043-44e1-ae83-d2617678270e,Jessica FURLAN,jessicafurlan,,CAN,female,resolved,world_athletics,2026-09-02T14:42:10Z,2026-09-02T14:42:10Z
00e636f0-ecee-4802-950c-1fbcd76d20f3,Jessica GOCKLEY-DAY,jessicagockleyday,,USA,female,resolved,world_athletics,2026-09-02T14:42:10Z,2026-09-02T14:42:10Z
8a6bf26b-afa9-48b6-bc7d-fb2043619a83,Jessica HULL,jessicahull,,AUS,female,resolved,world_athletics,2026-09-02T14:42:10Z,2026-09-02T14:42:10Z
ebe185bb-3e64-4582-ae38-2205a67155a8,Jessica Kain,jessicakain,Jessica Kain,USA,female,resolved,world_athletics,2026-09-02T14:42:10Z,2026-09-02T14:42:10Z
edba272f-f1a6-4f9f-8ad5-598b90c5db5a,Jessica MCCLAIN,jessicamcclain,,USA,female,resolved,world_athletics,2026-09-02T14:42:10Z,2026-09-02T14:42:10Z
d07e610d-9ec1-4a26-a253-aff38ac248ed,Jessica STENSON,jessicastenson,,AUS,female,resolved,world_athletics,2026-09-02T14:42:10Z,2026-09-02T14:42:10Z
2cd0df89-3e90-4756-b8a3-ddc838f71310,Jessica WARNER-JUDD,jessicawarnerjudd,,GBR,female,resolved,world_athletics,2026-09-02T14:42:10Z,2026-09-02T14:42:10Z
bd593868-5958-4e93-a25d-cc655c034894,Jessica WATYCHOWICZ,jessicawatychowicz,,USA,female,resolved,world_athletics,2026-09-02T14:42:10Z,2026-09-02T14:42:10Z
cd21ab6c-df85-49a2-bd35-d2023102a520,Jessie CARDIN,jessiecardin,,USA,female,resolved,world_athletics,2026-09-02T14:42:10Z,2026-09-02T14:42:10Z
2fc70bb4-f185-4a93-8047-c3573b3019f2,Jésus Angel OLMOS,jesusangelolmos,,ESP,male,resolved,world_athletics,2026-09-02T14:42:10Z,2026-09-02T14:42:10Z
631c060c-0c02-476d-8333-6fd1840f4f07,Jesús GÓMEZ,jesusgomez,,ESP,male,resolved,world_athletics,2026-09-02T14:42:10Z,2026-09-02T14:42:10Z
1b2dc273-9d97-4c27-84e2-539f2887e4dc,Jesús RAMOS,jesusramos,,ESP,male,resolved,world_athletics,2026-09-02T14:42:10Z,2026-09-02T14:42:10Z
cd2f07cc-8158-4971-83b1-18828f2f588e,Jesus Tonatiu LOPEZ,jesustonatiulopez,,MEX,male,resolved,world_athletics,2026-09-02T14:42:10Z,2026-09-02T14:42:10Z
d3da6610-4c04-4fbd-af37-db3c59c6d2c7,Jetske VAN KAMPEN,jetskevankampen,,NED,female,resolved,world_athletics,2026-09-02T14:42:10Z,2026-09-02T14:42:10Z
7155c0dd-8d3f-4d9e-be9f-93e61fc2f93f,Jhoselyn CAMARGO,jhoselyncamargo,,BOL,female,resolved,world_athletics,2026-09-02T14:42:10Z,2026-09-02T14:42:10Z
0cbd1392-f320-4d9c-832d-3270024a8e37,Jiahao WANG,jiahaowang,,CHN,male,resolved,world_athletics,2026-09-02T14:42:10Z,2026-09-02T14:42:10Z
1a75ca92-e17a-4be4-ae4d-718684ff7a7c,Jidongzhi SANG,jidongzhisang,,CHN,male,resolved,world_athletics,2026-09-02T14:42:10Z,2026-09-02T14:42:10Z
d3c28793-bda2-48d6-90c3-65cb9a98775a,Jie HE,jiehe,,CHN,male,resolved,world_athletics,2026-09-02T14:42:10Z,2026-09-02T14:42:10Z
08eb4731-285e-4f00-9ab8-8b2b92461276,Jila DAWA,jiladawa,,CHN,female,resolved,world_athletics,2026-09-02T14:42:10Z,2026-09-02T14:42:10Z
c07626fa-e9a8-4be5-9fd6-a88dda8ed21f,Jimmy GRESSIER,jimmygressier,,FRA,male,resolved,world_athletics,2026-09-02T14:42:10Z,2026-09-02T14:42:10Z
1b847040-7576-49e9-8d24-d75825c07f21,Jingfen LI,jingfenli,,CHN,female,resolved,world_athletics,2026-09-02T14:42:10Z,2026-09-02T14:42:10Z
df8894f8-4a1f-44fd-b97d-0feb7b430afb,Jinichiro KAMEDA,jinichirokameda,,JPN,male,resolved,world_athletics,2026-09-02T14:42:10Z,2026-09-02T14:42:10Z
0d7bdf51-36c5-45eb-a3e0-bb6851752f32,Jin YUASA,jinyuasa,,JPN,male,resolved,world_athletics,2026-09-02T14:42:10Z,2026-09-02T14:42:10Z
73ab8603-d1f6-42b5-a535-d9aad231ef3b,Joana Vanessa CARVALHO,joanavanessacarvalho,,POR,female,resolved,world_athletics,2026-09-02T14:42:10Z,2026-09-02T14:42:10Z
9155f214-0836-4f3e-8173-437f9f02d702,Joan Chelimo MELLY,joanchelimomelly,,ROU,female,resolved,world_athletics,2026-09-02T14:42:10Z,2026-09-02T14:42:10Z
d9d39bcf-6950-43d4-bb26-19a6376666b6,Joan CHEPKOSGEI,joanchepkosgei,,KEN,female,resolved,world_athletics,2026-09-02T14:42:10Z,2026-09-02T14:42:10Z
4f29511c-dc65-44ba-b42b-4e1cde0275a7,Joan KIPYATICH,joankipyatich,,KEN,female,resolved,world_athletics,2026-09-02T14:42:10Z,2026-09-02T14:42:10Z
56a5840a-b4cb-45d4-bb9d-1768ba3fa48c,Joanna Archer,joannaarcher,Joanna Archer,GUY,female,resolved,world_athletics,2026-09-02T14:42:10Z,2026-09-02T14:42:10Z
4744d5e8-4355-492e-9bf5-bb25504727dd,Joao BUSSOTTI NEVES,joaobussottineves,,ITA,male,resolved,world_athletics,2026-09-02T14:42:10Z,2026-09-02T14:42:10Z
e3ec4e54-d296-4ccd-88c8-26b90be190b7,Job Ijtsma,jobijtsma,Job IJtsma,NED,male,resolved,world_athletics,2026-09-02T14:42:10Z,2026-09-02T14:42:10Z
1e7fae94-2dd1-41e9-8b8e-09d700784c7f,Joceline WIND,jocelinewind,,SUI,female,resolved,world_athletics,2026-09-02T14:42:10Z,2026-09-02T14:42:10Z
6caeffe0-12b7-4794-9a8e-8f53108a31ef,Jochem VERMEULEN,jochemvermeulen,,BEL,male,resolved,world_athletics,2026-09-02T14:42:10Z,2026-09-02T14:42:10Z
8a654a74-73c4-4f3c-804b-0a7b0c412b35,Jodie MCCANN,jodiemccann,,IRL,female,resolved,world_athletics,2026-09-02T14:42:10Z,2026-09-02T14:42:10Z
bfa3dfbb-6cd3-4f3b-8f6b-366a466dad0f,Joe Ewing,joeewing,joe ewing,GBR,male,resolved,world_athletics,2026-09-02T14:42:10Z,2026-09-02T14:42:10Z
62d4cf78-7334-4afc-b525-097918e19827,Joe KLECKER,joeklecker,,USA,male,resolved,world_athletics,2026-09-02T14:42:10Z,2026-09-02T14:42:10Z
a0459ca0-f0bb-4700-a4b6-f3ddb3225922,Joel Ibler LILLESØ,joeliblerlilles,,DEN,male,resolved,world_athletics,2026-09-02T14:42:10Z,2026-09-02T14:42:10Z
e6753a98-8d1e-41f0-b5ac-3e83eeadc4e7,Joel Kemboi KIMURER,joelkemboikimurer,,KEN,male,resolved,world_athletics,2026-09-02T14:42:10Z,2026-09-02T14:42:10Z
e9d8edb6-e92e-4760-af37-0074543b8c3f,Joe WASKOM,joewaskom,,USA,male,resolved,world_athletics,2026-09-02T14:42:10Z,2026-09-02T14:42:10Z
230fb8e1-6fc1-4e9f-94dc-e8a6221a4586,Joey Berriatua,joeyberriatua,Joey Berriatua,USA,male,resolved,world_athletics,2026-09-02T14:42:10Z,2026-09-02T14:42:10Z
cc34b203-07fa-47a7-b95a-0b878d22b05b,Joey Nokes,joeynokes,Joey Nokes,USA,male,resolved,world_athletics,2026-09-02T14:42:10Z,2026-09-02T14:42:10Z
6f1c5319-84b5-4d3d-9343-39ca492350c7,Johannes Motschmann,johannesmotschmann,Johannes Motschmann,GER,male,resolved,world_athletics,2026-09-02T14:42:10Z,2026-09-02T14:42:10Z
c6390345-efc9-4294-867a-eda3cdaf9a2c,Johnatas DE OLIVEIRA,johnatasdeoliveira,,BRA,male,resolved,world_athletics,2026-09-02T14:42:10Z,2026-09-02T14:42:10Z
9349ac06-9fdd-40c2-9cc7-ca765f3944e7,Johnathan RENIEWICKI,johnathanreniewicki,,USA,male,resolved,world_athletics,2026-09-02T14:42:10Z,2026-09-02T14:42:10Z
56a19baf-4f22-4251-829e-b88b706ef830,John Ewoi KAMETHO,johnewoikametho,,KEN,male,resolved,world_athletics,2026-09-02T14:42:10Z,2026-09-02T14:42:10Z
1eac2807-e9d4-4f10-9011-8e6efa0078f7,John Gay,johngay,John Gay,CAN,male,resolved,world_athletics,2026-09-02T14:42:10Z,2026-09-02T14:42:10Z
aaa3a917-48c2-4bfb-aa4f-501fd2f3ce77,John GREGOREK,johngregorek,,USA,male,resolved,world_athletics,2026-09-02T14:42:10Z,2026-09-02T14:42:10Z
1908b33c-6fa1-40ca-a32f-902a56ef4f48,John HEYMANS,johnheymans,,BEL,male,resolved,world_athletics,2026-09-02T14:42:10Z,2026-09-02T14:42:10Z
eed7beb3-1f71-4fb7-9c41-38ce971fb2d2,John Kiprono LANGAT,johnkipronolangat,,KEN,male,resolved,world_athletics,2026-09-02T14:42:10Z,2026-09-02T14:42:10Z
9e9c7a08-d3a1-4189-a1d3-60490a86d8f3,John Korir,johnkorir,JOHN KORIR,KEN,male,resolved,world_athletics,2026-09-02T14:42:10Z,2026-09-02T14:42:10Z
fbaceb5c-68d8-4d6e-a38e-c1e0819da06e,John MUIRIRI,johnmuiriri,,KEN,male,resolved,world_athletics,2026-09-02T14:42:10Z,2026-09-02T14:42:10Z
108eb0ec-9142-42da-8a88-db4709c3df3d,John Nahhay WELE,johnnahhaywele,,TAN,male,resolved,world_athletics,2026-09-02T14:42:10Z,2026-09-02T14:42:10Z
aa5136b5-fafa-4052-bfc5-3e321229b8c6,John Nzau MWANGANGI,johnnzaumwangangi,,KEN,male,resolved,world_athletics,2026-09-02T14:42:10Z,2026-09-02T14:42:10Z
f5c3a1c9-2f15-4872-a7d8-7559b66c14be,John O'REILLY,johnoreilly,,CAN,male,resolved,world_athletics,2026-09-02T14:42:10Z,2026-09-02T14:42:10Z
f35c5619-4fd0-428d-9b2b-f02549a84c15,John RIVERA,johnrivera,,PUR,male,resolved,world_athletics,2026-09-02T14:42:10Z,2026-09-02T14:42:10Z
1a80f8d6-199d-48d0-a6b8-6e4b5fd723eb,John ROTICH,johnrotich,,KEN,male,resolved,world_athletics,2026-09-02T14:42:10Z,2026-09-02T14:42:10Z
62fc3df0-f1d3-4271-81aa-73340236ef37,Jolanda Kallabis,jolandakallabis,Jolanda Kallabis,GER,female,resolved,world_athletics,2026-09-02T14:42:10Z,2026-09-02T14:42:10Z
4c7c651b-57e0-4cc1-b17a-e08b9f638d05,Jonah KOECH,jonahkoech,,USA,male,resolved,world_athletics,2026-09-02T14:42:10Z,2026-09-02T14:42:10Z
f37033fa-d40e-4615-90b0-d8bdf86f92c3,Jonas RAESS,jonasraess,,SUI,male,resolved,world_athletics,2026-09-02T14:42:10Z,2026-09-02T14:42:10Z
52715580-75ed-4510-a00f-6abfeaccc0c6,Jonathan Davis,jonathandavis,Jonathan Davis,USA,male,resolved,world_athletics,2026-09-02T14:42:10Z,2026-09-02T14:42:10Z
f8f60a68-23a9-45cf-bf47-713ef1522794,Jonathan Grahn,jonathangrahn,Jonathan Grahn,SWE,male,resolved,world_athletics,2026-09-02T14:42:10Z,2026-09-02T14:42:10Z
9ca5ef4f-a9f0-47b4-b61e-c7959dfa25ca,Jonathan Mellor,jonathanmellor,Jonathan Mellor,GBR,male,resolved,world_athletics,2026-09-02T14:42:10Z,2026-09-02T14:42:10Z
282d12c5-be01-4d50-8e21-2c618e37b71a,Jonathan Muia NDIKU,jonathanmuiandiku,,KEN,male,resolved,world_athletics,2026-09-02T14:42:10Z,2026-09-02T14:42:10Z
4e722ccf-e704-4046-8fb1-4f6c6713d0a8,Jonson MUGENI,jonsonmugeni,,KEN,male,resolved,world_athletics,2026-09-02T14:42:10Z,2026-09-02T14:42:10Z
8b21895b-36ea-4a14-b28c-7591fff342a7,Joonas RINNE,joonasrinne,,FIN,male,resolved,world_athletics,2026-09-02T14:42:10Z,2026-09-02T14:42:10Z
971c86e4-052e-4110-b8e2-fbd1a6feae23,Jordan Macintosh,jordanmacintosh,Jordan Macintosh,CAN,male,resolved,world_athletics,2026-09-02T14:42:10Z,2026-09-02T14:42:10Z
9816f0b9-891d-4481-ae09-b2578543b490,Jordan TERRASSE,jordanterrasse,,FRA,male,resolved,world_athletics,2026-09-02T14:42:10Z,2026-09-02T14:42:10Z
5f3a3c00-5166-474c-9e1b-b0bba5c37471,Jorge BLANCO,jorgeblanco,,ESP,male,resolved,world_athletics,2026-09-02T14:42:10Z,2026-09-02T14:42:10Z
074bee87-4036-4ff2-b6b1-36745a50bba9,Jorge Castelblanco,jorgecastelblanco,Jorge Castelblanco,PAN,male,resolved,world_athletics,2026-09-02T14:42:10Z,2026-09-02T14:42:10Z
e146cd35-914c-4d06-8d3a-7af3430cd173,Jorge GONZALEZ RIVERA,jorgegonzalezrivera,,ESP,male,resolved,world_athletics,2026-09-02T14:42:10Z,2026-09-02T14:42:10Z
a9ace1ac-15f7-426c-9443-a1d77baae73a,Jorge Luis CRUZ,jorgeluiscruz,,MEX,male,resolved,world_athletics,2026-09-02T14:42:10Z,2026-09-02T14:42:10Z
e498249c-d7e5-4d78-aa86-eb493aa81765,Joris Keppens,joriskeppens,Joris Keppens,BEL,male,resolved,world_athletics,2026-09-02T14:42:10Z,2026-09-02T14:42:10Z
6869d971-c36d-4cb8-b3cd-4344e648b40d,Jorum OKOMBO,jorumokombo,,KEN,male,resolved,world_athletics,2026-09-02T14:42:10Z,2026-09-02T14:42:10Z
561c6b2e-df79-4435-bcf4-b4c4f1994c77,José Carlos Pinto,josecarlospinto,José Carlos Pinto,POR,male,resolved,world_athletics,2026-09-02T14:42:10Z,2026-09-02T14:42:10Z
9c9128fc-0587-4314-a922-9ab2f090f566,Josefa QUEZADA,josefaquezada,,CHI,female,resolved,world_athletics,2026-09-02T14:42:10Z,2026-09-02T14:42:10Z
39efeac7-33e2-49f2-923c-420102e74f41,Josefine Tomine ERIKSEN,josefinetomineeriksen,,NOR,female,resolved,world_athletics,2026-09-02T14:42:10Z,2026-09-02T14:42:10Z
135366f7-89dd-4fd2-b96a-4fe6ff252aba,Josefu rajini REMETEIIKI,josefurajiniremeteiiki,,KEN,male,resolved,world_athletics,2026-09-02T14:42:10Z,2026-09-02T14:42:10Z
67db70d4-78c8-48e2-a57d-80b9b753ded6,José Ignacio PÉREZ,joseignacioperez,,ESP,male,resolved,world_athletics,2026-09-02T14:42:10Z,2026-09-02T14:42:10Z
30347252-0ef0-4f66-94da-9b8b5abbd6d7,Joselyn Daniely BREA,joselyndanielybrea,,VEN,female,resolved,world_athletics,2026-09-02T14:42:10Z,2026-09-02T14:42:10Z
6f7bd8ee-c758-4a7a-b697-7c1fa3ff4bca,Jose MAITA,josemaita,,VEN,male,resolved,world_athletics,2026-09-02T14:42:10Z,2026-09-02T14:42:10Z
6840b3f9-b09b-4d2a-bdd9-a9f3f7110977,Josephat Joshua GISEMO,josephatjoshuagisemo,,TAN,male,resolved,world_athletics,2026-09-02T14:42:10Z,2026-09-02T14:42:10Z
b7de8d3d-b89c-4d77-936b-7fe974d46197,Joseph Deng,josephdeng,Joseph Deng,AUS,male,resolved,world_athletics,2026-09-02T14:42:10Z,2026-09-02T14:42:10Z
3f6b108e-a688-45ba-99d7-771e0ad29bca,Josephine Chelangat KIPLANGAT,josephinechelangatkiplangat,,KEN,female,resolved,world_athletics,2026-09-02T14:42:10Z,2026-09-02T14:42:10Z
e5131866-2cd0-4c98-a702-a3736773d41f,Josephine NAUKOT,josephinenaukot,,KEN,female,resolved,world_athletics,2026-09-02T14:42:10Z,2026-09-02T14:42:10Z
1f5dd5eb-72bb-4356-beaf-fa26b93a019d,Joseph KIMUTAI,josephkimutai,,KEN,male,resolved,world_athletics,2026-09-02T14:42:10Z,2026-09-02T14:42:10Z
e3e79beb-bf62-4722-87a0-287cdeb3f569,Joseph MUIGAI,josephmuigai,,KEN,male,resolved,world_athletics,2026-09-02T14:42:10Z,2026-09-02T14:42:10Z
8b2396d9-ecca-4020-b8af-a17914594747,Joseph Tuffin,josephtuffin,Joseph Tuffin,GBR,male,resolved,world_athletics,2026-09-02T14:42:10Z,2026-09-02T14:42:10Z
092484ce-2d74-4e77-8ce0-417f72bfdb5a,Joseph WIGFIELD,josephwigfield,,GBR,male,resolved,world_athletics,2026-09-02T14:42:10Z,2026-09-02T14:42:10Z
f89dd799-1bdc-494b-99af-5b7bffdcf341,Josette ANDREWS,josetteandrews,,USA,female,resolved,world_athletics,2026-09-02T14:42:10Z,2026-09-02T14:42:10Z
39fd56c8-7622-49a4-b9d1-0b5bdbb35d73,Josh HOEY,joshhoey,,USA,male,resolved,world_athletics,2026-09-02T14:42:10Z,2026-09-02T14:42:10Z
abab156b-ce6e-4a68-9e45-0c6af69b0de6,Josh Izewski,joshizewski,Josh Izewski,USA,male,resolved,world_athletics,2026-09-02T14:42:10Z,2026-09-02T14:42:10Z
eebf5c95-d93b-44dc-9238-60c9bcb2617c,Josh Kerr,joshkerr,Josh Kerr,GBR,male,resolved,world_athletics,2026-09-02T14:42:10Z,2026-09-02T14:42:10Z
99a54306-9d0c-4808-9b5f-dfeb501ea474,Joshua CHEPTEGEI,joshuacheptegei,,UGA,male,resolved,world_athletics,2026-09-02T14:42:10Z,2026-09-02T14:42:10Z
d1fbc55b-b2a7-44e2-9258-bd046b2f50b5,Joshua KEMBOI,joshuakemboi,,KEN,male,resolved,world_athletics,2026-09-02T14:42:10Z,2026-09-02T14:42:10Z
f81c6520-1a03-4387-917b-e423e272b72f,Joshua KOGO,joshuakogo,,KEN,male,resolved,world_athletics,2026-09-02T14:42:10Z,2026-09-02T14:42:10Z
5ea27104-d8a5-44e3-8c2d-2fe78222715b,Joshua THOMPSON,joshuathompson,,USA,male,resolved,world_athletics,2026-09-02T14:42:10Z,2026-09-02T14:42:10Z
1d12b729-a3e5-4d04-a493-0f4071b50c42,Josphat BOIT,josphatboit,,KEN,male,resolved,world_athletics,2026-09-02T14:42:10Z,2026-09-02T14:42:10Z
85aad1f6-1d42-4882-9078-bb77c405260c,Josphat KIPKIRUI,josphatkipkirui,,KEN,male,resolved,world_athletics,2026-09-02T14:42:10Z,2026-09-02T14:42:10Z
5a367fc5-7f37-492c-8555-064d1fa600a1,Josphat Kiprono MENJO,josphatkipronomenjo,,KEN,male,resolved,world_athletics,2026-09-02T14:42:10Z,2026-09-02T14:42:10Z
6e11ead3-b038-41d4-ab52-9ca6e6f37ce3,Josphat KIPROTICH,josphatkiprotich,,KEN,male,resolved,world_athletics,2026-09-02T14:42:10Z,2026-09-02T14:42:10Z
3df20b35-0df7-43fb-928c-47565c6b711d,Josphat Ledama KISAISA,josphatledamakisaisa,,KEN,male,resolved,world_athletics,2026-09-02T14:42:10Z,2026-09-02T14:42:10Z
5574ba5d-39c5-471b-8c63-7151f350e2eb,Jovana DE LA CRUZ,jovanadelacruz,,PER,female,resolved,world_athletics,2026-09-02T14:42:10Z,2026-09-02T14:42:10Z
b10c470a-26f7-4388-adea-416693368061,Joyce Chepkemoi TELE,joycechepkemoitele,,KEN,female,resolved,world_athletics,2026-09-02T14:42:10Z,2026-09-02T14:42:10Z
66cc5935-80ca-4be1-bc5c-a428aa608665,Joy CHEPTOYEK,joycheptoyek,,UGA,female,resolved,world_athletics,2026-09-02T14:42:10Z,2026-09-02T14:42:10Z
58abfc83-67d6-4182-a4f4-540a7c4ae616,Joyciline JEPKOSGEI,joycilinejepkosgei,,KEN,female,resolved,world_athletics,2026-09-02T14:42:10Z,2026-09-02T14:42:10Z
3166a6cf-7d68-46cb-bd00-4feaa51a411b,Joyline CHEMUTAI,joylinechemutai,,KEN,female,resolved,world_athletics,2026-09-02T14:42:10Z,2026-09-02T14:42:10Z
ee3a8d9e-a643-428d-9395-2d3b87adafc0,JP Flavin,jpflavin,JP Flavin,USA,male,resolved,world_athletics,2026-09-02T14:42:10Z,2026-09-02T14:42:10Z
d5be390b-a6b0-4f9b-a01e-ee65ad8bec00,Juan PACHECO,juanpacheco,,MEX,male,resolved,world_athletics,2026-09-02T14:42:10Z,2026-09-02T14:42:10Z
253d7ac5-e7cd-449d-9df7-f707deaf0b79,Jude Thomas,judethomas,Jude Thomas,AUS,male,resolved,world_athletics,2026-09-02T14:42:10Z,2026-09-02T14:42:10Z
4877d04c-02e8-4235-ba8c-b634c25eec2b,Jude Wheeler-Dee,judewheelerdee,Jude Wheeler-Dee,CAN,male,resolved,world_athletics,2026-09-02T14:42:10Z,2026-09-02T14:42:10Z
8dc9c03a-6348-400d-8f65-14fdf3328c98,Judi JONES,judijones,,USA,female,resolved,world_athletics,2026-09-02T14:42:10Z,2026-09-02T14:42:10Z
7f9697e4-351c-4d66-8426-39cc1201de40,Judith KIYENG,judithkiyeng,,KEN,female,resolved,world_athletics,2026-09-02T14:42:10Z,2026-09-02T14:42:10Z
c5988d7e-82df-4dfb-a704-dc353202fce2,Judith OTAZUA,judithotazua,,ESP,female,resolved,world_athletics,2026-09-02T14:42:10Z,2026-09-02T14:42:10Z
a72510d3-2ae9-4c81-b6ca-2b2df723cac0,Judy CHEPKOECH,judychepkoech,,KEN,female,resolved,world_athletics,2026-09-02T14:42:10Z,2026-09-02T14:42:10Z
f41a7464-43b2-4116-afe6-fb5e37347757,Judy Jelagat KEMBOI,judyjelagatkemboi,,KEN,female,resolved,world_athletics,2026-09-02T14:42:10Z,2026-09-02T14:42:10Z
c997651f-a31a-4b9c-8a37-f6213040845d,Judy Jepkoech KOSGEI,judyjepkoechkosgei,,KEN,female,resolved,world_athletics,2026-09-02T14:42:10Z,2026-09-02T14:42:10Z
9271b636-2830-4d8c-a32f-0541d6779a97,Judy Jepngetich CHEPASKWONY,judyjepngetichchepaskwony,,KEN,female,resolved,world_athletics,2026-09-02T14:42:10Z,2026-09-02T14:42:10Z
a5480318-a711-472a-b7b0-3026a018af56,Judy KEMBOI,judykemboi,,KEN,female,resolved,world_athletics,2026-09-02T14:42:10Z,2026-09-02T14:42:10Z
9ab0b420-b83b-4f5c-8ff2-cb60b7156479,Julia CHEROT,juliacherot,,FRA,female,resolved,world_athletics,2026-09-02T14:42:10Z,2026-09-02T14:42:10Z
458d4959-9458-4192-a26f-dd108f1f2bb9,Julia Jaguścik,juliajaguscik,Julia Jaguścik,POL,female,resolved,world_athletics,2026-09-02T14:42:10Z,2026-09-02T14:42:10Z
bba8b248-6701-41eb-b3c3-f45be19dea46,Julia Mayer,juliamayer,Julia Mayer,AUT,female,resolved,world_athletics,2026-09-02T14:42:10Z,2026-09-02T14:42:10Z
f720c2e9-3aed-4b6f-b27c-bf9d0b19af76,Juliane HVID,julianehvid,,DEN,female,resolved,world_athletics,2026-09-02T14:42:10Z,2026-09-02T14:42:10Z
20c90190-1259-4f5e-af17-009c5542209f,Julia NIELSEN,julianielsen,,SWE,female,resolved,world_athletics,2026-09-02T14:42:10Z,2026-09-02T14:42:10Z
4fe7eb70-e482-482a-bd99-68f7f7449005,Julian RANC,julianranc,,FRA,male,resolved,world_athletics,2026-09-02T14:42:10Z,2026-09-02T14:42:10Z
e104bf3b-51e4-4575-9772-f3a915a5a3cc,Julia SAMUELSSON,juliasamuelsson,,SWE,female,resolved,world_athletics,2026-09-02T14:42:10Z,2026-09-02T14:42:10Z
daad90eb-66b9-4f62-a883-6f107bf13be4,Julia VAN VELTHOVEN,juliavanvelthoven,,NED,female,resolved,world_athletics,2026-09-02T14:42:10Z,2026-09-02T14:42:10Z
347efaf8-7885-440b-a1d1-5a71823a4004,Julie-Anne STAEHLI,julieannestaehli,,CAN,female,resolved,world_athletics,2026-09-02T14:42:10Z,2026-09-02T14:42:10Z
edc62512-00a2-4512-ba28-ad67a2ef53ac,Juliet CHEKWEL,julietchekwel,,UGA,female,resolved,world_athletics,2026-09-02T14:42:10Z,2026-09-02T14:42:10Z
70ee7a04-4dbd-468c-af9e-fa64c495c8d6,Juliet CHERUBET,julietcherubet,,KEN,female,resolved,world_athletics,2026-09-02T14:42:10Z,2026-09-02T14:42:10Z
f5584e07-a0f4-48c3-8c92-043c2124348a,Juliette Thomas,juliettethomas,Juliette Thomas,BEL,female,resolved,world_athletics,2026-09-02T14:42:10Z,2026-09-02T14:42:10Z
bd2750c4-eb72-4fd5-b337-5530536716dd,Juliette WHITTAKER,juliettewhittaker,,USA,female,resolved,world_athletics,2026-09-02T14:42:10Z,2026-09-02T14:42:10Z
f00700da-8ee3-4e55-bb2b-bb22ffc0c16a,Julius Kiprono TARUS,juliuskipronotarus,,KEN,male,resolved,world_athletics,2026-09-02T14:42:10Z,2026-09-02T14:42:10Z
588abf3d-907f-48f3-bd12-c6f28c5528ba,July FERREIRA DA SILVA,julyferreiradasilva,,BRA,female,resolved,world_athletics,2026-09-02T14:42:10Z,2026-09-02T14:42:10Z
9a994e3a-ea2e-47fb-8a5f-3fcf692d1c87,Jun KASAI,junkasai,,JPN,male,resolved,world_athletics,2026-09-02T14:42:10Z,2026-09-02T14:42:10Z
eb5d0669-f248-43d4-a352-0d3d4e5a5efd,Junnosuke MATSUO,junnosukematsuo,,JPN,male,resolved,world_athletics,2026-09-02T14:42:10Z,2026-09-02T14:42:10Z
17b84b10-ade8-44c1-aab4-96978895c5da,Junya MATSUMOTO,junyamatsumoto,,JPN,male,resolved,world_athletics,2026-09-02T14:42:10Z,2026-09-02T14:42:10Z
a7c901f9-f20d-4723-b0a8-a3e5b14c44af,Justin DAVIES,justindavies,,GBR,male,resolved,world_athletics,2026-09-02T14:42:10Z,2026-09-02T14:42:10Z
5e9e34cb-0256-4001-bf05-2356d58ab05f,Justin Kent,justinkent,Justin Kent,CAN,male,resolved,world_athletics,2026-09-02T14:42:10Z,2026-09-02T14:42:10Z
d1da1c0a-0444-4280-9ee3-3ee0b887ec76,Justin KIPKOECH,justinkipkoech,,KEN,male,resolved,world_athletics,2026-09-02T14:42:10Z,2026-09-02T14:42:10Z
6ba2c580-3f72-4791-a9ae-2845a07c307c,Justus KANGOGO,justuskangogo,,KEN,male,resolved,world_athletics,2026-09-02T14:42:10Z,2026-09-02T14:42:10Z
6cc74c49-34fc-49c7-8381-88ea9ca09b12,Justus Kipkorir LIMO,justuskipkorirlimo,,KEN,male,resolved,world_athletics,2026-09-02T14:42:10Z,2026-09-02T14:42:10Z
df15c580-61f1-485f-9386-050a15c7b4d6,Jye EDWARDS,jyeedwards,,AUS,male,resolved,world_athletics,2026-09-02T14:42:10Z,2026-09-02T14:42:10Z
ba8abcfd-b5d3-4389-90f5-75b8d4e9d23d,Jye PERROTT,jyeperrott,,AUS,male,resolved,world_athletics,2026-09-02T14:42:10Z,2026-09-02T14:42:10Z
4ac8e2c7-6961-4c0a-8e41-6186943a9382,Kaan Kigen ÖZBILEN,kaankigenozbilen,,TUR,male,resolved,world_athletics,2026-09-02T14:42:10Z,2026-09-02T14:42:10Z
e92676e5-949f-4370-91d9-92c74258561b,Kabelo MULAUDZI,kabelomulaudzi,,RSA,male,resolved,world_athletics,2026-09-02T14:42:10Z,2026-09-02T14:42:10Z
726c2020-d7a5-452e-afa0-67887aed40c4,Kabelo Simon MOHLOSI,kabelosimonmohlosi,,RSA,male,resolved,world_athletics,2026-09-02T14:42:10Z,2026-09-02T14:42:10Z
85b9d431-a7b9-45d9-8055-3e3eb0f6f66d,Kacper LEWALSKI,kacperlewalski,,POL,male,resolved,world_athletics,2026-09-02T14:42:10Z,2026-09-02T14:42:10Z
411ad85a-5588-4f48-becf-0c76115db15d,Kaede KAWAMURA,kaedekawamura,,JPN,female,resolved,world_athletics,2026-09-02T14:42:10Z,2026-09-02T14:42:10Z
794ab663-03c2-4f84-974b-5c7495b612b4,Kaela EDWARDS,kaelaedwards,,USA,female,resolved,world_athletics,2026-09-02T14:42:10Z,2026-09-02T14:42:10Z
307ffaf7-dae1-4045-a55e-a8912769d997,Kaena TAKEYAMA,kaenatakeyama,,JPN,female,resolved,world_athletics,2026-09-02T14:42:10Z,2026-09-02T14:42:10Z
155a361c-3cd6-465e-8e61-f00bd3e464a0,Kaho HORIO,kahohorio,,JPN,female,resolved,world_athletics,2026-09-02T14:42:10Z,2026-09-02T14:42:10Z
29a3882a-7654-43b0-b8d8-c09fa5dc1b52,Kaho ONISHI,kahoonishi,,JPN,female,resolved,world_athletics,2026-09-02T14:42:10Z,2026-09-02T14:42:10Z
9d0362bf-ca83-49a9-bead-d22014e2ef19,Kahsay ATSBEHA,kahsayatsbeha,,ETH,male,resolved,world_athletics,2026-09-02T14:42:10Z,2026-09-02T14:42:10Z
bb4d7a40-8d49-433c-acb8-5504c0009834,Kaisei SUGIYAMA,kaiseisugiyama,,JPN,male,resolved,world_athletics,2026-09-02T14:42:10Z,2026-09-02T14:42:10Z
d303bab8-8638-4fa8-aed8-e7ff5cd217e2,Kaltoum BOUAASAYRIYA,kaltoumbouaasayriya,,MAR,female,resolved,world_athletics,2026-09-02T14:42:10Z,2026-09-02T14:42:10Z
4a9a0e20-a588-4973-8bb7-13f2bb1ffe41,Kamar ETIANG,kamaretiang,,KEN,male,resolved,world_athletics,2026-09-02T14:42:10Z,2026-09-02T14:42:10Z
f47866fa-090a-487e-8463-b6235a0ca3d4,Kana KOBAYASHI,kanakobayashi,,JPN,female,resolved,world_athletics,2026-09-02T14:42:10Z,2026-09-02T14:42:10Z
2fd4b5bb-4d5e-403e-8231-23ac56142e46,Kana MIZUMOTO,kanamizumoto,,JPN,female,resolved,world_athletics,2026-09-02T14:42:10Z,2026-09-02T14:42:10Z
2d2d3b18-affc-4886-b6d9-79d80560aaad,Kane ELLIOTT,kaneelliott,,GBR,male,resolved,world_athletics,2026-09-02T14:42:10Z,2026-09-02T14:42:10Z
8dc0f4a6-f129-4316-a584-dc216c75738d,Kanta SHIMIZU,kantashimizu,,JPN,male,resolved,world_athletics,2026-09-02T14:42:10Z,2026-09-02T14:42:10Z
83f4289b-f9c9-48b2-8fd5-8a7f90e10cae,Kaoutar BOULAID,kaoutarboulaid,,MAR,female,resolved,world_athletics,2026-09-02T14:42:10Z,2026-09-02T14:42:10Z
eddd070f-fb04-4102-adac-afb3405ec443,Kaoutar FARKOUSSI,kaoutarfarkoussi,,MAR,female,resolved,world_athletics,2026-09-02T14:42:10Z,2026-09-02T14:42:10Z
8bb46c57-0993-42b7-89f2-c880f5ab2c8a,Karissa SCHWEIZER,karissaschweizer,,USA,female,resolved,world_athletics,2026-09-02T14:42:10Z,2026-09-02T14:42:10Z
46a536ee-909f-45f5-bc84-72012c1f33f6,Karl BEBENDORF,karlbebendorf,,GER,male,resolved,world_athletics,2026-09-02T14:42:10Z,2026-09-02T14:42:10Z
52e4e04d-481d-4cc8-bb4b-0f50e9455bf3,Karolína JAROŠOVÁ,karolinajarosova,,CZE,female,resolved,world_athletics,2026-09-02T14:42:10Z,2026-09-02T14:42:10Z
bb8af1e5-0feb-4c66-a97c-d7f4f1c6b393,Karoline Bjerkeli GRØVDAL,karolinebjerkeligrvdal,,NOR,female,resolved,world_athletics,2026-09-02T14:42:10Z,2026-09-02T14:42:10Z
30cb27e4-0e43-4d92-aa0d-6116b70bda56,Karrie BALOGA,karriebaloga,,USA,female,resolved,world_athletics,2026-09-02T14:42:10Z,2026-09-02T14:42:10Z
d1cbff22-b597-49e9-bc1e-fe0fdb89cefc,Kartik KUMAR,kartikkumar,,IND,male,resolved,world_athletics,2026-09-02T14:42:10Z,2026-09-02T14:42:10Z
b245060c-55a8-4b8e-ae92-c32a163b545a,Kasanesh BAZE,kasaneshbaze,,ETH,female,resolved,world_athletics,2026-09-02T14:42:10Z,2026-09-02T14:42:10Z
f978efbe-4bcc-4823-bd4c-5c720463c2f6,Kasey Knevelbaard,kaseyknevelbaard,Kasey Knevelbaard,USA,male,resolved,world_athletics,2026-09-02T14:42:10Z,2026-09-02T14:42:10Z
dfdc471e-9f39-4f18-b69c-1b8f7f2d0c0d,Kassidy JOHNSON,kassidyjohnson,,USA,female,resolved,world_athletics,2026-09-02T14:42:10Z,2026-09-02T14:42:10Z
86f7b6e2-c560-46b5-a275-c78e5a469033,Kate AXFORD,kateaxford,,GBR,female,resolved,world_athletics,2026-09-02T14:42:10Z,2026-09-02T14:42:10Z
db38d90d-c072-4e85-a9c3-9518237f3094,Kate Current,katecurrent,Kate Current,CAN,female,resolved,world_athletics,2026-09-02T14:42:10Z,2026-09-02T14:42:10Z
c39fbb4c-f6c4-4511-9dc4-0ebf730ae3fa,Kate Grace,kategrace,Kate Grace,USA,female,resolved,world_athletics,2026-09-02T14:42:10Z,2026-09-02T14:42:10Z
63561605-cb15-48fc-b7c9-a0f45b17bea5,Kate JENDREZAK,katejendrezak,,USA,female,resolved,world_athletics,2026-09-02T14:42:10Z,2026-09-02T14:42:10Z
240e9425-2624-4107-ad9d-3edb3c5a8d94,Katelyn STEWART-BARNETT,katelynstewartbarnett,,CAN,female,resolved,world_athletics,2026-09-02T14:42:10Z,2026-09-02T14:42:10Z
bd70056f-a1ef-49d2-ae38-fbe6f677c0fb,Katelyn TUOHY,katelyntuohy,,USA,female,resolved,world_athletics,2026-09-02T14:42:10Z,2026-09-02T14:42:10Z
a398b825-5d55-43e0-b734-0b0bb8650d15,Kate Mitchell,katemitchell,Kate Mitchell,USA,female,resolved,world_athletics,2026-09-02T14:42:10Z,2026-09-02T14:42:10Z
c0e569ad-23a0-4cf6-90bc-877c0919c92e,Katharina STEINRUCK,katharinasteinruck,,GER,female,resolved,world_athletics,2026-09-02T14:42:10Z,2026-09-02T14:42:10Z
38379cad-bac8-4d32-86d3-e2f43bcf0fa0,Katherine THRONSON,katherinethronson,,USA,female,resolved,world_athletics,2026-09-02T14:42:10Z,2026-09-02T14:42:10Z
c9193eda-6fc1-4f47-9fdf-d870ad537502,Katherine TISALEMA PURUNCAJA,katherinetisalemapuruncaja,,ECU,female,resolved,world_athletics,2026-09-02T14:42:10Z,2026-09-02T14:42:10Z
ea595f34-7a1b-48ec-b74b-0cd194658a28,Katia DELARCHE,katiadelarche,,FRA,female,resolved,world_athletics,2026-09-02T14:42:10Z,2026-09-02T14:42:10Z
407a83dc-bf67-4233-b6eb-4508f722b03a,Katie Camarena,katiecamarena,katie camarena,USA,female,resolved,world_athletics,2026-09-02T14:42:10Z,2026-09-02T14:42:10Z
3bec6252-958a-4273-b6e3-e4ef8d4255dc,Katie CLUTE,katieclute,,USA,female,resolved,world_athletics,2026-09-02T14:42:10Z,2026-09-02T14:42:10Z
e5051843-dac2-4430-be72-3a94a888442a,Katie IZZO,katieizzo,,USA,female,resolved,world_athletics,2026-09-02T14:42:10Z,2026-09-02T14:42:10Z
9ea71018-0438-4379-bb13-cb52640afaa2,Katie SNOWDEN,katiesnowden,,GBR,female,resolved,world_athletics,2026-09-02T14:42:10Z,2026-09-02T14:42:10Z
f3001293-a395-417d-b4ae-bbe5303b256f,Katie WASSERMAN,katiewasserman,,USA,female,resolved,world_athletics,2026-09-02T14:42:10Z,2026-09-02T14:42:10Z
629097b6-b935-4b0d-8e1b-4a54dfe3348f,Katrina COOGAN,katrinacoogan,,USA,female,resolved,world_athletics,2026-09-02T14:42:10Z,2026-09-02T14:42:10Z
513f0ceb-c1b1-4ffd-b627-8b35005b17ec,Katsuhiko SUZUKI,katsuhikosuzuki,,JPN,male,resolved,world_athletics,2026-09-02T14:42:10Z,2026-09-02T14:42:10Z
9bbd736f-04f3-4fcc-8eda-3571d8b3de97,Katsutoshi MONOE,katsutoshimonoe,,JPN,male,resolved,world_athletics,2026-09-02T14:42:10Z,2026-09-02T14:42:10Z
3949b032-a730-45a6-b300-7e53863594bc,Kawtar KAHHAZ,kawtarkahhaz,,MAR,female,resolved,world_athletics,2026-09-02T14:42:10Z,2026-09-02T14:42:10Z
6b8e0954-424f-48d8-829e-6c19cfa8c16f,Kayla SCHIERA,kaylaschiera,,USA,female,resolved,world_athletics,2026-09-02T14:42:10Z,2026-09-02T14:42:10Z
5a911290-db1a-40a3-b4da-4951f8b2e25d,Kaylee MITCHELL,kayleemitchell,,USA,female,resolved,world_athletics,2026-09-02T14:42:10Z,2026-09-02T14:42:10Z
3e486f3e-5eff-47e0-958e-fa7956b8666b,Kayley Delay,kayleydelay,kayley delay,USA,female,resolved,world_athletics,2026-09-02T14:42:10Z,2026-09-02T14:42:10Z
11d43d96-97ab-4981-8f92-b93f4fb72d37,Kazuki KAWAMURA,kazukikawamura,,JPN,male,resolved,world_athletics,2026-09-02T14:42:10Z,2026-09-02T14:42:10Z
d67a3a12-8d06-4ff3-b234-7bf7cecfde15,Kazuki TAMURA,kazukitamura,,JPN,male,resolved,world_athletics,2026-09-02T14:42:10Z,2026-09-02T14:42:10Z
abc1fc2d-8898-4b47-a74b-f10915df671a,Kazuma MAEDA,kazumamaeda,,JPN,male,resolved,world_athletics,2026-09-02T14:42:10Z,2026-09-02T14:42:10Z
56a15735-afeb-4208-9d61-4c551b6fd155,Kazuna KANETOMO,kazunakanetomo,,JPN,female,resolved,world_athletics,2026-09-02T14:42:10Z,2026-09-02T14:42:10Z
72e91b50-8f7d-470d-adb9-8629218a376e,Kazura MUNAKATA,kazuramunakata,,JPN,male,resolved,world_athletics,2026-09-02T14:42:10Z,2026-09-02T14:42:10Z
568478bb-fbdd-4989-9361-8f7c041d159b,Kazuto IIZAWA,kazutoiizawa,,JPN,male,resolved,world_athletics,2026-09-02T14:42:10Z,2026-09-02T14:42:10Z
92f69639-c731-4fae-8203-7d042eb58230,Kazuto KAWABATA,kazutokawabata,,JPN,male,resolved,world_athletics,2026-09-02T14:42:10Z,2026-09-02T14:42:10Z
bbae8cef-7c86-4ec3-aa78-7401e6099a09,Kazuya NISHIYAMA,kazuyanishiyama,,JPN,male,resolved,world_athletics,2026-09-02T14:42:10Z,2026-09-02T14:42:10Z
7d759875-7952-4e1a-9f52-8ebdea2df3f2,Kazuya SHIOJIRI,kazuyashiojiri,,JPN,male,resolved,world_athletics,2026-09-02T14:42:10Z,2026-09-02T14:42:10Z
95e7da3e-f152-4187-a949-4edfe0987546,Kebebush YISMA,kebebushyisma,,ETH,female,resolved,world_athletics,2026-09-02T14:42:10Z,2026-09-02T14:42:10Z
8810fc36-1646-462d-bf88-8accf3a2b724,Kebene CHALA,kebenechala,,ETH,female,resolved,world_athletics,2026-09-02T14:42:10Z,2026-09-02T14:42:10Z
ce943506-0164-402c-868a-c5d4ee3394f6,Keely HODGKINSON,keelyhodgkinson,,GBR,female,resolved,world_athletics,2026-09-02T14:42:10Z,2026-09-02T14:42:10Z
fa9ecd62-cfdb-4808-a56e-54a2425bcba6,Kegu YANG,keguyang,,CHN,male,resolved,world_athletics,2026-09-02T14:42:10Z,2026-09-02T14:42:10Z
130959cd-ea2b-4be4-9c8b-d96acd4f1575,Keigo YANO,keigoyano,,JPN,male,resolved,world_athletics,2026-09-02T14:42:10Z,2026-09-02T14:42:10Z
18b2c4d3-691d-48fd-9f34-b14baf0bcea5,Keijiro MOGI,keijiromogi,,JPN,male,resolved,world_athletics,2026-09-02T14:42:10Z,2026-09-02T14:42:10Z
f43a5636-6c11-4c47-b700-a237b992491d,Kei KATANISHI,keikatanishi,,JPN,male,resolved,world_athletics,2026-09-02T14:42:10Z,2026-09-02T14:42:10Z
95cdfd40-b979-47f2-8e38-0cea0bc204fc,Keira D'Amato,keiradamato,Keira D'Amato,USA,female,resolved,world_athletics,2026-09-02T14:42:10Z,2026-09-02T14:42:10Z
af69aa25-1370-4a78-9b02-cc214a6b595e,Keisuke MORITA,keisukemorita,,JPN,male,resolved,world_athletics,2026-09-02T14:42:10Z,2026-09-02T14:42:10Z
6398a51e-9d17-487b-847c-2de3d894631f,Keisuke Yokota,keisukeyokota,Keisuke Yokota,JPN,male,resolved,world_athletics,2026-09-02T14:42:10Z,2026-09-02T14:42:10Z
4ddec846-b5dd-427e-b3f0-71ec94e3e912,Keita SAKAMOTO,keitasakamoto,,JPN,male,resolved,world_athletics,2026-09-02T14:42:10Z,2026-09-02T14:42:10Z
65933369-9df3-4387-8a3a-aa1ea17b0bec,Keita SATOH,keitasatoh,,JPN,male,resolved,world_athletics,2026-09-02T14:42:10Z,2026-09-02T14:42:10Z
c847ee1c-1df6-42ad-94f8-909602d1d521,Keita YOSHIDA,keitayoshida,,JPN,male,resolved,world_athletics,2026-09-02T14:42:10Z,2026-09-02T14:42:10Z
46e358e4-1842-4e50-bd76-eeb41aca879f,Keito MAKISE,keitomakise,,JPN,male,resolved,world_athletics,2026-09-02T14:42:10Z,2026-09-02T14:42:10Z
8c3b2a81-34ba-4cc7-9292-41e12ead11ec,Kekeba BEJIGA,kekebabejiga,,ETH,male,resolved,world_athletics,2026-09-02T14:42:10Z,2026-09-02T14:42:10Z
f91794de-5842-4413-889b-20f3872b6554,Kellen WAITHIRA,kellenwaithira,,KEN,female,resolved,world_athletics,2026-09-02T14:42:10Z,2026-09-02T14:42:10Z
ff481fa0-75a4-4898-8ae2-9929b178b68a,Kelly-Ann BECKFORD,kellyannbeckford,,JAM,female,resolved,world_athletics,2026-09-02T14:42:10Z,2026-09-02T14:42:10Z
1e644b95-ff9e-4cac-a620-82a678078a31,Kellyn Taylor,kellyntaylor,Kellyn Taylor,USA,female,resolved,world_athletics,2026-09-02T14:42:10Z,2026-09-02T14:42:10Z
223db0a9-c942-469e-a779-fec2958e4ddf,Kelsey SCHWEIZER,kelseyschweizer,,USA,female,resolved,world_athletics,2026-09-02T14:42:10Z,2026-09-02T14:42:10Z
83842a9c-e3b0-4bd9-88c1-a697abbc2b64,Kelvin KIBIWOTT,kelvinkibiwott,,KEN,male,resolved,world_athletics,2026-09-02T14:42:10Z,2026-09-02T14:42:10Z
a7e3f0a3-af07-4d28-9275-ceaf73f08b44,Kelvin Kimtai LOTI,kelvinkimtailoti,,KEN,male,resolved,world_athletics,2026-09-02T14:42:10Z,2026-09-02T14:42:10Z
eaa71891-6c96-49ce-9420-c585ceda4e08,Kelvin Kimutai KOECH,kelvinkimutaikoech,,KEN,male,resolved,world_athletics,2026-09-02T14:42:10Z,2026-09-02T14:42:10Z
afe5b232-91a4-47af-9af5-5272f33f7467,Kelvin KIPLAGAT,kelvinkiplagat,,KEN,male,resolved,world_athletics,2026-09-02T14:42:10Z,2026-09-02T14:42:10Z
73e5be12-5cda-4a80-a223-15f935d1801c,Kelvin Kipyego,kelvinkipyego,KELVIN KIPYEGO,KEN,male,resolved,world_athletics,2026-09-02T14:42:10Z,2026-09-02T14:42:10Z
70a0865f-e49c-4c36-a106-c6ccf3091a05,Kemal HUSEN,kemalhusen,,ETH,male,resolved,world_athletics,2026-09-02T14:42:10Z,2026-09-02T14:42:10Z
831c8e6e-8b2d-47cc-bf14-e39f5f3d400a,Kena TUFA,kenatufa,,ETH,female,resolved,world_athletics,2026-09-02T14:42:10Z,2026-09-02T14:42:10Z
4c46faa1-e566-4b42-968d-47f0894ea1ba,Kendra Coleman,kendracoleman,Kendra Coleman,USA,female,resolved,world_athletics,2026-09-02T14:42:10Z,2026-09-02T14:42:10Z
0a9661bf-06eb-4833-939c-ce601abbf9fa,Kenenisa BEKELE,kenenisabekele,,ETH,male,resolved,world_athletics,2026-09-02T14:42:10Z,2026-09-02T14:42:10Z
fb48c2a9-25c8-4df6-af6d-68de83e12d79,Keneth KIPROP,kenethkiprop,,UGA,male,resolved,world_athletics,2026-09-02T14:42:10Z,2026-09-02T14:42:10Z
1f8a5fce-1049-4e1d-87ab-ba5537be9504,Kengo SAKAMOTO,kengosakamoto,,JPN,male,resolved,world_athletics,2026-09-02T14:42:10Z,2026-09-02T14:42:10Z
a8a8462c-8fae-47cd-a772-63b4b02e9a2d,Kengo SUZUKI,kengosuzuki,,JPN,male,resolved,world_athletics,2026-09-02T14:42:10Z,2026-09-02T14:42:10Z
e6031370-58e2-4612-a57d-770d57ec79f4,Kenji YAMAMOTO,kenjiyamamoto,,JPN,male,resolved,world_athletics,2026-09-02T14:42:10Z,2026-09-02T14:42:10Z
adf30ec7-1415-4f43-80d6-6c4cc8e4ede9,Ken NAKAYAMA,kennakayama,,JPN,male,resolved,world_athletics,2026-09-02T14:42:10Z,2026-09-02T14:42:10Z
097c5bb7-2cd4-4d8c-935f-27bfda724114,Kennedy KIMUTAI,kennedykimutai,,KEN,male,resolved,world_athletics,2026-09-02T14:42:10Z,2026-09-02T14:42:10Z
ddc9e63a-08b5-43b8-8c18-1ebac2cd4f51,Kennedy KIPYEKO,kennedykipyeko,,KEN,male,resolved,world_athletics,2026-09-02T14:42:10Z,2026-09-02T14:42:10Z
9f0b9779-3d44-46c0-bdbd-133df68838ed,Kenneth KEMBOI,kennethkemboi,,KEN,male,resolved,world_athletics,2026-09-02T14:42:10Z,2026-09-02T14:42:10Z
f9167cdb-c862-4d8c-8364-e27ff1b24230,Kenneth KETER,kennethketer,,KEN,male,resolved,world_athletics,2026-09-02T14:42:10Z,2026-09-02T14:42:10Z
9005edec-d11a-4eef-8979-8e1bef0be55e,Kenneth Kiprop KIPKEMOI,kennethkipropkipkemoi,,KEN,male,resolved,world_athletics,2026-09-02T14:42:10Z,2026-09-02T14:42:10Z
69a4e734-5667-48a7-80ed-9d40c1d8f2a2,Kenneth ROOKS,kennethrooks,,USA,male,resolved,world_athletics,2026-09-02T14:42:10Z,2026-09-02T14:42:10Z
2c76d73c-f6ef-452a-8bb2-618e6b73179c,Kenshin EBISAWA,kenshinebisawa,,JPN,male,resolved,world_athletics,2026-09-02T14:42:10Z,2026-09-02T14:42:10Z
8788dbf9-b729-4cf3-ac34-e20c576b4552,Kento KIKUTANI,kentokikutani,,JPN,male,resolved,world_athletics,2026-09-02T14:42:10Z,2026-09-02T14:42:10Z
96f34586-9e1a-49b6-b73c-9a89da440cfe,Kento NISHI,kentonishi,,JPN,male,resolved,world_athletics,2026-09-02T14:42:10Z,2026-09-02T14:42:10Z
44190e10-d99d-4018-a21e-6c22c71557ea,Kento OTSU,kentootsu,,JPN,male,resolved,world_athletics,2026-09-02T14:42:10Z,2026-09-02T14:42:10Z
36ef8f0c-5f3c-4d5d-87c2-0c681804b403,Kenya SONOTA,kenyasonota,,JPN,male,resolved,world_athletics,2026-09-02T14:42:10Z,2026-09-02T14:42:10Z
c52481ba-b962-4693-8f9d-7cae6c37a8c1,Kereen CHEMUSTO,kereenchemusto,,UGA,female,resolved,world_athletics,2026-09-02T14:42:10Z,2026-09-02T14:42:10Z
2881d3dd-0132-4d5b-a49c-df88369f5aed,Kerem Ayhan,keremayhan,Kerem Ayhan,TUR,male,resolved,world_athletics,2026-09-02T14:42:10Z,2026-09-02T14:42:10Z
63cf76ab-2c29-48fb-b616-316f8aa9f7a3,Kethobogile HAINGURA,kethobogilehaingura,,BOT,male,resolved,world_athletics,2026-09-02T14:42:10Z,2026-09-02T14:42:10Z
31ed1940-b4b7-4f61-8d34-7a61340272bc,Kevin KAMENSCHAK,kevinkamenschak,,AUT,male,resolved,world_athletics,2026-09-02T14:42:10Z,2026-09-02T14:42:10Z
dd9c2e45-f95a-4a35-9d2d-39ef2963f21c,Kevin Robertson,kevinrobertson,Kevin Robertson,CAN,male,resolved,world_athletics,2026-09-02T14:42:10Z,2026-09-02T14:42:10Z
3662dcf7-7114-4cd4-8666-f452f1c361cf,Kevin Viezee,kevinviezee,Kevin Viezee,NED,male,resolved,world_athletics,2026-09-02T14:42:10Z,2026-09-02T14:42:10Z
e56620c3-5038-4442-98bb-05bd30ec70fd,Khadidja BENKACEM,khadidjabenkacem,,MAR,female,resolved,world_athletics,2026-09-02T14:42:10Z,2026-09-02T14:42:10Z
c74b4a41-ab8d-4e24-b322-84c2013ef923,Khadija BENKASSEM,khadijabenkassem,,MAR,female,resolved,world_athletics,2026-09-02T14:42:10Z,2026-09-02T14:42:10Z
4ed8e102-cd84-4df6-a585-b860a1e47e1b,Khahisa MHLANGA,khahisamhlanga,,GBR,female,resolved,world_athletics,2026-09-02T14:42:10Z,2026-09-02T14:42:10Z
97c73bd1-ec93-4ba1-a892-8627405d347d,Khalid CHOUKOUD,khalidchoukoud,,NED,male,resolved,world_athletics,2026-09-02T14:42:10Z,2026-09-02T14:42:10Z
da258d56-7a6a-47b7-9392-e2bd22b3d984,Khishigsaikhan GALBADRAKH,khishigsaikhangalbadrakh,,MGL,female,resolved,world_athletics,2026-09-02T14:42:10Z,2026-09-02T14:42:10Z
0ea49052-03ea-4136-a29f-80c391554e6d,Kiana GIBSON,kianagibson,,CAN,female,resolved,world_athletics,2026-09-02T14:42:10Z,2026-09-02T14:42:10Z
79d5865f-97ec-4214-bc72-898eba366018,Kiara CARTER,kiaracarter,,USA,female,resolved,world_athletics,2026-09-02T14:42:10Z,2026-09-02T14:42:10Z
059223a7-0fad-4cfe-9074-f790a519991e,Kibet KANDIE,kibetkandie,,KEN,male,resolved,world_athletics,2026-09-02T14:42:10Z,2026-09-02T14:42:10Z
1e71fa18-7c68-4c01-a4e9-c078051f4769,Kibet MANGATA,kibetmangata,,KEN,male,resolved,world_athletics,2026-09-02T14:42:10Z,2026-09-02T14:42:10Z
075cc039-966a-4a72-8bdc-10146a1f10e0,Kibet NDIWA,kibetndiwa,,KEN,male,resolved,world_athletics,2026-09-02T14:42:10Z,2026-09-02T14:42:10Z
9306cc79-679c-426e-8217-d7a6a744254b,Kibil MESHACK,kibilmeshack,,KEN,male,resolved,world_athletics,2026-09-02T14:42:10Z,2026-09-02T14:42:10Z
f7cb31dc-4f25-4626-a885-d70dd6e18457,Kibiwott KANDIE,kibiwottkandie,,KEN,male,resolved,world_athletics,2026-09-02T14:42:10Z,2026-09-02T14:42:10Z
3c50f26e-8d15-44c5-8d3c-0d45051d371c,Kibrom DESTA HABTU,kibromdestahabtu,,ETH,male,resolved,world_athletics,2026-09-02T14:42:10Z,2026-09-02T14:42:10Z
3cc56015-592e-45ca-8800-04fecb996daa,Kibrom WELDEMICAEL,kibromweldemicael,,ERI,male,resolved,world_athletics,2026-09-02T14:42:10Z,2026-09-02T14:42:10Z
b254dd98-abb9-4a11-bde3-2a4aa592a4b2,Kidanemariam ASFIE,kidanemariamasfie,,ETH,male,resolved,world_athletics,2026-09-02T14:42:10Z,2026-09-02T14:42:10Z
84831e12-9c3a-42c8-a690-6d68bb658778,Kidsan ALEMA,kidsanalema,,ETH,female,resolved,world_athletics,2026-09-02T14:42:10Z,2026-09-02T14:42:10Z
bba2de96-19de-4068-9837-62fa9758bce8,Kieran LUMB,kieranlumb,,CAN,male,resolved,world_athletics,2026-09-02T14:42:10Z,2026-09-02T14:42:10Z
d5d0951c-e702-40e6-b0cc-061494fcbb70,Kieran Tuntivate,kierantuntivate,kieran tuntivate,THA,male,resolved,world_athletics,2026-09-02T14:42:10Z,2026-09-02T14:42:10Z
d2d876e7-12e0-4c92-b8d9-63168773f8ab,Kifele KEFYALEW,kifelekefyalew,,ETH,male,resolved,world_athletics,2026-09-02T14:42:10Z,2026-09-02T14:42:10Z
5f4f75f3-d056-4afd-ba1e-17193c381afb,Kihiro IRIHAMA,kihiroirihama,,JPN,male,resolved,world_athletics,2026-09-02T14:42:10Z,2026-09-02T14:42:10Z
2a499741-3096-437b-beae-9bedbfdc9398,Kileigh KANE,kileighkane,,USA,female,resolved,world_athletics,2026-09-02T14:42:10Z,2026-09-02T14:42:10Z
19d72167-a408-4363-b24e-76276be6ef41,Kimar FARQUHARSON,kimarfarquharson,,JAM,male,resolved,world_athletics,2026-09-02T14:42:10Z,2026-09-02T14:42:10Z
917adb11-9307-484d-94b6-15c5c3f570a3,Kimberley FICENEC,kimberleyficenec,,CZE,female,resolved,world_athletics,2026-09-02T14:42:10Z,2026-09-02T14:42:10Z
1b0a1fc9-db73-4d0b-8b01-522481181fc5,Kimberley MAY,kimberleymay,,NZL,female,resolved,world_athletics,2026-09-02T14:42:10Z,2026-09-02T14:42:10Z
adb9560c-8529-4917-b656-717f9425549c,Kinde ATANAW,kindeatanaw,,ETH,male,resolved,world_athletics,2026-09-02T14:42:10Z,2026-09-02T14:42:10Z
70b86a87-ff55-4090-8ac4-675b8ca1ad52,Kinga KRÓLIK,kingakrolik,,POL,female,resolved,world_athletics,2026-09-02T14:42:10Z,2026-09-02T14:42:10Z
126353d4-7e77-4f0f-8295-7375bbf9249d,Kipkemoi KIPRONO,kipkemoikiprono,,KEN,male,resolved,world_athletics,2026-09-02T14:42:10Z,2026-09-02T14:42:10Z
66081ff7-d6c8-421f-8ac9-16c9107f19c8,Kipkorir GENICIOUS,kipkorirgenicious,,KEN,male,resolved,world_athletics,2026-09-02T14:42:10Z,2026-09-02T14:42:10Z
a42273c0-dd36-44d0-8cb7-e76caaaa4fac,Kiprono SITONIK,kipronositonik,,KEN,male,resolved,world_athletics,2026-09-02T14:42:10Z,2026-09-02T14:42:10Z
149081f6-47d8-49a4-8dea-4ff7f219f464,Kiprop KIMUTAI,kipropkimutai,,KEN,male,resolved,world_athletics,2026-09-02T14:42:10Z,2026-09-02T14:42:10Z
9cc80154-1f87-43ae-8d59-86c5dc43d24f,Kipsambu KIMAKAL,kipsambukimakal,,KEN,male,resolved,world_athletics,2026-09-02T14:42:10Z,2026-09-02T14:42:10Z
67addba1-977a-400b-8317-58fbace72689,Kirami Collin Yego,kiramicollinyego,Kirami Collin Yego,KEN,male,resolved,world_athletics,2026-09-02T14:42:10Z,2026-09-02T14:42:10Z
6155d85a-d887-4ffd-84c5-e7a0a7ceda6c,Kira MIGITA,kiramigita,,JPN,male,resolved,world_athletics,2026-09-02T14:42:10Z,2026-09-02T14:42:10Z
1a3f58a5-7d60-4c62-814c-7d8879d974cd,Kiros ASHENAFI,kirosashenafi,,ETH,male,resolved,world_athletics,2026-09-02T14:42:10Z,2026-09-02T14:42:10Z
67109d1d-1cc6-4c0b-9840-5d5de4f3cb96,Kiseki SHIOZAWA,kisekishiozawa,,JPN,male,resolved,world_athletics,2026-09-02T14:42:10Z,2026-09-02T14:42:10Z
94b53784-77a9-4f18-8360-67328b4887fa,Kiyoki YOKOSAWA,kiyokiyokosawa,,JPN,male,resolved,world_athletics,2026-09-02T14:42:10Z,2026-09-02T14:42:10Z
5ad0822b-e6a1-47d2-8680-b524854dcda1,Kiyoshi KOGA,kiyoshikoga,,JPN,male,resolved,world_athletics,2026-09-02T14:42:10Z,2026-09-02T14:42:10Z
3274d7f5-cbc6-470f-b5d3-e037147be488,Kiyoto HIRABAYASHI,kiyotohirabayashi,,JPN,male,resolved,world_athletics,2026-09-02T14:42:10Z,2026-09-02T14:42:10Z
bdf6d9d6-eb9f-4024-ba44-57b06422d47f,Klara LUKAN,klaralukan,,SLO,female,resolved,world_athletics,2026-09-02T14:42:10Z,2026-09-02T14:42:10Z
6ac62010-3d7d-4cc7-86ab-b6e7e7072e45,Klaudia KAZIMIERSKA,klaudiakazimierska,,POL,female,resolved,world_athletics,2026-09-02T14:42:10Z,2026-09-02T14:42:10Z
60331c61-8610-49f8-8184-2df68f9f3534,KM. CHANDA,kmchanda,,IND,female,resolved,world_athletics,2026-09-02T14:42:10Z,2026-09-02T14:42:10Z
b45d76dd-c67e-4600-82f1-2de42f360414,KM DEEKSHA,kmdeeksha,,IND,female,resolved,world_athletics,2026-09-02T14:42:10Z,2026-09-02T14:42:10Z
2ee4ba86-1f66-4082-af0b-401f121c5184,Knight ACIRU,knightaciru,,UGA,female,resolved,world_athletics,2026-09-02T14:42:10Z,2026-09-02T14:42:10Z
e92d3736-d6b3-4a40-afcf-16771b382c82,Koen Naert,koennaert,Koen Naert,BEL,male,resolved,world_athletics,2026-09-02T14:42:10Z,2026-09-02T14:42:10Z
80e2a13a-853b-4d73-bdfb-39c831956d0d,Kohei FUTAOKA,koheifutaoka,,JPN,male,resolved,world_athletics,2026-09-02T14:42:10Z,2026-09-02T14:42:10Z
fb715507-d10f-49d3-b89b-0006b0cef147,Kohei MUKAI,koheimukai,,JPN,male,resolved,world_athletics,2026-09-02T14:42:10Z,2026-09-02T14:42:10Z
2b0c39ef-b624-4afd-b3ea-40daac32cca3,Koitatoi KIDALI,koitatoikidali,,KEN,male,resolved,world_athletics,2026-09-02T14:42:10Z,2026-09-02T14:42:10Z
803b350f-77a2-4249-ae98-125966f5b4c6,Koki KAMATA,kokikamata,,JPN,male,resolved,world_athletics,2026-09-02T14:42:10Z,2026-09-02T14:42:10Z
59c23d8c-e0f7-429a-8a00-743ac9607190,Koki MARUYAMA,kokimaruyama,,JPN,male,resolved,world_athletics,2026-09-02T14:42:10Z,2026-09-02T14:42:10Z
f97a07ed-f6a5-43db-9faf-27d751328f18,Koki TAKADA,kokitakada,,JPN,male,resolved,world_athletics,2026-09-02T14:42:10Z,2026-09-02T14:42:10Z
aa3fc0b9-634c-4dba-97dc-53cf5c004301,Koki YOSHIOKA,kokiyoshioka,,JPN,male,resolved,world_athletics,2026-09-02T14:42:10Z,2026-09-02T14:42:10Z
28d67fc5-9dbe-49a4-a879-f55e877463e6,Kokoro NAKACHI,kokoronakachi,,JPN,female,resolved,world_athletics,2026-09-02T14:42:10Z,2026-09-02T14:42:10Z
9254f682-f321-4683-b367-46316ad49bf5,Konstantin KHOLMOGOROV,konstantinkholmogorov,,RUS,male,resolved,world_athletics,2026-09-02T14:42:10Z,2026-09-02T14:42:10Z
b45d55f5-2e3d-4677-8bd5-efc610ecf28e,Konstantin PLOKHOTNIKOV,konstantinplokhotnikov,,RUS,male,resolved,world_athletics,2026-09-02T14:42:10Z,2026-09-02T14:42:10Z
e8b4363a-cfc2-43c7-97fc-f6d6a0147082,Konstanze KLOSTERHALFEN,konstanzeklosterhalfen,,GER,female,resolved,world_athletics,2026-09-02T14:42:10Z,2026-09-02T14:42:10Z
d9df53e7-8f0c-48a5-bd41-26855f783b5c,Ko OCHIAI,koochiai,,JPN,male,resolved,world_athletics,2026-09-02T14:42:10Z,2026-09-02T14:42:10Z
11c28ab1-18d9-4d3e-b9c3-c09d89371939,Kosei MACHIDA,koseimachida,,JPN,male,resolved,world_athletics,2026-09-02T14:42:10Z,2026-09-02T14:42:10Z
84e5d3eb-d3a9-4c0a-8042-453d538c57b0,Kosuke ISHIDA,kosukeishida,,JPN,male,resolved,world_athletics,2026-09-02T14:42:10Z,2026-09-02T14:42:10Z
e3d1ab4a-7a48-45a3-b637-820ced23d7f2,Kota FUJIKI,kotafujiki,,JPN,male,resolved,world_athletics,2026-09-02T14:42:10Z,2026-09-02T14:42:10Z
30dd1198-6c38-4995-8ebc-3ad5d2682b84,Kota MURAYAMA,kotamurayama,,JPN,male,resolved,world_athletics,2026-09-02T14:42:10Z,2026-09-02T14:42:10Z
a25ec1b5-b066-4e0d-8414-0278e8e96572,Kotaro KONDO,kotarokondo,,JPN,male,resolved,world_athletics,2026-09-02T14:42:10Z,2026-09-02T14:42:10Z
18aeef74-802b-4a01-a552-c5568532ae5a,Kotaro SHINOHARA,kotaroshinohara,,JPN,male,resolved,world_athletics,2026-09-02T14:42:10Z,2026-09-02T14:42:10Z
85f34277-e283-4fc9-b917-51dac73cfe36,Kouki ASAI,koukiasai,,JPN,male,resolved,world_athletics,2026-09-02T14:42:10Z,2026-09-02T14:42:10Z
1a93d744-4d3e-4c15-818f-686533fcfbc8,Koya SUZUKI,koyasuzuki,,JPN,male,resolved,world_athletics,2026-09-02T14:42:10Z,2026-09-02T14:42:10Z
404995c6-3898-4e22-b112-1ecec6f593ca,Kristel Van Den Berg,kristelvandenberg,Kristel van den Berg,NED,female,resolved,world_athletics,2026-09-02T14:42:10Z,2026-09-02T14:42:10Z
36c3463f-fe53-4eaf-8197-8add3d650684,Kristian Uldbjerg Hansen,kristianuldbjerghansen,Kristian Uldbjerg Hansen,DEN,male,resolved,world_athletics,2026-09-02T14:42:10Z,2026-09-02T14:42:10Z
fac2011a-ba2f-4de8-982d-01d753a3af6e,Kristie SCHOFFIELD,kristieschoffield,,USA,female,resolved,world_athletics,2026-09-02T14:42:10Z,2026-09-02T14:42:10Z
0bf97a3f-7bf8-494b-952b-b0a1c7738bb0,Kristiina SASÍNEK MÄKI,kristiinasasinekmaki,,CZE,female,resolved,world_athletics,2026-09-02T14:42:10Z,2026-09-02T14:42:10Z
21b3be31-4c66-4d2d-b8e3-8c56c920e835,Kristina Hendel,kristinahendel,Kristina Hendel,GER,female,resolved,world_athletics,2026-09-02T14:42:10Z,2026-09-02T14:42:10Z
ccc4eaef-d535-4ebd-87bf-31857ed84c56,Kristine Eikrem Engeset,kristineeikremengeset,Kristine Eikrem Engeset,NOR,female,resolved,world_athletics,2026-09-02T14:42:10Z,2026-09-02T14:42:10Z
89d25c2b-f5d6-4be8-8453-d36c14f0f6e5,Kristlin GEAR,kristlingear,,USA,female,resolved,world_athletics,2026-09-02T14:42:10Z,2026-09-02T14:42:10Z
7664fe63-6573-48c8-a3c1-a8d6c9dc1e31,Ksanet ALEM,ksanetalem,,ETH,female,resolved,world_athletics,2026-09-02T14:42:10Z,2026-09-02T14:42:10Z
d07d9e9f-405d-4528-aa07-349cc8a9855d,Kuftu TAHIR,kuftutahir,,ETH,female,resolved,world_athletics,2026-09-02T14:42:10Z,2026-09-02T14:42:10Z
0de2f49d-bff8-41b4-8bfe-3024cb343da5,Kuma GIRMA,kumagirma,,ETH,male,resolved,world_athletics,2026-09-02T14:42:10Z,2026-09-02T14:42:10Z
6f9fef6b-c66a-41d9-8159-fd42da4c7ff9,Kwang-Ok RI,kwangokri,,PRK,female,resolved,world_athletics,2026-09-02T14:42:10Z,2026-09-02T14:42:10Z
57334659-1d0b-4e66-8c4f-f60a3ad50a87,Kwazi MGOBHOZI,kwazimgobhozi,,RSA,male,resolved,world_athletics,2026-09-02T14:42:10Z,2026-09-02T14:42:10Z
485d3492-8607-45e8-9ea4-68c94c0842e6,Kwazi NOGCANTSI,kwazinogcantsi,,RSA,male,resolved,world_athletics,2026-09-02T14:42:10Z,2026-09-02T14:42:10Z
2dcfc7d1-fe4a-4945-8e53-4434eeae7f4e,Kyle Langford,kylelangford,Kyle Langford,GBR,male,resolved,world_athletics,2026-09-02T14:42:10Z,2026-09-02T14:42:10Z
cd7be9be-de5d-4f76-8d33-0d74f835441c,Kyohei HOSOYA,kyoheihosoya,,JPN,male,resolved,world_athletics,2026-09-02T14:42:10Z,2026-09-02T14:42:10Z
dfa911cf-9d4a-4efd-bdcd-45c8af65f0ac,Kyohei ODA,kyoheioda,,JPN,male,resolved,world_athletics,2026-09-02T14:42:10Z,2026-09-02T14:42:10Z
c6b30d7f-88c2-46a7-a451-198973eca775,Kyosuke MAFUNE,kyosukemafune,,JPN,male,resolved,world_athletics,2026-09-02T14:42:10Z,2026-09-02T14:42:10Z
3804a3e7-f183-4b7e-bab5-a844c2480f22,Ky ROBINSON,kyrobinson,,AUS,male,resolved,world_athletics,2026-09-02T14:42:10Z,2026-09-02T14:42:10Z
b7ba3db4-d159-4e4b-92da-4a25cdcd0752,Kyuma YOKOTA,kyumayokota,,JPN,male,resolved,world_athletics,2026-09-02T14:42:10Z,2026-09-02T14:42:10Z
d841e526-5949-4875-9e9b-e25d5ff6145c,Laban CHEPKWONY,labanchepkwony,,KEN,male,resolved,world_athletics,2026-09-02T14:42:10Z,2026-09-02T14:42:10Z
1152b684-fc69-4643-9ed3-1cce95ef3269,Laban KIPKEMBOI,labankipkemboi,,KEN,male,resolved,world_athletics,2026-09-02T14:42:10Z,2026-09-02T14:42:10Z
f303d9cd-22a0-4f67-b17e-0f26c901dae3,Laban Kipkorir CHEPKWONY,labankipkorirchepkwony,,KEN,male,resolved,world_athletics,2026-09-02T14:42:10Z,2026-09-02T14:42:10Z
51b23d9b-731b-4011-8b46-2880c1e54b25,Laban KIPLIMO,labankiplimo,,KEN,male,resolved,world_athletics,2026-09-02T14:42:10Z,2026-09-02T14:42:10Z
2e179368-f9d1-4d70-b369-77884471c27f,Laban Kipngetich KORIR,labankipngetichkorir,,KEN,male,resolved,world_athletics,2026-09-02T14:42:10Z,2026-09-02T14:42:10Z
71c1b85a-1c99-4b84-8840-ab8659cde6d7,Lachlan RAPER,lachlanraper,,AUS,male,resolved,world_athletics,2026-09-02T14:42:10Z,2026-09-02T14:42:10Z
a2e79cbb-4d10-460c-9403-2b22b1a0a5f0,Lahsene BOUCHIKHI,lahsenebouchikhi,,BEL,male,resolved,world_athletics,2026-09-02T14:42:10Z,2026-09-02T14:42:10Z
f16d8e00-09db-4124-86b1-92e737eaf1ac,Lamecha GIRMA,lamechagirma,,ETH,male,resolved,world_athletics,2026-09-02T14:42:10Z,2026-09-02T14:42:10Z
5fe958ae-98ce-47e9-88ca-79a27c7fe23e,Lameck TOO,lamecktoo,,KEN,male,resolved,world_athletics,2026-09-02T14:42:10Z,2026-09-02T14:42:10Z
fc2d2b4b-2a68-4004-af33-7a7ea8914c14,Laura GALVÁN,lauragalvan,,MEX,female,resolved,world_athletics,2026-09-02T14:42:10Z,2026-09-02T14:42:10Z
5f6c4311-413b-4063-b225-eab6dc034995,Laura HOTTENROTT,laurahottenrott,,GER,female,resolved,world_athletics,2026-09-02T14:42:10Z,2026-09-02T14:42:10Z
317e3fde-53a4-4c53-ae30-6acec1ae988c,Laura LUENGO,lauraluengo,,ESP,female,resolved,world_athletics,2026-09-02T14:42:10Z,2026-09-02T14:42:10Z
49148092-3feb-4e27-8e85-b66c4ae2100e,Laura MAASIK,lauramaasik,,EST,female,resolved,world_athletics,2026-09-02T14:42:10Z,2026-09-02T14:42:10Z
9e63ec17-0bf0-4bb8-85f5-3ea9929c7f9c,Laura MUIR,lauramuir,,GBR,female,resolved,world_athletics,2026-09-02T14:42:10Z,2026-09-02T14:42:10Z
eebaf2d0-6082-4834-a80a-ec35d000f8ce,Laura Nagel,lauranagel,Laura Nagel,NZL,female,resolved,world_athletics,2026-09-02T14:42:10Z,2026-09-02T14:42:10Z
a67ab1a3-aaa9-4d33-a3c4-f4c275dda361,Laura NICHOLSON,lauranicholson,,IRL,female,resolved,world_athletics,2026-09-02T14:42:10Z,2026-09-02T14:42:10Z
982e7f6c-c2e4-4c5b-8edc-98d948c14635,Laura PELLICORO,laurapellicoro,,ITA,female,resolved,world_athletics,2026-09-02T14:42:10Z,2026-09-02T14:42:10Z
c733f278-9f61-4ce2-b2ce-b9a38086c802,Laura Priego,laurapriego,Laura Priego,ESP,female,resolved,world_athletics,2026-09-02T14:42:10Z,2026-09-02T14:42:10Z
48832973-5dff-4b38-9bd8-59f5f6a2bf01,Laura TABORDA,laurataborda,,POR,female,resolved,world_athletics,2026-09-02T14:42:10Z,2026-09-02T14:42:10Z
08232cb8-3f6e-4d06-b65b-5a7c40b2fc0e,Lauren FREELAND,laurenfreeland,,USA,female,resolved,world_athletics,2026-09-02T14:42:10Z,2026-09-02T14:42:10Z
2c771c21-6019-45b5-b333-4a5b987204fa,Lauren Gregory,laurengregory,Lauren Gregory,USA,female,resolved,world_athletics,2026-09-02T14:42:10Z,2026-09-02T14:42:10Z
f405d393-83b4-44da-aa96-29db42958258,Lauren Hagans,laurenhagans,Lauren Hagans,USA,female,resolved,world_athletics,2026-09-02T14:42:10Z,2026-09-02T14:42:10Z
48584483-c36d-44c4-88f0-93b5eb1e6778,Lauren Hall,laurenhall,Lauren Hall,GBR,female,resolved,world_athletics,2026-09-02T14:42:10Z,2026-09-02T14:42:10Z
b848b358-bf57-41a4-9c5a-948c85c09521,Lauren HEYES,laurenheyes,,GBR,female,resolved,world_athletics,2026-09-02T14:42:10Z,2026-09-02T14:42:10Z
16c4dd81-c305-4004-9d6c-0d22b258f454,Lauren MCNEIL,laurenmcneil,,GBR,female,resolved,world_athletics,2026-09-02T14:42:10Z,2026-09-02T14:42:10Z
1bfffd1c-ff76-43f6-bfef-a2b8606225dc,Lauren Ryan,laurenryan,Lauren Ryan,AUS,female,resolved,world_athletics,2026-09-02T14:42:10Z,2026-09-02T14:42:10Z
dbc03a95-7560-41cd-9cc5-ed31f52f5067,Lauren TOLBERT,laurentolbert,,USA,female,resolved,world_athletics,2026-09-02T14:42:10Z,2026-09-02T14:42:10Z
03c58661-b043-42df-9b0e-6f96d6e5e58f,Laurie BARTON,lauriebarton,,USA,female,resolved,world_athletics,2026-09-02T14:42:10Z,2026-09-02T14:42:10Z
2c116e3b-b158-4940-8065-aba8cb537833,Lawi KOSGEI,lawikosgei,,KEN,male,resolved,world_athletics,2026-09-02T14:42:10Z,2026-09-02T14:42:10Z
e92c841f-e126-4947-8f7c-6a785bf46f22,Lawrence Kemboi KIPSANG,lawrencekemboikipsang,,KEN,male,resolved,world_athletics,2026-09-02T14:42:10Z,2026-09-02T14:42:10Z
cca460bd-4355-4edc-9e9f-8598acc7e31f,Leah JERUTO,leahjeruto,,KEN,female,resolved,world_athletics,2026-09-02T14:42:10Z,2026-09-02T14:42:10Z
a2f6f551-6116-42b5-b2a0-387edf215fe6,Leah SIMPSON,leahsimpson,,AUS,female,resolved,world_athletics,2026-09-02T14:42:10Z,2026-09-02T14:42:10Z
3efef9b4-52fc-4215-9e37-e97ffec50c60,Lea MEYER,leameyer,,GER,female,resolved,world_athletics,2026-09-02T14:42:10Z,2026-09-02T14:42:10Z
0247190c-be2c-4007-93f7-e06173f7ec55,Leandro ALVES,leandroalves,,BRA,male,resolved,world_athletics,2026-09-02T14:42:10Z,2026-09-02T14:42:10Z
c997ee11-d343-4481-b610-e5ab1f95f2b1,Leanne POMPEANI,leannepompeani,,AUS,female,resolved,world_athletics,2026-09-02T14:42:10Z,2026-09-02T14:42:10Z
96050de3-968e-4976-b1bd-4f7385218d9f,Leila HADJI,leilahadji,,FRA,female,resolved,world_athletics,2026-09-02T14:42:10Z,2026-09-02T14:42:10Z
285c3f70-2ea5-4366-8a68-3753affad0c5,Lelise WAKWEYA,lelisewakweya,,ETH,female,resolved,world_athletics,2026-09-02T14:42:10Z,2026-09-02T14:42:10Z
36dca6dd-e519-46c3-a504-cac7045a107f,Lemi BERHANU,lemiberhanu,,ETH,male,resolved,world_athletics,2026-09-02T14:42:10Z,2026-09-02T14:42:10Z
bb679301-e6ed-4abf-b0ed-48b6e9bf1363,Lemi DUMECHA,lemidumecha,,ETH,male,resolved,world_athletics,2026-09-02T14:42:10Z,2026-09-02T14:42:10Z
62c7dcd9-4531-46ae-b1ad-93656bacd6cc,Lemlem HAILU,lemlemhailu,,ETH,female,resolved,world_athletics,2026-09-02T14:42:10Z,2026-09-02T14:42:10Z
7c6ad203-db31-4627-85cd-8eae9a5481e8,Lemlem NIBRET,lemlemnibret,,ETH,female,resolved,world_athletics,2026-09-02T14:42:10Z,2026-09-02T14:42:10Z
4faa2aec-12cf-4ea1-84b9-2170796d98b5,Lenah JEROTICH,lenahjerotich,,KEN,female,resolved,world_athletics,2026-09-02T14:42:10Z,2026-09-02T14:42:10Z
56df4213-2d1f-46bc-a03e-7bd74dd400d9,Léna KANDISSOUNON,lenakandissounon,,FRA,female,resolved,world_athletics,2026-09-02T14:42:10Z,2026-09-02T14:42:10Z
b65511cc-ffbc-46aa-accf-532ac6d1a922,Lena MILLONIG,lenamillonig,,AUT,female,resolved,world_athletics,2026-09-02T14:42:10Z,2026-09-02T14:42:10Z
4fd45887-4fd7-4e2f-8b5b-12733131505f,Lenny KOTIKASH,lennykotikash,,KEN,male,resolved,world_athletics,2026-09-02T14:42:10Z,2026-09-02T14:42:10Z
652f1046-e645-4f17-9a99-e7d140200eaf,Leo MAGNUSSON,leomagnusson,,SWE,male,resolved,world_athletics,2026-09-02T14:42:10Z,2026-09-02T14:42:10Z
df62d2a3-9d5c-4ba8-92a6-435e501dcfde,Leonard BARSOTON,leonardbarsoton,,KEN,male,resolved,world_athletics,2026-09-02T14:42:10Z,2026-09-02T14:42:10Z
2711a23b-8ed5-45d8-8161-fbc5902669d4,Leonard CHEMUTAI,leonardchemutai,,UGA,male,resolved,world_athletics,2026-09-02T14:42:10Z,2026-09-02T14:42:10Z
202d21d4-0453-4e9d-9dec-f7225c2a7b62,Leonard Kipkemoi BETT,leonardkipkemoibett,,KEN,male,resolved,world_athletics,2026-09-02T14:42:10Z,2026-09-02T14:42:10Z
67627454-2e6c-42de-915d-d87eaa57805c,Leonard KORIR,leonardkorir,,USA,male,resolved,world_athletics,2026-09-02T14:42:10Z,2026-09-02T14:42:10Z
b45f0c0a-2743-4809-9c70-2e3b1947b7aa,Leonard LANGAT,leonardlangat,,KEN,male,resolved,world_athletics,2026-09-02T14:42:10Z,2026-09-02T14:42:10Z
c2b53158-7d9e-40cb-927d-1b27805d973f,Leonardo SANTOS,leonardosantos,,BRA,male,resolved,world_athletics,2026-09-02T14:42:10Z,2026-09-02T14:42:10Z
7c940927-7f46-4f06-995f-1182fdba0ca5,Leonid Latsepov,leonidlatsepov,Leonid Latsepov,EST,male,resolved,world_athletics,2026-09-02T14:42:10Z,2026-09-02T14:42:10Z
29105a1c-3ca7-48b3-b5fe-8c1f4aa6b4d9,Leonie PERIAULT,leonieperiault,,FRA,female,resolved,world_athletics,2026-09-02T14:42:10Z,2026-09-02T14:42:10Z
aacba1b9-95a8-4275-845b-dfc3a367f992,Lesetja PAPO,lesetjapapo,,RSA,male,resolved,world_athletics,2026-09-02T14:42:10Z,2026-09-02T14:42:10Z
a0d55503-8892-4522-9763-851eb8143db0,Leslie Sexton,lesliesexton,Leslie Sexton,CAN,female,resolved,world_athletics,2026-09-02T14:42:10Z,2026-09-02T14:42:10Z
48de9435-87d0-4f7d-b00e-4c1c7aa04683,Letesenbet GIDEY,letesenbetgidey,,ETH,female,resolved,world_athletics,2026-09-02T14:42:10Z,2026-09-02T14:42:10Z
7daaf3ce-7842-4451-95dc-63bb9ee11198,Leul GEBRESILASE,leulgebresilase,,ETH,male,resolved,world_athletics,2026-09-02T14:42:10Z,2026-09-02T14:42:10Z
a63c5911-916f-4d26-9eb3-9b620a93994f,Levente Szemerei,leventeszemerei,Levente Szemerei,HUN,male,resolved,world_athletics,2026-09-02T14:42:10Z,2026-09-02T14:42:10Z
a4f31c12-bb60-414b-8c5e-9b535b894f9b,Levi Taylor,levitaylor,Levi Taylor,USA,male,resolved,world_athletics,2026-09-02T14:42:10Z,2026-09-02T14:42:10Z
5815ab16-7dc3-4f6a-bf08-9086eb2a6e4d,Levy KIBET,levykibet,,KEN,male,resolved,world_athletics,2026-09-02T14:42:10Z,2026-09-02T14:42:10Z
2ec2b0ce-9c96-457c-8430-58b20182f326,Lexy HALLADAY,lexyhalladay,,USA,female,resolved,world_athletics,2026-09-02T14:42:10Z,2026-09-02T14:42:10Z
446362c2-bbdb-49ec-a866-d350fa6d12bb,Le YANG,leyang,,CHN,male,resolved,world_athletics,2026-09-02T14:42:10Z,2026-09-02T14:42:10Z
5a44ef07-c04b-4905-9365-8767f3da6350,Leydy Yolanda ROMERO DURAN,leydyyolandaromeroduran,,COL,female,resolved,world_athletics,2026-09-02T14:42:10Z,2026-09-02T14:42:10Z
4b585d16-e6b7-454a-ae6a-1354aa30041e,Liam ADAMS,liamadams,,AUS,male,resolved,world_athletics,2026-09-02T14:42:10Z,2026-09-02T14:42:10Z
09e508ae-f19b-4e47-a6ee-89b5a3211b74,Liam Cashin,liamcashin,Liam Cashin,AUS,male,resolved,world_athletics,2026-09-02T14:42:10Z,2026-09-02T14:42:10Z
3ba5d938-159d-404b-be5b-6cc9066a0690,Liam MURPHY,liammurphy,,USA,male,resolved,world_athletics,2026-09-02T14:42:10Z,2026-09-02T14:42:10Z
ea348539-4839-481d-ae4c-dda2f8c0512a,Li BAI,libai,,CHN,female,resolved,world_athletics,2026-09-02T14:42:10Z,2026-09-02T14:42:10Z
804e3599-b845-475a-905b-10abca3db0bc,Līga VELVERE,ligavelvere,,LAT,female,resolved,world_athletics,2026-09-02T14:42:10Z,2026-09-02T14:42:10Z
bfed864e-a959-46c6-997c-7a28d5bca1b2,Likina AMEBAW,likinaamebaw,,ETH,female,resolved,world_athletics,2026-09-02T14:42:10Z,2026-09-02T14:42:10Z
dc895ea1-5cc0-40ae-9e97-590724fc068a,Lilia FISIKOVICI,liliafisikovici,,MDA,female,resolved,world_athletics,2026-09-02T14:42:10Z,2026-09-02T14:42:10Z
66fdbe82-6387-49c8-a890-12f06ed19d6d,Lilian JEBITOK,lilianjebitok,,KEN,female,resolved,world_athletics,2026-09-02T14:42:10Z,2026-09-02T14:42:10Z
482cc546-f76a-41be-9b7a-cbcd14195579,Lilian Jepkorir CHEBII,lilianjepkorirchebii,,KEN,female,resolved,world_athletics,2026-09-02T14:42:10Z,2026-09-02T14:42:10Z
b57d0631-9127-420b-871e-d89fbc08d4b7,Lilian Kasait RENGERUK,liliankasaitrengeruk,,KEN,female,resolved,world_athletics,2026-09-02T14:42:10Z,2026-09-02T14:42:10Z
3b04d3e3-15a9-40b4-8de8-3055e2465f81,Lili Anna VINDICS-TÓTH,liliannavindicstoth,,HUN,female,resolved,world_athletics,2026-09-02T14:42:10Z,2026-09-02T14:42:10Z
6635074e-0817-484c-99ac-b8f6d4d4d739,Lilian ODIRA,lilianodira,,KEN,female,resolved,world_athletics,2026-09-02T14:42:10Z,2026-09-02T14:42:10Z
efd89c79-fc7e-41c6-97c4-fc0293990e7a,Liliya MENDAYEVA,liliyamendayeva,,RUS,female,resolved,world_athletics,2026-09-02T14:42:10Z,2026-09-02T14:42:10Z
3b1ac67f-332f-4f09-ba9a-945c80cb3e97,Lilla BÖHM,lillabohm,,HUN,female,resolved,world_athletics,2026-09-02T14:42:10Z,2026-09-02T14:42:10Z
c0fde76d-8a63-4118-bc26-c9aef2cf6e59,Lily MURPHY,lilymurphy,,USA,female,resolved,world_athletics,2026-09-02T14:42:10Z,2026-09-02T14:42:10Z
635a2371-a8bb-4fdf-ace7-98be76201e7e,Lily PARTRIDGE,lilypartridge,,GBR,female,resolved,world_athletics,2026-09-02T14:42:10Z,2026-09-02T14:42:10Z
93041c4e-7e33-42ab-b186-b481a9e73001,Linda WREDE,lindawrede,,GER,female,resolved,world_athletics,2026-09-02T14:42:10Z,2026-09-02T14:42:10Z
1ad5e457-8480-4933-90fd-2536410dca82,Linden HALL,lindenhall,,AUS,female,resolved,world_athletics,2026-09-02T14:42:10Z,2026-09-02T14:42:10Z
0ecfc6d3-38a9-496c-ab90-b762eda6574c,Lindsay FLANAGAN,lindsayflanagan,,USA,female,resolved,world_athletics,2026-09-02T14:42:10Z,2026-09-02T14:42:10Z
26bfa2fd-02cd-496c-b0bf-99f3feebe3d4,Lindsey BRADLEY,lindseybradley,,USA,female,resolved,world_athletics,2026-09-02T14:42:10Z,2026-09-02T14:42:10Z
731930b6-a75b-4d43-8329-93d4d04c5617,Lindsey BUTLER,lindseybutler,,USA,female,resolved,world_athletics,2026-09-02T14:42:10Z,2026-09-02T14:42:10Z
8871e2f1-748c-46d9-9f6a-c0d9c0a942d7,Linet Chepkwemoi MASAI,linetchepkwemoimasai,,KEN,female,resolved,world_athletics,2026-09-02T14:42:10Z,2026-09-02T14:42:10Z
a7c6f7db-b20d-4489-a4c5-08ab3e8d449a,Linn SÖDERHOLM,linnsoderholm,,SWE,female,resolved,world_athletics,2026-09-02T14:42:10Z,2026-09-02T14:42:10Z
4496cffa-6057-4e13-8d88-61715f40c5fa,Linus ROSDAL,linusrosdal,,SWE,male,resolved,world_athletics,2026-09-02T14:42:10Z,2026-09-02T14:42:10Z
8cbc7426-d0b9-4bc6-a013-0371100c7be0,Linying WANG,linyingwang,,CHN,female,resolved,world_athletics,2026-09-02T14:42:10Z,2026-09-02T14:42:10Z
d9d7c560-517e-494a-9db8-4f8fbbaa4204,Lisa HUWATSCHECK,lisahuwatscheck,,GER,female,resolved,world_athletics,2026-09-02T14:42:10Z,2026-09-02T14:42:10Z
8a5b2b6c-d2df-4b43-a113-e6d4eda6c218,Lisa MERKEL,lisamerkel,,GER,female,resolved,world_athletics,2026-09-02T14:42:10Z,2026-09-02T14:42:10Z
e7214d87-0309-4568-bcb9-b31844db13f0,Lisa Rooms,lisarooms,Lisa Rooms,BEL,female,resolved,world_athletics,2026-09-02T14:42:10Z,2026-09-02T14:42:10Z
7210ec3a-acc6-4497-8430-1885821fc999,Lisa WEIGHTMAN,lisaweightman,,AUS,female,resolved,world_athletics,2026-09-02T14:42:10Z,2026-09-02T14:42:10Z
0a4161fd-2f6f-496a-9411-b7a5329bbb65,Lise THIMON,lisethimon,,FRA,female,resolved,world_athletics,2026-09-02T14:42:10Z,2026-09-02T14:42:10Z
47ddafa2-7a6a-4887-8b42-15bd7ae4e123,Logan JOLLY,loganjolly,,USA,female,resolved,world_athletics,2026-09-02T14:42:10Z,2026-09-02T14:42:10Z
d4e18e59-aa0c-4937-81be-03be50a7807f,Logan Measner,loganmeasner,Logan Measner,USA,male,resolved,world_athletics,2026-09-02T14:42:10Z,2026-09-02T14:42:10Z
508a37a7-6b27-4bfc-bf4e-6f3d61355dab,Loice CHEKWEMOI,loicechekwemoi,,UGA,female,resolved,world_athletics,2026-09-02T14:42:10Z,2026-09-02T14:42:10Z
bca09db7-eb2c-43b3-bd09-cf75e1746707,Loice CHEMNUNG,loicechemnung,,KEN,female,resolved,world_athletics,2026-09-02T14:42:10Z,2026-09-02T14:42:10Z
252f9947-a499-4f49-8bdf-28ff92a925bb,Loic SCOMPARIN,loicscomparin,,FRA,male,resolved,world_athletics,2026-09-02T14:42:10Z,2026-09-02T14:42:10Z
fd0695d8-8c2e-41ec-9761-ff922da648b2,Lomi MULETA,lomimuleta,,ETH,female,resolved,world_athletics,2026-09-02T14:42:10Z,2026-09-02T14:42:10Z
d8ae5642-2ed2-4839-8ebe-3161a2264d95,Lonah Chemtai SALPETER,lonahchemtaisalpeter,,ISR,female,resolved,world_athletics,2026-09-02T14:42:10Z,2026-09-02T14:42:10Z
b8ae42a4-e898-4b1c-b55c-f949643acd11,Lorea IBARZABAL,loreaibarzabal,,ESP,female,resolved,world_athletics,2026-09-02T14:42:10Z,2026-09-02T14:42:10Z
f8368901-e411-4d76-949c-9f9b1910abb7,Lore Hoffmann,lorehoffmann,Lore Hoffmann,SUI,female,resolved,world_athletics,2026-09-02T14:42:10Z,2026-09-02T14:42:10Z
f11e7888-f7d2-4f60-b079-43089e7b6065,Lorena MARTÍN,lorenamartin,,ESP,female,resolved,world_athletics,2026-09-02T14:42:10Z,2026-09-02T14:42:10Z
d96e6152-0cf2-46db-9f51-cbc972dac471,Lorena RANGEL BATRES,lorenarangelbatres,,MEX,female,resolved,world_athletics,2026-09-02T14:42:10Z,2026-09-02T14:42:10Z
f55b38cc-f2fb-4768-b8c3-e9bb1276ba8f,Lorenza DE NONI,lorenzadenoni,,ITA,female,resolved,world_athletics,2026-09-02T14:42:10Z,2026-09-02T14:42:10Z
b55ca450-9efd-4e36-8ee4-1be815631dd9,Loreta KANČYTĖ,loretakancyte,,LTU,female,resolved,world_athletics,2026-09-02T14:42:10Z,2026-09-02T14:42:10Z
5daad9d9-001e-4560-bdca-c6293bc5316e,Louey OUERRAT,loueyouerrat,,FRA,male,resolved,world_athletics,2026-09-02T14:42:10Z,2026-09-02T14:42:10Z
b9a38f0b-bdf6-4ba4-aef8-967dc28d15d0,Louise SHANAHAN,louiseshanahan,,IRL,female,resolved,world_athletics,2026-09-02T14:42:10Z,2026-09-02T14:42:10Z
58df6d33-b5e5-475e-a297-7cb2613212e2,Louise SMALL,louisesmall,,GBR,female,resolved,world_athletics,2026-09-02T14:42:10Z,2026-09-02T14:42:10Z
72e84a6e-4866-4ae4-b545-d60f60422c54,Louis GILAVERT,louisgilavert,,FRA,male,resolved,world_athletics,2026-09-02T14:42:10Z,2026-09-02T14:42:10Z
af902380-b772-4a6c-b747-7f1d3d6ef140,Louis VERCUEIL,louisvercueil,,FRA,male,resolved,world_athletics,2026-09-02T14:42:10Z,2026-09-02T14:42:10Z
432fa42e-9e72-44c0-a2a0-f8b279362cae,Lourenço RODRIGUES,lourencorodrigues,,POR,male,resolved,world_athletics,2026-09-02T14:42:10Z,2026-09-02T14:42:10Z
ae307d5e-fc9d-4f04-ae5a-b3109586eb71,Luan MUNNIK,luanmunnik,,RSA,male,resolved,world_athletics,2026-09-02T14:42:10Z,2026-09-02T14:42:10Z
549b3c99-c4bb-4a00-8ca9-97e89f166424,Luca NOTI,lucanoti,,SUI,male,resolved,world_athletics,2026-09-02T14:42:10Z,2026-09-02T14:42:10Z
69b0f36f-c038-4276-9ca7-b4ddafb8d385,Lucas Bons,lucasbons,Lucas Bons,USA,male,resolved,world_athletics,2026-09-02T14:42:10Z,2026-09-02T14:42:10Z
42460b10-b587-43ca-82dd-5c559fa3e74e,Lucas Nieuweboer,lucasnieuweboer,Lucas Nieuweboer,NED,male,resolved,world_athletics,2026-09-02T14:42:10Z,2026-09-02T14:42:10Z
0ad32459-503f-4da9-b872-8bacc4cd168c,Luca Thompson,lucathompson,Luca Thompson,NOR,male,resolved,world_athletics,2026-09-02T14:42:10Z,2026-09-02T14:42:10Z
9ba9ed70-7d24-4aa7-9d69-cf78b8a74a87,Luciano Fiore,lucianofiore,Luciano Fiore,USA,male,resolved,world_athletics,2026-09-02T14:42:10Z,2026-09-02T14:42:10Z
91480edc-47a9-4253-8274-ba499cebec37,Lucia Pinacchio,luciapinacchio,Lucia Pinacchio,ESP,female,resolved,world_athletics,2026-09-02T14:42:10Z,2026-09-02T14:42:10Z
cc88f532-06ce-4a88-8416-cc4cc94e6686,Lucia STAFFORD,luciastafford,,CAN,female,resolved,world_athletics,2026-09-02T14:42:10Z,2026-09-02T14:42:10Z
04a67158-7f68-4bd6-886d-e9272d666c68,Lucia STURM,luciasturm,,GER,female,resolved,world_athletics,2026-09-02T14:42:10Z,2026-09-02T14:42:10Z
6affd353-e374-4d5c-996c-1e7acd5ff562,Luc Le Baron,luclebaron,Luc Le Baron,FRA,male,resolved,world_athletics,2026-09-02T14:42:10Z,2026-09-02T14:42:10Z
d225b35c-60ce-4310-85fc-eb764b5c32cd,Lucy JENKS,lucyjenks,,USA,female,resolved,world_athletics,2026-09-02T14:42:10Z,2026-09-02T14:42:10Z
f801ec98-37c3-43fe-930e-3ff9a0eecff1,Lucy Reid,lucyreid,Lucy Reid,GBR,female,resolved,world_athletics,2026-09-02T14:42:10Z,2026-09-02T14:42:10Z
81bf3102-013e-42ce-b0bf-dd2a8b6167f2,Ludovica CAVALLI,ludovicacavalli,,ITA,female,resolved,world_athletics,2026-09-02T14:42:10Z,2026-09-02T14:42:10Z
c9bf12b9-bc08-40cf-86eb-f64980fea249,Ludovic Le Meur,ludoviclemeur,Ludovic Le Meur,FRA,male,resolved,world_athletics,2026-09-02T14:42:10Z,2026-09-02T14:42:10Z
b5294ed0-c60c-4184-ac4f-ffb1b15ef5d8,Luis GRIJALVA,luisgrijalva,,GUA,male,resolved,world_athletics,2026-09-02T14:42:10Z,2026-09-02T14:42:10Z
2c3d0697-31c6-41dd-8738-49d68374c30e,Luis Miguel Masabanda,luismiguelmasabanda,LUIS Miguel Masabanda,ECU,male,resolved,world_athletics,2026-09-02T14:42:10Z,2026-09-02T14:42:10Z
0922bfaa-765b-44b9-b6f7-7efabcac7a4f,Luis OBERBECK,luisoberbeck,,GER,male,resolved,world_athletics,2026-09-02T14:42:10Z,2026-09-02T14:42:10Z
aa215b33-ab97-4323-a5eb-84a5b811355e,Luis PERALTA,luisperalta,,DOM,male,resolved,world_athletics,2026-09-02T14:42:10Z,2026-09-02T14:42:10Z
33d8232a-36ef-497d-acc9-c92d43ebb553,Luiza DMITRIYEVA,luizadmitriyeva,,RUS,female,resolved,world_athletics,2026-09-02T14:42:10Z,2026-09-02T14:42:10Z
b533177d-6f6a-4292-8075-a977a674469b,Luiza GEGA,luizagega,,ALB,female,resolved,world_athletics,2026-09-02T14:42:10Z,2026-09-02T14:42:10Z
f8597905-30d7-4c32-8788-b456bc92a156,Luke BOYES,lukeboyes,,AUS,male,resolved,world_athletics,2026-09-02T14:42:10Z,2026-09-02T14:42:10Z
3bb323bf-4b3e-40d3-a3a3-e271342156ad,Luke GRINER,lukegriner,,USA,male,resolved,world_athletics,2026-09-02T14:42:10Z,2026-09-02T14:42:10Z
ff376483-2499-4e4f-b258-b64a02cf22b2,Luke HOUSER,lukehouser,,USA,male,resolved,world_athletics,2026-09-02T14:42:10Z,2026-09-02T14:42:10Z
d5470775-ef79-4032-ad59-9f31f892c117,Luke KIPROP,lukekiprop,,KEN,male,resolved,world_athletics,2026-09-02T14:42:10Z,2026-09-02T14:42:10Z
0e443801-9e81-496f-911b-b72cd8ebf5e3,Luke Mccann,lukemccann,Luke McCann,IRL,male,resolved,world_athletics,2026-09-02T14:42:10Z,2026-09-02T14:42:10Z
909aaa13-c5d0-4602-86b1-32082a080f65,Luz Mery ROJAS,luzmeryrojas,,PER,female,resolved,world_athletics,2026-09-02T14:42:10Z,2026-09-02T14:42:10Z
033ed83d-1bd2-45d8-aa80-baa3d5c239ad,Lydia Naliaka SIMIYU,lydianaliakasimiyu,,KEN,female,resolved,world_athletics,2026-09-02T14:42:10Z,2026-09-02T14:42:10Z
a87807d8-faaf-4067-b8be-1cb056abc274,Lydia OLIVERE,lydiaolivere,,USA,female,resolved,world_athletics,2026-09-02T14:42:10Z,2026-09-02T14:42:10Z
478ae4f1-104e-4cd3-bc19-015e2fb7bb31,Lyla BELSHAW,lylabelshaw,,GBR,female,resolved,world_athletics,2026-09-02T14:42:10Z,2026-09-02T14:42:10Z
66acfb6c-acab-4f92-95c3-c5b40517c8f6,Lyubov DUBROVSKAYA,lyubovdubrovskaya,,RUS,female,resolved,world_athletics,2026-09-02T14:42:10Z,2026-09-02T14:42:10Z
d2b1c57d-4244-4d58-91ca-72d6c1e9846d,Maciej WYDERKA,maciejwyderka,,POL,male,resolved,world_athletics,2026-09-02T14:42:10Z,2026-09-02T14:42:10Z
7f706963-cc47-46d5-b9ca-0db3db626c84,Maddy ELMORE,maddyelmore,,USA,female,resolved,world_athletics,2026-09-02T14:42:10Z,2026-09-02T14:42:10Z
1417ac35-ce6b-49ca-82a8-7aa7b1672d81,Madeleine BERKSON,madeleineberkson,,USA,female,resolved,world_athletics,2026-09-02T14:42:10Z,2026-09-02T14:42:10Z
cf04a5af-81e1-480c-87a0-d9dc67c46912,Madeleine Kelly,madeleinekelly,Madeleine kelly,CAN,female,resolved,world_athletics,2026-09-02T14:42:10Z,2026-09-02T14:42:10Z
294c8773-6230-4945-84b8-57347ddb490c,Madie BOREMAN,madieboreman,,USA,female,resolved,world_athletics,2026-09-02T14:42:10Z,2026-09-02T14:42:10Z
558c8815-ea2c-4d03-987c-0aa0d21db559,Madison MOONEY,madisonmooney,,USA,female,resolved,world_athletics,2026-09-02T14:42:10Z,2026-09-02T14:42:10Z
d6aec82d-543e-42b5-afe6-19356a0d70cf,Madison Neuner,madisonneuner,Madison Neuner,USA,female,resolved,world_athletics,2026-09-02T14:42:10Z,2026-09-02T14:42:10Z
2ea43ce0-5aa7-4b5d-b9b8-40f75664ce00,Madoka NAKANO,madokanakano,,JPN,female,resolved,world_athletics,2026-09-02T14:42:10Z,2026-09-02T14:42:10Z
05a305ef-2bb0-45bf-81e6-e39cb4a108be,Madoka TANIHARA,madokatanihara,,JPN,male,resolved,world_athletics,2026-09-02T14:42:10Z,2026-09-02T14:42:10Z
90058055-ced9-4c04-bb76-fb88f91d1ca7,Maël Gouyette,maelgouyette,Maël Gouyette,FRA,male,resolved,world_athletics,2026-09-02T14:42:10Z,2026-09-02T14:42:10Z
63dff1a9-7bd0-4ed8-b43a-ae742efbaab7,Maeliss TRAPEAU,maelisstrapeau,,FRA,female,resolved,world_athletics,2026-09-02T14:42:10Z,2026-09-02T14:42:10Z
830520b0-7f4e-4c82-98d5-660c68f547bd,Maeregu HAYELOM,maereguhayelom,,ETH,female,resolved,world_athletics,2026-09-02T14:42:10Z,2026-09-02T14:42:10Z
d5fcdc07-0b53-44f0-8f81-41cfc1a67cdd,Magaly GARCIA,magalygarcia,,VEN,female,resolved,world_athletics,2026-09-02T14:42:10Z,2026-09-02T14:42:10Z
0fa06b1d-f744-4cc4-87cd-81a440a31d50,Magdalena SHAURI,magdalenashauri,,TAN,female,resolved,world_athletics,2026-09-02T14:42:10Z,2026-09-02T14:42:10Z
300c9e3c-5e5f-41c2-8540-5fe0a9cae007,Magdalyne MASAI,magdalynemasai,,KEN,female,resolved,world_athletics,2026-09-02T14:42:10Z,2026-09-02T14:42:10Z
f2c4aed8-dae3-4bf9-9161-a28ac02b685a,Maggi CONGDON,maggicongdon,,USA,female,resolved,world_athletics,2026-09-02T14:42:10Z,2026-09-02T14:42:10Z
052e5930-3c83-4ccc-a6fe-ae760eb26116,Maggie MONTOYA,maggiemontoya,,USA,female,resolved,world_athletics,2026-09-02T14:42:10Z,2026-09-02T14:42:10Z
8adee9ac-cff3-420d-859f-7d4f99ab82e7,Mahadi Abdi Ali,mahadiabdiali,Mahadi Abdi Ali,NED,male,resolved,world_athletics,2026-09-02T14:42:10Z,2026-09-02T14:42:10Z
956838c9-c2ca-47da-bc87-c1a0dc0f8d77,Mahamed MAHAMED,mahamedmahamed,,GBR,male,resolved,world_athletics,2026-09-02T14:42:10Z,2026-09-02T14:42:10Z
ebae4797-ec2b-4e8b-badc-e3eb271b0d74,Mahlet MULUGETA,mahletmulugeta,,ETH,female,resolved,world_athletics,2026-09-02T14:42:10Z,2026-09-02T14:42:10Z
65ff25b5-609d-46a1-81cb-e3a66faa785a,Maia RAMSDEN,maiaramsden,,NZL,female,resolved,world_athletics,2026-09-02T14:42:10Z,2026-09-02T14:42:10Z
a69616ae-835a-4d57-97fe-ff8213cfe579,Majida MAAYOUF,majidamaayouf,,ESP,female,resolved,world_athletics,2026-09-02T14:42:10Z,2026-09-02T14:42:10Z
41ffc334-264f-46e2-8099-3e7073b6cf39,Majtie KOLBERG,majtiekolberg,,GER,female,resolved,world_athletics,2026-09-02T14:42:10Z,2026-09-02T14:42:10Z
013b0422-cdc4-4db6-97fd-b9bc93cf1207,Makayla CLARK,makaylaclark,,USA,female,resolved,world_athletics,2026-09-02T14:42:10Z,2026-09-02T14:42:10Z
bb22d2c1-1b5c-4a79-b4fd-4822fa185152,Makayla PAIGE,makaylapaige,,USA,female,resolved,world_athletics,2026-09-02T14:42:10Z,2026-09-02T14:42:10Z
70346d7e-e172-401b-a8e0-b72fbd866c2b,Makenna MYLER,makennamyler,,USA,female,resolved,world_athletics,2026-09-02T14:42:10Z,2026-09-02T14:42:10Z
73806d28-3ffe-4957-9ff3-eb5cc6ae4082,Maksim SHELIKH,maksimshelikh,,RUS,male,resolved,world_athletics,2026-09-02T14:42:10Z,2026-09-02T14:42:10Z
38fa52b4-f6e7-4136-8081-a11a64440b80,Malik SKUPIN-ALFA,malikskupinalfa,,GER,male,resolved,world_athletics,2026-09-02T14:42:10Z,2026-09-02T14:42:10Z
afd73514-4f1d-4bb6-8610-bc91a5329e18,Malindi Elmore,malindielmore,Malindi Elmore,CAN,female,resolved,world_athletics,2026-09-02T14:42:10Z,2026-09-02T14:42:10Z
f54b092f-79c7-437c-9283-1215172e7b07,Malin HOELSVEEN,malinhoelsveen,,NOR,female,resolved,world_athletics,2026-09-02T14:42:10Z,2026-09-02T14:42:10Z
6d091ccf-ea2b-4474-9ff4-d4958acf15d1,Malin Ingeborg NYFORS,maliningeborgnyfors,,NOR,female,resolved,world_athletics,2026-09-02T14:42:10Z,2026-09-02T14:42:10Z
f04de760-acb5-4f2e-acca-0524544f19de,Mallory LINDAMAN,mallorylindaman,,USA,female,resolved,world_athletics,2026-09-02T14:42:10Z,2026-09-02T14:42:10Z
ce096390-c88d-4796-8e75-4670471a5a6a,Manami NISHIYAMA,manaminishiyama,,JPN,female,resolved,world_athletics,2026-09-02T14:42:10Z,2026-09-02T14:42:10Z
fbd01c7d-165e-4201-9710-6a86c00af2cd,Manon TRAPP,manontrapp,,FRA,female,resolved,world_athletics,2026-09-02T14:42:10Z,2026-09-02T14:42:10Z
7caa43cd-98c9-48d3-9ea1-314c560ce15e,Mao AKO,maoako,,TAN,male,resolved,world_athletics,2026-09-02T14:42:10Z,2026-09-02T14:42:10Z
4daa72fd-82c6-4177-9509-4a3061ffff79,Mao KIYOTA,maokiyota,,JPN,female,resolved,world_athletics,2026-09-02T14:42:10Z,2026-09-02T14:42:10Z
11e235ff-4c48-483c-9c20-f3afc53eab71,Maor TIYOURI,maortiyouri,,ISR,female,resolved,world_athletics,2026-09-02T14:42:10Z,2026-09-02T14:42:10Z
1c4080a9-94de-4764-8e24-dd92bfe6aa34,Mao UESUGI,maouesugi,,JPN,female,resolved,world_athletics,2026-09-02T14:42:10Z,2026-09-02T14:42:10Z
ab37f5ce-cfca-4f17-8775-692c8da59fa6,Marcella Herzog,marcellaherzog,Marcella Herzog,NED,female,resolved,world_athletics,2026-09-02T14:42:10Z,2026-09-02T14:42:10Z
5e0de7c1-2082-4b61-8b0b-d3541ece5c4a,Marcelo LAGUERA,marcelolaguera,,MEX,male,resolved,world_athletics,2026-09-02T14:42:10Z,2026-09-02T14:42:10Z
81d0397a-9eda-400f-bce2-5a6f1c1f00d8,Marcel Tobler,marceltobler,Marcel Tobler,AUT,male,resolved,world_athletics,2026-09-02T14:42:10Z,2026-09-02T14:42:10Z
0ce2f235-6798-4216-91fc-b3e3c3531a50,Marco Arop,marcoarop,Marco Arop,CAN,male,resolved,world_athletics,2026-09-02T14:42:10Z,2026-09-02T14:42:10Z
1669d866-7aa9-491e-a892-7ea5c815803b,Marco Langon,marcolangon,Marco Langon,USA,male,resolved,world_athletics,2026-09-02T14:42:10Z,2026-09-02T14:42:10Z
3a544772-94a4-4dee-9177-e81b1fef4168,Marco VANDERPOORTEN,marcovanderpoorten,,BEL,male,resolved,world_athletics,2026-09-02T14:42:10Z,2026-09-02T14:42:10Z
f92d9ef6-95d2-4291-b32c-7e3873fced99,Marco VILCA,marcovilca,,PER,male,resolved,world_athletics,2026-09-02T14:42:10Z,2026-09-02T14:42:10Z
cf0bf8c5-99c9-460a-9cac-5f90e8b24d80,Marc SCOTT,marcscott,,GBR,male,resolved,world_athletics,2026-09-02T14:42:10Z,2026-09-02T14:42:10Z
12ca86b4-79c2-4252-831f-bfcd73f3ff0e,Marc Tortell,marctortell,marc tortell,GER,male,resolved,world_athletics,2026-09-02T14:42:10Z,2026-09-02T14:42:10Z
38b644ec-a4c2-46e3-becd-0eb9c2a7b432,Mare DIBABA,maredibaba,,ETH,female,resolved,world_athletics,2026-09-02T14:42:10Z,2026-09-02T14:42:10Z
9fe21371-816a-4710-9648-93552fdb27b9,Margaret AGAI,margaretagai,,KEN,female,resolved,world_athletics,2026-09-02T14:42:10Z,2026-09-02T14:42:10Z
7d058514-c664-48f7-952d-99dc016911fe,Margaret AKIDOR,margaretakidor,,KEN,female,resolved,world_athletics,2026-09-02T14:42:10Z,2026-09-02T14:42:10Z
ee7d52f5-d915-4e45-bfed-b9ebfbbec6b9,Margaret Chelimo KIPKEMBOI,margaretchelimokipkemboi,,KEN,female,resolved,world_athletics,2026-09-02T14:42:10Z,2026-09-02T14:42:10Z
e19b4733-a75f-4deb-9b2c-9b0383c10b58,Margaretha MONTOYA,margarethamontoya,,USA,female,resolved,world_athletics,2026-09-02T14:42:10Z,2026-09-02T14:42:10Z
d663ba62-e913-4f35-a539-bcf06729dd1a,Margarita KOCZANOWA,margaritakoczanowa,,POL,female,resolved,world_athletics,2026-09-02T14:42:10Z,2026-09-02T14:42:10Z
2beedad2-fc88-4446-9585-e04f4bf70827,Margaux SIERACKI,margauxsieracki,,FRA,female,resolved,world_athletics,2026-09-02T14:42:10Z,2026-09-02T14:42:10Z
db20c1d8-46e8-453b-8808-517164a804ff,Margot APPLETON,margotappleton,,USA,female,resolved,world_athletics,2026-09-02T14:42:10Z,2026-09-02T14:42:10Z
70b75b70-e412-42b6-8438-b7c117b37a0c,Maria FORERO,mariaforero,,ESP,female,resolved,world_athletics,2026-09-02T14:42:10Z,2026-09-02T14:42:10Z
5412f382-1249-4954-b765-e995851213c3,Maria FREIJ,mariafreij,,SWE,female,resolved,world_athletics,2026-09-02T14:42:10Z,2026-09-02T14:42:10Z
f763bb50-565d-47d3-a8b1-3183ec9ead71,Mariana MACHADO,marianamachado,,POR,female,resolved,world_athletics,2026-09-02T14:42:10Z,2026-09-02T14:42:10Z
c6f2b926-23ba-485c-b076-1e05e3c9714e,Mariano GARCÍA,marianogarcia,,ESP,male,resolved,world_athletics,2026-09-02T14:42:10Z,2026-09-02T14:42:10Z
2f650d70-ce10-49a5-ab95-16323d21649d,María Pía FERNÁNDEZ,mariapiafernandez,,URU,female,resolved,world_athletics,2026-09-02T14:42:10Z,2026-09-02T14:42:10Z
6d95f867-da08-4ba8-9134-d1ab1755349f,Maria YERMAKOVA,mariayermakova,,RUS,female,resolved,world_athletics,2026-09-02T14:42:10Z,2026-09-02T14:42:10Z
a25a3b27-8625-4c48-abbc-45e874e3c79b,Marie Celie WARNEKE,marieceliewarneke,,GER,female,resolved,world_athletics,2026-09-02T14:42:10Z,2026-09-02T14:42:10Z
08b390a9-f89e-41c6-8955-22203622c8d7,Marina KOVALYOVA,marinakovalyova,,RUS,female,resolved,world_athletics,2026-09-02T14:42:10Z,2026-09-02T14:42:10Z
b9b34942-3e8d-4ea6-8919-90c56a470fa2,Marina MARTÍNEZ,marinamartinez,,ESP,female,resolved,world_athletics,2026-09-02T14:42:10Z,2026-09-02T14:42:10Z
8ba709de-a321-4cf3-9499-3dc4fb399e71,Marino BLOUDEK,marinobloudek,,CRO,male,resolved,world_athletics,2026-09-02T14:42:10Z,2026-09-02T14:42:10Z
c00ab815-e2c1-4c96-926d-a3e98e235015,Mario GARCÍA,mariogarcia,,ESP,male,resolved,world_athletics,2026-09-02T14:42:10Z,2026-09-02T14:42:10Z
1322be7f-8ea8-4e17-8474-db9f0358ceac,Mario García Romo,mariogarciaromo,Mario García Romo,ESP,male,resolved,repository_override,2026-09-02T14:42:10Z,2026-09-02T14:42:10Z
d83732b2-8bbc-4bee-8824-78278b2f3804,Marion JEPNGETICH,marionjepngetich,,KEN,female,resolved,world_athletics,2026-09-02T14:42:10Z,2026-09-02T14:42:10Z
1b4c8c37-c8c4-47de-b3cc-1a3bd4cf228c,Marion KIBOR,marionkibor,,KEN,female,resolved,world_athletics,2026-09-02T14:42:10Z,2026-09-02T14:42:10Z
203eaed0-8692-4f34-b3ab-79eb36e59b16,Marisa Howard,marisahoward,Marisa Howard,USA,female,resolved,world_athletics,2026-09-02T14:42:10Z,2026-09-02T14:42:10Z
364214ee-b748-471d-8c5b-21181372b3d8,Mariska Parewyck,mariskaparewyck,Mariska Parewyck,BEL,female,resolved,world_athletics,2026-09-02T14:42:10Z,2026-09-02T14:42:10Z
a1f02d44-677e-43fa-85ce-d6d00f88c0c8,Marissa Damink,marissadamink,Marissa Damink,NED,female,resolved,world_athletics,2026-09-02T14:42:10Z,2026-09-02T14:42:10Z
5b0f7df6-9393-44d7-8432-7acaed3b77c5,Marius PROBST,mariusprobst,,GER,male,resolved,world_athletics,2026-09-02T14:42:10Z,2026-09-02T14:42:10Z
621fd231-34f5-4d24-818e-8aaace469ff6,Mariya PROKHORETS,mariyaprokhorets,,RUS,female,resolved,world_athletics,2026-09-02T14:42:10Z,2026-09-02T14:42:10Z
1f20752b-ea6f-4e8a-af77-ab4a537bd72f,Mark ENGLISH,markenglish,,IRL,male,resolved,world_athletics,2026-09-02T14:42:10Z,2026-09-02T14:42:10Z
9612549f-a5a8-4953-92e9-ff57fac3076d,Mark Kosgei KIPTOO,markkosgeikiptoo,,KEN,male,resolved,world_athletics,2026-09-02T14:42:10Z,2026-09-02T14:42:10Z
325aca4e-d559-4a9e-9f6f-fec1b7e26bdc,Mark MILNER,markmilner,,IRL,male,resolved,world_athletics,2026-09-02T14:42:10Z,2026-09-02T14:42:10Z
df40493d-3e3a-4038-8a20-e28d59ceb34c,Mark Pearce,markpearce,Mark Pearce,GBR,male,resolved,world_athletics,2026-09-02T14:42:10Z,2026-09-02T14:42:10Z
b95c3fe9-3912-4b6c-841f-1c48a6e34f6a,Marlena PREIGH,marlenapreigh,,USA,female,resolved,world_athletics,2026-09-02T14:42:10Z,2026-09-02T14:42:10Z
6f1e6ffb-1ab8-4c95-8766-3fb0ca5bbf45,Marta ALEMAYO,martaalemayo,,ETH,female,resolved,world_athletics,2026-09-02T14:42:10Z,2026-09-02T14:42:10Z
98e69f9a-cf1f-49ff-8863-170339ef120c,Marta GARCÍA,martagarcia,,ESP,female,resolved,world_athletics,2026-09-02T14:42:10Z,2026-09-02T14:42:10Z
93394fcb-a251-44bf-917e-1ea0d03f060d,Marta MITJANS,martamitjans,,ESP,female,resolved,world_athletics,2026-09-02T14:42:10Z,2026-09-02T14:42:10Z
2f733382-b2db-4104-8e89-cb9b6f794efd,Marta PEN FREITAS,martapenfreitas,,POR,female,resolved,world_athletics,2026-09-02T14:42:10Z,2026-09-02T14:42:10Z
ec64c10d-8a24-438e-8226-61f21bd2a394,Marta PÉREZ,martaperez,,ESP,female,resolved,world_athletics,2026-09-02T14:42:10Z,2026-09-02T14:42:10Z
b0aeb0dd-e3de-4613-893f-48146823633d,Marta SERRANO,martaserrano,,ESP,female,resolved,world_athletics,2026-09-02T14:42:10Z,2026-09-02T14:42:10Z
2184b885-9b3d-4b31-baea-289d75cebdd6,Marta ZENONI,martazenoni,,ITA,female,resolved,world_athletics,2026-09-02T14:42:10Z,2026-09-02T14:42:10Z
64b5ee80-0b0f-484a-8503-ce891b6cc657,Martina ESCUDERO,martinaescudero,,ARG,female,resolved,world_athletics,2026-09-02T14:42:10Z,2026-09-02T14:42:10Z
9078462e-e6b1-4732-bf9f-4e9a0dc6dc37,Martin CHERUIYOT,martincheruiyot,,KEN,male,resolved,world_athletics,2026-09-02T14:42:10Z,2026-09-02T14:42:10Z
596876b8-f5f7-4320-8544-db0b19141e6f,Martin DESMIDT,martindesmidt,,FRA,male,resolved,world_athletics,2026-09-02T14:42:10Z,2026-09-02T14:42:10Z
ae70a2b2-376f-4018-879d-8ffec02fd81f,Martin KIPROTICH,martinkiprotich,,UGA,male,resolved,world_athletics,2026-09-02T14:42:10Z,2026-09-02T14:42:10Z
0b4779e3-4deb-487b-99be-168026b23e4f,Martin MUSAU,martinmusau,,UGA,male,resolved,world_athletics,2026-09-02T14:42:10Z,2026-09-02T14:42:10Z
62cb9f58-b280-4e11-949b-600d7c93ec34,Martyna GALANT,martynagalant,,POL,female,resolved,world_athletics,2026-09-02T14:42:10Z,2026-09-02T14:42:10Z
b3565f96-6d5f-48d8-9f65-ad015d15d546,Maru TEFERI,maruteferi,,ISR,male,resolved,world_athletics,2026-09-02T14:42:10Z,2026-09-02T14:42:10Z
3cb94c1a-0d1a-49c5-9e24-46c5ff684e78,Marvin HEINRICH,marvinheinrich,,GER,male,resolved,world_athletics,2026-09-02T14:42:10Z,2026-09-02T14:42:10Z
bf74c4b5-108d-46ac-a345-ba095d321438,Marwa BOUZAYANI,marwabouzayani,,TUN,female,resolved,world_athletics,2026-09-02T14:42:10Z,2026-09-02T14:42:10Z
76069e17-ea8d-4c7c-8253-2a0f70ddccf0,Mary EKIRU,maryekiru,,KEN,female,resolved,world_athletics,2026-09-02T14:42:10Z,2026-09-02T14:42:10Z
88eac107-d365-43b5-8abe-8cf88e41c411,Mary MORAA,marymoraa,,KEN,female,resolved,world_athletics,2026-09-02T14:42:10Z,2026-09-02T14:42:10Z
be08b4f6-60fb-4629-807e-c041eb01bf06,Maryna NEMCHENKO,marynanemchenko,,UKR,female,resolved,world_athletics,2026-09-02T14:42:10Z,2026-09-02T14:42:10Z
c4af0536-16a6-47cf-9a68-94d28ad68f9a,Mary Zenaida GRANJA,maryzenaidagranja,,ECU,female,resolved,world_athletics,2026-09-02T14:42:10Z,2026-09-02T14:42:10Z
dc91711e-445c-405e-9619-ba9839ae84e6,Masaki KODAMA,masakikodama,,JPN,male,resolved,world_athletics,2026-09-02T14:42:10Z,2026-09-02T14:42:10Z
2f0d3f30-d678-439d-aee0-7624de8f5c46,Masaki TSUDA,masakitsuda,,JPN,male,resolved,world_athletics,2026-09-02T14:42:10Z,2026-09-02T14:42:10Z
b83a59ac-a746-4a87-a729-063e4f9125df,Masanori ANBAI,masanorianbai,,JPN,male,resolved,world_athletics,2026-09-02T14:42:10Z,2026-09-02T14:42:10Z
e5ebb0cb-240d-470b-bf18-fa33dff153cf,Masaru AOKI,masaruaoki,,JPN,male,resolved,world_athletics,2026-09-02T14:42:10Z,2026-09-02T14:42:10Z
d02250de-294d-485c-8095-491ab68713f5,Masashi NONAKA,masashinonaka,,JPN,male,resolved,world_athletics,2026-09-02T14:42:10Z,2026-09-02T14:42:10Z
1b226a90-c715-46b4-979e-4e8b3d164ef4,Masato SAIKI,masatosaiki,,JPN,male,resolved,world_athletics,2026-09-02T14:42:10Z,2026-09-02T14:42:10Z
94aa4cb4-8075-460c-9877-ed5ad1e3d482,Masatoshi SAKATA,masatoshisakata,,JPN,male,resolved,world_athletics,2026-09-02T14:42:10Z,2026-09-02T14:42:10Z
46696545-09ba-4106-9e1c-f23a2b5509fb,Masaya TURUKAWA,masayaturukawa,,JPN,male,resolved,world_athletics,2026-09-02T14:42:10Z,2026-09-02T14:42:10Z
76ece7af-bfe9-4943-9ab8-cc1691033943,Masaya YAMATANI,masayayamatani,,JPN,male,resolved,world_athletics,2026-09-02T14:42:10Z,2026-09-02T14:42:10Z
48c08fca-6d5d-416c-9246-454d4971cd3f,Mason Cohen,masoncohen,Mason Cohen,AUS,male,resolved,world_athletics,2026-09-02T14:42:10Z,2026-09-02T14:42:10Z
7a63fe8c-9946-49f3-8d25-a508951f058d,Mason FERLIC,masonferlic,,USA,male,resolved,world_athletics,2026-09-02T14:42:10Z,2026-09-02T14:42:10Z
b59d3017-9293-4f28-b06d-7dbb61a64e2f,Masresha BERE,masreshabere,,ETH,male,resolved,world_athletics,2026-09-02T14:42:10Z,2026-09-02T14:42:10Z
dc2a73ef-1642-4c35-b0db-e185274836a1,Masresha COSTA,masreshacosta,,ITA,male,resolved,world_athletics,2026-09-02T14:42:10Z,2026-09-02T14:42:10Z
ef82b597-4222-4bac-9283-6070de05dfea,Matea PARLOV KOŠTRO,mateaparlovkostro,,CRO,female,resolved,world_athletics,2026-09-02T14:42:10Z,2026-09-02T14:42:10Z
c78ae50d-bcaf-4464-9fa3-312694bbb0ac,Mateusz Borkowski,mateuszborkowski,Mateusz Borkowski,POL,male,resolved,world_athletics,2026-09-02T14:42:10Z,2026-09-02T14:42:10Z
e3c30a93-3449-4ef9-bfc8-35860d327fe8,Mateusz KACZOR,mateuszkaczor,,POL,male,resolved,world_athletics,2026-09-02T14:42:10Z,2026-09-02T14:42:10Z
307135d5-ee88-470b-80ef-8253cea012cc,Mathew Kipchumba KIPSANG,mathewkipchumbakipsang,,KEN,male,resolved,world_athletics,2026-09-02T14:42:10Z,2026-09-02T14:42:10Z
2c0fea4f-ef4c-41b4-8907-c9d6de1282a3,Mathew Kipkorir KIMELI,mathewkipkorirkimeli,,KEN,male,resolved,world_athletics,2026-09-02T14:42:10Z,2026-09-02T14:42:10Z
5f61bf19-529b-4348-bd6e-a16516a2c776,Mathew SAMPERU,mathewsamperu,,KEN,male,resolved,world_athletics,2026-09-02T14:42:10Z,2026-09-02T14:42:10Z
a1264475-1879-4624-b5ce-86ae02550319,Mathews LEETO,mathewsleeto,,RSA,male,resolved,world_athletics,2026-09-02T14:42:10Z,2026-09-02T14:42:10Z
2aa5c9ac-995c-4981-beb5-0393b7244a29,Matt BAXTER,mattbaxter,,NZL,male,resolved,world_athletics,2026-09-02T14:42:10Z,2026-09-02T14:42:10Z
a082af64-eae6-4b45-a500-606fb949760d,Matthew Beaudet,matthewbeaudet,Matthew Beaudet,CAN,male,resolved,world_athletics,2026-09-02T14:42:10Z,2026-09-02T14:42:10Z
e56ded7c-c8eb-4cbb-abc5-7cf8a47e57f7,Matthew CENTROWITZ,matthewcentrowitz,,USA,male,resolved,world_athletics,2026-09-02T14:42:10Z,2026-09-02T14:42:10Z
d0214703-8063-4da1-8901-bcbfe6413e1c,Matthew CLARKE,matthewclarke,,AUS,male,resolved,world_athletics,2026-09-02T14:42:10Z,2026-09-02T14:42:10Z
75534f7b-1ddc-4a98-bb71-19d55e34016d,Matthew ERICKSON,matthewerickson,,CAN,male,resolved,world_athletics,2026-09-02T14:42:10Z,2026-09-02T14:42:10Z
678a3eb5-9dbc-4e7b-a8a9-d1de26a2fd8a,Matthew Kipkoech KIPRUTO,matthewkipkoechkipruto,,KEN,male,resolved,world_athletics,2026-09-02T14:42:10Z,2026-09-02T14:42:10Z
b6cd47ad-f7de-475b-bf0d-876d9321cd8d,Matthew KIPLIMO,matthewkiplimo,,KEN,male,resolved,world_athletics,2026-09-02T14:42:10Z,2026-09-02T14:42:10Z
c742462e-d779-495a-a1d8-4a0fab7ae4ad,Matthew KOSGEI,matthewkosgei,,KEN,male,resolved,world_athletics,2026-09-02T14:42:10Z,2026-09-02T14:42:10Z
84745275-8485-4b97-bab0-93af341f216a,Matthew MCKENNA,matthewmckenna,,GBR,male,resolved,world_athletics,2026-09-02T14:42:10Z,2026-09-02T14:42:10Z
367554ad-f4c9-4e20-913f-e34d65cc4d9d,Matthew RAMSDEN,matthewramsden,,AUS,male,resolved,world_athletics,2026-09-02T14:42:10Z,2026-09-02T14:42:10Z
ab4c0bba-2508-4772-8aa4-b8aef6941722,Matthew Richtman,matthewrichtman,Matthew Richtman,USA,male,resolved,world_athletics,2026-09-02T14:42:10Z,2026-09-02T14:42:10Z
b1ca6432-39a0-4d36-9677-296042b86822,Matthew WILKINSON,matthewwilkinson,,USA,male,resolved,world_athletics,2026-09-02T14:42:10Z,2026-09-02T14:42:10Z
ac349f1a-15ef-4e25-926e-e92e6e4c9c2e,Matthias Kyburz,matthiaskyburz,Matthias Kyburz,SUI,male,resolved,world_athletics,2026-09-02T14:42:10Z,2026-09-02T14:42:10Z
4ca9ffc1-78ad-440f-b3c0-d1d6f9103e38,Matt STRANGIO,mattstrangio,,USA,male,resolved,world_athletics,2026-09-02T14:42:10Z,2026-09-02T14:42:10Z
9fe7479f-de4c-41dd-9c54-15f34c4f5dc0,Matt Wisner,mattwisner,Matt Wisner,USA,male,resolved,world_athletics,2026-09-02T14:42:10Z,2026-09-02T14:42:10Z
189d5d99-8f45-40f6-8f8e-5fae0e1a2fdc,Maudie SKYRING,maudieskyring,,AUS,female,resolved,world_athletics,2026-09-02T14:42:10Z,2026-09-02T14:42:10Z
df012383-cfa5-482c-bb2f-74d91bd7d07f,Maureen JEPKOECH,maureenjepkoech,,KEN,female,resolved,world_athletics,2026-09-02T14:42:10Z,2026-09-02T14:42:10Z
a050aa15-9b5b-4f02-a8c2-e0b77be03db0,Maureen KOSTER,maureenkoster,,NED,female,resolved,world_athletics,2026-09-02T14:42:10Z,2026-09-02T14:42:10Z
0df1b6d8-6d89-4f61-8cda-abe76cbddd1e,Maurine JEMUTAI,maurinejemutai,,KEN,female,resolved,world_athletics,2026-09-02T14:42:10Z,2026-09-02T14:42:10Z
4bc06000-8ae5-4d31-8e7a-2df494844529,Maurine Jepkoech CHEBOR,maurinejepkoechchebor,,KEN,female,resolved,world_athletics,2026-09-02T14:42:10Z,2026-09-02T14:42:10Z
bc8da86d-17e4-4be3-990d-b77b62c1ea26,Max BURGIN,maxburgin,,GBR,male,resolved,world_athletics,2026-09-02T14:42:10Z,2026-09-02T14:42:10Z
b958c2e8-996b-417a-a2b5-7c6ffd70074f,Max Davies,maxdavies,Max Davies,CAN,male,resolved,world_athletics,2026-09-02T14:42:10Z,2026-09-02T14:42:10Z
65488f9c-1dfb-4d22-87c1-a21ef41376fd,Maxime CHAUMETON,maximechaumeton,,RSA,male,resolved,world_athletics,2026-09-02T14:42:10Z,2026-09-02T14:42:10Z
8cee44ca-6e3b-4383-ba01-b5eb05438394,Maxime DELVOIE,maximedelvoie,,BEL,male,resolved,world_athletics,2026-09-02T14:42:10Z,2026-09-02T14:42:10Z
173031ed-1e11-479b-af2c-5eeec2329e85,Maximilian THORWIRTH,maximilianthorwirth,,GER,male,resolved,world_athletics,2026-09-02T14:42:10Z,2026-09-02T14:42:10Z
33a87df2-48c5-4330-a6ae-86a50be1f55e,Maxim RĂILEANU,maximraileanu,,MDA,male,resolved,world_athletics,2026-09-02T14:42:10Z,2026-09-02T14:42:10Z
414c8704-18a4-4164-bcd4-67f3a345bef9,Max STUDER,maxstuder,,SUI,male,resolved,world_athletics,2026-09-02T14:42:10Z,2026-09-02T14:42:10Z
d7d9d038-dc8a-4113-bd89-f566d499ecc9,Maya WEIGEL,mayaweigel,,USA,female,resolved,world_athletics,2026-09-02T14:42:10Z,2026-09-02T14:42:10Z
2d06355e-523c-4e91-9ed8-42874a84cf0d,Mayu NISHIKAWA,mayunishikawa,,JPN,female,resolved,world_athletics,2026-09-02T14:42:10Z,2026-09-02T14:42:10Z
d855e453-4907-4e46-876e-df019cff5ad3,McKenna KEEGAN,mckennakeegan,,USA,female,resolved,world_athletics,2026-09-02T14:42:10Z,2026-09-02T14:42:10Z
8a9739ef-ef22-4fae-ad2a-6eb171660b39,Mebrat GIDEY,mebratgidey,,ETH,female,resolved,world_athletics,2026-09-02T14:42:10Z,2026-09-02T14:42:10Z
35765d0c-6cbe-42f7-8f13-3f7cccdf6330,Mebriht MEKONEN,mebrihtmekonen,,ETH,female,resolved,world_athletics,2026-09-02T14:42:10Z,2026-09-02T14:42:10Z
e87e049b-b8ae-47d1-895f-d703d09855c1,Mebuki SUZUKI,mebukisuzuki,,JPN,male,resolved,world_athletics,2026-09-02T14:42:10Z,2026-09-02T14:42:10Z
cf56de24-bc56-4c54-85e0-df14ed51707c,Medhin GEBRESLASSIE,medhingebreslassie,,ETH,female,resolved,world_athletics,2026-09-02T14:42:10Z,2026-09-02T14:42:10Z
510208fa-8c77-425a-892f-32e4771c923c,Medina Deme ARMINO,medinademearmino,,ETH,female,resolved,world_athletics,2026-09-02T14:42:10Z,2026-09-02T14:42:10Z
bc612515-661f-44d8-ac80-f006139e51dc,Medina EISA,medinaeisa,,ETH,female,resolved,world_athletics,2026-09-02T14:42:10Z,2026-09-02T14:42:10Z
515a4897-0f3f-478a-b91a-536178dc611d,Megan HASZ,meganhasz,,USA,female,resolved,world_athletics,2026-09-02T14:42:10Z,2026-09-02T14:42:10Z
f46cbf79-a82d-4521-af17-ef3f4aa2e70e,Megan KEITH,megankeith,,GBR,female,resolved,world_athletics,2026-09-02T14:42:10Z,2026-09-02T14:42:10Z
5f17eb59-5869-46fc-84c1-297bcfcd5de6,Megertu ALEMU,megertualemu,,ETH,female,resolved,world_athletics,2026-09-02T14:42:10Z,2026-09-02T14:42:10Z
b154b36d-4c4a-4950-ab5f-edc93cab9b55,Meghan HUNTER,meghanhunter,,USA,female,resolved,world_athletics,2026-09-02T14:42:10Z,2026-09-02T14:42:10Z
12403ac1-e986-46ea-b5aa-eee2213e483f,Mehdi Kadri,mehdikadri,Mehdi Kadri,FRA,male,resolved,world_athletics,2026-09-02T14:42:10Z,2026-09-02T14:42:10Z
f844f318-99ac-4adf-8235-e0c4316dd5cd,Mehdi YANOURI,mehdiyanouri,,USA,male,resolved,world_athletics,2026-09-02T14:42:10Z,2026-09-02T14:42:10Z
6a60f9e1-e39c-4f4c-918d-1d02ea7176f1,Mehmet ÇELİK,mehmetcelik,,TUR,male,resolved,world_athletics,2026-09-02T14:42:10Z,2026-09-02T14:42:10Z
40219bf6-54ce-44aa-b39b-1f443643a360,Mekdes Woldu,mekdeswoldu,Mekdes WOLDU,FRA,female,resolved,world_athletics,2026-09-02T14:42:10Z,2026-09-02T14:42:10Z
f0658260-d48a-4ab8-84d7-4447fea4e8ff,Mekedes ALEMESHETE,mekedesalemeshete,,ETH,female,resolved,world_athletics,2026-09-02T14:42:10Z,2026-09-02T14:42:10Z
593f1876-352a-40b7-8ab4-46af46881e83,Mekuant AYENEW,mekuantayenew,,ETH,male,resolved,world_athletics,2026-09-02T14:42:10Z,2026-09-02T14:42:10Z
de06c6bf-2d01-47fa-932b-bc82e11c7021,Mekuria CHALETU,mekuriachaletu,,ETH,female,resolved,world_athletics,2026-09-02T14:42:10Z,2026-09-02T14:42:10Z
8c42e44d-f11a-4643-80b1-8299b4d7bbd6,Melaku BELACHEW,melakubelachew,,ETH,male,resolved,world_athletics,2026-09-02T14:42:10Z,2026-09-02T14:42:10Z
05e317aa-fdfd-4d65-81e3-0d178dcb1c93,Melat Yisak KEJETA,melatyisakkejeta,,GER,female,resolved,world_athletics,2026-09-02T14:42:10Z,2026-09-02T14:42:10Z
b0a9c47d-fa1e-4e9a-b487-3c975e0dac89,Melese NBERET,melesenberet,,ETH,male,resolved,world_athletics,2026-09-02T14:42:10Z,2026-09-02T14:42:10Z
8b0dbc76-6e7f-48e1-b1ab-94b2a0bb1476,Melikhaya FRANS,melikhayafrans,,RSA,male,resolved,world_athletics,2026-09-02T14:42:10Z,2026-09-02T14:42:10Z
f069b766-bb29-442e-8397-a208cd6821dd,Melina WOLF,melinawolf,,GER,female,resolved,world_athletics,2026-09-02T14:42:10Z,2026-09-02T14:42:10Z
57f3f95b-567e-42ce-8b23-04bca5c78e23,Méline Rollin,melinerollin,Méline Rollin,FRA,female,resolved,world_athletics,2026-09-02T14:42:10Z,2026-09-02T14:42:10Z
40dd88f2-9bd3-4071-b499-8a7b44b9cc78,Melissa COURTNEY-BRYANT,melissacourtneybryant,,GBR,female,resolved,world_athletics,2026-09-02T14:42:10Z,2026-09-02T14:42:10Z
0aa6e203-57e8-48d1-92c4-03efd317ff32,Melissa DUNCAN,melissaduncan,,AUS,female,resolved,world_athletics,2026-09-02T14:42:10Z,2026-09-02T14:42:10Z
7302f148-2e30-4ee3-8a59-96544c805e87,Melissa RIGGINS,melissariggins,,USA,female,resolved,world_athletics,2026-09-02T14:42:10Z,2026-09-02T14:42:10Z
898e0015-8fe5-4135-b67d-0d4e998f3a0e,Melissa Tanaka,melissatanaka,Melissa Tanaka,USA,female,resolved,world_athletics,2026-09-02T14:42:10Z,2026-09-02T14:42:10Z
0d200722-2af0-4ac9-bfd2-7b44afc18588,MELKAM TESFAHUN,melkamtesfahun,,ETH,female,resolved,world_athletics,2026-09-02T14:42:10Z,2026-09-02T14:42:10Z
23056a76-0ae2-484f-b3ca-f0909494ec10,Melkeneh AZIZE,melkenehazize,,ETH,male,resolved,world_athletics,2026-09-02T14:42:10Z,2026-09-02T14:42:10Z
d0a9ed49-6463-4286-848e-63b400d85cc0,Melknat WUDU,melknatwudu,,ETH,female,resolved,world_athletics,2026-09-02T14:42:10Z,2026-09-02T14:42:10Z
fc2d60a4-464b-4039-bcb3-80900ed85f05,Mélody JULIEN,melodyjulien,,FRA,female,resolved,world_athletics,2026-09-02T14:42:10Z,2026-09-02T14:42:10Z
699ba4bb-9eb6-48c9-a8f9-9bebc71156d1,Mena SCATCHARD,menascatchard,,GBR,female,resolved,world_athletics,2026-09-02T14:42:10Z,2026-09-02T14:42:10Z
9cbfd1f4-bc41-4a07-abba-a4005fcff8f3,Meraf BAHTA,merafbahta,,SWE,female,resolved,world_athletics,2026-09-02T14:42:10Z,2026-09-02T14:42:10Z
471bed37-8968-45a1-9bf1-2be130a6ef34,Mercy CHELANGAT,mercychelangat,,KEN,female,resolved,world_athletics,2026-09-02T14:42:10Z,2026-09-02T14:42:10Z
fc1f4a4d-cf28-4cdb-9f88-5a9209a82aa7,Mercy CHEMUTAI,mercychemutai,,KEN,female,resolved,world_athletics,2026-09-02T14:42:10Z,2026-09-02T14:42:10Z
1d1365e9-d27d-42b9-9e6d-c95b60bfa224,Mercy KWAMBAI,mercykwambai,,KEN,female,resolved,world_athletics,2026-09-02T14:42:10Z,2026-09-02T14:42:10Z
7e6bb999-2d5c-4d36-888c-cd3f2dba2587,Mercy Wanjiru GITAHI,mercywanjirugitahi,,KEN,female,resolved,world_athletics,2026-09-02T14:42:10Z,2026-09-02T14:42:10Z
9b940e1f-ed14-4b14-b644-84cff2f4519e,Meredith Rizzo,meredithrizzo,Meredith Rizzo,USA,female,resolved,world_athletics,2026-09-02T14:42:10Z,2026-09-02T14:42:10Z
31bf74fa-da4d-4125-9736-a33215fb5766,Merhawi KESETE,merhawikesete,,ERI,male,resolved,world_athletics,2026-09-02T14:42:10Z,2026-09-02T14:42:10Z
713daea7-913d-4511-b100-8999efdbb4e0,Merhawi MEBRAHTU,merhawimebrahtu,,ERI,male,resolved,world_athletics,2026-09-02T14:42:10Z,2026-09-02T14:42:10Z
71f5c2f9-d8f6-40da-9627-3d92314ef81d,Meritxell SOLER,meritxellsoler,,ESP,female,resolved,world_athletics,2026-09-02T14:42:10Z,2026-09-02T14:42:10Z
8024f23b-cd08-48e1-a3bb-ac3c6b796a1a,Mersimoi KASAHUN,mersimoikasahun,,ETH,male,resolved,world_athletics,2026-09-02T14:42:10Z,2026-09-02T14:42:10Z
cc621f69-b0da-4d13-9602-a75b421d770d,Meselu BERHE,meseluberhe,,ETH,female,resolved,world_athletics,2026-09-02T14:42:10Z,2026-09-02T14:42:10Z
15a78e9b-cecc-411e-91bc-bc7fd1d95a10,Meseret ABEBAYAHAU,meseretabebayahau,,ETH,female,resolved,world_athletics,2026-09-02T14:42:10Z,2026-09-02T14:42:10Z
404ff7c3-e681-407e-ace2-bf8aabe4ed26,Meseret BELETE,meseretbelete,,ETH,female,resolved,world_athletics,2026-09-02T14:42:10Z,2026-09-02T14:42:10Z
04bd0935-3f76-4850-938b-574d25e7e37a,Meseret DINKE,meseretdinke,,ETH,female,resolved,world_athletics,2026-09-02T14:42:10Z,2026-09-02T14:42:10Z
876512dd-8b9a-49fd-b3d7-e17c63088d20,Meseret GEBRE,meseretgebre,,ETH,female,resolved,world_athletics,2026-09-02T14:42:10Z,2026-09-02T14:42:10Z
d9a19e66-25a9-4ee6-907d-abef2b8015e1,Meseret YESHANEH,meseretyeshaneh,,ETH,female,resolved,world_athletics,2026-09-02T14:42:10Z,2026-09-02T14:42:10Z
0ece85ad-10dc-46f8-9968-c37ede47434a,Mesfin NEGUS,mesfinnegus,,ETH,male,resolved,world_athletics,2026-09-02T14:42:10Z,2026-09-02T14:42:10Z
c9914a38-3db7-46df-90f1-510fd1308b2f,Meshack LELGUT,meshacklelgut,,KEN,male,resolved,world_athletics,2026-09-02T14:42:10Z,2026-09-02T14:42:10Z
a86fdfa4-0297-468e-b4c0-2ceaa65b5b20,Meskerem MOLLA,meskeremmolla,,ETH,female,resolved,world_athletics,2026-09-02T14:42:10Z,2026-09-02T14:42:10Z
e7ba77dd-b127-4f73-8411-590c24bcb75f,Mestawut FIKIR,mestawutfikir,,ETH,female,resolved,world_athletics,2026-09-02T14:42:10Z,2026-09-02T14:42:10Z
55908b53-1cdf-4051-89a6-0a6e4c72d8bf,Mezgebu SIME,mezgebusime,,ETH,male,resolved,world_athletics,2026-09-02T14:42:10Z,2026-09-02T14:42:10Z
29e50d93-9333-4b66-b461-86e8e06f9ea9,Mhairi MACLENNAN,mhairimaclennan,,GBR,female,resolved,world_athletics,2026-09-02T14:42:10Z,2026-09-02T14:42:10Z
1ee79be9-a938-44ac-9aa0-8871ab5e30ce,Mia BARNETT,miabarnett,,USA,female,resolved,world_athletics,2026-09-02T14:42:10Z,2026-09-02T14:42:10Z
7f2ad734-fb13-4fc1-8cd4-4adfd718966b,Micaela DEGENERO,micaeladegenero,,USA,female,resolved,world_athletics,2026-09-02T14:42:10Z,2026-09-02T14:42:10Z
d3232854-ca3f-41c7-946f-8d9027dc660d,Micah CHEMWENO,micahchemweno,,KEN,male,resolved,world_athletics,2026-09-02T14:42:10Z,2026-09-02T14:42:10Z
4b1dc893-034d-453e-84e6-24b1bec9e8c3,Micah KOSGEI,micahkosgei,,KEN,male,resolved,world_athletics,2026-09-02T14:42:10Z,2026-09-02T14:42:10Z
c044b3fc-3dc5-4613-a80f-cfb306806977,Mica Kiplagat CHESEREK,micakiplagatcheserek,,KEN,male,resolved,world_athletics,2026-09-02T14:42:10Z,2026-09-02T14:42:10Z
89ba5a90-9e3e-49b9-af22-4fc07035eb12,Mica RIVERA,micarivera,,USA,female,resolved,world_athletics,2026-09-02T14:42:10Z,2026-09-02T14:42:10Z
cf4232d5-97cd-4feb-a47a-28f7250979cc,Michaela Meyer,michaelameyer,Michaela Meyer,USA,female,resolved,world_athletics,2026-09-02T14:42:10Z,2026-09-02T14:42:10Z
fe6ec2fd-63d1-40ae-98ee-c40f64885804,Michaela Oosthuizen,michaelaoosthuizen,Michaela Oosthuizen,RSA,female,resolved,world_athletics,2026-09-02T14:42:10Z,2026-09-02T14:42:10Z
aa3e7e7e-a3f3-420f-a838-7fb13e0d73d2,Michaela ROSE,michaelarose,,USA,female,resolved,world_athletics,2026-09-02T14:42:10Z,2026-09-02T14:42:10Z
e25eab9f-fb5c-46bf-b9eb-a00e174964be,Michael CURTI,michaelcurti,,SUI,male,resolved,world_athletics,2026-09-02T14:42:10Z,2026-09-02T14:42:10Z
9b7cc543-0c12-4ffd-944b-1fd02bdbc180,Michael KAMAU,michaelkamau,,KEN,male,resolved,world_athletics,2026-09-02T14:42:10Z,2026-09-02T14:42:10Z
520f9826-439d-49bb-b66e-834d66a35637,Michael Mugo GITHAE,michaelmugogithae,,KEN,male,resolved,world_athletics,2026-09-02T14:42:10Z,2026-09-02T14:42:10Z
488910d8-0996-45ec-a639-e3cfb001325e,Michael Somers,michaelsomers,Michael Somers,BEL,male,resolved,world_athletics,2026-09-02T14:42:10Z,2026-09-02T14:42:10Z
3e6851fc-482f-4a49-a509-12b61b12d6bf,Michal HROCH,michalhroch,,CZE,male,resolved,world_athletics,2026-09-02T14:42:10Z,2026-09-02T14:42:10Z
8f074d3e-637f-4edf-8de9-6184fcde0ee4,Michał ROZMYS,micharozmys,,POL,male,resolved,world_athletics,2026-09-02T14:42:10Z,2026-09-02T14:42:10Z
e54f0b2c-de63-4f1d-8b27-a3dff848e871,Michelle FINN,michellefinn,,IRL,female,resolved,world_athletics,2026-09-02T14:42:10Z,2026-09-02T14:42:10Z
b8f991bd-a1a7-4c66-acec-ab9dd86773bf,Mickael YEYE,mickaelyeye,,FRA,male,resolved,world_athletics,2026-09-02T14:42:10Z,2026-09-02T14:42:10Z
5bb8575e-bcb2-49ef-82dc-70b9ba75a7a7,Mick STANOVSEK,mickstanovsek,,AUS,male,resolved,world_athletics,2026-09-02T14:42:10Z,2026-09-02T14:42:10Z
b72496c6-a42d-4c72-b78a-18997b4791fc,Micol MAJORI,micolmajori,,ITA,female,resolved,world_athletics,2026-09-02T14:42:10Z,2026-09-02T14:42:10Z
f583da6b-edce-48dc-8107-b7d855073cec,Miguel BAIDAL,miguelbaidal,,ESP,male,resolved,world_athletics,2026-09-02T14:42:10Z,2026-09-02T14:42:10Z
811e6f46-a58c-458e-882d-b3c474bf2ccc,Miguel COCA,miguelcoca,,USA,male,resolved,world_athletics,2026-09-02T14:42:10Z,2026-09-02T14:42:10Z
bf88c207-b252-4d2c-afc3-b72664def38e,Miguel MOREIRA,miguelmoreira,,POR,male,resolved,world_athletics,2026-09-02T14:42:10Z,2026-09-02T14:42:10Z
5c365c4a-2fcc-4073-b330-1d7a2729e037,Mike CHEMATOT,mikechematot,,KEN,male,resolved,world_athletics,2026-09-02T14:42:10Z,2026-09-02T14:42:10Z
c47ca1a4-739d-4be5-94d1-818a476c0aaa,Mike Foppen,mikefoppen,Mike Foppen,NED,male,resolved,world_athletics,2026-09-02T14:42:10Z,2026-09-02T14:42:10Z
aa4ba467-c462-4f52-b55e-56f190bfa5ca,Mike Kiptum BOIT,mikekiptumboit,,KEN,male,resolved,world_athletics,2026-09-02T14:42:10Z,2026-09-02T14:42:10Z
10039640-29d4-40b7-877a-076c45bc15b3,Miku HIRASHIMA,mikuhirashima,,JPN,female,resolved,world_athletics,2026-09-02T14:42:10Z,2026-09-02T14:42:10Z
ab964e35-a8b1-4f29-b8ef-386f77f65f7d,Mikuni YADA,mikuniyada,,JPN,female,resolved,world_athletics,2026-09-02T14:42:10Z,2026-09-02T14:42:10Z
80dcb798-c92e-4a21-8e3c-10dac0c735ab,Milena KORBUT,milenakorbut,,POL,female,resolved,world_athletics,2026-09-02T14:42:10Z,2026-09-02T14:42:10Z
990a3d02-50bd-4a5f-8101-e80cd5f1aed2,Militsa Mircheva,militsamircheva,Militsa Mircheva,BUL,female,resolved,world_athletics,2026-09-02T14:42:10Z,2026-09-02T14:42:10Z
c11e54d2-d638-4e41-82ff-3e7b7620a9f2,Milkesa FIKADU,milkesafikadu,,ETH,male,resolved,world_athletics,2026-09-02T14:42:10Z,2026-09-02T14:42:10Z
93d3c237-ed55-4fac-a7c2-4106d3511b69,Milkesa MENGESHA,milkesamengesha,,ETH,male,resolved,world_athletics,2026-09-02T14:42:10Z,2026-09-02T14:42:10Z
b98aca71-1847-4f76-9496-84a8127e61f3,Milkitu MULETA,milkitumuleta,,ETH,female,resolved,world_athletics,2026-09-02T14:42:10Z,2026-09-02T14:42:10Z
f80742ad-0797-4dfd-baf2-d460b4e85807,Min Liu,minliu,Min Liu,CHN,female,resolved,world_athletics,2026-09-02T14:42:10Z,2026-09-02T14:42:10Z
bdd7b118-01c4-4198-a0ab-5deb2b70beed,Mio KURODA,miokuroda,,JPN,female,resolved,world_athletics,2026-09-02T14:42:10Z,2026-09-02T14:42:10Z
f09d658c-f2bd-43e6-a73c-33d351a6f593,Miriam CHEBET,miriamchebet,,KEN,female,resolved,world_athletics,2026-09-02T14:42:10Z,2026-09-02T14:42:10Z
41b6a72e-83e4-4031-8721-359b513e39f5,Miriam Chepkech SEREM,miriamchepkechserem,,KEN,female,resolved,world_athletics,2026-09-02T14:42:10Z,2026-09-02T14:42:10Z
bc5d9e35-19e6-4a7f-89a9-054303796a2e,Miriam DATTKE,miriamdattke,,GER,female,resolved,world_athletics,2026-09-02T14:42:10Z,2026-09-02T14:42:10Z
5f8794f2-f26e-45bc-ae6d-ca61205b9423,Mirriam CHEROP,mirriamcherop,,KEN,female,resolved,world_athletics,2026-09-02T14:42:10Z,2026-09-02T14:42:10Z
13b8ca01-65af-4424-95e4-ea13540da269,Misaki ICHIDA,misakiichida,,JPN,female,resolved,world_athletics,2026-09-02T14:42:10Z,2026-09-02T14:42:10Z
64266d0a-8c74-44af-8c3a-205bb4eeb86c,Misa MOHAMMED,misamohammed,,ETH,female,resolved,world_athletics,2026-09-02T14:42:10Z,2026-09-02T14:42:10Z
00930232-cffb-4dfa-bf44-6a09024fc55b,Mitku TAFA,mitkutafa,,ETH,male,resolved,world_athletics,2026-09-02T14:42:10Z,2026-09-02T14:42:10Z
4057187e-17ef-44a3-bfa1-7f251706f90d,Miu SAITOU,miusaitou,,JPN,female,resolved,world_athletics,2026-09-02T14:42:10Z,2026-09-02T14:42:10Z
9b7ce265-e941-446c-a746-b70e4e5ed8bf,Miu YAGI,miuyagi,,JPN,female,resolved,world_athletics,2026-09-02T14:42:10Z,2026-09-02T14:42:10Z
be8b80ed-3732-4cc9-85df-257298072e5e,Miyaka SUGATA,miyakasugata,,JPN,female,resolved,world_athletics,2026-09-02T14:42:10Z,2026-09-02T14:42:10Z
7ebcb58d-0d49-4ba5-b308-11565d15763a,Mizan ALEM,mizanalem,,ETH,female,resolved,world_athletics,2026-09-02T14:42:10Z,2026-09-02T14:42:10Z
18866cbd-28e9-401d-9718-5d16d7d3e978,Mizuki HIGASHI,mizukihigashi,,JPN,male,resolved,world_athletics,2026-09-02T14:42:10Z,2026-09-02T14:42:10Z
6439358d-e361-44e4-8fa5-7057dfd08486,Mizuki MATSUDA,mizukimatsuda,,JPN,female,resolved,world_athletics,2026-09-02T14:42:10Z,2026-09-02T14:42:10Z
d62226a3-cfe2-4df6-b119-c388dbc084ab,Mizuki NISHIMURA,mizukinishimura,,JPN,female,resolved,world_athletics,2026-09-02T14:42:10Z,2026-09-02T14:42:10Z
cb5e3eb0-b302-452a-8465-3f0b8ffa64c1,Moa Abounnachat BOLLERØD,moaabounnachatbollerd,,NOR,male,resolved,world_athletics,2026-09-02T14:42:10Z,2026-09-02T14:42:10Z
8ea7d100-8e8f-4589-95ce-429421c86664,Moad ZAHAFI,moadzahafi,,MAR,male,resolved,world_athletics,2026-09-02T14:42:10Z,2026-09-02T14:42:10Z
45d5cdc3-a808-430c-9690-f443cf7c1cdf,Moe SHIMIZU,moeshimizu,,JPN,female,resolved,world_athletics,2026-09-02T14:42:10Z,2026-09-02T14:42:10Z
2f0e85be-a58c-4bec-a36b-9f7c2e1a606c,Mogeni Benuel MAGOMA,mogenibenuelmagoma,,KEN,male,resolved,world_athletics,2026-09-02T14:42:10Z,2026-09-02T14:42:10Z
b98d7121-188f-48b6-9cf9-50863f06af98,Mogos SHUMAY,mogosshumay,,ERI,male,resolved,world_athletics,2026-09-02T14:42:10Z,2026-09-02T14:42:10Z
7a16b5e3-69a7-49b7-941d-9cb2653ce733,Mohad ABDIKADAR SHEIK ALI,mohadabdikadarsheikali,,ITA,male,resolved,world_athletics,2026-09-02T14:42:10Z,2026-09-02T14:42:10Z
ee7180fb-0cc4-4fd2-bfd4-3a748035989e,Mohamed ABDILAAHI,mohamedabdilaahi,,GER,male,resolved,world_athletics,2026-09-02T14:42:10Z,2026-09-02T14:42:10Z
011255e5-f5f3-4c2a-89cd-f5491a625fa3,Mohamed ABOUETTAHERY,mohamedabouettahery,,MAR,male,resolved,world_athletics,2026-09-02T14:42:10Z,2026-09-02T14:42:10Z
653aeeb8-d995-4363-8357-ddc362ac4ed4,Mohamed Ali GOUANED,mohamedaligouaned,,ALG,male,resolved,world_athletics,2026-09-02T14:42:10Z,2026-09-02T14:42:10Z
7ac6b6c2-e8d1-48a8-a939-a077328c9b20,Mohamed Amine DRABLI,mohamedaminedrabli,,ALG,male,resolved,world_athletics,2026-09-02T14:42:10Z,2026-09-02T14:42:10Z
97efa33a-c073-4a49-bdf0-a74771be5fa3,Mohamed Amin JHINAOUI,mohamedaminjhinaoui,,TUN,male,resolved,world_athletics,2026-09-02T14:42:10Z,2026-09-02T14:42:10Z
a5d89267-bfdb-4826-8d53-611b79d306b7,Mohamed ATTAOUI,mohamedattaoui,,ESP,male,resolved,world_athletics,2026-09-02T14:42:10Z,2026-09-02T14:42:10Z
428391fc-3e36-4b1f-a9f5-fc1a4252af50,Mohamed BELBACHIR,mohamedbelbachir,,ALG,male,resolved,world_athletics,2026-09-02T14:42:10Z,2026-09-02T14:42:10Z
c136e706-68c6-4284-b8d8-607e250f4abf,Mohamed CHAABOUD,mohamedchaaboud,,MAR,male,resolved,world_athletics,2026-09-02T14:42:10Z,2026-09-02T14:42:10Z
2145b982-8ae2-4a35-bc05-80c77d2baaa8,Mohamed EL GHAZOUANY,mohamedelghazouany,,MAR,male,resolved,world_athletics,2026-09-02T14:42:10Z,2026-09-02T14:42:10Z
d7ea54b7-d17a-4acd-887b-63e3420c668a,Mohamed EL TALHAOUI,mohamedeltalhaoui,,MAR,male,resolved,world_athletics,2026-09-02T14:42:10Z,2026-09-02T14:42:10Z
d5d8310e-f9bf-4c6f-acb2-723fa671c79b,Mohamed ELYOUSSFI,mohamedelyoussfi,,MAR,male,resolved,world_athletics,2026-09-02T14:42:10Z,2026-09-02T14:42:10Z
c49db4d3-39ea-4722-87bc-107ce2723ba7,Mohamed ESA,mohamedesa,,ETH,male,resolved,world_athletics,2026-09-02T14:42:10Z,2026-09-02T14:42:10Z
7e43e4e3-d1c8-43de-ba4d-47821dcd57ef,Mohamed Ibrahim JRIDI,mohamedibrahimjridi,,TUN,male,resolved,world_athletics,2026-09-02T14:42:10Z,2026-09-02T14:42:10Z
6fedaecc-c688-449b-88d8-58183ec4bbd3,Mohamed ISMAIL,mohamedismail,,DJI,male,resolved,world_athletics,2026-09-02T14:42:10Z,2026-09-02T14:42:10Z
bd6e90f1-b5ef-4a86-a86a-0af12cdd4ffa,Mohamed REDA,mohamedreda,,ESP,male,resolved,world_athletics,2026-09-02T14:42:10Z,2026-09-02T14:42:10Z
195633bb-b2d3-4b06-b809-aefc14259b3a,Mohamed TINDOUFT,mohamedtindouft,,MAR,male,resolved,world_athletics,2026-09-02T14:42:10Z,2026-09-02T14:42:10Z
5b275a85-eb4c-4812-92af-a229bb1fc261,Mohammadreza ABOOTORABI,mohammadrezaabootorabi,,SWE,male,resolved,world_athletics,2026-09-02T14:42:10Z,2026-09-02T14:42:10Z
65ffff6b-2d2a-486b-8a39-310887b7a79e,Mohammed AATAATI,mohammedaataati,,MAR,male,resolved,world_athletics,2026-09-02T14:42:10Z,2026-09-02T14:42:10Z
a66dcc9f-cda3-4cc2-b3c4-1ba960bcc9ea,Mohammed Afsal PULIKKALAKATH,mohammedafsalpulikkalakath,,IND,male,resolved,world_athletics,2026-09-02T14:42:10Z,2026-09-02T14:42:10Z
f624ea76-8a36-484a-ab99-e30c1fd2d33a,Mohammed AHMED,mohammedahmed,,CAN,male,resolved,world_athletics,2026-09-02T14:42:10Z,2026-09-02T14:42:10Z
e17ccc60-6612-474c-9033-42846f9f8fd1,Mohammed BENYETTOU,mohammedbenyettou,,ALG,male,resolved,world_athletics,2026-09-02T14:42:10Z,2026-09-02T14:42:10Z
18188364-0581-4eac-a322-a5be08ba7924,Mohammed MERBOUHI,mohammedmerbouhi,,ALG,male,resolved,world_athletics,2026-09-02T14:42:10Z,2026-09-02T14:42:10Z
47960134-5bde-42f8-8a0f-4fd6f50b7b5f,Mohcin OUTALHA,mohcinoutalha,,MAR,male,resolved,world_athletics,2026-09-02T14:42:10Z,2026-09-02T14:42:10Z
7047fcf0-fc36-438a-9a71-2fec704d6867,Moira STEWARTOVÁ,moirastewartova,,CZE,female,resolved,world_athletics,2026-09-02T14:42:10Z,2026-09-02T14:42:10Z
ce426551-59d5-4683-8d07-fdd99c156518,Mokofane Milton KEKANA,mokofanemiltonkekana,,RSA,male,resolved,world_athletics,2026-09-02T14:42:10Z,2026-09-02T14:42:10Z
6a8ec23a-2406-442d-ab5d-9e03482b2141,Mokulubete Blandina MAKATISI,mokulubeteblandinamakatisi,,LES,female,resolved,world_athletics,2026-09-02T14:42:10Z,2026-09-02T14:42:10Z
518548bd-bbc7-4a84-accd-d2240b5b0317,Molly BOOKMYER,mollybookmyer,,USA,female,resolved,world_athletics,2026-09-02T14:42:10Z,2026-09-02T14:42:10Z
b0ed86b2-8e50-4fe4-8c5f-d3c16826dbc6,Molly BORN,mollyborn,,USA,female,resolved,world_athletics,2026-09-02T14:42:10Z,2026-09-02T14:42:10Z
eb58a103-b19b-4781-b346-f9aaa8570c7d,Molly Grabill,mollygrabill,Molly Grabill,USA,female,resolved,world_athletics,2026-09-02T14:42:10Z,2026-09-02T14:42:10Z
1641d646-3aca-41ff-bfd1-ea405d61d76b,Molly SMITH,mollysmith,,GBR,female,resolved,world_athletics,2026-09-02T14:42:10Z,2026-09-02T14:42:10Z
db5b09e8-24a1-4a78-887f-f850f4f909e5,Molly SUGHROUE,mollysughroue,,USA,female,resolved,world_athletics,2026-09-02T14:42:10Z,2026-09-02T14:42:10Z
43f7a3d2-3f69-4b05-82f6-cadcba578370,Momoka KAWAGUCHI,momokakawaguchi,,JPN,female,resolved,world_athletics,2026-09-02T14:42:10Z,2026-09-02T14:42:10Z
cffad714-d410-41ba-9ac3-2ee86e43ed98,Momoko HANANO,momokohanano,,JPN,female,resolved,world_athletics,2026-09-02T14:42:10Z,2026-09-02T14:42:10Z
65d9f999-6ff6-4598-8167-bda68b2d6dd1,Momoko WATANABE,momokowatanabe,,JPN,female,resolved,world_athletics,2026-09-02T14:42:10Z,2026-09-02T14:42:10Z
b29acea6-acbf-4c0a-9205-10847d70a62a,Monatcer ZAGHOU,monatcerzaghou,,MAR,male,resolved,world_athletics,2026-09-02T14:42:10Z,2026-09-02T14:42:10Z
4c8ce819-5589-4cd5-a9a1-2830720b3b08,Monica CHEBET,monicachebet,,KEN,female,resolved,world_athletics,2026-09-02T14:42:10Z,2026-09-02T14:42:10Z
e3166775-4eb6-48d2-a44b-e57899a10aef,Monika JACKIEWICZ,monikajackiewicz,,POL,female,resolved,world_athletics,2026-09-02T14:42:10Z,2026-09-02T14:42:10Z
1316eb8f-4f64-48b5-87f1-f11fa0228531,Morgan Beadlescomb,morganbeadlescomb,Morgan Beadlescomb,USA,male,resolved,world_athletics,2026-09-02T14:42:10Z,2026-09-02T14:42:10Z
2849ce16-d1d7-46d9-99fe-207958184b2c,Morgan LE GUEN,morganleguen,,SUI,male,resolved,world_athletics,2026-09-02T14:42:10Z,2026-09-02T14:42:10Z
d8ecadd6-2bb9-478f-b825-e4240ab5d271,Morgan MCDONALD,morganmcdonald,,AUS,male,resolved,world_athletics,2026-09-02T14:42:10Z,2026-09-02T14:42:10Z
6e4b23ea-f43a-466b-8414-384420cfcaf2,Morgan Mitchell,morganmitchell,Morgan Mitchell,AUS,female,resolved,world_athletics,2026-09-02T14:42:10Z,2026-09-02T14:42:10Z
2ee5f13f-9b17-4986-a3c1-1f83ac42fff6,Morgan Pearson,morganpearson,Morgan Pearson,USA,male,resolved,world_athletics,2026-09-02T14:42:10Z,2026-09-02T14:42:10Z
67c93583-a803-4e91-8445-c9385980d018,Morhad AMDOUNI,morhadamdouni,,FRA,male,resolved,world_athletics,2026-09-02T14:42:10Z,2026-09-02T14:42:10Z
2445fd3f-b289-40c1-a552-0d1861a7265a,Morine Gesare MICHIRA,morinegesaremichira,,KEN,female,resolved,world_athletics,2026-09-02T14:42:10Z,2026-09-02T14:42:10Z
4604fff5-4d91-4f48-bb18-4570376a1a15,Moses KEMEI,moseskemei,,KEN,male,resolved,world_athletics,2026-09-02T14:42:10Z,2026-09-02T14:42:10Z
8d2eb839-dcc2-4edc-94a5-82350f67f2f6,Moses KIBET,moseskibet,,KEN,male,resolved,world_athletics,2026-09-02T14:42:10Z,2026-09-02T14:42:10Z
9776f536-9792-4cbd-858d-ffe6208becf6,Moses KIPTOO,moseskiptoo,,KEN,male,resolved,world_athletics,2026-09-02T14:42:10Z,2026-09-02T14:42:10Z
6b520ae1-2e69-4ce5-aed0-68adcc50400d,Moses TARAKINYU,mosestarakinyu,,ZIM,male,resolved,world_athletics,2026-09-02T14:42:10Z,2026-09-02T14:42:10Z
b4570dfd-e292-4e7f-9851-208be5f12437,Mostafa SMAILI,mostafasmaili,,MAR,male,resolved,world_athletics,2026-09-02T14:42:10Z,2026-09-02T14:42:10Z
088eb57d-21ed-4b39-99d8-27996d606663,Motlagale TUMELO,motlagaletumelo,,RSA,male,resolved,world_athletics,2026-09-02T14:42:10Z,2026-09-02T14:42:10Z
a96e4426-d35d-46d2-a9af-9a3ba94a9172,Mouhcine BEN HACHIMI,mouhcinebenhachimi,,MAR,male,resolved,world_athletics,2026-09-02T14:42:10Z,2026-09-02T14:42:10Z
c6a3b296-8829-41b0-8810-23c6527a45ee,Muhyadin ISMAIL,muhyadinismail,,SOM,male,resolved,world_athletics,2026-09-02T14:42:10Z,2026-09-02T14:42:10Z
360e0983-27f7-45ee-9884-63056601a7f4,Muktar EDRIS,muktaredris,,ETH,male,resolved,world_athletics,2026-09-02T14:42:10Z,2026-09-02T14:42:10Z
81375f1a-713a-49be-9cc8-866a44e57e8e,Mulat BAZEZEW,mulatbazezew,,ETH,male,resolved,world_athletics,2026-09-02T14:42:10Z,2026-09-02T14:42:10Z
dc5c274b-b5f1-46bf-8a3c-7b18b5538859,Mulat TEKLE,mulattekle,,ETH,female,resolved,world_athletics,2026-09-02T14:42:10Z,2026-09-02T14:42:10Z
77f4e6e6-5752-4831-80c1-ab8b8aac9c4e,Muliye DEKEBO,muliyedekebo,,ETH,female,resolved,world_athletics,2026-09-02T14:42:10Z,2026-09-02T14:42:10Z
6a7e6273-98da-44df-a1a4-7f216fa8e687,Mulugeta Asefa UMA,mulugetaasefauma,,ETH,male,resolved,world_athletics,2026-09-02T14:42:10Z,2026-09-02T14:42:10Z
e1e1f8c9-3647-4588-9636-ea3091afea50,Muluhabt TSEGA,muluhabttsega,,ETH,female,resolved,world_athletics,2026-09-02T14:42:10Z,2026-09-02T14:42:10Z
25d7727d-d528-4869-8cc8-3590ae700c67,Munkhzaya BAYARTSOGT,munkhzayabayartsogt,,MGL,female,resolved,world_athletics,2026-09-02T14:42:10Z,2026-09-02T14:42:10Z
15e44428-94d2-4033-8d62-619325c87ec3,Musa Kipsoyan MITEI,musakipsoyanmitei,,KEN,male,resolved,world_athletics,2026-09-02T14:42:10Z,2026-09-02T14:42:10Z
e14e738d-53fd-4490-9767-a28ecaf66e73,Musa MITEI,musamitei,,KEN,male,resolved,world_athletics,2026-09-02T14:42:10Z,2026-09-02T14:42:10Z
7c4e5d96-47ef-4295-b61b-22ee2b4e70b9,Musio SAIDAMU,musiosaidamu,,KEN,male,resolved,world_athletics,2026-09-02T14:42:10Z,2026-09-02T14:42:10Z
78624f0e-c311-4451-8150-3ff400796ba6,Mustafe MUUSE,mustafemuuse,,FIN,male,resolved,world_athletics,2026-09-02T14:42:10Z,2026-09-02T14:42:10Z
e8927bff-3de3-4a81-beed-133c40633ee2,Mustapha HOUDADI,mustaphahoudadi,,MAR,male,resolved,world_athletics,2026-09-02T14:42:10Z,2026-09-02T14:42:10Z
050985b1-2302-4eec-a761-7f11fb4dd6f3,Mustefa KEDIR,mustefakedir,,ETH,male,resolved,world_athletics,2026-09-02T14:42:10Z,2026-09-02T14:42:10Z
1eefc2ea-3f21-4fe1-ae2d-548bc9116cdb,Muthoni MUIRU,muthonimuiru,,KEN,male,resolved,world_athletics,2026-09-02T14:42:10Z,2026-09-02T14:42:10Z
55a4c76a-92db-4a7e-8d5f-df0925adbd8c,Mweni KALIMI,mwenikalimi,,KEN,female,resolved,world_athletics,2026-09-02T14:42:10Z,2026-09-02T14:42:10Z
153242b7-39c1-4c80-bb28-76634aaf978d,Mykola Nyzhnyk,mykolanyzhnyk,Mykola Nyzhnyk,UKR,male,resolved,world_athletics,2026-09-02T14:42:10Z,2026-09-02T14:42:10Z
58da986f-9427-4cf5-ae2b-5e282e4e40e5,Nabil SEBBAR,nabilsebbar,,ESP,male,resolved,world_athletics,2026-09-02T14:42:10Z,2026-09-02T14:42:10Z
3b418f28-c9ab-48e0-8d8a-bad5b91f322c,Nadeel WILDSCHUTT,nadeelwildschutt,,RSA,male,resolved,world_athletics,2026-09-02T14:42:10Z,2026-09-02T14:42:10Z
f7f8b2a1-0c00-46f7-be6b-9f83b06501ae,Nadia BATTOCLETTI,nadiabattocletti,,ITA,female,resolved,world_athletics,2026-09-02T14:42:10Z,2026-09-02T14:42:10Z
7cbce55f-6656-4a5a-823b-6e8588eccd76,Nagiya MORI,nagiyamori,,JPN,male,resolved,world_athletics,2026-09-02T14:42:10Z,2026-09-02T14:42:10Z
18786710-953c-4eca-aac5-cadaca140a3d,Nagu HABTAMU,naguhabtamu,,ETH,male,resolved,world_athletics,2026-09-02T14:42:10Z,2026-09-02T14:42:10Z
24104e0c-7437-45bb-8139-6467573f78cb,Nahuel CARABAÑA,nahuelcarabana,,AND,male,resolved,world_athletics,2026-09-02T14:42:10Z,2026-09-02T14:42:10Z
42d07a5a-3a45-47ce-9111-f449c073ddb1,Naibei Kiplimo MAYEBEI,naibeikiplimomayebei,,KEN,male,resolved,world_athletics,2026-09-02T14:42:10Z,2026-09-02T14:42:10Z
b6451e54-ca35-4538-852a-a54a84e4aea7,Naima AIT ALIBOU,naimaaitalibou,,ESP,female,resolved,world_athletics,2026-09-02T14:42:10Z,2026-09-02T14:42:10Z
b0f27235-be2e-4ad4-b1fc-247060cdb040,Nanaka IZAWA,nanakaizawa,,JPN,female,resolved,world_athletics,2026-09-02T14:42:10Z,2026-09-02T14:42:10Z
dad549f3-01d3-418d-bd9e-145accb398d8,Nanami AOKI,nanamiaoki,,JPN,female,resolved,world_athletics,2026-09-02T14:42:10Z,2026-09-02T14:42:10Z
64b0f09d-8c5f-46fe-9aa9-5670a26a11cd,Nanami ARAI,nanamiarai,,JPN,male,resolved,world_athletics,2026-09-02T14:42:10Z,2026-09-02T14:42:10Z
65912557-8c4d-4e67-ab4b-814481a596fd,Nanami WATANABE,nanamiwatanabe,,JPN,female,resolved,world_athletics,2026-09-02T14:42:10Z,2026-09-02T14:42:10Z
22d11a44-eb67-461c-b92e-70a421b0d1e6,Nanase TANIMOTO,nanasetanimoto,,JPN,female,resolved,world_athletics,2026-09-02T14:42:10Z,2026-09-02T14:42:10Z
1833fdd7-2ff4-4bc2-8884-dfad691b38ab,Nancy CHEPKWURUI,nancychepkwurui,,UGA,female,resolved,world_athletics,2026-09-02T14:42:10Z,2026-09-02T14:42:10Z
2b7cf433-39a7-4e9a-b115-739126357a99,Nancy CHEPLETING,nancychepleting,,KEN,female,resolved,world_athletics,2026-09-02T14:42:10Z,2026-09-02T14:42:10Z
1a4956e1-3348-4369-98f1-abc53cd3b9c4,Nancy CHEROP,nancycherop,,KEN,female,resolved,world_athletics,2026-09-02T14:42:10Z,2026-09-02T14:42:10Z
8cc39ef3-9ff8-4e7b-8eb0-387c9eea5e45,Nancy JEPLETING,nancyjepleting,,KEN,female,resolved,world_athletics,2026-09-02T14:42:10Z,2026-09-02T14:42:10Z
efe768e7-f8cb-49d9-9e53-6f63a1aaa59b,Nancy SANG,nancysang,,KEN,female,resolved,world_athletics,2026-09-02T14:42:10Z,2026-09-02T14:42:10Z
44388438-1873-4d73-bdb4-bcfb2b97dee7,Naoki Aiba,naokiaiba,Naoki Aiba,JPN,male,resolved,world_athletics,2026-09-02T14:42:10Z,2026-09-02T14:42:10Z
7fe8b081-2085-44d0-81a7-7e38ccaf97f9,Naoki KOYAMA,naokikoyama,,JPN,male,resolved,world_athletics,2026-09-02T14:42:10Z,2026-09-02T14:42:10Z
3559ac1d-273e-4ece-902c-fdde4d5bdcc4,Naoki OTA,naokiota,,JPN,male,resolved,world_athletics,2026-09-02T14:42:10Z,2026-09-02T14:42:10Z
76ad9f3c-4a45-4efa-a4c2-f017782b7dc2,Nao KURIHARA,naokurihara,,JPN,male,resolved,world_athletics,2026-09-02T14:42:10Z,2026-09-02T14:42:10Z
0712d1cb-ab69-4602-babe-8343c3514695,Naomi KORIR,naomikorir,,KEN,female,resolved,world_athletics,2026-09-02T14:42:10Z,2026-09-02T14:42:10Z
a43c8c4d-1f19-4bf3-8132-84f1edcb83b2,Naomi TUEI,naomituei,,KEN,female,resolved,world_athletics,2026-09-02T14:42:10Z,2026-09-02T14:42:10Z
27f86910-019f-49f9-841b-e40ba261623b,Naom JEBET,naomjebet,,KEN,female,resolved,world_athletics,2026-09-02T14:42:10Z,2026-09-02T14:42:10Z
83f5d086-08f6-4ec3-9a04-44a778718b5d,Naoto HASHIMOTO,naotohashimoto,,JPN,male,resolved,world_athletics,2026-09-02T14:42:10Z,2026-09-02T14:42:10Z
f7c77e87-875e-4222-bfe8-51c76963a1f5,Narimane AMARA,narimaneamara,,ALG,female,resolved,world_athletics,2026-09-02T14:42:10Z,2026-09-02T14:42:10Z
45c1d7bc-7598-46ca-9b31-02818edd5d26,Narve Gilje NORDÅS,narvegiljenordas,,NOR,male,resolved,world_athletics,2026-09-02T14:42:10Z,2026-09-02T14:42:10Z
a8f6ca3d-1a82-453d-a944-38cfaad69517,Nassim HASSAOUS,nassimhassaous,,ESP,male,resolved,world_athletics,2026-09-02T14:42:10Z,2026-09-02T14:42:10Z
aab066be-0945-4dd7-9788-8e82bc285279,Natalіia KROL,nataliakrol,,UKR,female,resolved,world_athletics,2026-09-02T14:42:10Z,2026-09-02T14:42:10Z
555756b6-54de-4dc6-9f62-3e5f84f6af02,Natalie RULE,natalierule,,AUS,female,resolved,world_athletics,2026-09-02T14:42:10Z,2026-09-02T14:42:10Z
b5af1007-59be-4d4c-a8b3-3cf1ac19d173,Nataliya LEHONKOVA,nataliyalehonkova,,UKR,female,resolved,world_athletics,2026-09-02T14:42:10Z,2026-09-02T14:42:10Z
ac2c3d68-b5c0-4d56-88d1-624d1e60383a,Nataliya STREBKOVA,nataliyastrebkova,,UKR,female,resolved,world_athletics,2026-09-02T14:42:10Z,2026-09-02T14:42:10Z
5b54e0a3-5c9e-43b0-bafd-0a7ed7cdd0bb,Natasha PHILLIPS,natashaphillips,,GBR,female,resolved,world_athletics,2026-09-02T14:42:10Z,2026-09-02T14:42:10Z
59c6234b-a42f-4ad6-9f13-79aabe62d177,Natasha WILSON,natashawilson,,GBR,female,resolved,world_athletics,2026-09-02T14:42:10Z,2026-09-02T14:42:10Z
c621b439-5280-4431-9629-66ea4369760b,Natasha Wodak,natashawodak,Natasha wodak,CAN,female,resolved,world_athletics,2026-09-02T14:42:10Z,2026-09-02T14:42:10Z
b7b3969f-36ab-4b58-9c96-3e9d74985d7a,Nathalie BLOMQVIST,nathalieblomqvist,,FIN,female,resolved,world_athletics,2026-09-02T14:42:10Z,2026-09-02T14:42:10Z
045b0d3f-0495-4e8e-8b2e-932e5578fdb2,Nathan GREEN,nathangreen,,USA,male,resolved,world_athletics,2026-09-02T14:42:10Z,2026-09-02T14:42:10Z
dc098b75-e19d-4805-9151-9594428a7d67,Nathan Martin,nathanmartin,Nathan MARTIN,USA,male,resolved,world_athletics,2026-09-02T14:42:10Z,2026-09-02T14:42:10Z
c77847c9-8b43-4891-a3f4-3e450d91eaa2,Nathan MOUNTAIN,nathanmountain,,USA,male,resolved,world_athletics,2026-09-02T14:42:10Z,2026-09-02T14:42:10Z
80a2a957-8456-4980-8441-7533502740fd,Natosha ROGERS,natosharogers,,USA,female,resolved,world_athletics,2026-09-02T14:42:10Z,2026-09-02T14:42:10Z
f0f4c5a8-54f8-4d91-b350-8d978fffb0c1,Natoya GOULE-TOPPIN,natoyagouletoppin,,JAM,female,resolved,world_athletics,2026-09-02T14:42:10Z,2026-09-02T14:42:10Z
ee9a866f-2d33-41b0-8aaf-78f3f47fa008,Natsuki OMORI,natsukiomori,,JPN,female,resolved,world_athletics,2026-09-02T14:42:10Z,2026-09-02T14:42:10Z
57291531-51f4-4b95-8f6d-95c2ddb04c78,Natsumi MATSUSHITA,natsumimatsushita,,JPN,female,resolved,world_athletics,2026-09-02T14:42:10Z,2026-09-02T14:42:10Z
f83c35ad-aca9-44b6-b706-e9f5403bb476,Naum BOPAPE,naumbopape,,RSA,female,resolved,world_athletics,2026-09-02T14:42:10Z,2026-09-02T14:42:10Z
5e8c3c37-3a69-4c2b-8fe7-b2bfa476a9db,Navasky ANDERSON,navaskyanderson,,JAM,male,resolved,world_athletics,2026-09-02T14:42:10Z,2026-09-02T14:42:10Z
1aa4bbe6-9049-4490-8280-bb0b271283d4,Nawal YAHI,nawalyahi,,ALG,female,resolved,world_athletics,2026-09-02T14:42:10Z,2026-09-02T14:42:10Z
469d6bfe-d7f8-41c9-894c-a9e74e3b18eb,Nazret WELDU,nazretweldu,,ERI,female,resolved,world_athletics,2026-09-02T14:42:10Z,2026-09-02T14:42:10Z
27e803e7-9fd3-46e4-b673-87baa6958722,Negese MEKONEN,negesemekonen,,ETH,male,resolved,world_athletics,2026-09-02T14:42:10Z,2026-09-02T14:42:10Z
11fb5bfc-31e4-463b-93db-672bae063746,Nehemiah KIPYEGON,nehemiahkipyegon,,KEN,male,resolved,world_athletics,2026-09-02T14:42:10Z,2026-09-02T14:42:10Z
dd4fb874-f4a9-4015-86b4-339ba23b08c2,Nehemia KIMARU,nehemiakimaru,,KEN,male,resolved,world_athletics,2026-09-02T14:42:10Z,2026-09-02T14:42:10Z
e7b0f4eb-19a5-4ced-8f24-efdffc8413fc,Neheng KHATALA,nehengkhatala,,LES,female,resolved,world_athletics,2026-09-02T14:42:10Z,2026-09-02T14:42:10Z
05bb472b-a750-4f20-9573-3a2892ad9f98,Neil GOURLEY,neilgourley,,GBR,male,resolved,world_athletics,2026-09-02T14:42:10Z,2026-09-02T14:42:10Z
532e6b7b-8cee-4861-8062-67dee15fa9fa,Nekagenet CRIPPA,nekagenetcrippa,,ITA,male,resolved,world_athletics,2026-09-02T14:42:10Z,2026-09-02T14:42:10Z
63f7e8b6-3e9f-448a-b3b9-f66cffaae053,Nele WEßEL,neleweel,,GER,female,resolved,world_athletics,2026-09-02T14:42:10Z,2026-09-02T14:42:10Z
0db16988-6f07-4f68-b038-3790036fb878,Nell ROJAS,nellrojas,,USA,female,resolved,world_athletics,2026-09-02T14:42:10Z,2026-09-02T14:42:10Z
2ef2bad4-d86c-4965-b48d-3b73659f30da,Nelly CHEPCHIRCHIR,nellychepchirchir,,KEN,female,resolved,world_athletics,2026-09-02T14:42:10Z,2026-09-02T14:42:10Z
2bd1e9f5-a399-440f-ae71-c1218c2aac5c,Nelly JEPCHUMBA,nellyjepchumba,,KEN,female,resolved,world_athletics,2026-09-02T14:42:10Z,2026-09-02T14:42:10Z
89598418-aa01-4f23-84de-64b284141877,Nelly JEPKOSGEI,nellyjepkosgei,,BRN,female,resolved,world_athletics,2026-09-02T14:42:10Z,2026-09-02T14:42:10Z
2766777c-dc07-4dd3-b918-d5d065389c2f,Nelly JEPTOO,nellyjeptoo,,KEN,female,resolved,world_athletics,2026-09-02T14:42:10Z,2026-09-02T14:42:10Z
28b5b561-5d5e-4e41-9cfc-13aee027b668,Nelly TIROP,nellytirop,,KEN,female,resolved,world_athletics,2026-09-02T14:42:10Z,2026-09-02T14:42:10Z
db026957-0f98-474a-aca8-ea2a4290a98d,Nelson MANDELA,nelsonmandela,,KEN,male,resolved,world_athletics,2026-09-02T14:42:10Z,2026-09-02T14:42:10Z
46f2614e-ed86-4974-acd3-c95c2a7397de,Nelson MAPI,nelsonmapi,,KEN,male,resolved,world_athletics,2026-09-02T14:42:10Z,2026-09-02T14:42:10Z
c5949ac0-1d38-42a0-942b-f41f14b5d1e5,Nelvin JEPKEMBOI,nelvinjepkemboi,,KEN,female,resolved,world_athletics,2026-09-02T14:42:10Z,2026-09-02T14:42:10Z
26263f3d-7776-456f-854f-040f9ae89746,Neo NAMIKI,neonamiki,,JPN,male,resolved,world_athletics,2026-09-02T14:42:10Z,2026-09-02T14:42:10Z
f3295402-88be-43fd-a614-ce798eb7b567,Nesphine JEPLETING,nesphinejepleting,,KEN,female,resolved,world_athletics,2026-09-02T14:42:10Z,2026-09-02T14:42:10Z
555ec7b9-c910-4780-a81a-0902e837c294,Netsanet DESTA,netsanetdesta,,ETH,female,resolved,world_athletics,2026-09-02T14:42:10Z,2026-09-02T14:42:10Z
25fc3702-64e6-45e2-a046-179c1919f00a,Ngalula Gloria KABANGU,ngalulagloriakabangu,,ITA,female,resolved,world_athletics,2026-09-02T14:42:10Z,2026-09-02T14:42:10Z
cbe3d2e7-27d0-4f7f-815a-25418151fcfb,Nganga Joseph WAWERU,ngangajosephwaweru,,KEN,male,resolved,world_athletics,2026-09-02T14:42:10Z,2026-09-02T14:42:10Z
89bd442b-891e-4f7d-8922-4cf7b0e4462b,Nguse AMLOSOM,nguseamlosom,,ERI,male,resolved,world_athletics,2026-09-02T14:42:10Z,2026-09-02T14:42:10Z
bb17bffa-d077-4a99-acb5-feebb2675463,Nia AKINS,niaakins,,USA,female,resolved,world_athletics,2026-09-02T14:42:10Z,2026-09-02T14:42:10Z
2a38be6e-638d-49fe-b286-c4f4c783e623,Nibret KINDE,nibretkinde,,ETH,male,resolved,world_athletics,2026-09-02T14:42:10Z,2026-09-02T14:42:10Z
0f9e2e76-c177-4a00-8ac0-6bfaa988c398,Nibret MELAK,nibretmelak,,ETH,male,resolved,world_athletics,2026-09-02T14:42:10Z,2026-09-02T14:42:10Z
7257081c-7d33-4b05-b2c5-eb950b4a4e82,Nicholas GRIGGS,nicholasgriggs,,IRL,male,resolved,world_athletics,2026-09-02T14:42:10Z,2026-09-02T14:42:10Z
a9c43df5-8c32-4a17-9380-caa6ba927126,Nicholas KIPKORIR,nicholaskipkorir,,KEN,male,resolved,world_athletics,2026-09-02T14:42:10Z,2026-09-02T14:42:10Z
182e9148-e4fb-4fcb-8965-2110e185254e,Nicholas Kiplangat KEBENEI,nicholaskiplangatkebenei,,KEN,male,resolved,world_athletics,2026-09-02T14:42:10Z,2026-09-02T14:42:10Z
f9605456-3553-475f-adc1-b28af33c5a9d,Nicholas KIPTOO,nicholaskiptoo,,KEN,male,resolved,world_athletics,2026-09-02T14:42:10Z,2026-09-02T14:42:10Z
e16466b8-f8bc-4177-a998-f5dd4d5a9846,Nicholas KIRWA,nicholaskirwa,,KEN,male,resolved,world_athletics,2026-09-02T14:42:10Z,2026-09-02T14:42:10Z
eeddaa08-aedd-478e-927c-cffdbe041364,Nick Dahl,nickdahl,Nick Dahl,USA,male,resolved,world_athletics,2026-09-02T14:42:10Z,2026-09-02T14:42:10Z
f6db01fd-7aa6-4b31-8233-7df24b8cb071,Nick Foster,nickfoster,Nick Foster,USA,male,resolved,world_athletics,2026-09-02T14:42:10Z,2026-09-02T14:42:10Z
e4e38ea7-1da8-467b-9d92-8a9adf5da2c6,Nick JÄGER,nickjager,,GER,male,resolved,world_athletics,2026-09-02T14:42:10Z,2026-09-02T14:42:10Z
b10d04a0-eb9a-47fb-92cd-d98973887bc3,Nick PLANT,nickplant,,USA,male,resolved,world_athletics,2026-09-02T14:42:10Z,2026-09-02T14:42:10Z
de93b6c1-7c1b-4465-a383-e3ed752705b3,Nickson Lesiyia PARIKEN,nicksonlesiyiapariken,,KEN,male,resolved,world_athletics,2026-09-02T14:42:10Z,2026-09-02T14:42:10Z
9bd07a43-b314-4d7d-9194-5fbc53ff7d0c,Nico Boketta,nicoboketta,Nico Boketta,CZE,male,resolved,world_athletics,2026-09-02T14:42:10Z,2026-09-02T14:42:10Z
ea963e55-4e59-4f92-b000-fbebbead2c25,Nicolae Marian Felix COMAN,nicolaemarianfelixcoman,,ROU,male,resolved,world_athletics,2026-09-02T14:42:10Z,2026-09-02T14:42:10Z
d091762d-b058-4c9e-89a2-cb8f57d837ab,Nicolas-Marie DARU,nicolasmariedaru,,FRA,male,resolved,world_athletics,2026-09-02T14:42:10Z,2026-09-02T14:42:10Z
5792df8c-5eb6-4441-b45f-837cb327ae9f,Nicolas Navarro,nicolasnavarro,Nicolas Navarro,FRA,male,resolved,world_athletics,2026-09-02T14:42:10Z,2026-09-02T14:42:10Z
de63d0d0-81d6-48d2-9e35-adf921a16d0a,Nicole VANASSE,nicolevanasse,,USA,female,resolved,world_athletics,2026-09-02T14:42:10Z,2026-09-02T14:42:10Z
14469eb2-26d2-4b9f-9a1e-8e4be5fdfd83,Nico YOUNG,nicoyoung,,USA,male,resolved,world_athletics,2026-09-02T14:42:10Z,2026-09-02T14:42:10Z
61816423-2eb3-40c4-a26b-05cf19716eaa,Niels Laros,nielslaros,Niels Laros,NED,male,resolved,world_athletics,2026-09-02T14:42:10Z,2026-09-02T14:42:10Z
2a42c719-8d96-4f1a-a76b-8bde1d86047e,Niel VAN DER MERWE,nielvandermerwe,,RSA,male,resolved,world_athletics,2026-09-02T14:42:10Z,2026-09-02T14:42:10Z
35f0c9e6-2811-40c5-9dd5-c4dc8fe601fb,Nigina TUKHTAYEVA,niginatukhtayeva,,RUS,female,resolved,world_athletics,2026-09-02T14:42:10Z,2026-09-02T14:42:10Z
7ddcd2d0-1e0c-413b-be58-c51caaf07d85,Nigist GETACHEW,nigistgetachew,,ETH,female,resolved,world_athletics,2026-09-02T14:42:10Z,2026-09-02T14:42:10Z
bbcea76e-4579-4494-991a-cdcdf01056ea,Nigist MULUNEH,nigistmuluneh,,ETH,female,resolved,world_athletics,2026-09-02T14:42:10Z,2026-09-02T14:42:10Z
a11c4081-af76-44a9-9058-0ac60ca874ba,Nigsti HAFTU,nigstihaftu,,ETH,female,resolved,world_athletics,2026-09-02T14:42:10Z,2026-09-02T14:42:10Z
b8ee5b43-6a38-4bab-9a50-96d00b8154ae,Nikki HILTZ,nikkihiltz,,USA,female,resolved,world_athletics,2026-09-02T14:42:10Z,2026-09-02T14:42:10Z
e40328d4-65f2-4efc-ad51-c5cc1b6956f0,Niklas BUCHHOLZ,niklasbuchholz,,GER,male,resolved,world_athletics,2026-09-02T14:42:10Z,2026-09-02T14:42:10Z
5e80d95a-9929-45ee-833b-ec84f9a0bbc1,Nikolay VERBITSKIY,nikolayverbitskiy,,RUS,male,resolved,world_athletics,2026-09-02T14:42:10Z,2026-09-02T14:42:10Z
99238d02-6905-4023-93f8-06566a05291f,Niko SCHULTZ,nikoschultz,,USA,male,resolved,world_athletics,2026-09-02T14:42:10Z,2026-09-02T14:42:10Z
3c3fac4f-5fd4-40d4-aded-088c36888c76,Nils Voigt,nilsvoigt,Nils Voigt,GER,male,resolved,world_athletics,2026-09-02T14:42:10Z,2026-09-02T14:42:10Z
aca2af02-7716-4c70-9060-8d6b593136d9,Nina CHYDENIUS,ninachydenius,,FIN,female,resolved,world_athletics,2026-09-02T14:42:10Z,2026-09-02T14:42:10Z
8358c01a-70c2-41dc-8e44-b8fac951a0ae,Nina VUKOVIĆ,ninavukovic,,CRO,female,resolved,world_athletics,2026-09-02T14:42:10Z,2026-09-02T14:42:10Z
4c81a0a3-99dc-443f-bf4f-515e2fc45a55,Nino JAMBREŠIĆ,ninojambresic,,CRO,male,resolved,world_athletics,2026-09-02T14:42:10Z,2026-09-02T14:42:10Z
17ccf24a-a085-4e82-a70c-904c66d06aa7,Ni SHEN,nishen,,CHN,female,resolved,world_athletics,2026-09-02T14:42:10Z,2026-09-02T14:42:10Z
2711c05c-3688-4434-a37d-9feb7604535c,Nkosinathi SIBIYA,nkosinathisibiya,,RSA,male,resolved,world_athletics,2026-09-02T14:42:10Z,2026-09-02T14:42:10Z
e56d0900-0834-4ba2-af25-cd777b5370ca,Noah Baltus,noahbaltus,Noah Baltus,NED,male,resolved,world_athletics,2026-09-02T14:42:10Z,2026-09-02T14:42:10Z
9d9cb7de-42ca-4059-bae7-52801fa67c4f,Noah KIBET,noahkibet,,KEN,male,resolved,world_athletics,2026-09-02T14:42:10Z,2026-09-02T14:42:10Z
5c87eb9a-c33a-4c4e-b200-b86caa87421d,Noah KIPKEMBOI,noahkipkemboi,,KEN,male,resolved,world_athletics,2026-09-02T14:42:10Z,2026-09-02T14:42:10Z
08dbab94-c6b2-4e51-871c-a27839302ac8,Noah KIPLIMO,noahkiplimo,,KEN,male,resolved,world_athletics,2026-09-02T14:42:10Z,2026-09-02T14:42:10Z
4c86e12e-34db-4e70-bb23-3a0f3eec860d,Noah Kiprotich KIGEN,noahkiprotichkigen,,KEN,male,resolved,world_athletics,2026-09-02T14:42:10Z,2026-09-02T14:42:10Z
fee02555-3a83-4bd4-b932-7b9782b61d73,Noah Schutte,noahschutte,Noah Schutte,NED,male,resolved,world_athletics,2026-09-02T14:42:10Z,2026-09-02T14:42:10Z
648710f4-93ce-4eba-b6b4-e8a948a55e3b,Noam MAMU,noammamu,,ISR,male,resolved,world_athletics,2026-09-02T14:42:10Z,2026-09-02T14:42:10Z
f37b6ed8-a58a-42e0-8e3f-a4533eb4282e,Noélie YARIGO,noelieyarigo,,BEN,female,resolved,world_athletics,2026-09-02T14:42:10Z,2026-09-02T14:42:10Z
2e91bc94-4db7-490d-9d8f-8adf6498ff38,Nora HAUGEN,norahaugen,,NOR,female,resolved,world_athletics,2026-09-02T14:42:10Z,2026-09-02T14:42:10Z
ce51933d-7ef4-4dd2-b59b-e9948dd41abf,Norah JERUTO,norahjeruto,,KAZ,female,resolved,world_athletics,2026-09-02T14:42:10Z,2026-09-02T14:42:10Z
5d343963-911b-4030-b326-764298358278,Nóra SZABÓ,noraszabo,,HUN,female,resolved,world_athletics,2026-09-02T14:42:10Z,2026-09-02T14:42:10Z
a416f32a-62f3-4679-925b-c7c5c2ef6e69,Nozomi TANAKA,nozomitanaka,,JPN,female,resolved,world_athletics,2026-09-02T14:42:10Z,2026-09-02T14:42:10Z
6300d435-f246-4279-b814-f8f386df4454,Nuno PEREIRA,nunopereira,,POR,male,resolved,world_athletics,2026-09-02T14:42:10Z,2026-09-02T14:42:10Z
cbb88dd5-f778-44bc-8f2d-98992eeddede,Nurit SHIMELS,nuritshimels,,ETH,female,resolved,world_athletics,2026-09-02T14:42:10Z,2026-09-02T14:42:10Z
2ad04854-21e9-40d2-abd9-b67823595a7f,Nwabisa MJOLI,nwabisamjoli,,RSA,female,resolved,world_athletics,2026-09-02T14:42:10Z,2026-09-02T14:42:10Z
cf77fc2d-a437-44d2-9b4a-398fab7b88d8,Obse ABDETA,obseabdeta,,ETH,female,resolved,world_athletics,2026-09-02T14:42:10Z,2026-09-02T14:42:10Z
f762a346-fc12-4e44-ac4c-6bb838c64c98,Oksana DOLYNCHUK,oksanadolynchuk,,UKR,female,resolved,world_athletics,2026-09-02T14:42:10Z,2026-09-02T14:42:10Z
0502e083-73cd-4289-b632-2de0ab57117e,Ole Hesselbjerg,olehesselbjerg,Ole Hesselbjerg,DEN,male,resolved,world_athletics,2026-09-02T14:42:10Z,2026-09-02T14:42:10Z
92ddcb68-bf93-462b-bf0e-cbf6e0459b0d,Ole Jakob Solbu,olejakobsolbu,Ole Jakob Solbu,NOR,male,resolved,world_athletics,2026-09-02T14:42:10Z,2026-09-02T14:42:10Z
c0f9d882-cb09-42e4-b13e-5148eed1f676,Olga Nyzhnyk,olganyzhnyk,Olga Nyzhnyk,UKR,female,resolved,world_athletics,2026-09-02T14:42:10Z,2026-09-02T14:42:10Z
50b15f67-adf7-4b5f-9ac9-e05540e5df39,Olga RODIOSHKINA,olgarodioshkina,,RUS,female,resolved,world_athletics,2026-09-02T14:42:10Z,2026-09-02T14:42:10Z
26870a75-6229-4133-955d-1f8355364af7,Olga VOVK,olgavovk,,RUS,female,resolved,world_athletics,2026-09-02T14:42:10Z,2026-09-02T14:42:10Z
dcad7185-0006-4f0e-bf99-72d169d86245,Olha LYAKHOVA,olhalyakhova,,UKR,female,resolved,world_athletics,2026-09-02T14:42:10Z,2026-09-02T14:42:10Z
f5f184b7-2517-4432-a23f-4fdb50261701,Olika ADUGNA,olikaadugna,,ETH,male,resolved,world_athletics,2026-09-02T14:42:10Z,2026-09-02T14:42:10Z
9acf1c88-fc43-4d6c-bcef-65384c745c60,Olimpia BREZA,olimpiabreza,,POL,female,resolved,world_athletics,2026-09-02T14:42:10Z,2026-09-02T14:42:10Z
b679f0fd-98cc-4c32-81cb-f96f3acead87,Olin Hacker,olinhacker,Olin Hacker,USA,male,resolved,world_athletics,2026-09-02T14:42:10Z,2026-09-02T14:42:10Z
510e16e3-5cc8-4572-8157-ac7191a1e41d,Oliver HOARE,oliverhoare,,AUS,male,resolved,world_athletics,2026-09-02T14:42:10Z,2026-09-02T14:42:10Z
011c785a-314c-46d8-a88f-9245df288315,Olivia Baker,oliviabaker,Olivia Baker,USA,female,resolved,world_athletics,2026-09-02T14:42:10Z,2026-09-02T14:42:10Z
beafab64-f54a-416d-855a-c9533a6053e2,Olivia GÜRTH,oliviagurth,,GER,female,resolved,world_athletics,2026-09-02T14:42:10Z,2026-09-02T14:42:10Z
f0890e5f-8d7e-4191-a3ca-c3d5372928cc,Olivia HOWELL,oliviahowell,,USA,female,resolved,world_athletics,2026-09-02T14:42:10Z,2026-09-02T14:42:10Z
c91e7d9d-c5b1-49d7-b810-5bf8957f94b3,Olivia Markezich,oliviamarkezich,Olivia Markezich,USA,female,resolved,world_athletics,2026-09-02T14:42:10Z,2026-09-02T14:42:10Z
ae9bcf04-86c0-45d5-aef7-5befb30c399c,Olivia MORGANTI,oliviamorganti,,USA,female,resolved,world_athletics,2026-09-02T14:42:10Z,2026-09-02T14:42:10Z
8ea983e8-5e65-4991-9d57-41e6a1057aa9,Olivia PRATT,oliviapratt,,USA,female,resolved,world_athletics,2026-09-02T14:42:10Z,2026-09-02T14:42:10Z
04a5492b-e096-4bce-9d0d-4826d61b063f,Olivier Desmeules,olivierdesmeules,Olivier Desmeules,CAN,male,resolved,world_athletics,2026-09-02T14:42:10Z,2026-09-02T14:42:10Z
c9b1d25f-7e58-4a6d-9fa8-2b1f162e2736,Omar Ait CHITACHEN,omaraitchitachen,,MAR,male,resolved,world_athletics,2026-09-02T14:42:10Z,2026-09-02T14:42:10Z
0a60f39e-e526-476f-95bd-77c2969ea1a6,Omar SERAICH,omarseraich,,ALG,male,resolved,world_athletics,2026-09-02T14:42:10Z,2026-09-02T14:42:10Z
3eb1ea4a-c42f-434e-8bb5-b925d20667d0,Ömer Faruk BOZDAĞ,omerfarukbozdag,,TUR,male,resolved,world_athletics,2026-09-02T14:42:10Z,2026-09-02T14:42:10Z
d852225a-4dcb-418b-93e2-d49c23f4dc0e,Onesphore NZIKWINKUNDA,onesphorenzikwinkunda,,BDI,male,resolved,world_athletics,2026-09-02T14:42:10Z,2026-09-02T14:42:10Z
6e097589-6a8f-49e3-8a58-24c711fb05a3,Oqbe Kibrom RUESOM,oqbekibromruesom,,ERI,male,resolved,world_athletics,2026-09-02T14:42:10Z,2026-09-02T14:42:10Z
b531d62e-3973-4dee-8a2e-9dec6491838d,Oratile NOWE,oratilenowe,,BOT,female,resolved,world_athletics,2026-09-02T14:42:10Z,2026-09-02T14:42:10Z
40690975-d2e1-4cb8-807b-4f9456ddc4cb,Osama Zoghlami,osamazoghlami,Osama Zoghlami,ITA,male,resolved,world_athletics,2026-09-02T14:42:10Z,2026-09-02T14:42:10Z
f5bc494c-9925-44ee-b3e9-1ec1e5362995,Oscar CHELIMO,oscarchelimo,,UGA,male,resolved,world_athletics,2026-09-02T14:42:10Z,2026-09-02T14:42:10Z
058d5117-b67d-4633-8f3a-6f820ff0ae21,Oscar KIBET,oscarkibet,,UGA,male,resolved,world_athletics,2026-09-02T14:42:10Z,2026-09-02T14:42:10Z
1f6796f9-3ac9-42d6-ae3a-0dee7105fde2,Osian PERRIN,osianperrin,,GBR,male,resolved,world_athletics,2026-09-02T14:42:10Z,2026-09-02T14:42:10Z
26b1e585-49b3-4692-ac1b-222eece914b2,Ossama EL KABBOURI,ossamaelkabbouri,,ITA,male,resolved,world_athletics,2026-09-02T14:42:10Z,2026-09-02T14:42:10Z
bf8cdb12-014f-433c-bc22-c2f40a171260,Ossama MESLEK,ossamameslek,,ITA,male,resolved,world_athletics,2026-09-02T14:42:10Z,2026-09-02T14:42:10Z
d6c252c3-2ead-4bf9-aaee-b1e08307fe0f,Othmane EL GOUMRI,othmaneelgoumri,,MAR,male,resolved,world_athletics,2026-09-02T14:42:10Z,2026-09-02T14:42:10Z
e665da17-9111-4153-a9dc-710fd5f89a3a,Oussama CHERRAD,oussamacherrad,,ALG,male,resolved,world_athletics,2026-09-02T14:42:10Z,2026-09-02T14:42:10Z
a11bbcb4-8d62-49fd-b1d6-024ae037d064,Oussama EL BOUCHAYBY,oussamaelbouchayby,,MAR,male,resolved,world_athletics,2026-09-02T14:42:10Z,2026-09-02T14:42:10Z
f05ae050-de25-4893-96db-d062f40990b6,Oussama NABIL,oussamanabil,,MAR,male,resolved,world_athletics,2026-09-02T14:42:10Z,2026-09-02T14:42:10Z
2654c7f7-4c45-4ba1-a95b-b7f806cc8d51,Owen KARAS,owenkaras,,USA,male,resolved,world_athletics,2026-09-02T14:42:10Z,2026-09-02T14:42:10Z
981c1746-b01d-49ed-adf7-43573b31a153,Pablo SÁNCHEZ,pablosanchez,,ESP,male,resolved,world_athletics,2026-09-02T14:42:10Z,2026-09-02T14:42:10Z
3985bbd6-bfbd-4930-b471-a1a4bba80a9f,Paityn NOE,paitynnoe,,USA,female,resolved,world_athletics,2026-09-02T14:42:10Z,2026-09-02T14:42:10Z
b326360f-2a77-4e92-9c38-2216486be067,Pamela KOSGEI,pamelakosgei,,KEN,female,resolved,world_athletics,2026-09-02T14:42:10Z,2026-09-02T14:42:10Z
6b7f0ba4-904f-4ece-b2eb-19cdd1bdb7d9,Pamela ROTICH,pamelarotich,,KEN,female,resolved,world_athletics,2026-09-02T14:42:10Z,2026-09-02T14:42:10Z
6acfc86a-0e77-4a77-a2f9-cda65f8068a8,Panpan WANG,panpanwang,,CHN,female,resolved,world_athletics,2026-09-02T14:42:10Z,2026-09-02T14:42:10Z
75d84714-0706-493f-ba40-1defdb9c9353,Pan SUFANG,pansufang,,CHN,female,resolved,world_athletics,2026-09-02T14:42:10Z,2026-09-02T14:42:10Z
19831b94-a3d6-474a-923a-f388e32ea0e3,Panuel MKUNGO,panuelmkungo,,KEN,male,resolved,world_athletics,2026-09-02T14:42:10Z,2026-09-02T14:42:10Z
7a74d071-72fc-44aa-b367-aaee2dad6312,Parker Stokes,parkerstokes,Parker Stokes,USA,male,resolved,world_athletics,2026-09-02T14:42:10Z,2026-09-02T14:42:10Z
2f9851f7-304b-4c0e-bd27-e654ee18dcd1,Parker VALBY,parkervalby,,USA,female,resolved,world_athletics,2026-09-02T14:42:10Z,2026-09-02T14:42:10Z
cf9374bc-e68f-4ed1-b36c-9657de0946e3,Parker Wolfe,parkerwolfe,Parker Wolfe,USA,male,resolved,world_athletics,2026-09-02T14:42:10Z,2026-09-02T14:42:10Z
7ba40c64-12a1-4b4c-9d28-b79c24a3ad31,Parul Chaudhary,parulchaudhary,Parul Chaudhary,IND,female,resolved,world_athletics,2026-09-02T14:42:10Z,2026-09-02T14:42:10Z
48aab9a8-f0d6-4353-89b8-715e2ef8369a,Parvej KHAN,parvejkhan,,IND,male,resolved,world_athletics,2026-09-02T14:42:10Z,2026-09-02T14:42:10Z
3f70aa22-fae1-4ab4-8037-c5c3de153b3e,Pascalia JEPKOGEI,pascaliajepkogei,,KEN,female,resolved,world_athletics,2026-09-02T14:42:10Z,2026-09-02T14:42:10Z
57ae65e6-9182-4262-b7b8-020e8fd29903,Pasquale SELVAROLO,pasqualeselvarolo,,ITA,male,resolved,world_athletics,2026-09-02T14:42:10Z,2026-09-02T14:42:10Z
b456598c-c155-448e-9461-bdf46c742917,Patricia SILVA,patriciasilva,,POR,female,resolved,world_athletics,2026-09-02T14:42:10Z,2026-09-02T14:42:10Z
229edb94-11df-49cb-b896-79a2119066b8,Patrick DEVER,patrickdever,,GBR,male,resolved,world_athletics,2026-09-02T14:42:10Z,2026-09-02T14:42:10Z
65bcca87-993c-4e7f-918c-6ae341124135,Patrick KAMAU,patrickkamau,,KEN,male,resolved,world_athletics,2026-09-02T14:42:10Z,2026-09-02T14:42:10Z
f27c7df2-26cf-4bba-a07b-4f02ca8deab7,Patrick KETER,patrickketer,,KEN,male,resolved,world_athletics,2026-09-02T14:42:10Z,2026-09-02T14:42:10Z
19bfacdb-f6a8-4205-93cc-72361f1bd8e7,Patrick KIPKURUI,patrickkipkurui,,KEN,male,resolved,world_athletics,2026-09-02T14:42:10Z,2026-09-02T14:42:10Z
3f2526c1-75da-4752-9344-ac90da9ca04a,Patrick Kiprop,patrickkiprop,Patrick Kiprop,KEN,male,resolved,world_athletics,2026-09-02T14:42:10Z,2026-09-02T14:42:10Z
5ad223ac-c81b-4d2c-a818-e9cc7b52e25a,Patrick MATHENGE,patrickmathenge,,KEN,male,resolved,world_athletics,2026-09-02T14:42:10Z,2026-09-02T14:42:10Z
d98de49e-5f09-41eb-a4d3-0ab40e1141a3,Patrick MOSIN,patrickmosin,,KEN,male,resolved,world_athletics,2026-09-02T14:42:10Z,2026-09-02T14:42:10Z
81590003-c6fa-4c8b-9ee9-a95277813ff6,Patrick TIERNAN,patricktiernan,,AUS,male,resolved,world_athletics,2026-09-02T14:42:10Z,2026-09-02T14:42:10Z
080121ea-4710-4efd-95ec-aa8a5ba6da6d,Patrycja KAPAŁA,patrycjakapaa,,POL,female,resolved,world_athletics,2026-09-02T14:42:10Z,2026-09-02T14:42:10Z
4e346669-1bd2-41d0-a765-592e2fe1adf9,Patryk SIERADZKI,patryksieradzki,,POL,male,resolved,world_athletics,2026-09-02T14:42:10Z,2026-09-02T14:42:10Z
fff176ed-8497-4dc7-8f13-75fc5b815709,Paul ANSELMINI,paulanselmini,,FRA,male,resolved,world_athletics,2026-09-02T14:42:10Z,2026-09-02T14:42:10Z
ce9644af-dbb5-4400-8bd5-7599dd3507eb,Paul CHELIMO,paulchelimo,,USA,male,resolved,world_athletics,2026-09-02T14:42:10Z,2026-09-02T14:42:10Z
8c489a51-ea84-4cd4-8fc7-d5228ce32d9c,Pauline Chemning KORIKWIANG,paulinechemningkorikwiang,,KEN,female,resolved,world_athletics,2026-09-02T14:42:10Z,2026-09-02T14:42:10Z
a8596f0f-e78c-4152-b850-e40e33440585,Pauline ESIKON,paulineesikon,,KEN,female,resolved,world_athletics,2026-09-02T14:42:10Z,2026-09-02T14:42:10Z
986286a1-7c76-4718-a1a4-8881c310a27f,Pauline KAMULU,paulinekamulu,,KEN,female,resolved,world_athletics,2026-09-02T14:42:10Z,2026-09-02T14:42:10Z
b3cf6a91-e2f1-45a4-83c2-4d4b2bf554c6,Pauline Narogoi ESIKON,paulinenarogoiesikon,,KEN,female,resolved,world_athletics,2026-09-02T14:42:10Z,2026-09-02T14:42:10Z
f4deb083-49c9-45cf-9727-db5fb8624dd9,Paul KIBET,paulkibet,,KEN,male,resolved,world_athletics,2026-09-02T14:42:10Z,2026-09-02T14:42:10Z
808e3c59-dbba-4445-9917-bcb28d90d88c,Paul KUIRA,paulkuira,,KEN,male,resolved,world_athletics,2026-09-02T14:42:10Z,2026-09-02T14:42:10Z
e9b2441b-468d-4174-9c5c-e0dd2c4b0cd9,Paul LONYANGATA,paullonyangata,,KEN,male,resolved,world_athletics,2026-09-02T14:42:10Z,2026-09-02T14:42:10Z
27a54c2c-3b31-4f2d-8076-86233cd4ab89,Paulo Roberto Paula,paulorobertopaula,Paulo Roberto Paula,BRA,male,resolved,world_athletics,2026-09-02T14:42:10Z,2026-09-02T14:42:10Z
34041518-d1b5-4e35-97b9-57bcaab220ed,Paulos SURAFEL,paulossurafel,,GBR,male,resolved,world_athletics,2026-09-02T14:42:10Z,2026-09-02T14:42:10Z
4ff92ca1-d828-4fb8-9701-c1b031c9c135,Paul ROBINSON,paulrobinson,,IRL,male,resolved,world_athletics,2026-09-02T14:42:10Z,2026-09-02T14:42:10Z
ce437b0c-a89c-4912-8158-047bec868acb,Paul RYAN,paulryan,,USA,male,resolved,world_athletics,2026-09-02T14:42:10Z,2026-09-02T14:42:10Z
0ba614b5-3622-4683-a65d-701b3b6bf258,Paul TIONGIK,paultiongik,,KEN,male,resolved,world_athletics,2026-09-02T14:42:10Z,2026-09-02T14:42:10Z
8e3fc272-8d73-4315-b5fe-e77a7db6b2c5,Pavla ŠTOUDKOVÁ,pavlastoudkova,,CZE,female,resolved,world_athletics,2026-09-02T14:42:10Z,2026-09-02T14:42:10Z
612bdb18-b3e5-4139-9a62-73f547577806,Pedro Gomez,pedrogomez,Pedro Gomez,ARG,male,resolved,world_athletics,2026-09-02T14:42:10Z,2026-09-02T14:42:10Z
61dc34ff-7e10-41d2-851f-daf86bb485b7,Peiyou FENG,peiyoufeng,,CHN,male,resolved,world_athletics,2026-09-02T14:42:10Z,2026-09-02T14:42:10Z
1fef8d37-9c54-47e1-ae41-14c8388053da,Pelageya DYACHKOVSKAYA,pelageyadyachkovskaya,,RUS,female,resolved,world_athletics,2026-09-02T14:42:10Z,2026-09-02T14:42:10Z
1ec0326d-b6d8-4b62-98bf-f1c69480d1f4,Penelopea GORDON,penelopeagordon,,USA,female,resolved,world_athletics,2026-09-02T14:42:10Z,2026-09-02T14:42:10Z
51711b36-94de-44be-852b-3eedf5839643,Peng GAO,penggao,,CHN,male,resolved,world_athletics,2026-09-02T14:42:10Z,2026-09-02T14:42:10Z
cf0d7179-17f4-4563-8435-e08e348b3a4d,Peres JEPCHIRCHIR,peresjepchirchir,,KEN,female,resolved,world_athletics,2026-09-02T14:42:10Z,2026-09-02T14:42:10Z
c5ee0d94-7da3-4a6b-bb87-8b7624d65bc2,Pernille KARLSEN,pernillekarlsen,,NOR,female,resolved,world_athletics,2026-09-02T14:42:10Z,2026-09-02T14:42:10Z
7136cc87-6cd8-4993-b9b3-7864226cd6a6,Per SVELA,persvela,,NOR,male,resolved,world_athletics,2026-09-02T14:42:10Z,2026-09-02T14:42:10Z
1e210040-4703-4169-8db0-593eb3c0cee9,Peruth CHEMUTAI,peruthchemutai,,UGA,female,resolved,world_athletics,2026-09-02T14:42:10Z,2026-09-02T14:42:10Z
41127b61-bd0c-4f95-b13f-8889d1ebcba5,Peter BOL,peterbol,,AUS,male,resolved,world_athletics,2026-09-02T14:42:10Z,2026-09-02T14:42:10Z
940ec4cb-1479-4073-8ebb-023b5f275fb5,Peter Herzog,peterherzog,Peter Herzog,AUT,male,resolved,world_athletics,2026-09-02T14:42:10Z,2026-09-02T14:42:10Z
6e1d6069-3e28-40f8-9516-dd81a342878c,Peter Kibui WANGARI,peterkibuiwangari,,KEN,male,resolved,world_athletics,2026-09-02T14:42:10Z,2026-09-02T14:42:10Z
2e944a30-3de6-499f-8b25-8a86e02cf8b1,Peter KIRUI,peterkirui,,KEN,male,resolved,world_athletics,2026-09-02T14:42:10Z,2026-09-02T14:42:10Z
ce615290-bec7-45e0-a8cb-c0030bc1c9ac,Peter KWEMOI,peterkwemoi,,KEN,male,resolved,world_athletics,2026-09-02T14:42:10Z,2026-09-02T14:42:10Z
76a1c939-803b-4f8b-8821-15f9dbf11102,Peter Lynch,peterlynch,Peter Lynch,IRL,male,resolved,world_athletics,2026-09-02T14:42:10Z,2026-09-02T14:42:10Z
d5c07c96-998f-4334-a4c6-aa1a1b5b9e51,Peter Mwaniki AILA,petermwanikiaila,,KEN,male,resolved,world_athletics,2026-09-02T14:42:10Z,2026-09-02T14:42:10Z
c11d8acf-506a-49b9-a5a2-11c603af93a6,Peter Mwaniki NJERU,petermwanikinjeru,,KEN,male,resolved,world_athletics,2026-09-02T14:42:10Z,2026-09-02T14:42:10Z
97afb339-5dbf-4bd4-a379-e35633e493e5,Peter Smith,petersmith,Peter Smith,USA,male,resolved,world_athletics,2026-09-02T14:42:10Z,2026-09-02T14:42:10Z
03d26263-916c-41ec-9f5f-353eda6e3c08,Petro MAMU,petromamu,,ERI,male,resolved,world_athletics,2026-09-02T14:42:10Z,2026-09-02T14:42:10Z
dddaef87-d2cf-47e0-93ff-5b190f73130c,Peyton CRAIG,peytoncraig,,AUS,male,resolved,world_athletics,2026-09-02T14:42:10Z,2026-09-02T14:42:10Z
0247e433-a62d-47d5-959c-f72db9c3307e,Phanuel Kipkosgei KOECH,phanuelkipkosgeikoech,,KEN,male,resolved,world_athletics,2026-09-02T14:42:10Z,2026-09-02T14:42:10Z
c02662de-507b-4cb2-af15-3141f1d1489f,Pheeha MOKGOBO,pheehamokgobo,,RSA,male,resolved,world_athletics,2026-09-02T14:42:10Z,2026-09-02T14:42:10Z
8ccbad8f-0b76-4921-b055-0bcffabbb7d9,Philemon KIPLAGAT,philemonkiplagat,,KEN,male,resolved,world_athletics,2026-09-02T14:42:10Z,2026-09-02T14:42:10Z
62186481-4c32-4b4a-868c-0e6871cfe9fe,Philemon Kiplagat RUTO,philemonkiplagatruto,,KEN,male,resolved,world_athletics,2026-09-02T14:42:10Z,2026-09-02T14:42:10Z
d7ee7a70-0b34-4d67-9384-cd93b1e2249c,Philemon KIPLIMO,philemonkiplimo,,KEN,male,resolved,world_athletics,2026-09-02T14:42:10Z,2026-09-02T14:42:10Z
dd79b733-bc52-4d7c-b22a-6b7a912b35db,Philemon RONO,philemonrono,,KEN,male,resolved,world_athletics,2026-09-02T14:42:10Z,2026-09-02T14:42:10Z
7607ff28-49f9-4a04-8321-076ecfb9f721,Philimon Kiptoo KIPCHUMBA,philimonkiptookipchumba,,KEN,male,resolved,world_athletics,2026-09-02T14:42:10Z,2026-09-02T14:42:10Z
16c72968-719d-4c7a-9fc1-ae5f7204dfb9,Philip KOECH,philipkoech,,KEN,male,resolved,world_athletics,2026-09-02T14:42:10Z,2026-09-02T14:42:10Z
0e1df038-3ce9-4c70-9a6e-504c24710416,Philip MULUWA,philipmuluwa,,KEN,male,resolved,world_athletics,2026-09-02T14:42:10Z,2026-09-02T14:42:10Z
589c25cc-012d-44f7-a050-3cf6320086e4,Philippa BOWDEN,philippabowden,,GBR,female,resolved,world_athletics,2026-09-02T14:42:10Z,2026-09-02T14:42:10Z
905c795c-85c9-401b-872b-d02fb9e1bf96,Philippine DE LA BIGNE,philippinedelabigne,,FRA,female,resolved,world_athletics,2026-09-02T14:42:10Z,2026-09-02T14:42:10Z
7c079498-2632-4dd2-997b-a20753241466,Philip SESEMANN,philipsesemann,,GBR,male,resolved,world_athletics,2026-09-02T14:42:10Z,2026-09-02T14:42:10Z
ea262b12-110b-42fa-ab96-eed20bcb7791,Phil NORMAN,philnorman,,GBR,male,resolved,world_athletics,2026-09-02T14:42:10Z,2026-09-02T14:42:10Z
eac8ee3c-6469-43e9-8d7c-123515665ba5,Phoebe ANDERSON,phoebeanderson,,GBR,female,resolved,world_athletics,2026-09-02T14:42:10Z,2026-09-02T14:42:10Z
c794d2ef-b441-4b03-89ec-771b8f44725a,Phoebe GILL,phoebegill,,GBR,female,resolved,world_athletics,2026-09-02T14:42:10Z,2026-09-02T14:42:10Z
4d01fbfb-4c05-473d-8eb8-941d2bdaf25f,Pierre LECHAT,pierrelechat,,FRA,male,resolved,world_athletics,2026-09-02T14:42:10Z,2026-09-02T14:42:10Z
4fa2cf83-8cd7-442f-ae21-1eb254e1e31c,Pierrik JOCTEUR-MONROZIER,pierrikjocteurmonrozier,,FRA,male,resolved,world_athletics,2026-09-02T14:42:10Z,2026-09-02T14:42:10Z
28f2ac57-09bb-4d8e-9602-194d830213bd,Piers COPELAND,pierscopeland,,GBR,male,resolved,world_athletics,2026-09-02T14:42:10Z,2026-09-02T14:42:10Z
581405da-163e-41d3-a2b1-823f441c5af1,Pieter Sisk,pietersisk,Pieter Sisk,BEL,male,resolved,world_athletics,2026-09-02T14:42:10Z,2026-09-02T14:42:10Z
70839ff5-032b-41e7-8b7b-57c49ab2e53e,Pietro ARESE,pietroarese,,ITA,male,resolved,world_athletics,2026-09-02T14:42:10Z,2026-09-02T14:42:10Z
2886852e-9501-4b36-8c2d-098f3c74a20d,Pietro RIVA,pietroriva,,ITA,male,resolved,world_athletics,2026-09-02T14:42:10Z,2026-09-02T14:42:10Z
5d52ad2f-e7dc-45f4-ba6a-81e5a54c5974,Pius Dominic ONDORO,piusdominicondoro,,KEN,male,resolved,world_athletics,2026-09-02T14:42:10Z,2026-09-02T14:42:10Z
de9739b3-405a-4009-a842-f2b8ffad8bcb,Pius KARANJA,piuskaranja,,KEN,male,resolved,world_athletics,2026-09-02T14:42:10Z,2026-09-02T14:42:10Z
ee00b4b7-fe0d-4add-9625-3f51dbb1640b,Polat Kemboi ARIKAN,polatkemboiarikan,,TUR,male,resolved,world_athletics,2026-09-02T14:42:10Z,2026-09-02T14:42:10Z
7f8c205f-cdd6-4d83-a397-00aad0d524ca,Pol MOYA,polmoya,,AND,male,resolved,world_athletics,2026-09-02T14:42:10Z,2026-09-02T14:42:10Z
1db86fc3-da59-4a03-b352-7cfc9e571d27,Pol ORIACH,poloriach,,ESP,male,resolved,world_athletics,2026-09-02T14:42:10Z,2026-09-02T14:42:10Z
7f74a8d2-a6e4-4991-a094-6c84fb70a436,Poppy TANK,poppytank,,GBR,female,resolved,world_athletics,2026-09-02T14:42:10Z,2026-09-02T14:42:10Z
563d4583-94da-4e01-b7a8-9e98223e2305,Precious Lesiba MASHELE,preciouslesibamashele,,RSA,male,resolved,world_athletics,2026-09-02T14:42:10Z,2026-09-02T14:42:10Z
23f2e089-cf08-48f4-afdc-c0ac7f5ed9b7,Presley WEEMS,presleyweems,,USA,female,resolved,world_athletics,2026-09-02T14:42:10Z,2026-09-02T14:42:10Z
41a7e5e0-43dc-4f10-8f1a-15cb5dc41643,Priscilla VAN OORSCHOT,priscillavanoorschot,,NED,female,resolved,world_athletics,2026-09-02T14:42:10Z,2026-09-02T14:42:10Z
bbe3bcfb-2ea6-4edf-8786-414e2fd08c8d,. PRITI,priti,,IND,female,resolved,world_athletics,2026-09-02T14:42:10Z,2026-09-02T14:42:10Z
de3b632b-191c-4669-b2a9-9fa26f221c2a,Prudence SEKGODISO,prudencesekgodiso,,RSA,female,resolved,world_athletics,2026-09-02T14:42:10Z,2026-09-02T14:42:10Z
de412db5-1f17-4944-9499-95910bda1c91,Purity CHEPKIRUI,puritychepkirui,,KEN,female,resolved,world_athletics,2026-09-02T14:42:10Z,2026-09-02T14:42:10Z
b61b2d7e-6076-452f-9628-43850532631c,Purity Kajuju GITONGA,puritykajujugitonga,,KEN,female,resolved,world_athletics,2026-09-02T14:42:10Z,2026-09-02T14:42:10Z
d217ae22-0e90-4ad5-ba12-507dda6a7ba2,Purity KIRUI,puritykirui,,KEN,female,resolved,world_athletics,2026-09-02T14:42:10Z,2026-09-02T14:42:10Z
57e90b72-b07d-454f-b176-305c4a92d270,Puseletso MOFOKENG,puseletsomofokeng,,RSA,male,resolved,world_athletics,2026-09-02T14:42:10Z,2026-09-02T14:42:10Z
f261a3a2-0506-461b-a466-b2ad84e1b0b8,Quamel PRINCE,quamelprince,,GUY,male,resolved,world_athletics,2026-09-02T14:42:10Z,2026-09-02T14:42:10Z
9b20ebf6-411f-4f6c-b9af-04bbc992cb4f,Quentin Tison,quentintison,Quentin Tison,FRA,male,resolved,world_athletics,2026-09-02T14:42:10Z,2026-09-02T14:42:10Z
f4be6f79-2bd4-4078-bca8-f5085d10008e,Rachael Zena CHEBET,rachaelzenachebet,,UGA,female,resolved,world_athletics,2026-09-02T14:42:10Z,2026-09-02T14:42:10Z
51002f2b-a133-4ba7-ba1c-21a8c93a7c05,Rachel GEARING,rachelgearing,,USA,female,resolved,world_athletics,2026-09-02T14:42:10Z,2026-09-02T14:42:10Z
2c04c160-3e40-4226-aa84-6a80944a7c78,Rachel MCARTHUR,rachelmcarthur,,USA,female,resolved,world_athletics,2026-09-02T14:42:10Z,2026-09-02T14:42:10Z
3df769c0-9432-43cd-a6b2-8365bb3ed656,Rachel PELLAUD,rachelpellaud,,SUI,female,resolved,world_athletics,2026-09-02T14:42:10Z,2026-09-02T14:42:10Z
f9a0307c-ec97-4314-ae31-e9adc695478d,Rachel Smith,rachelsmith,Rachel Smith,USA,female,resolved,world_athletics,2026-09-02T14:42:10Z,2026-09-02T14:42:10Z
4b5d5a6b-38c3-4735-b95b-088ea6460e8a,Rael Nguriatukei KINYARA,raelnguriatukeikinyara,,KEN,female,resolved,world_athletics,2026-09-02T14:42:10Z,2026-09-02T14:42:10Z
016de6d1-d870-45f2-bdd5-8a4cc55842fd,Raevyn ROGERS,raevynrogers,,USA,female,resolved,world_athletics,2026-09-02T14:42:10Z,2026-09-02T14:42:10Z
58fb2e95-f45c-48b8-aacc-dfa0d0894507,Rafael MUÑOZ,rafaelmunoz,,CHI,male,resolved,world_athletics,2026-09-02T14:42:10Z,2026-09-02T14:42:10Z
00d04cb2-9e37-4e3b-a152-17a8b49eb138,Rafael Vicente LOZA BEJARANO,rafaelvicentelozabejarano,,ECU,male,resolved,world_athletics,2026-09-02T14:42:10Z,2026-09-02T14:42:10Z
7fb08f7b-0d53-4789-888c-a66ee42f07d7,Rahal BOUCHFAR,rahalbouchfar,,MAR,male,resolved,world_athletics,2026-09-02T14:42:10Z,2026-09-02T14:42:10Z
3171fbac-4120-4e3a-aee3-db2eb1f00234,Rahel DANIEL,raheldaniel,,ERI,female,resolved,world_athletics,2026-09-02T14:42:10Z,2026-09-02T14:42:10Z
f120a128-9aa7-4b86-bc64-3cf13c4e7bfa,Rahma TAHIRI,rahmatahiri,,MAR,female,resolved,world_athletics,2026-09-02T14:42:10Z,2026-09-02T14:42:10Z
264fa5d8-b065-46c7-9c15-e1a59297c06b,Rahma TUSA,rahmatusa,,ETH,female,resolved,world_athletics,2026-09-02T14:42:10Z,2026-09-02T14:42:10Z
6dd37f45-389c-4c9c-ade8-f92c933ec623,Rahul HARVEER SINGH,rahulharveersingh,,IND,male,resolved,world_athletics,2026-09-02T14:42:10Z,2026-09-02T14:42:10Z
66856384-f41f-4df3-a688-eab9c4c74c03,Ramon WIPFLI,ramonwipfli,,SUI,male,resolved,world_athletics,2026-09-02T14:42:10Z,2026-09-02T14:42:10Z
c1ef247f-eb0b-4dda-bc33-a0529c06b155,Ranti Marvin DIKGALE,rantimarvindikgale,,RSA,male,resolved,world_athletics,2026-09-02T14:42:10Z,2026-09-02T14:42:10Z
c066eba8-4e36-41fc-b8b0-6c663b488712,Ran URABE,ranurabe,,JPN,female,resolved,world_athletics,2026-09-02T14:42:10Z,2026-09-02T14:42:10Z
3abadd3b-2829-4436-a9e4-d8e99a2fc8f4,Raphael DAPASH,raphaeldapash,,KEN,male,resolved,world_athletics,2026-09-02T14:42:10Z,2026-09-02T14:42:10Z
ad4b0d63-1080-4981-b314-a91dea3ef7ed,Raphael KOLIAN,raphaelkolian,,KEN,male,resolved,world_athletics,2026-09-02T14:42:10Z,2026-09-02T14:42:10Z
e81d6d28-1d92-4f3a-a71b-a401d78ef694,Raphael LONGISA,raphaellongisa,,KEN,male,resolved,world_athletics,2026-09-02T14:42:10Z,2026-09-02T14:42:10Z
ff61cec9-2614-463b-b783-7cf606332ee4,Raphael Pallitsch,raphaelpallitsch,Raphael Pallitsch,AUT,male,resolved,world_athletics,2026-09-02T14:42:10Z,2026-09-02T14:42:10Z
04dea3ef-39c6-4e3a-a2e8-49e5834ddd72,Raul VILLALONGA,raulvillalonga,,ESP,male,resolved,world_athletics,2026-09-02T14:42:10Z,2026-09-02T14:42:10Z
a3832f2c-e919-421a-8061-db19956a71cc,Raymond Kipchumba CHOGE,raymondkipchumbachoge,,KEN,male,resolved,world_athletics,2026-09-02T14:42:10Z,2026-09-02T14:42:10Z
425b8aef-0ca3-4c69-aa88-feeadcfd554d,Raymond MAGUT,raymondmagut,,KEN,male,resolved,world_athletics,2026-09-02T14:42:10Z,2026-09-02T14:42:10Z
e850b03e-737e-42e7-8680-b49a102fa214,Razini LEMETEKI,razinilemeteki,,KEN,male,resolved,world_athletics,2026-09-02T14:42:10Z,2026-09-02T14:42:10Z
ae1292e6-61df-4a18-a13d-a6135b81cc32,Rebbeca Sirwanei TANUI,rebbecasirwaneitanui,,KEN,female,resolved,world_athletics,2026-09-02T14:42:10Z,2026-09-02T14:42:10Z
fcb602af-d7bf-422b-81f1-c268ccf859d9,Rebecca Bassett,rebeccabassett,Rebecca Bassett,CAN,female,resolved,world_athletics,2026-09-02T14:42:10Z,2026-09-02T14:42:10Z
5883ec0d-b87f-4e62-92ee-d069e4552c10,Rebecca CHELANGAT,rebeccachelangat,,UGA,female,resolved,world_athletics,2026-09-02T14:42:10Z,2026-09-02T14:42:10Z
9a7a9278-4311-47af-b1a8-b35cc9861fca,Rebecca CHEPKWEMOI,rebeccachepkwemoi,,KEN,female,resolved,world_athletics,2026-09-02T14:42:10Z,2026-09-02T14:42:10Z
34dfa8d1-443b-4ccf-8532-7780705e396b,Rebecca CHEPTEGEI,rebeccacheptegei,,UGA,female,resolved,world_athletics,2026-09-02T14:42:10Z,2026-09-02T14:42:10Z
a8e19962-c726-4eaf-864b-2948b2bc9c97,Rebecca JERUTO,rebeccajeruto,,KEN,female,resolved,world_athletics,2026-09-02T14:42:10Z,2026-09-02T14:42:10Z
f3015268-2334-40e7-8ca9-59296bf7c097,Rebecca LONEDO,rebeccalonedo,,ITA,female,resolved,world_athletics,2026-09-02T14:42:10Z,2026-09-02T14:42:10Z
27ecf49d-51d2-438c-90d0-e54c5b3cd93e,Rebecca Mehra,rebeccamehra,Rebecca Mehra,USA,female,resolved,world_athletics,2026-09-02T14:42:10Z,2026-09-02T14:42:10Z
caaf3dd7-d697-4fac-90c6-c708d498d94e,Rebecca MWANGI,rebeccamwangi,,KEN,female,resolved,world_athletics,2026-09-02T14:42:10Z,2026-09-02T14:42:10Z
71cd1088-5a72-439e-b8af-d54b4c46db4a,Rebekah GREENE,rebekahgreene,,NZL,female,resolved,world_athletics,2026-09-02T14:42:10Z,2026-09-02T14:42:10Z
ded264a5-557a-4728-ac24-48d86a3fc884,Rediet DANIEL,redietdaniel,,ETH,female,resolved,world_athletics,2026-09-02T14:42:10Z,2026-09-02T14:42:10Z
df053291-8aba-40c3-88b8-f1aaba8d688e,Reece SHARMAN-NEWELL,reecesharmannewell,,GBR,male,resolved,world_athletics,2026-09-02T14:42:10Z,2026-09-02T14:42:10Z
dbff7740-4e64-4d43-b646-a8e8c95390d3,Reed Fischer,reedfischer,Reed Fischer,USA,male,resolved,world_athletics,2026-09-02T14:42:10Z,2026-09-02T14:42:10Z
c188ea2a-ad62-4abf-b1f4-6ad52f731d03,Regan Yee,reganyee,Regan Yee,CAN,female,resolved,world_athletics,2026-09-02T14:42:10Z,2026-09-02T14:42:10Z
2a139515-6990-4428-9c21-8705e5e3f837,Reimi YOSHIMURA,reimiyoshimura,,JPN,female,resolved,world_athletics,2026-09-02T14:42:10Z,2026-09-02T14:42:10Z
3aa0d56c-4af6-42d5-9455-b271142920a9,Reishi YOSHIDA,reishiyoshida,,JPN,male,resolved,world_athletics,2026-09-02T14:42:10Z,2026-09-02T14:42:10Z
ab2072bc-5177-4234-abd2-d8a330754b47,Rémi Schyns,remischyns,Rémi Schyns,BEL,male,resolved,world_athletics,2026-09-02T14:42:10Z,2026-09-02T14:42:10Z
8fa444f5-8afa-4e0c-b2e3-b5f838dbcc92,Remyo Tielsema,remyotielsema,Remyo Tielsema,NED,male,resolved,world_athletics,2026-09-02T14:42:10Z,2026-09-02T14:42:10Z
f14e5ea1-c1f1-4fb5-b909-59cd68fe19dc,Renato OGATA,renatoogata,,JPN,male,resolved,world_athletics,2026-09-02T14:42:10Z,2026-09-02T14:42:10Z
59601a02-6af6-4eb9-b4c7-4cd68ba828c8,Rene CHAMPI,renechampi,,PER,male,resolved,world_athletics,2026-09-02T14:42:10Z,2026-09-02T14:42:10Z
8c70d9d9-ccb3-436a-ac38-dc3daef9c408,Rénelle LAMOTE,renellelamote,,FRA,female,resolved,world_athletics,2026-09-02T14:42:10Z,2026-09-02T14:42:10Z
8f045bea-0278-462a-9014-c73b836072ec,Renier DE VILLIERS,renierdevilliers,,RSA,male,resolved,world_athletics,2026-09-02T14:42:10Z,2026-09-02T14:42:10Z
64c8f72d-8763-4956-ada0-ea222c509ca4,Ren UMEZAKI,renumezaki,,JPN,male,resolved,world_athletics,2026-09-02T14:42:10Z,2026-09-02T14:42:10Z
417ca951-b309-4763-8ab5-b56b9b6721dc,Ren YAMAGUCHI,renyamaguchi,,JPN,male,resolved,world_athletics,2026-09-02T14:42:10Z,2026-09-02T14:42:10Z
1af6c3d9-8bbf-4bf6-bdfb-adebd53e35c1,Ren YONEMITSU,renyonemitsu,,JPN,male,resolved,world_athletics,2026-09-02T14:42:10Z,2026-09-02T14:42:10Z
7a3d2ba9-8bcc-4135-b0bd-65ea07a1e1e9,Reo KUNIYUKI,reokuniyuki,,JPN,male,resolved,world_athletics,2026-09-02T14:42:10Z,2026-09-02T14:42:10Z
a9bed0e7-307f-42b4-9aff-8a60891e0c3c,Reuben KERIO,reubenkerio,,KEN,male,resolved,world_athletics,2026-09-02T14:42:10Z,2026-09-02T14:42:10Z
4354d0d1-14b9-4d3f-acc1-c3b6d328364b,Reuben NARRY,reubennarry,,KEN,male,resolved,world_athletics,2026-09-02T14:42:10Z,2026-09-02T14:42:10Z
14109b29-56cb-4cd1-b016-9333347d013d,Revee WALCOTT-NOLAN,reveewalcottnolan,,GBR,female,resolved,world_athletics,2026-09-02T14:42:10Z,2026-09-02T14:42:10Z
0c0018fe-c0fb-4617-988f-78c6ed07289d,Reynold CHERUIYOT,reynoldcheruiyot,,KEN,male,resolved,world_athletics,2026-09-02T14:42:10Z,2026-09-02T14:42:10Z
4a391864-8109-4161-be0b-ffea51ea818a,Rheinhardt HARRISON,rheinhardtharrison,,USA,male,resolved,world_athletics,2026-09-02T14:42:10Z,2026-09-02T14:42:10Z
e3d069b6-d47b-4482-adbe-37c69ec35785,Rhonzas Lokitam KILIMO,rhonzaslokitamkilimo,,KEN,male,resolved,world_athletics,2026-09-02T14:42:10Z,2026-09-02T14:42:10Z
0d3a367b-545d-4b68-b22b-4fb017af2c3c,Richard ETIR,richardetir,,KEN,male,resolved,world_athletics,2026-09-02T14:42:10Z,2026-09-02T14:42:10Z
b99e8bb9-e29c-4dde-ad38-8f00a78857a9,Richard Ringer,richardringer,Richard Ringer,GER,male,resolved,world_athletics,2026-09-02T14:42:10Z,2026-09-02T14:42:10Z
524b97e7-3f48-42e3-a856-282ce9c72840,Richard ROP,richardrop,,KEN,male,resolved,world_athletics,2026-09-02T14:42:10Z,2026-09-02T14:42:10Z
4fc106fb-26a2-4242-9b35-d03538e6ebb4,Richard YATOR,richardyator,,KEN,male,resolved,world_athletics,2026-09-02T14:42:10Z,2026-09-02T14:42:10Z
7a39b82f-017f-4a23-a8a5-335162bdd266,Rick VAN RIEL,rickvanriel,,NED,male,resolved,world_athletics,2026-09-02T14:42:10Z,2026-09-02T14:42:10Z
d5d9cd1e-197c-42d0-97a5-1ac41822301f,Rie KAWAUCHI,riekawauchi,,JPN,female,resolved,world_athletics,2026-09-02T14:42:10Z,2026-09-02T14:42:10Z
3dbc5708-786f-490d-aad9-421fbca27982,Rihab DHAHRI,rihabdhahri,,TUN,female,resolved,world_athletics,2026-09-02T14:42:10Z,2026-09-02T14:42:10Z
d0f3a841-0d9e-4a8d-b911-b967ffcdcf31,Rika KASEDA,rikakaseda,,JPN,female,resolved,world_athletics,2026-09-02T14:42:10Z,2026-09-02T14:42:10Z
63b03c05-5bbb-4013-ab46-43b930799010,Riki NAKANISHI,rikinakanishi,,JPN,male,resolved,world_athletics,2026-09-02T14:42:10Z,2026-09-02T14:42:10Z
12f64ee0-640f-4788-9b35-158bc2f0fe08,Riku TAMAME,rikutamame,,JPN,male,resolved,world_athletics,2026-09-02T14:42:10Z,2026-09-02T14:42:10Z
1fd49700-b015-4a38-b94f-ef3e9e595c60,Rikuto IJIMA,rikutoijima,,JPN,male,resolved,world_athletics,2026-09-02T14:42:10Z,2026-09-02T14:42:10Z
ffd6c7ec-586a-41fb-a412-96f98f25b8c8,Riley CHAMBERLAIN,rileychamberlain,,USA,female,resolved,world_athletics,2026-09-02T14:42:10Z,2026-09-02T14:42:10Z
d9d5b356-1db2-4e07-b6b8-a3b6393eeebc,Riley Flemington,rileyflemington,Riley Flemington,CAN,male,resolved,world_athletics,2026-09-02T14:42:10Z,2026-09-02T14:42:10Z
4b3104a7-e676-41da-b25e-82de950e91ff,Rina KUSU,rinakusu,,JPN,female,resolved,world_athletics,2026-09-02T14:42:10Z,2026-09-02T14:42:10Z
0367b06e-ef0e-4fe4-85c4-f7668c5ffbbc,Rinka HIDA,rinkahida,,JPN,female,resolved,world_athletics,2026-09-02T14:42:10Z,2026-09-02T14:42:10Z
cd156e54-1a85-4063-be43-40056428c881,Rin KUBO,rinkubo,,JPN,female,resolved,world_athletics,2026-09-02T14:42:10Z,2026-09-02T14:42:10Z
1fbf9502-c358-49ca-a45e-8d6528428b32,Rino GOSHIMA,rinogoshima,,JPN,female,resolved,world_athletics,2026-09-02T14:42:10Z,2026-09-02T14:42:10Z
0e991382-7143-4433-9932-86ac263f399c,Rintaro TAKEDA,rintarotakeda,,JPN,male,resolved,world_athletics,2026-09-02T14:42:10Z,2026-09-02T14:42:10Z
5946d64f-a5ca-4e49-8a2f-df607b343d1e,Ririka HIRONAKA,ririkahironaka,,JPN,female,resolved,world_athletics,2026-09-02T14:42:10Z,2026-09-02T14:42:10Z
d3143b23-a8a1-4e42-95ee-1d56d5481739,Risper GESABWA,rispergesabwa,,MEX,female,resolved,world_athletics,2026-09-02T14:42:10Z,2026-09-02T14:42:10Z
d05959f4-1c6e-4296-a399-b4b3e364aa45,Rita JELAGAT,ritajelagat,,KEN,female,resolved,world_athletics,2026-09-02T14:42:10Z,2026-09-02T14:42:10Z
b9d34b83-5812-4445-924b-31d55d0606cc,Rivaldo MARSHALL,rivaldomarshall,,JAM,male,resolved,world_athletics,2026-09-02T14:42:10Z,2026-09-02T14:42:10Z
1c4155ce-6767-4d2e-86e6-96346a74cfbe,Robe DIDA,robedida,,ETH,female,resolved,world_athletics,2026-09-02T14:42:10Z,2026-09-02T14:42:10Z
f35b6b99-c173-4e4b-ad35-4fb9f657ad70,Roberta GRONER,robertagroner,,USA,female,resolved,world_athletics,2026-09-02T14:42:10Z,2026-09-02T14:42:10Z
ae7be28e-d31c-44bb-8ed1-e033e38fa9a6,Robert DOWNS,robertdowns,,USA,male,resolved,world_athletics,2026-09-02T14:42:10Z,2026-09-02T14:42:10Z
4d9d6f79-a109-4f06-a42e-da22ed04b3b7,Robert FARKEN,robertfarken,,GER,male,resolved,world_athletics,2026-09-02T14:42:10Z,2026-09-02T14:42:10Z
95d1e4cd-0e96-4097-bd54-886c8bd88967,Robert KIPKEMBOI,robertkipkemboi,,KEN,male,resolved,world_athletics,2026-09-02T14:42:10Z,2026-09-02T14:42:10Z
a87ffe8f-691c-43a1-a0dc-cb8447af270f,Robert Kiprop KOECH,robertkipropkoech,,KEN,male,resolved,world_athletics,2026-09-02T14:42:10Z,2026-09-02T14:42:10Z
ac245069-2549-468f-b492-227d0aec92dc,Robert KWAMBAI,robertkwambai,,KEN,male,resolved,world_athletics,2026-09-02T14:42:10Z,2026-09-02T14:42:10Z
9149ac8f-d45b-490e-a4f1-1efc3f510abf,Robert MIRANDA,robertmiranda,,USA,male,resolved,world_athletics,2026-09-02T14:42:10Z,2026-09-02T14:42:10Z
8efc7238-3ef2-4cd3-900b-d197e692d35d,Robert NGENO,robertngeno,,KEN,male,resolved,world_athletics,2026-09-02T14:42:10Z,2026-09-02T14:42:10Z
d682763a-c03b-40b9-9397-27206ad82bb3,Robin HENDRIX,robinhendrix,,BEL,male,resolved,world_athletics,2026-09-02T14:42:10Z,2026-09-02T14:42:10Z
609449c8-e05e-448a-9014-665eab49f145,Robin Oester,robinoester,Robin Oester,SUI,male,resolved,world_athletics,2026-09-02T14:42:10Z,2026-09-02T14:42:10Z
212d2bbe-a55f-4d03-9517-93d22912a75a,Robin Van Riel,robinvanriel,Robin van Riel,NED,male,resolved,world_athletics,2026-09-02T14:42:10Z,2026-09-02T14:42:10Z
f13876a0-6ded-4713-b6eb-c02e458eaf1c,Rob Mcmanus,robmcmanus,Rob McManus,USA,male,resolved,world_athletics,2026-09-02T14:42:10Z,2026-09-02T14:42:10Z
29c9ae35-6473-47db-9b23-e4395c706bb0,Rob Napolitano,robnapolitano,Rob Napolitano,PUR,male,resolved,world_athletics,2026-09-02T14:42:10Z,2026-09-02T14:42:10Z
6e888391-c039-443b-ac84-4c3f59a518f7,Rodah JEPKORIR,rodahjepkorir,,KEN,female,resolved,world_athletics,2026-09-02T14:42:10Z,2026-09-02T14:42:10Z
5b328f14-ff35-49cc-97d5-e304257ef031,Rodrigue KWIZERA,rodriguekwizera,,BDI,male,resolved,world_athletics,2026-09-02T14:42:10Z,2026-09-02T14:42:10Z
03d3ea0c-a539-4127-b481-98b292ec9b1c,Rogers KIBET,rogerskibet,,UGA,male,resolved,world_athletics,2026-09-02T14:42:10Z,2026-09-02T14:42:10Z
e9d6e91c-7a77-412b-b0be-b842e1f0d533,Roisin WILLIS,roisinwillis,,USA,female,resolved,world_athletics,2026-09-02T14:42:10Z,2026-09-02T14:42:10Z
948766de-3f96-46c8-a763-51845c38e260,Rok MARKELJ,rokmarkelj,,SLO,male,resolved,world_athletics,2026-09-02T14:42:10Z,2026-09-02T14:42:10Z
f7cc1fac-a5b4-4189-a81b-b5ae2e7acd9d,Romain Legendre,romainlegendre,Romain Legendre,FRA,male,resolved,world_athletics,2026-09-02T14:42:10Z,2026-09-02T14:42:10Z
5f4edc7f-b816-4cf3-a62e-7ad4ccd276d4,Romain Mornet,romainmornet,Romain Mornet,FRA,male,resolved,world_athletics,2026-09-02T14:42:10Z,2026-09-02T14:42:10Z
e91e89ba-2cf4-4ef4-9ae0-74b73260921f,Roman GIDEY,romangidey,,ETH,female,resolved,world_athletics,2026-09-02T14:42:10Z,2026-09-02T14:42:10Z
442c175c-75a7-4e35-9c9e-4ffc97579cc1,Ronald KORIR,ronaldkorir,,KEN,male,resolved,world_athletics,2026-09-02T14:42:10Z,2026-09-02T14:42:10Z
29f69766-804a-4f15-b727-b6386ac3e697,Ronald KURGAT,ronaldkurgat,,KEN,male,resolved,world_athletics,2026-09-02T14:42:10Z,2026-09-02T14:42:10Z
f5ba58c8-3ce5-4878-9b01-032205bddf7d,Ronald KWEMOI,ronaldkwemoi,,KEN,male,resolved,world_athletics,2026-09-02T14:42:10Z,2026-09-02T14:42:10Z
9d790a40-f0d2-4c17-b432-cbdb8e445147,Ronaldo OLIVO,ronaldoolivo,,ESP,male,resolved,world_athletics,2026-09-02T14:42:10Z,2026-09-02T14:42:10Z
7e793d3b-2c0b-49bd-8009-d02e040f3e33,Roncer Kipkorir KONGA,roncerkipkorirkonga,,KEN,male,resolved,world_athletics,2026-09-02T14:42:10Z,2026-09-02T14:42:10Z
d77470d2-f4a6-4e2d-8b2a-79bf80f482e1,Rory Leonard,roryleonard,Rory Leonard,GBR,male,resolved,world_athletics,2026-09-02T14:42:10Z,2026-09-02T14:42:10Z
73b0df14-0e48-49c5-89cd-ab0929c51d25,Rory Linkletter,rorylinkletter,Rory Linkletter,CAN,male,resolved,world_athletics,2026-09-02T14:42:10Z,2026-09-02T14:42:10Z
f4d49d05-0e6b-481f-a563-87ccaec241dd,Rosa Alva CHACHA,rosaalvachacha,,ECU,female,resolved,world_athletics,2026-09-02T14:42:10Z,2026-09-02T14:42:10Z
e244895d-d6e0-4769-9c48-0b00bc00b235,Rose CHELIMO,rosechelimo,,BRN,female,resolved,world_athletics,2026-09-02T14:42:10Z,2026-09-02T14:42:10Z
23acaca5-c3fd-472a-8f6f-3a7f445f1d60,Rose Davies,rosedavies,Rose Davies,AUS,female,resolved,world_athletics,2026-09-02T14:42:10Z,2026-09-02T14:42:10Z
6f67f72b-064b-4630-88c7-521f356b94fb,Rose Mary ALMANZA,rosemaryalmanza,,CUB,female,resolved,world_athletics,2026-09-02T14:42:10Z,2026-09-02T14:42:10Z
67d90dbb-fa52-4c5b-9ca7-b3b2a8bb9d9e,Rosemary WANJIRU,rosemarywanjiru,,KEN,female,resolved,world_athletics,2026-09-02T14:42:10Z,2026-09-02T14:42:10Z
f925fde0-78a3-451f-9b1e-b9930775b17a,Rose WANGUI,rosewangui,,KEN,female,resolved,world_athletics,2026-09-02T14:42:10Z,2026-09-02T14:42:10Z
01f5b708-552e-4afc-b375-8f7c619e0c8c,Roxane Cleppe,roxanecleppe,Roxane Cleppe,BEL,female,resolved,world_athletics,2026-09-02T14:42:10Z,2026-09-02T14:42:10Z
e386d3a2-4035-437a-a8bc-94fcec1e231d,Roy Hoornweg,royhoornweg,Roy Hoornweg,NED,male,resolved,world_athletics,2026-09-02T14:42:10Z,2026-09-02T14:42:10Z
d13a1fba-b5ad-42cd-be01-cc4cc421ba03,Roza DEREJE,rozadereje,,ETH,female,resolved,world_athletics,2026-09-02T14:42:10Z,2026-09-02T14:42:10Z
b23936a7-db08-44d2-8126-88eed5c01aea,Rúben AMARAL,rubenamaral,,POR,male,resolved,world_athletics,2026-09-02T14:42:10Z,2026-09-02T14:42:10Z
72195cc1-67d4-47f7-abe0-911b6d4b3d1b,Rubén LEONARDO,rubenleonardo,,ESP,male,resolved,world_athletics,2026-09-02T14:42:10Z,2026-09-02T14:42:10Z
1d213c2e-87c4-40e6-8911-00786a92f72e,Ruben QUERINJEAN,rubenquerinjean,,LUX,male,resolved,world_athletics,2026-09-02T14:42:10Z,2026-09-02T14:42:10Z
d585b0d5-f40e-4ed2-85d5-63ac84d5368c,Ruben Verheyden,rubenverheyden,Ruben Verheyden,BEL,male,resolved,world_athletics,2026-09-02T14:42:10Z,2026-09-02T14:42:10Z
cfbdab37-5484-418a-8845-d8327cbc17d8,Rui AOKI,ruiaoki,,JPN,male,resolved,world_athletics,2026-09-02T14:42:10Z,2026-09-02T14:42:10Z
0d6ef2f6-da6b-4494-b439-89b2bb43f7a3,Ruken Tek,rukentek,Ruken Tek,TUR,female,resolved,world_athletics,2026-09-02T14:42:10Z,2026-09-02T14:42:10Z
e269ba40-0919-46b4-9577-6d37d26a60b7,Ruth CHEPNGETICH,ruthchepngetich,,KEN,female,resolved,world_athletics,2026-09-02T14:42:10Z,2026-09-02T14:42:10Z
525a746b-2cdd-4310-ba7e-416da0da74e7,Ruth JEBET,ruthjebet,,BRN,female,resolved,world_athletics,2026-09-02T14:42:10Z,2026-09-02T14:42:10Z
694ccb7e-38de-4d72-a729-426267d589b7,Ruti AGA,rutiaga,,ETH,female,resolved,world_athletics,2026-09-02T14:42:10Z,2026-09-02T14:42:10Z
40b91176-d9e9-4ade-b392-eede5f18399d,Ryan Clarke,ryanclarke,Ryan Clarke,NED,male,resolved,world_athletics,2026-09-02T14:42:10Z,2026-09-02T14:42:10Z
1ad53e6a-a933-47c8-935d-c1a51832b03e,Ryan CREECH,ryancreech,,IRL,male,resolved,world_athletics,2026-09-02T14:42:10Z,2026-09-02T14:42:10Z
9d7abeca-4c5e-4725-a301-5bfcc65de26c,Ryan Elston,ryanelston,Ryan Elston,GBR,male,resolved,world_athletics,2026-09-02T14:42:10Z,2026-09-02T14:42:10Z
91d8279c-6c79-44e5-86b9-2a361de88c3f,Ryan Ford,ryanford,Ryan Ford,USA,male,resolved,world_athletics,2026-09-02T14:42:10Z,2026-09-02T14:42:10Z
fe11bfb3-6667-4bde-b1ee-72e6faf0d201,Ryan GREGSON,ryangregson,,AUS,male,resolved,world_athletics,2026-09-02T14:42:10Z,2026-09-02T14:42:10Z
1b570d4b-cd5d-497d-82bc-a478ec4e4eaf,Ryan JOHNSON,ryanjohnson,,USA,male,resolved,world_athletics,2026-09-02T14:42:10Z,2026-09-02T14:42:10Z
1dcc7e0b-d8bb-4068-a66a-c2c33db7283c,Ryan MPHAHLELE,ryanmphahlele,,RSA,male,resolved,world_athletics,2026-09-02T14:42:10Z,2026-09-02T14:42:10Z
c162df9c-4738-40f7-94a1-c25d09f878e6,Ryan SÁNCHEZ,ryansanchez,,PUR,male,resolved,world_athletics,2026-09-02T14:42:10Z,2026-09-02T14:42:10Z
cd42ee9f-e602-40d5-949e-cd0222fbcc62,Rylee PENN,ryleepenn,,USA,female,resolved,world_athletics,2026-09-02T14:42:10Z,2026-09-02T14:42:10Z
2d6fbdac-5f33-41d8-a0a1-8932825d40bd,Rynard SWANEPOEL,rynardswanepoel,,RSA,male,resolved,world_athletics,2026-09-02T14:42:10Z,2026-09-02T14:42:10Z
6e36bb89-c291-4260-b8f7-0725cd384a4d,Ryo GODA,ryogoda,,JPN,male,resolved,world_athletics,2026-09-02T14:42:10Z,2026-09-02T14:42:10Z
ae5015ad-3606-4cc5-9631-efad28cce9e1,Ryoji Tatezawa,ryojitatezawa,Ryoji Tatezawa,JPN,male,resolved,world_athletics,2026-09-02T14:42:10Z,2026-09-02T14:42:10Z
c0021546-6c70-438c-8caf-2d3a8f2ae89f,Ryoma AOKI,ryomaaoki,,JPN,male,resolved,world_athletics,2026-09-02T14:42:10Z,2026-09-02T14:42:10Z
11b2b706-6f18-47c6-b83b-89c79eb61106,Ryo MATSUMOTO,ryomatsumoto,,JPN,male,resolved,world_athletics,2026-09-02T14:42:10Z,2026-09-02T14:42:10Z
5e0c4461-49f9-48ea-8e64-6f3885a2b4cf,Ryo SAITO,ryosaito,,JPN,male,resolved,world_athletics,2026-09-02T14:42:10Z,2026-09-02T14:42:10Z
be329275-a250-4825-946a-0c4b4cfd9bc4,Ryota EJIMA,ryotaejima,,JPN,male,resolved,world_athletics,2026-09-02T14:42:10Z,2026-09-02T14:42:10Z
71ca0186-9e7a-4118-ba44-f2a34ead7ff9,Ryota KOBAYASHI,ryotakobayashi,,JPN,male,resolved,world_athletics,2026-09-02T14:42:10Z,2026-09-02T14:42:10Z
9b93e6a1-50a5-41d4-90fe-b97db9648397,Ryota KONDO,ryotakondo,,JPN,male,resolved,world_athletics,2026-09-02T14:42:10Z,2026-09-02T14:42:10Z
d6b83fe7-6554-48fa-ba43-a416a216fc86,Ryotaro NATORI,ryotaronatori,,JPN,male,resolved,world_athletics,2026-09-02T14:42:10Z,2026-09-02T14:42:10Z
8507c5e5-bdaf-43cc-9002-ffdcad147945,Ryotaro YOSHIHARA,ryotaroyoshihara,,JPN,male,resolved,world_athletics,2026-09-02T14:42:10Z,2026-09-02T14:42:10Z
5f9b5a4c-c65a-4ac6-8beb-abcec6a38f6f,Ryo YOSHIDA,ryoyoshida,,JPN,male,resolved,world_athletics,2026-09-02T14:42:10Z,2026-09-02T14:42:10Z
d4faad62-7999-4738-baa4-ba951e215fed,Ryuichi YOSHIOKA,ryuichiyoshioka,,JPN,male,resolved,world_athletics,2026-09-02T14:42:10Z,2026-09-02T14:42:10Z
8b5b7326-1c33-418b-8ce7-f6bb61737896,Ryuji MIURA,ryujimiura,,JPN,male,resolved,world_athletics,2026-09-02T14:42:10Z,2026-09-02T14:42:10Z
c4617582-9b8c-4c11-8994-812cb746dd1d,Ryu Takaku,ryutakaku,Ryu Takaku,JPN,male,resolved,world_athletics,2026-09-02T14:42:10Z,2026-09-02T14:42:10Z
4556286b-a8fe-4fc2-92af-b5b6d06b1d08,Ryuto IGAWA,ryutoigawa,,JPN,male,resolved,world_athletics,2026-09-02T14:42:10Z,2026-09-02T14:42:10Z
5da0a49a-076c-4412-b0e8-362b47325e0f,Ryuto UEHARA,ryutouehara,,JPN,male,resolved,world_athletics,2026-09-02T14:42:10Z,2026-09-02T14:42:10Z
b6ac35c0-1bf0-4110-8332-2e51ca2953c9,Ryuto URUSHIBATA,ryutourushibata,,JPN,male,resolved,world_athletics,2026-09-02T14:42:10Z,2026-09-02T14:42:10Z
10f6c7ae-59da-4921-b4b1-0b92483a4d48,Saad ABOULFIDA,saadaboulfida,,MAR,male,resolved,world_athletics,2026-09-02T14:42:10Z,2026-09-02T14:42:10Z
95c84b5f-ba07-4558-82f8-db94300661a8,Sabastian Kimaru SAWE,sabastiankimarusawe,,KEN,male,resolved,world_athletics,2026-09-02T14:42:10Z,2026-09-02T14:42:10Z
5e65e522-487f-4e27-8840-28067333f350,Saber ABED,saberabed,,ALG,male,resolved,world_athletics,2026-09-02T14:42:10Z,2026-09-02T14:42:10Z
e03e3562-ea2e-4077-8559-7aedd980eb6c,Sabina JARZĄBEK,sabinajarzabek,,POL,female,resolved,world_athletics,2026-09-02T14:42:10Z,2026-09-02T14:42:10Z
2fc7b49b-afde-462b-8693-e4911eff76f5,Sabrina SOUTHERLAND,sabrinasoutherland,,USA,female,resolved,world_athletics,2026-09-02T14:42:10Z,2026-09-02T14:42:10Z
e3d84d5d-859e-47c2-935d-5cbea2317a4b,Sadie Engelhardt,sadieengelhardt,Sadie Engelhardt,USA,female,resolved,world_athletics,2026-09-02T14:42:10Z,2026-09-02T14:42:10Z
759fc835-1ab4-42e1-a39b-82bbaeb21ba6,Sadie SARGENT,sadiesargent,,USA,female,resolved,world_athletics,2026-09-02T14:42:10Z,2026-09-02T14:42:10Z
f94f87a6-cd3a-4191-9cd0-0a6fd719f101,Sadi HENDERSON,sadihenderson,,USA,female,resolved,world_athletics,2026-09-02T14:42:10Z,2026-09-02T14:42:10Z
f90c4d01-019c-4a55-ae56-a8598b6e0651,Sadiya AWEL,sadiyaawel,,ETH,female,resolved,world_athletics,2026-09-02T14:42:10Z,2026-09-02T14:42:10Z
5d613635-6a1a-4af2-9f0f-775ea5d7128d,Sage Hurta-Klecker,sagehurtaklecker,Sage Hurta-Klecker,USA,female,resolved,world_athletics,2026-09-02T14:42:10Z,2026-09-02T14:42:10Z
6dabb499-2177-4edd-a0e9-5fb2e87a0bca,Sahily DIAGO MESA,sahilydiagomesa,,CUB,female,resolved,world_athletics,2026-09-02T14:42:10Z,2026-09-02T14:42:10Z
971c59c1-1c44-44b3-8143-d5cda71a36c6,Sahlesilassie NIGUSSIE,sahlesilassienigussie,,ETH,male,resolved,world_athletics,2026-09-02T14:42:10Z,2026-09-02T14:42:10Z
3e93ba75-f68c-41bb-8e0b-63d5453626d8,Said AMERI,saidameri,,ALG,male,resolved,world_athletics,2026-09-02T14:42:10Z,2026-09-02T14:42:10Z
718d674a-cb13-4520-89fd-64a9cd54b9b3,Said Mechaal,saidmechaal,Said Mechaal,ESP,male,resolved,world_athletics,2026-09-02T14:42:10Z,2026-09-02T14:42:10Z
83ed1ab2-d89c-4975-ae3a-4d54e9b97248,Sair SALGADO,sairsalgado,,USA,male,resolved,world_athletics,2026-09-02T14:42:10Z,2026-09-02T14:42:10Z
64e972ae-82a1-4470-8128-626b1d3a07b6,Sakiho TSUTSUI,sakihotsutsui,,JPN,female,resolved,world_athletics,2026-09-02T14:42:10Z,2026-09-02T14:42:10Z
6c7f1cc3-9cd5-4805-8783-f286362de27f,Saki KATAGIHARA,sakikatagihara,,JPN,female,resolved,world_athletics,2026-09-02T14:42:10Z,2026-09-02T14:42:10Z
0e965868-3cdb-4b73-9d87-e3162288063a,Sala HEDDINE,salaheddine,,ESP,male,resolved,world_athletics,2026-09-02T14:42:10Z,2026-09-02T14:42:10Z
d50fb6bc-6822-432a-ab0b-58934ae334b7,Salaheddine BEN YAZIDE,salaheddinebenyazide,,MAR,male,resolved,world_athletics,2026-09-02T14:42:10Z,2026-09-02T14:42:10Z
d3812020-1203-4bd0-a18d-e089410a7e95,Salem Mohamed ATTIAALLAH,salemmohamedattiaallah,,EGY,male,resolved,world_athletics,2026-09-02T14:42:10Z,2026-09-02T14:42:10Z
67696de6-34b0-4102-acaa-eff374d10ad1,Salim Abu MAYANJA,salimabumayanja,,UGA,male,resolved,world_athletics,2026-09-02T14:42:10Z,2026-09-02T14:42:10Z
b86a8206-c91e-4b38-ba6e-e1886db6dbbf,Salim Keddar,salimkeddar,salim keddar,ALG,male,resolved,world_athletics,2026-09-02T14:42:10Z,2026-09-02T14:42:10Z
fa777811-5246-4ace-875f-f8f59b2c3800,Salomé AFONSO,salomeafonso,,POR,female,resolved,world_athletics,2026-09-02T14:42:10Z,2026-09-02T14:42:10Z
12369090-f673-47e6-8da3-30961c90456d,Salome BRUN,salomebrun,,FRA,female,resolved,world_athletics,2026-09-02T14:42:10Z,2026-09-02T14:42:10Z
c67d15eb-bf5c-42b8-ada9-b604a5c38cfd,Salomé ROCHA,salomerocha,,POR,female,resolved,world_athletics,2026-09-02T14:42:10Z,2026-09-02T14:42:10Z
fabcdd20-af59-4ef4-a671-dadcd6dd8c06,Samantha FRIBORG,samanthafriborg,,USA,female,resolved,world_athletics,2026-09-02T14:42:10Z,2026-09-02T14:42:10Z
8a253410-7caa-438c-a01f-e3a782280ba8,Samantha NADEL,samanthanadel,,USA,female,resolved,world_athletics,2026-09-02T14:42:10Z,2026-09-02T14:42:10Z
e8ca1c38-2d8d-4906-9024-eef1f90eed5e,Samantha WATSON,samanthawatson,,USA,female,resolved,world_athletics,2026-09-02T14:42:10Z,2026-09-02T14:42:10Z
d36d6d57-91a2-452f-b274-0d4da51bdb9e,Sam ATKIN,samatkin,,GBR,male,resolved,world_athletics,2026-09-02T14:42:10Z,2026-09-02T14:42:10Z
3ad087be-21d5-4e73-a44c-4ae8c21101b4,Sam BUSH,sambush,,USA,female,resolved,world_athletics,2026-09-02T14:42:10Z,2026-09-02T14:42:10Z
6ff67662-ef3c-459c-9572-f4d703069ef1,Sam CLIFFORD,samclifford,,AUS,male,resolved,world_athletics,2026-09-02T14:42:10Z,2026-09-02T14:42:10Z
c7c72052-3298-46b9-89b2-bdc741d47949,Sam ELLIS,samellis,,USA,male,resolved,world_athletics,2026-09-02T14:42:10Z,2026-09-02T14:42:10Z
e5a69362-d61a-4972-9493-be35e313a033,Sam Gilman,samgilman,Sam Gilman,USA,male,resolved,world_athletics,2026-09-02T14:42:10Z,2026-09-02T14:42:10Z
399bf436-a274-4d70-be7e-a0d7a5292df4,Samiyah HASSAN NOUR,samiyahhassannour,,DJI,female,resolved,world_athletics,2026-09-02T14:42:10Z,2026-09-02T14:42:10Z
42c7d1f3-80a4-4199-9e26-886f7f2e8da2,Sam Mcentee,sammcentee,Sam McEntee,AUS,male,resolved,world_athletics,2026-09-02T14:42:10Z,2026-09-02T14:42:10Z
ed1a29e8-1e22-4977-b955-f756fafbd140,Sammy KITWARA,sammykitwara,,KEN,male,resolved,world_athletics,2026-09-02T14:42:10Z,2026-09-02T14:42:10Z
623e375e-c509-4174-86e4-b7e4ded6cd95,Sammy KOSGEI,sammykosgei,,KEN,male,resolved,world_athletics,2026-09-02T14:42:10Z,2026-09-02T14:42:10Z
760bebe2-5155-4fd9-907c-aae21510c437,Sam Parsons,samparsons,Sam Parsons,GER,male,resolved,world_athletics,2026-09-02T14:42:10Z,2026-09-02T14:42:10Z
83fbd484-57a7-4c6b-9f8e-a99fe2fc8271,Samrawit MULUGETA,samrawitmulugeta,,ETH,female,resolved,world_athletics,2026-09-02T14:42:10Z,2026-09-02T14:42:10Z
43b159f2-3044-4f6d-803f-5ff1e8bc50b6,Samsom AMARE,samsomamare,,ERI,male,resolved,world_athletics,2026-09-02T14:42:10Z,2026-09-02T14:42:10Z
b8601895-6b4f-499f-8710-3032a8edcb8c,Samson NDIRANGU,samsonndirangu,,KEN,male,resolved,world_athletics,2026-09-02T14:42:10Z,2026-09-02T14:42:10Z
337f34e2-1934-4be2-905e-d5961c200f51,Samuel Austin,samuelaustin,Samuel Austin,USA,male,resolved,world_athletics,2026-09-02T14:42:10Z,2026-09-02T14:42:10Z
1266b5fc-326e-466d-a7b7-bf5cb1a7f5bb,Samuel Barata,samuelbarata,Samuel Barata,POR,male,resolved,world_athletics,2026-09-02T14:42:10Z,2026-09-02T14:42:10Z
ee749eed-67c3-4a7a-816e-5976f2afaff1,Samuel BUCHE,samuelbuche,,ETH,male,resolved,world_athletics,2026-09-02T14:42:10Z,2026-09-02T14:42:10Z
a1b9b40e-f1a4-423b-ae0f-03b6e9738374,Samuel Chapple,samuelchapple,Samuel Chapple,NED,male,resolved,world_athletics,2026-09-02T14:42:10Z,2026-09-02T14:42:10Z
73daa2a6-a715-4be6-b05f-09a7e13b4d32,Samuel CHARIG,samuelcharig,,GBR,male,resolved,world_athletics,2026-09-02T14:42:10Z,2026-09-02T14:42:10Z
445dd341-9138-4c49-8680-dd38585bedb8,Samuel CHELANGA,samuelchelanga,,USA,male,resolved,world_athletics,2026-09-02T14:42:10Z,2026-09-02T14:42:10Z
c844d3ee-d669-4c5e-9098-5ce0b9486288,Samuel DUGUNA,samuelduguna,,ETH,male,resolved,world_athletics,2026-09-02T14:42:10Z,2026-09-02T14:42:10Z
9273e814-e64a-4eea-8b41-df40629f35ae,Samuel FIREWU,samuelfirewu,,ETH,male,resolved,world_athletics,2026-09-02T14:42:10Z,2026-09-02T14:42:10Z
84b093ff-0939-4657-b5bb-26564e2f9f69,Samuel FITWI SIBHATU,samuelfitwisibhatu,,GER,male,resolved,world_athletics,2026-09-02T14:42:10Z,2026-09-02T14:42:10Z
3d8199d8-7d15-4aa1-84d4-1d6d0ec73b25,Samuel FREIRE,samuelfreire,,CPV,male,resolved,world_athletics,2026-09-02T14:42:10Z,2026-09-02T14:42:10Z
3a636aec-371b-4dfb-a26f-d51a1b2a354c,Samuel KIBATHI,samuelkibathi,,KEN,male,resolved,world_athletics,2026-09-02T14:42:10Z,2026-09-02T14:42:10Z
066af0d1-4ca3-4538-9ffa-6922f52f81d2,Samuel KIBET,samuelkibet,,UGA,male,resolved,world_athletics,2026-09-02T14:42:10Z,2026-09-02T14:42:10Z
03677a75-00cb-4c41-b516-65c33bbd911a,Samuel PIHLSTRÖM,samuelpihlstrom,,SWE,male,resolved,world_athletics,2026-09-02T14:42:10Z,2026-09-02T14:42:10Z
94d4444f-c3aa-498f-8db3-70614cbc5dc5,Samuel PRAKEL,samuelprakel,,USA,male,resolved,world_athletics,2026-09-02T14:42:10Z,2026-09-02T14:42:10Z
d7ce2e2b-6222-43a9-8a83-c0756f7301db,Samuel RUSSOM,samuelrussom,,ERI,male,resolved,world_athletics,2026-09-02T14:42:10Z,2026-09-02T14:42:10Z
41a217b8-7b57-4f01-907f-61c45a78c69f,Samuel Simba CHEROP,samuelsimbacherop,,UGA,male,resolved,world_athletics,2026-09-02T14:42:10Z,2026-09-02T14:42:10Z
79f7c8cc-b56d-4e25-9f0f-8edad2e71d3a,Samuel Tanner,samueltanner,Samuel Tanner,NZL,male,resolved,world_athletics,2026-09-02T14:42:10Z,2026-09-02T14:42:10Z
4c207cf7-2ea6-45bd-8cfb-709c317018a8,Samuel TEFERA,samueltefera,,ETH,male,resolved,world_athletics,2026-09-02T14:42:10Z,2026-09-02T14:42:10Z
c7fb756e-9648-4252-8da3-b7803ab13f2f,Samuel Tsegay TESFAMARIAM,samueltsegaytesfamariam,,SWE,male,resolved,world_athletics,2026-09-02T14:42:10Z,2026-09-02T14:42:10Z
14acc70b-52f5-4623-9be1-d48a6bf2f4c7,Samuel ZELEKE,samuelzeleke,,ETH,male,resolved,world_athletics,2026-09-02T14:42:10Z,2026-09-02T14:42:10Z
462c1064-ea28-4566-9142-702966ca5533,Samwel Chebolei MASAI,samwelcheboleimasai,,KEN,male,resolved,world_athletics,2026-09-02T14:42:10Z,2026-09-02T14:42:10Z
d0d6fec3-89b5-4928-9fe0-b8a43d86a186,Samwel Nyamai MAILU,samwelnyamaimailu,,KEN,male,resolved,world_athletics,2026-09-02T14:42:10Z,2026-09-02T14:42:10Z
576a0c5a-beb1-4276-b2a3-efb21431e5f9,Sam WHITMARSH,samwhitmarsh,,USA,male,resolved,world_athletics,2026-09-02T14:42:10Z,2026-09-02T14:42:10Z
9e845b71-e9ec-496d-ae47-e0e34c90eee9,Sandrafelis Chebet TUEI,sandrafelischebettuei,,KEN,female,resolved,world_athletics,2026-09-02T14:42:10Z,2026-09-02T14:42:10Z
471f5489-e889-41f2-8bb7-0964f64c2ce5,Sanele MASONDO,sanelemasondo,,RSA,male,resolved,world_athletics,2026-09-02T14:42:10Z,2026-09-02T14:42:10Z
855cdba0-3742-4660-b226-f6ba979971fe,Sanjivani JADHAV,sanjivanijadhav,,IND,female,resolved,world_athletics,2026-09-02T14:42:10Z,2026-09-02T14:42:10Z
3eae2302-1540-4244-996f-334f1703ccde,Santiago CATROFE,santiagocatrofe,,URU,male,resolved,world_athletics,2026-09-02T14:42:10Z,2026-09-02T14:42:10Z
ad557133-cc73-4a03-b32f-57b9204864c6,Sanu JALLOW,sanujallow,,USA,female,resolved,world_athletics,2026-09-02T14:42:10Z,2026-09-02T14:42:10Z
b6be5180-4747-484f-a27e-252f9649b05d,Sara HALL,sarahall,,USA,female,resolved,world_athletics,2026-09-02T14:42:10Z,2026-09-02T14:42:10Z
2db2c764-4b21-4fdc-be8a-a98e61d81db1,Sarah Billings,sarahbillings,Sarah Billings,AUS,female,resolved,world_athletics,2026-09-02T14:42:10Z,2026-09-02T14:42:10Z
1fcdc29f-a02b-43cf-9982-06accfac9a3b,Sarah Calvert,sarahcalvert,Sarah Calvert,GBR,female,resolved,world_athletics,2026-09-02T14:42:10Z,2026-09-02T14:42:10Z
12ddaaf1-48df-4712-aac5-0b8fbcd77dd7,Sarah CHELANGAT,sarahchelangat,,UGA,female,resolved,world_athletics,2026-09-02T14:42:10Z,2026-09-02T14:42:10Z
86f29d0b-25f2-4240-9f4e-52b526382bcc,Sarah Healy,sarahhealy,Sarah Healy,IRL,female,resolved,world_athletics,2026-09-02T14:42:10Z,2026-09-02T14:42:10Z
1f06fe7d-4c67-4bf9-8c65-7d8edbb94f30,Sarah Jane UNDERWOOD,sarahjaneunderwood,,USA,female,resolved,world_athletics,2026-09-02T14:42:10Z,2026-09-02T14:42:10Z
3091d63c-13ae-4b9d-9119-150d7105f8c6,Sarah Klein,sarahklein,Sarah Klein,AUS,female,resolved,world_athletics,2026-09-02T14:42:10Z,2026-09-02T14:42:10Z
c133ed09-02cd-4ae0-861e-750ddfeaecc7,Sarah LAHTI,sarahlahti,,SWE,female,resolved,world_athletics,2026-09-02T14:42:10Z,2026-09-02T14:42:10Z
e8cdecb3-5839-4028-b915-18cd7f74a4aa,Sarah Madeleine,sarahmadeleine,Sarah Madeleine,FRA,female,resolved,world_athletics,2026-09-02T14:42:10Z,2026-09-02T14:42:10Z
ad75590a-abe5-4506-96a8-423ee2f074ec,Sarah Mcdonald,sarahmcdonald,Sarah McDonald,GBR,female,resolved,world_athletics,2026-09-02T14:42:10Z,2026-09-02T14:42:10Z
9d212a28-c597-45cb-9b6b-178ad572b7aa,Sarah MORAA,sarahmoraa,,KEN,female,resolved,world_athletics,2026-09-02T14:42:10Z,2026-09-02T14:42:10Z
34452086-f85e-46de-b065-ae800df41178,Sarah Muthoni NYAMBURA,sarahmuthoninyambura,,KEN,female,resolved,world_athletics,2026-09-02T14:42:10Z,2026-09-02T14:42:10Z
0d6393c1-c227-434d-bfc7-070f07d039e2,Sarah NAIBEI,sarahnaibei,,KEN,female,resolved,world_athletics,2026-09-02T14:42:10Z,2026-09-02T14:42:10Z
fe530f7c-c6cb-4fef-8f74-80028d0802ad,Sarah Sellers,sarahsellers,Sarah Sellers,USA,female,resolved,world_athletics,2026-09-02T14:42:10Z,2026-09-02T14:42:10Z
54152212-6d36-42fb-b332-8a87d519eb20,Sarah TAIT,sarahtait,,GBR,female,resolved,world_athletics,2026-09-02T14:42:10Z,2026-09-02T14:42:10Z
43a81156-bb9c-4913-ab5a-824818b67b30,Sarah WANJIRU,sarahwanjiru,,KEN,female,resolved,world_athletics,2026-09-02T14:42:10Z,2026-09-02T14:42:10Z
c2ff0276-4158-4f6b-98e4-7056d9e690cf,Sara LAPPALAINEN,saralappalainen,,FIN,female,resolved,world_athletics,2026-09-02T14:42:10Z,2026-09-02T14:42:10Z
4a919a58-7249-43ee-9854-39b76c140596,Sara NESTOLA,saranestola,,ITA,female,resolved,world_athletics,2026-09-02T14:42:10Z,2026-09-02T14:42:10Z
8f76dea2-5f24-48ce-89dc-c6db9a3ba036,Sara Schou KRISTENSEN,saraschoukristensen,,DEN,female,resolved,world_athletics,2026-09-02T14:42:10Z,2026-09-02T14:42:10Z
5186d748-22ad-4399-9c6f-39de14325e00,Sara VAUGHN,saravaughn,,USA,female,resolved,world_athletics,2026-09-02T14:42:10Z,2026-09-02T14:42:10Z
df06697f-c7be-4b75-a7e8-f6f867a174a1,Sardana TROFIMOVA,sardanatrofimova,,KGZ,female,resolved,world_athletics,2026-09-02T14:42:10Z,2026-09-02T14:42:10Z
963a5dbb-7371-4130-9fcc-90b6983d541e,Saron BERHE,saronberhe,,ETH,female,resolved,world_athletics,2026-09-02T14:42:10Z,2026-09-02T14:42:10Z
1a29383a-4174-4cca-b595-bf9b33398d0e,Saul ACOSTA,saulacosta,,MEX,male,resolved,world_athletics,2026-09-02T14:42:10Z,2026-09-02T14:42:10Z
a0dc86a2-7eaf-4d05-8417-d053d4fad146,Saúl ORDÓÑEZ,saulordonez,,ESP,male,resolved,world_athletics,2026-09-02T14:42:10Z,2026-09-02T14:42:10Z
5feb3259-6675-42a4-a31b-0e4d4fac02fc,Savannah Berry,savannahberry,Savannah Berry,USA,female,resolved,world_athletics,2026-09-02T14:42:10Z,2026-09-02T14:42:10Z
e2f14b3d-6ec1-4d3a-a013-c1ef9a3a42cf,Savannah Shaw,savannahshaw,Savannah Shaw,USA,female,resolved,world_athletics,2026-09-02T14:42:10Z,2026-09-02T14:42:10Z
4b62acb6-1293-473c-ab4d-f0d968c7039c,Sayaka SATO,sayakasato,,JPN,female,resolved,world_athletics,2026-09-02T14:42:10Z,2026-09-02T14:42:10Z
d51aaef4-42e2-4859-9fb3-9a23ada60227,Scott Beattie,scottbeattie,Scott Beattie,GBR,male,resolved,world_athletics,2026-09-02T14:42:10Z,2026-09-02T14:42:10Z
408b13b8-f463-4997-b29e-e6a3d77b765d,Sean Dolan,seandolan,Sean Dolan,USA,male,resolved,world_athletics,2026-09-02T14:42:10Z,2026-09-02T14:42:10Z
3ccaa9ea-4ca2-4ccb-a32f-f06da6aad918,Sean Donoghue,seandonoghue,Sean Donoghue,IRL,male,resolved,world_athletics,2026-09-02T14:42:10Z,2026-09-02T14:42:10Z
6e9f990f-a02b-4cfe-ba30-4d86bbfc0031,Sean MCGORTY,seanmcgorty,,USA,male,resolved,world_athletics,2026-09-02T14:42:10Z,2026-09-02T14:42:10Z
a6812f2b-20a9-46d2-983e-5a667281287a,Sebastian Fernandez,sebastianfernandez,Sebastian Fernandez,USA,male,resolved,world_athletics,2026-09-02T14:42:10Z,2026-09-02T14:42:10Z
dabfdd7b-3416-41cb-92ec-49fff7b56005,Sebastian FREY,sebastianfrey,,AUT,male,resolved,world_athletics,2026-09-02T14:42:10Z,2026-09-02T14:42:10Z
1f360289-99df-4131-aa15-7b12bf077da3,Sebastian Hendel,sebastianhendel,Sebastian Hendel,GER,male,resolved,world_athletics,2026-09-02T14:42:10Z,2026-09-02T14:42:10Z
4396e664-fa9b-4374-bda3-51249f57297c,Sebastián MARTOS,sebastianmartos,,ESP,male,resolved,world_athletics,2026-09-02T14:42:10Z,2026-09-02T14:42:10Z
fcbfce19-5003-4c8f-8b67-2419cff2b30d,Seboka NEGUSSE,sebokanegusse,,ETH,male,resolved,world_athletics,2026-09-02T14:42:10Z,2026-09-02T14:42:10Z
8fee2602-4475-4c5c-aa82-c38ae8c231a2,. SEEMA,seema,,IND,female,resolved,world_athletics,2026-09-02T14:42:10Z,2026-09-02T14:42:10Z
21f64f44-630d-488f-876b-e1477460a6b7,Seifu TURA,seifutura,,ETH,male,resolved,world_athletics,2026-09-02T14:42:10Z,2026-09-02T14:42:10Z
2bee3eba-a576-434b-9c72-b5c6245fc683,Selah BUSIENEI,selahbusienei,,KEN,female,resolved,world_athletics,2026-09-02T14:42:10Z,2026-09-02T14:42:10Z
61732b17-fb03-4f55-8b19-9938074da144,Selamawit GETNET,selamawitgetnet,,ETH,female,resolved,world_athletics,2026-09-02T14:42:10Z,2026-09-02T14:42:10Z
8a89c765-2183-47a7-8ffa-3aa5df461d11,Selam FENTE,selamfente,,ETH,female,resolved,world_athletics,2026-09-02T14:42:10Z,2026-09-02T14:42:10Z
114a5d5e-8658-4553-b492-7a68c01b17b6,Selemon BAREGA,selemonbarega,,ETH,male,resolved,world_athletics,2026-09-02T14:42:10Z,2026-09-02T14:42:10Z
f024f79f-9482-4a85-8261-0a9cd6c4ecad,Selly Chepyego KAPTICH,sellychepyegokaptich,,KEN,female,resolved,world_athletics,2026-09-02T14:42:10Z,2026-09-02T14:42:10Z
5f5333a7-1a20-4021-9a01-e987276b7d37,Sembo ALMAYEW,semboalmayew,,ETH,female,resolved,world_athletics,2026-09-02T14:42:10Z,2026-09-02T14:42:10Z
9c3cc33e-24aa-4713-aae6-e039d70db873,Senay Amlesom FISSEHATSION,senayamlesomfissehatsion,,ERI,male,resolved,world_athletics,2026-09-02T14:42:10Z,2026-09-02T14:42:10Z
bc86c480-734e-4684-91ec-2712db610c2b,Senayet GETACHEW,senayetgetachew,,ETH,female,resolved,world_athletics,2026-09-02T14:42:10Z,2026-09-02T14:42:10Z
08e00b71-5c51-48b9-ad2d-315950b97b73,Senbere TEFERI,senbereteferi,,ETH,female,resolved,world_athletics,2026-09-02T14:42:10Z,2026-09-02T14:42:10Z
9e396ee5-ca17-4c8b-b5c3-cb47847e1f55,Sendeku Alelgn AMOGNE,sendekualelgnamogne,,ETH,male,resolved,world_athletics,2026-09-02T14:42:10Z,2026-09-02T14:42:10Z
a4438ab7-8943-4586-a405-f79289e436da,Sendel MUSA,sendelmusa,,ETH,male,resolved,world_athletics,2026-09-02T14:42:10Z,2026-09-02T14:42:10Z
5522059f-2ea4-4f67-967a-63222a9b4b06,Serena TROIANI,serenatroiani,,ITA,female,resolved,world_athletics,2026-09-02T14:42:10Z,2026-09-02T14:42:10Z
c1fc8de3-a152-4f51-886b-a40e7ab770ef,Sergey DUBROVSKIY,sergeydubrovskiy,,RUS,male,resolved,world_athletics,2026-09-02T14:42:10Z,2026-09-02T14:42:10Z
903b63d6-c787-4413-b3e6-71839a7c3c25,Sergio JIMÉNEZ,sergiojimenez,,ESP,male,resolved,world_athletics,2026-09-02T14:42:10Z,2026-09-02T14:42:10Z
c14b6c8f-40dd-4c4e-b2b7-481c1d02217e,Ser-Od BAT-OCHIR,serodbatochir,,MGL,male,resolved,world_athletics,2026-09-02T14:42:10Z,2026-09-02T14:42:10Z
1c97f11d-ae25-487c-8be3-1b99411b682e,Sezgin ATAÇ,sezginatac,,TUR,male,resolved,world_athletics,2026-09-02T14:42:10Z,2026-09-02T14:42:10Z
9ee2def6-4b61-478c-a7a0-dd055be388f6,Shadrack KENDAYWO,shadrackkendaywo,,KEN,male,resolved,world_athletics,2026-09-02T14:42:10Z,2026-09-02T14:42:10Z
fe3a862d-9779-4f39-96f8-dcf95b4f0202,Shadrack KIBITOK,shadrackkibitok,,KEN,male,resolved,world_athletics,2026-09-02T14:42:10Z,2026-09-02T14:42:10Z
8a363c74-6540-4ad6-b219-c3d8bf5d0170,Shadrack KIMINING,shadrackkimining,,KEN,male,resolved,world_athletics,2026-09-02T14:42:10Z,2026-09-02T14:42:10Z
9f9dc80a-0dd4-43b7-b6b5-0b36818304dd,Shadrack KIPCHIRCHIR,shadrackkipchirchir,,,male,resolved,world_athletics,2026-09-02T14:42:10Z,2026-09-02T14:42:10Z
089287aa-45a7-4cbb-92ac-2e2339f492e6,Shadrack KIPKEMEI,shadrackkipkemei,,KEN,male,resolved,world_athletics,2026-09-02T14:42:10Z,2026-09-02T14:42:10Z
549f8379-633a-4543-bce1-397449a313a7,Shadrack Kipngetich KOECH,shadrackkipngetichkoech,,KEN,male,resolved,world_athletics,2026-09-02T14:42:10Z,2026-09-02T14:42:10Z
a64210d3-ea93-425f-b8c6-29e653c59007,Shadrack KIPTANUI,shadrackkiptanui,,KEN,male,resolved,world_athletics,2026-09-02T14:42:10Z,2026-09-02T14:42:10Z
73720ece-3292-464b-8606-724f77dd9705,Shadrack RONO,shadrackrono,,KEN,male,resolved,world_athletics,2026-09-02T14:42:10Z,2026-09-02T14:42:10Z
26916e04-14d1-4761-a015-be8c62af7616,Shafiqua MALONEY,shafiquamaloney,,VIN,female,resolved,world_athletics,2026-09-02T14:42:10Z,2026-09-02T14:42:10Z
63952683-27a7-4a41-a845-6617de8b600b,Shaikira KING,shaikiraking,,GBR,female,resolved,world_athletics,2026-09-02T14:42:10Z,2026-09-02T14:42:10Z
8341ead9-f0f4-41dc-81a1-cb64576a7598,Shamilah Tekaa KIPSIROR,shamilahtekaakipsiror,,KEN,female,resolved,world_athletics,2026-09-02T14:42:10Z,2026-09-02T14:42:10Z
2e0df6dc-9ae8-4fe1-84c0-ddd5b88e6d88,Shane Bracken,shanebracken,Shane Bracken,IRL,male,resolved,world_athletics,2026-09-02T14:42:10Z,2026-09-02T14:42:10Z
70507f65-8c46-4094-9692-20e6f3360d53,Shane Cohen,shanecohen,Shane Cohen,USA,male,resolved,world_athletics,2026-09-02T14:42:10Z,2026-09-02T14:42:10Z
1c432806-76db-41bf-a04a-bd37727dc5b0,Shane Streich,shanestreich,Shane Streich,USA,male,resolved,world_athletics,2026-09-02T14:42:10Z,2026-09-02T14:42:10Z
482124fd-687c-4ed8-803b-d3e1a0bd027e,Shanie LANDEN,shanielanden,,ISR,female,resolved,world_athletics,2026-09-02T14:42:10Z,2026-09-02T14:42:10Z
b9ee8ef8-cae4-4580-83e5-e9d03258e640,Shannon FLOCKHART,shannonflockhart,,GBR,female,resolved,world_athletics,2026-09-02T14:42:10Z,2026-09-02T14:42:10Z
74d67abc-d966-4cd7-abed-cc193e00a6ed,Shaohui YANG,shaohuiyang,,CHN,male,resolved,world_athletics,2026-09-02T14:42:10Z,2026-09-02T14:42:10Z
8594862c-6d7b-48c7-bb13-c230f5aac0a4,Sharon CHELIMO,sharonchelimo,,KEN,female,resolved,world_athletics,2026-09-02T14:42:10Z,2026-09-02T14:42:10Z
be622571-ff44-4963-b963-b113749928c8,Sharon CHEPKEMOI,sharonchepkemoi,,KEN,female,resolved,world_athletics,2026-09-02T14:42:10Z,2026-09-02T14:42:10Z
be04f425-5331-472f-80ee-4449ebfb7b9f,Sharon Jemutai CHEROP,sharonjemutaicherop,,KEN,female,resolved,world_athletics,2026-09-02T14:42:10Z,2026-09-02T14:42:10Z
5520bd63-aa8e-4223-880d-ab4ea3176bbd,Sharon JEPCHIRCHIR,sharonjepchirchir,,KEN,female,resolved,world_athletics,2026-09-02T14:42:10Z,2026-09-02T14:42:10Z
b56fe63c-e412-4e03-a7d1-07221a44f44e,Sharon LOKEDI,sharonlokedi,,KEN,female,resolved,world_athletics,2026-09-02T14:42:10Z,2026-09-02T14:42:10Z
a10acd96-1d87-4231-914c-05da2a80e628,Sheila CHELANGAT,sheilachelangat,,KEN,female,resolved,world_athletics,2026-09-02T14:42:10Z,2026-09-02T14:42:10Z
4c886620-e881-432b-bd8a-2c20ec7db574,Sheila CHEPKECH,sheilachepkech,,KEN,female,resolved,world_athletics,2026-09-02T14:42:10Z,2026-09-02T14:42:10Z
c9fc7c6f-c3a2-44ac-a8cb-2ead5162c9ce,Sheila Chepkirui,sheilachepkirui,sheila chepkirui,KEN,female,resolved,world_athletics,2026-09-02T14:42:10Z,2026-09-02T14:42:10Z
6838b672-fc89-49fb-8b53-2996d047c732,Sheila CHEROTICH,sheilacherotich,,KEN,female,resolved,world_athletics,2026-09-02T14:42:10Z,2026-09-02T14:42:10Z
75d6b1af-0948-4033-ad73-01bfba40f745,Sheila JEBET,sheilajebet,,KEN,female,resolved,world_athletics,2026-09-02T14:42:10Z,2026-09-02T14:42:10Z
b0f6a39b-fade-4652-be39-bbf1ef0c74c8,Sheila Jepkosgei CHESANG,sheilajepkosgeichesang,,KEN,female,resolved,world_athletics,2026-09-02T14:42:10Z,2026-09-02T14:42:10Z
6f77a19e-9038-4b5f-b0cc-8c312587a131,Sheila JERUTO,sheilajeruto,,KEN,female,resolved,world_athletics,2026-09-02T14:42:10Z,2026-09-02T14:42:10Z
56516715-8b0e-473c-b187-80a75bdebc6d,Shewarge ALENE,shewargealene,,ETH,female,resolved,world_athletics,2026-09-02T14:42:10Z,2026-09-02T14:42:10Z
adbc7767-0e11-4382-9743-884f48c937d0,Shiho TACHIZAKO,shihotachizako,,JPN,female,resolved,world_athletics,2026-09-02T14:42:10Z,2026-09-02T14:42:10Z
f45035d5-5430-4c33-96ff-44d8535bec5a,Shinichiro NAKAMURA,shinichironakamura,,JPN,male,resolved,world_athletics,2026-09-02T14:42:10Z,2026-09-02T14:42:10Z
c68df2d6-5a0d-4de4-94b4-f729703d132a,Shinji YOSHIMOTO,shinjiyoshimoto,,JPN,male,resolved,world_athletics,2026-09-02T14:42:10Z,2026-09-02T14:42:10Z
b4fbd71b-c8a9-4280-b004-1b7c5a1d63e6,Shin KIMURA,shinkimura,,JPN,male,resolved,world_athletics,2026-09-02T14:42:10Z,2026-09-02T14:42:10Z
c4de4135-fbe8-4279-9665-f5a898d55ded,Shintaro NAKAZONO,shintaronakazono,,JPN,male,resolved,world_athletics,2026-09-02T14:42:10Z,2026-09-02T14:42:10Z
3d96dc2b-ab7a-4f29-88a0-91a4f66dade4,Shiori YOSHIZONO,shioriyoshizono,,JPN,female,resolved,world_athletics,2026-09-02T14:42:10Z,2026-09-02T14:42:10Z
18850c47-2e17-4b1f-ae5b-71250a96ece3,Shirley LANG,shirleylang,,SUI,female,resolved,world_athletics,2026-09-02T14:42:10Z,2026-09-02T14:42:10Z
38868c8d-abac-4e54-9e0f-b8c42b4de482,Shitaye ESHETE,shitayeeshete,,BRN,female,resolved,world_athletics,2026-09-02T14:42:10Z,2026-09-02T14:42:10Z
e7cb4fec-e28c-4da1-9921-1d236093462a,Shito GUMI,shitogumi,,ETH,female,resolved,world_athletics,2026-09-02T14:42:10Z,2026-09-02T14:42:10Z
1345b6c9-1b7a-4673-9fa2-8df36b5ab8d7,Shogo Nakamura,shogonakamura,Shogo Nakamura,JPN,male,resolved,world_athletics,2026-09-02T14:42:10Z,2026-09-02T14:42:10Z
b4852693-db48-4c0b-8e2e-c4aa3190fbf2,Shohei OTSUKA,shoheiotsuka,,JPN,male,resolved,world_athletics,2026-09-02T14:42:10Z,2026-09-02T14:42:10Z
1a3275a3-b825-4daf-a9cd-e13a306096c8,Sho KAWAMOTO,shokawamoto,,JPN,male,resolved,world_athletics,2026-09-02T14:42:10Z,2026-09-02T14:42:10Z
9cb28f48-a9a4-4486-ad20-71d7929b50aa,Shokhrukh DAVLYATOV,shokhrukhdavlyatov,,UZB,male,resolved,world_athletics,2026-09-02T14:42:10Z,2026-09-02T14:42:10Z
c37fc389-0ae7-42a8-b8c3-8389bef8aeaf,Shoma HOSOYA,shomahosoya,,JPN,male,resolved,world_athletics,2026-09-02T14:42:10Z,2026-09-02T14:42:10Z
9af3c370-c810-458b-8c87-b15066239870,Shoma YAMAMOTO,shomayamamoto,,JPN,male,resolved,world_athletics,2026-09-02T14:42:10Z,2026-09-02T14:42:10Z
e4c75b59-5f6e-4a81-b76f-10c5e9f9366a,Shona HEASLIP,shonaheaslip,,IRL,female,resolved,world_athletics,2026-09-02T14:42:10Z,2026-09-02T14:42:10Z
6b56887d-4a94-49f7-918a-db191280c908,Shota MAEDA,shotamaeda,,JPN,male,resolved,world_athletics,2026-09-02T14:42:10Z,2026-09-02T14:42:10Z
edd48faa-4e25-43ea-9e23-cec0aa826ba6,Shotaro ISHIHARA,shotaroishihara,,JPN,male,resolved,world_athletics,2026-09-02T14:42:10Z,2026-09-02T14:42:10Z
970aa995-dbc7-4bb0-a741-348ab6c313de,Shota SAITO,shotasaito,,JPN,male,resolved,world_athletics,2026-09-02T14:42:10Z,2026-09-02T14:42:10Z
3ec81575-6456-460e-a4ab-43eafd6e5866,Shota SHIODE,shotashiode,,JPN,male,resolved,world_athletics,2026-09-02T14:42:10Z,2026-09-02T14:42:10Z
53778b98-fdfc-41fe-9395-d21a89da2bca,Shouya YONEI,shouyayonei,,JPN,male,resolved,world_athletics,2026-09-02T14:42:10Z,2026-09-02T14:42:10Z
9a70770b-d71b-4221-8f91-beb0e2170171,Shoya KAWASE,shoyakawase,,JPN,male,resolved,world_athletics,2026-09-02T14:42:10Z,2026-09-02T14:42:10Z
a1a3f5b5-0ccf-4e86-9976-1097bd7dbdc6,Shoya SAITO,shoyasaito,,JPN,male,resolved,world_athletics,2026-09-02T14:42:10Z,2026-09-02T14:42:10Z
39f7da00-bfca-44e0-aae9-42945324bcd7,Shoya TAKAHASHI,shoyatakahashi,,JPN,male,resolved,world_athletics,2026-09-02T14:42:10Z,2026-09-02T14:42:10Z
f4f19c88-c5cc-473a-a4a6-e16f31444f74,Shuangshuang XU,shuangshuangxu,,CHN,female,resolved,world_athletics,2026-09-02T14:42:10Z,2026-09-02T14:42:10Z
6576d396-36fa-48a4-aa48-d5c0f4d1e7fc,Shu HASEGAWA,shuhasegawa,,JPN,male,resolved,world_athletics,2026-09-02T14:42:10Z,2026-09-02T14:42:10Z
33805c19-8865-4eb4-8dd7-858bf2d5d808,Shuhei Yamamoto,shuheiyamamoto,Shuhei Yamamoto,JPN,male,resolved,world_athletics,2026-09-02T14:42:10Z,2026-09-02T14:42:10Z
1c62a2db-7742-4351-b3f2-05d0c9a76430,Shuho DAIROKUNO,shuhodairokuno,,JPN,male,resolved,world_athletics,2026-09-02T14:42:10Z,2026-09-02T14:42:10Z
0a12e46b-fa08-4006-9c60-a578bf34e517,Shuko GENEMO,shukogenemo,,ETH,female,resolved,world_athletics,2026-09-02T14:42:10Z,2026-09-02T14:42:10Z
c85f9c6a-c940-4583-a84a-21843c57928f,Shuma YAMANAKA,shumayamanaka,,JPN,male,resolved,world_athletics,2026-09-02T14:42:10Z,2026-09-02T14:42:10Z
61ac8fcd-91c7-4722-832b-1029c22e04db,Shungo YOKOTA,shungoyokota,,JPN,male,resolved,world_athletics,2026-09-02T14:42:10Z,2026-09-02T14:42:10Z
3c2c887b-d60e-4532-a123-8510f2b7521e,Shunjin YIN,shunjinyin,,CHN,male,resolved,world_athletics,2026-09-02T14:42:10Z,2026-09-02T14:42:10Z
c02da8fc-e904-4268-a3f4-e4163294a327,Shun SADAKATA,shunsadakata,,JPN,male,resolved,world_athletics,2026-09-02T14:42:10Z,2026-09-02T14:42:10Z
34a069cb-5837-4b1e-9dc3-7e2fcb2d98cd,Shunsuke SHIKAMA,shunsukeshikama,,JPN,male,resolved,world_athletics,2026-09-02T14:42:10Z,2026-09-02T14:42:10Z
5a94bab2-8fe8-41a3-a55f-c15019cac252,Shunsuke YOSHII,shunsukeyoshii,,JPN,male,resolved,world_athletics,2026-09-02T14:42:10Z,2026-09-02T14:42:10Z
699d5601-074d-49d4-82c3-711296d807cd,Shunta UCHIDA,shuntauchida,,JPN,male,resolved,world_athletics,2026-09-02T14:42:10Z,2026-09-02T14:42:10Z
ca8d8207-fea8-465e-8ecf-77f23682a90b,Shunya KIKUCHI,shunyakikuchi,,JPN,male,resolved,world_athletics,2026-09-02T14:42:10Z,2026-09-02T14:42:10Z
c015ea21-b5a8-408e-bfce-fad58c4f3ebb,Shusei OHASHI,shuseiohashi,,JPN,male,resolved,world_athletics,2026-09-02T14:42:10Z,2026-09-02T14:42:10Z
81dc861c-b96b-496e-88cf-16734633ebad,Shuta AZUMA,shutaazuma,,JPN,male,resolved,world_athletics,2026-09-02T14:42:10Z,2026-09-02T14:42:10Z
cc913a36-11c7-495a-b84d-56af18b30f6c,Shyam MILAN,shyammilan,,IND,male,resolved,world_athletics,2026-09-02T14:42:10Z,2026-09-02T14:42:10Z
2075ee7a-0585-45b6-8ca3-7b7fcafbac28,Shyline Jepkorir TOROITICH,shylinejepkorirtoroitich,,KEN,female,resolved,world_athletics,2026-09-02T14:42:10Z,2026-09-02T14:42:10Z
ffa451b3-090e-4269-a113-d88b1d23a1e9,Siboniso SOLDAKA,sibonisosoldaka,,RSA,male,resolved,world_athletics,2026-09-02T14:42:10Z,2026-09-02T14:42:10Z
038d80e4-306d-4b74-9e8a-36853ecf409d,Sichala KUMESHI,sichalakumeshi,,ETH,female,resolved,world_athletics,2026-09-02T14:42:10Z,2026-09-02T14:42:10Z
e19b4be0-96d1-4182-ac5b-cf691ba8cb61,Sifan HASSAN,sifanhassan,,NED,female,resolved,world_athletics,2026-09-02T14:42:10Z,2026-09-02T14:42:10Z
e0ea88bc-a099-4015-837e-003a9cd61bff,Sifan MELAKU,sifanmelaku,,ETH,female,resolved,world_athletics,2026-09-02T14:42:10Z,2026-09-02T14:42:10Z
375fe8f5-342d-4542-ae20-ccf74635820f,Sigurd Tveit,sigurdtveit,Sigurd Tveit,NOR,male,resolved,world_athletics,2026-09-02T14:42:10Z,2026-09-02T14:42:10Z
a5298da7-ac6c-4b76-9426-85ea6272b83d,Sikiyas MISGANAW,sikiyasmisganaw,,ETH,male,resolved,world_athletics,2026-09-02T14:42:10Z,2026-09-02T14:42:10Z
50cad407-45fc-47ca-838e-615207474dd6,Sila BAYIR,silabayir,,TUR,female,resolved,world_athletics,2026-09-02T14:42:10Z,2026-09-02T14:42:10Z
60da09a2-1308-43ef-8e40-90be4f4551a9,Sila KIPTOO,silakiptoo,,KEN,male,resolved,world_athletics,2026-09-02T14:42:10Z,2026-09-02T14:42:10Z
52af2fea-9c51-4eb4-994f-a0a1b5a3d5c9,Şilan AYYILDIZ,silanayyildiz,,TUR,female,resolved,world_athletics,2026-09-02T14:42:10Z,2026-09-02T14:42:10Z
7afebaca-6a9f-47e6-9fb0-a43923cef810,Silas MUTURI,silasmuturi,,KEN,male,resolved,world_athletics,2026-09-02T14:42:10Z,2026-09-02T14:42:10Z
aca08c1d-3708-442b-9a14-bf6237444e60,Silas SUGUT,silassugut,,KEN,male,resolved,world_athletics,2026-09-02T14:42:10Z,2026-09-02T14:42:10Z
b395c3b3-e4ac-4048-b731-00f0c3aff017,Silas Too,silastoo,Silas Too,KEN,male,resolved,world_athletics,2026-09-02T14:42:10Z,2026-09-02T14:42:10Z
efbb7823-4c5b-43d2-b554-ffb5cf2e6033,Silas ZURFLUH,silaszurfluh,,SUI,male,resolved,world_athletics,2026-09-02T14:42:10Z,2026-09-02T14:42:10Z
8397f71c-9e91-476a-95e0-67c960aac632,Silke Jonkman,silkejonkman,Silke Jonkman,NED,female,resolved,world_athletics,2026-09-02T14:42:10Z,2026-09-02T14:42:10Z
64a5b62e-3ee0-411a-965b-53e8a9adb8f3,Silvia Oggioni,silviaoggioni,Silvia Oggioni,ITA,female,resolved,world_athletics,2026-09-02T14:42:10Z,2026-09-02T14:42:10Z
c3fac1a8-9e55-4d86-99a2-c4109d1f145e,Simas BERTAŠIUS,simasbertasius,,LTU,male,resolved,world_athletics,2026-09-02T14:42:10Z,2026-09-02T14:42:10Z
6d74aeb2-3487-436a-a4b8-c57bc25320db,Simion KAMETO,simionkameto,,KEN,male,resolved,world_athletics,2026-09-02T14:42:10Z,2026-09-02T14:42:10Z
a74661b0-6f67-4c2f-99cd-e6b3b4b5cf15,Simon BEDARD,simonbedard,,FRA,male,resolved,world_athletics,2026-09-02T14:42:10Z,2026-09-02T14:42:10Z
9b860dd6-77ce-4332-a14d-ac853842f3ad,Simon BOCH,simonboch,,GER,male,resolved,world_athletics,2026-09-02T14:42:10Z,2026-09-02T14:42:10Z
2b65398f-5ce4-44d7-a384-724d396e5d6a,Simon Debognies,simondebognies,Simon Debognies,BEL,male,resolved,world_athletics,2026-09-02T14:42:10Z,2026-09-02T14:42:10Z
7276ce02-20f3-482a-a790-5539de5e71b4,Simone BARONTINI,simonebarontini,,ITA,male,resolved,world_athletics,2026-09-02T14:42:10Z,2026-09-02T14:42:10Z
fe2baad8-d7d9-41f1-8afb-3bd386ca4bc4,Simone FERRAZ,simoneferraz,,BRA,female,resolved,world_athletics,2026-09-02T14:42:10Z,2026-09-02T14:42:10Z
16111ede-7ed8-48ab-a76f-c1ad36be3077,Simone PLOURDE,simoneplourde,,CAN,female,resolved,world_athletics,2026-09-02T14:42:10Z,2026-09-02T14:42:10Z
c20bb4c1-adb6-4f9b-837a-6a674827a963,Simon KARIUKI,simonkariuki,,KEN,male,resolved,world_athletics,2026-09-02T14:42:10Z,2026-09-02T14:42:10Z
e1a0f94d-ee55-49f5-800e-eb3e972dd725,Simon KIPKOSGEI,simonkipkosgei,,KEN,male,resolved,world_athletics,2026-09-02T14:42:10Z,2026-09-02T14:42:10Z
bfb6aee8-6876-4a62-816f-2a801118679f,Simon Kiprop KOECH,simonkipropkoech,,KEN,male,resolved,world_athletics,2026-09-02T14:42:10Z,2026-09-02T14:42:10Z
6de8adbb-ed45-4498-bdf2-08c8e10af7b9,Simon MAIYWA,simonmaiywa,,KEN,male,resolved,world_athletics,2026-09-02T14:42:10Z,2026-09-02T14:42:10Z
a4c9829e-038a-414b-b316-8c35171d5ec5,Simon Mwangi,simonmwangi,simon mwangi,KEN,male,resolved,world_athletics,2026-09-02T14:42:10Z,2026-09-02T14:42:10Z
aecd56e7-a3af-4ee1-a8c5-9663d6586be3,Simon PAULUS,simonpaulus,,NAM,male,resolved,world_athletics,2026-09-02T14:42:10Z,2026-09-02T14:42:10Z
88d01fc1-91bd-466e-a7f2-b3b9b8902ec3,Simon SUNDSTRÖM,simonsundstrom,,SWE,male,resolved,world_athletics,2026-09-02T14:42:10Z,2026-09-02T14:42:10Z
37feb3c9-d4cd-4d49-80db-0b22b589deed,Sinclaire JOHNSON,sinclairejohnson,,USA,female,resolved,world_athletics,2026-09-02T14:42:10Z,2026-09-02T14:42:10Z
4eb07ec7-9dd1-4eaa-b421-53d82ae49b6f,Sintayehu TILAHUN,sintayehutilahun,,ETH,female,resolved,world_athletics,2026-09-02T14:42:10Z,2026-09-02T14:42:10Z
f03242e2-4d51-4552-9125-f4d7eec7b25f,Sintayehu VISSA,sintayehuvissa,,ITA,female,resolved,world_athletics,2026-09-02T14:42:10Z,2026-09-02T14:42:10Z
fd377522-f9cc-48aa-8d92-b2ea8cfd45b9,Siona CHISHOLM,sionachisholm,,CAN,female,resolved,world_athletics,2026-09-02T14:42:10Z,2026-09-02T14:42:10Z
eeacac58-7d23-4f84-bbc9-ba3f907ca437,Siranesh YIRGA,siraneshyirga,,ETH,female,resolved,world_athletics,2026-09-02T14:42:10Z,2026-09-02T14:42:10Z
21cbd0b0-5298-4c85-9d65-1f59e0d86777,Sisay LEMMA,sisaylemma,,ETH,male,resolved,world_athletics,2026-09-02T14:42:10Z,2026-09-02T14:42:10Z
0fc9cd5c-5a8a-44aa-8fc6-ad8a587a9b22,Sisay Meseret GOLA,sisaymeseretgola,,ETH,female,resolved,world_athletics,2026-09-02T14:42:10Z,2026-09-02T14:42:10Z
0bf96fc5-38d6-425e-9de5-9112ebf3e579,Sivan AUERBACH,sivanauerbach,,ISR,female,resolved,world_athletics,2026-09-02T14:42:10Z,2026-09-02T14:42:10Z
80a8bfa2-625a-47bf-9b0f-a799e7cbee53,Skylyn WEBB,skylynwebb,,USA,female,resolved,world_athletics,2026-09-02T14:42:10Z,2026-09-02T14:42:10Z
f6bb693b-a961-4da1-b0e7-3ff6b2b0d029,Slimane MOULA,slimanemoula,,ALG,male,resolved,world_athletics,2026-09-02T14:42:10Z,2026-09-02T14:42:10Z
a6c799b2-6697-42a1-9a3f-f7a742090a1d,Smilla KOLBE,smillakolbe,,GER,female,resolved,world_athletics,2026-09-02T14:42:10Z,2026-09-02T14:42:10Z
5c1e0ccb-4f9f-4e03-9881-f2c9b97e41a2,Sobhan AHMADI,sobhanahmadi,,IRI,male,resolved,world_athletics,2026-09-02T14:42:10Z,2026-09-02T14:42:10Z
446c5fea-03c5-49e7-a03f-c1725cadc119,Sodai SHIMIZU,sodaishimizu,,JPN,male,resolved,world_athletics,2026-09-02T14:42:10Z,2026-09-02T14:42:10Z
8aff32b5-0475-4319-b902-e105dee35dbf,Sofia CAMACHO,sofiacamacho,,USA,female,resolved,world_athletics,2026-09-02T14:42:10Z,2026-09-02T14:42:10Z
723b8d03-078d-4aca-b7fc-7882b94d77b9,Sofia ENNAOUI,sofiaennaoui,,POL,female,resolved,world_athletics,2026-09-02T14:42:10Z,2026-09-02T14:42:10Z
b41f6dbc-b881-4f11-8903-2b98c05c1df4,Sofía SEGURA,sofiasegura,,ESP,female,resolved,world_athletics,2026-09-02T14:42:10Z,2026-09-02T14:42:10Z
12d15986-7b6d-4e8a-9bb7-971a48f5eb6b,Sofia THØGERSEN,sofiathgersen,,DEN,female,resolved,world_athletics,2026-09-02T14:42:10Z,2026-09-02T14:42:10Z
d0948b2b-36b2-4399-862b-f26dcb2995b9,Sofiia YAREMCHUK,sofiiayaremchuk,,ITA,female,resolved,world_athletics,2026-09-02T14:42:10Z,2026-09-02T14:42:10Z
0507012b-c8ec-48ab-b7d8-ec6fce3837ab,Sofiya SHEMSU,sofiyashemsu,,ETH,female,resolved,world_athletics,2026-09-02T14:42:10Z,2026-09-02T14:42:10Z
491c2e80-1f09-47c5-91a7-d919365d7a0d,Solange JESUS,solangejesus,,POR,female,resolved,world_athletics,2026-09-02T14:42:10Z,2026-09-02T14:42:10Z
180566ad-b068-496f-a292-5cb4728358b5,Solomon KIPCHOGE,solomonkipchoge,,KEN,male,resolved,world_athletics,2026-09-02T14:42:10Z,2026-09-02T14:42:10Z
1bf2c102-58c8-42e7-915f-c311f67ef510,Solomon Kirwa YEGO,solomonkirwayego,,KEN,male,resolved,world_athletics,2026-09-02T14:42:10Z,2026-09-02T14:42:10Z
4c1c78a5-c12d-4a2f-870a-0c3574b54293,Solomon MUTAI,solomonmutai,,UGA,male,resolved,world_athletics,2026-09-02T14:42:10Z,2026-09-02T14:42:10Z
a09c2265-9ed8-425c-b65e-edba862c0f25,Solomon SUTER,solomonsuter,,KEN,male,resolved,world_athletics,2026-09-02T14:42:10Z,2026-09-02T14:42:10Z
de4ad474-148d-4178-b0d1-2e230d9e7220,Soma NAGAHARA,somanagahara,,JPN,male,resolved,world_athletics,2026-09-02T14:42:10Z,2026-09-02T14:42:10Z
6e59e6fc-1395-410c-8543-553d82f1e2b4,Sonata NAGASHIMA,sonatanagashima,,JPN,male,resolved,world_athletics,2026-09-02T14:42:10Z,2026-09-02T14:42:10Z
9ced0427-b331-46ca-87e2-fbb9d6c0042f,Sondre Nordstad Moen,sondrenordstadmoen,Sondre Nordstad Moen,NOR,male,resolved,world_athletics,2026-09-02T14:42:10Z,2026-09-02T14:42:10Z
dedb4f61-36ac-42e5-8510-b8bd1b558b14,Sophia GORRIARAN,sophiagorriaran,,USA,female,resolved,world_athletics,2026-09-02T14:42:10Z,2026-09-02T14:42:10Z
86ccfc7a-1fe0-4201-ad30-560568f137dd,Sophia HANLON,sophiahanlon,,AUS,female,resolved,world_athletics,2026-09-02T14:42:10Z,2026-09-02T14:42:10Z
396ec981-d1c5-4f77-a3de-2f3c15c86fda,Sophia KENNEDY,sophiakennedy,,USA,female,resolved,world_athletics,2026-09-02T14:42:10Z,2026-09-02T14:42:10Z
5daf2e57-e96b-4a16-b0a7-cc97128c211b,Sophie Novak,sophienovak,Sophie Novak,USA,female,resolved,world_athletics,2026-09-02T14:42:10Z,2026-09-02T14:42:10Z
3e9c009c-384f-4878-871f-c1e2c74be74b,Sophie O'Sullivan,sophieosullivan,Sophie O'Sullivan,IRL,female,resolved,world_athletics,2026-09-02T14:42:10Z,2026-09-02T14:42:10Z
82bc8a02-2b74-4365-a114-c35e2d732d36,Sophie WALLIS,sophiewallis,,GBR,female,resolved,world_athletics,2026-09-02T14:42:10Z,2026-09-02T14:42:10Z
8afe2ad3-8317-4119-a56b-a3c460d2191f,Sora SHINOZAKURA,sorashinozakura,,JPN,female,resolved,world_athletics,2026-09-02T14:42:10Z,2026-09-02T14:42:10Z
5259eb7e-bc5e-442e-b150-17d7340aeeed,Sota FUKUTANI,sotafukutani,,JPN,male,resolved,world_athletics,2026-09-02T14:42:10Z,2026-09-02T14:42:10Z
f598c3c6-3581-4d16-a6dd-bcdda55f8789,Sota OKAMURA,sotaokamura,,JPN,male,resolved,world_athletics,2026-09-02T14:42:10Z,2026-09-02T14:42:10Z
fa5778f5-a774-4169-bc64-d707a506d3f7,Sota UEDA,sotaueda,,JPN,male,resolved,world_athletics,2026-09-02T14:42:10Z,2026-09-02T14:42:10Z
865839a9-4bf4-4f62-92ee-20dc12e58103,Souad KABOUCHIA,souadkabouchia,,MAR,female,resolved,world_athletics,2026-09-02T14:42:10Z,2026-09-02T14:42:10Z
573baa73-3390-41db-ac3f-eb7a73b931f6,Soufiane EL BAKKALI,soufianeelbakkali,,MAR,male,resolved,world_athletics,2026-09-02T14:42:10Z,2026-09-02T14:42:10Z
ec86c8c2-b775-4379-bf67-4a77db2bc041,Soufiyan BOUQANTAR,soufiyanbouqantar,,MAR,male,resolved,world_athletics,2026-09-02T14:42:10Z,2026-09-02T14:42:10Z
35f2728c-b70b-4d17-a715-37972359f748,Soukaina ATANANE,soukainaatanane,,MAR,female,resolved,world_athletics,2026-09-02T14:42:10Z,2026-09-02T14:42:10Z
3c2326a3-4d75-4519-a025-9e5ffa961149,Soukaina HAJJI,soukainahajji,,MAR,female,resolved,world_athletics,2026-09-02T14:42:10Z,2026-09-02T14:42:10Z
79d9bfaa-c9ed-48e6-9770-00978d6bb031,Soushi SUZUKI,soushisuzuki,,JPN,male,resolved,world_athletics,2026-09-02T14:42:10Z,2026-09-02T14:42:10Z
47609f22-5317-4660-b741-330435403637,Stacey Chepkemboi NDIWA,staceychepkemboindiwa,,KEN,female,resolved,world_athletics,2026-09-02T14:42:10Z,2026-09-02T14:42:10Z
6eddf410-7fd3-42ac-bdce-26e0b5b87679,Stanislav UGRIN,stanislavugrin,,RUS,male,resolved,world_athletics,2026-09-02T14:42:10Z,2026-09-02T14:42:10Z
4ccf3243-e744-401a-9e4d-260a5fb3f164,Stanley BETT,stanleybett,,KEN,male,resolved,world_athletics,2026-09-02T14:42:10Z,2026-09-02T14:42:10Z
5371a66e-3b3b-4bc6-8369-495dd3121a2d,Stanley Kurgat RONO,stanleykurgatrono,,KEN,male,resolved,world_athletics,2026-09-02T14:42:10Z,2026-09-02T14:42:10Z
c3768278-3c77-4ac9-97bb-5df22b597c19,Stanley Waithaka MBURU,stanleywaithakamburu,,KEN,male,resolved,world_athletics,2026-09-02T14:42:10Z,2026-09-02T14:42:10Z
63005680-afd0-4cf8-ae0c-af3672245cd7,Stan Niesten,stanniesten,Stan Niesten,NED,male,resolved,world_athletics,2026-09-02T14:42:10Z,2026-09-02T14:42:10Z
080ca209-eeb7-44ae-b3d3-edb7fa664e29,Star PRICE,starprice,,USA,female,resolved,world_athletics,2026-09-02T14:42:10Z,2026-09-02T14:42:10Z
c4e2f7a9-4ab3-4c6b-8ff8-0505f6db7705,Stavri FILIPPOU,stavrifilippou,,CYP,female,resolved,world_athletics,2026-09-02T14:42:10Z,2026-09-02T14:42:10Z
4f64ef78-8e27-4fd1-ba8d-523ccafcb82c,Stefanie PARSONS,stefanieparsons,,CAN,female,resolved,world_athletics,2026-09-02T14:42:10Z,2026-09-02T14:42:10Z
9d6972c1-309b-4b21-a78e-dbe0a3a85cb3,Stefan Nillessen,stefannillessen,Stefan Nillessen,NED,male,resolved,world_athletics,2026-09-02T14:42:10Z,2026-09-02T14:42:10Z
ee96ac43-5962-401b-8487-7503993173af,Stella CHESANG,stellachesang,,UGA,female,resolved,world_athletics,2026-09-02T14:42:10Z,2026-09-02T14:42:10Z
71450663-d85c-48bd-9618-a400a899d2e7,Stella RADFORD,stellaradford,,AUS,female,resolved,world_athletics,2026-09-02T14:42:10Z,2026-09-02T14:42:10Z
e0be957e-0c44-41ac-8f4a-1413d512dd49,Stella RUTTO,stellarutto,,ROU,female,resolved,world_athletics,2026-09-02T14:42:10Z,2026-09-02T14:42:10Z
f8134f91-06b6-4f26-8ef4-4bb128f92672,Stephanie BROKAW,stephaniebrokaw,,USA,female,resolved,world_athletics,2026-09-02T14:42:10Z,2026-09-02T14:42:10Z
695049f9-59ee-4d00-95eb-19f7b9eedfdc,Stephanie BRUCE,stephaniebruce,,USA,female,resolved,world_athletics,2026-09-02T14:42:10Z,2026-09-02T14:42:10Z
8b0b4ac2-5282-4f7f-9076-a6781813be37,Stephen Evans,stephenevans,Stephen Evans,CAN,male,resolved,world_athletics,2026-09-02T14:42:10Z,2026-09-02T14:42:10Z
ab1bb525-5402-44bb-88d3-f932fcbc3c6c,Stephen KIPROP,stephenkiprop,,KEN,male,resolved,world_athletics,2026-09-02T14:42:10Z,2026-09-02T14:42:10Z
9662c37b-1e0d-4014-87bb-f58e1259dc84,Stephen KISSA,stephenkissa,,UGA,male,resolved,world_athletics,2026-09-02T14:42:10Z,2026-09-02T14:42:10Z
7e81e3a0-73b8-4b49-8240-75d233edd7f3,Stephen LEMAYIAN,stephenlemayian,,KEN,male,resolved,world_athletics,2026-09-02T14:42:10Z,2026-09-02T14:42:10Z
22a69b36-ae08-42e8-8c13-bb280fe25962,Stephen MOKOKA,stephenmokoka,,RSA,male,resolved,world_athletics,2026-09-02T14:42:10Z,2026-09-02T14:42:10Z
03ee042b-af64-4ee0-80ea-e9ca1839dc37,Stephen MUTAI,stephenmutai,,KEN,male,resolved,world_athletics,2026-09-02T14:42:10Z,2026-09-02T14:42:10Z
b341237d-3dbb-4dc9-b0d9-2c04663b322a,Stephen MUTHINI,stephenmuthini,,KEN,male,resolved,world_athletics,2026-09-02T14:42:10Z,2026-09-02T14:42:10Z
f7ff742f-65d3-4595-9e71-179225ec7196,Steven JACKSON,stevenjackson,,USA,male,resolved,world_athletics,2026-09-02T14:42:10Z,2026-09-02T14:42:10Z
855ec8e1-bcd4-4f67-8f3c-56fcf22f5939,Stevie LAWRENCE-WRIST,stevielawrencewrist,,GBR,female,resolved,world_athletics,2026-09-02T14:42:10Z,2026-09-02T14:42:10Z
dda03183-0a14-42ff-8d19-73ac49c7634b,Stewart MCSWEYN,stewartmcsweyn,,AUS,male,resolved,world_athletics,2026-09-02T14:42:10Z,2026-09-02T14:42:10Z
8d1a6148-5be7-4014-b0e8-a5d6f98976c4,Sufang PAN,sufangpan,,CHN,female,resolved,world_athletics,2026-09-02T14:42:10Z,2026-09-02T14:42:10Z
178591a5-8052-4426-9624-2f18d1ef213b,Suguru OSAKO,suguruosako,,JPN,male,resolved,world_athletics,2026-09-02T14:42:10Z,2026-09-02T14:42:10Z
2a43f3eb-3691-4bc6-9f2f-2f4325f87562,Suldan HASSAN,suldanhassan,,SWE,male,resolved,world_athletics,2026-09-02T14:42:10Z,2026-09-02T14:42:10Z
e6bb2861-ccbb-499f-83d6-46628ce9ed32,Sultan HAYDAR,sultanhaydar,,TUR,female,resolved,world_athletics,2026-09-02T14:42:10Z,2026-09-02T14:42:10Z
10964592-aed9-4e25-8848-511c367c6c0f,Sümeyye EROL,sumeyyeerol,,TUR,female,resolved,world_athletics,2026-09-02T14:42:10Z,2026-09-02T14:42:10Z
4759fb92-1125-4850-8ef9-6d57061503df,Susan ANENO,susananeno,,UGA,female,resolved,world_athletics,2026-09-02T14:42:10Z,2026-09-02T14:42:10Z
73830be4-47a9-400f-b77a-c8630c82b15c,Susana SANTOS,susanasantos,,POR,female,resolved,world_athletics,2026-09-02T14:42:10Z,2026-09-02T14:42:10Z
5ac9c279-9345-4f6b-8564-442dfbcc2b32,Susan CHEMBAI,susanchembai,,KEN,female,resolved,world_athletics,2026-09-02T14:42:10Z,2026-09-02T14:42:10Z
7c4a3b8a-6acf-49cf-bef4-556bdbc6ede3,Susan KAMOTHO,susankamotho,,KEN,female,resolved,world_athletics,2026-09-02T14:42:10Z,2026-09-02T14:42:10Z
7c632b2f-3a40-4c33-9808-abc215d085f9,Susan Lokayo EJORE,susanlokayoejore,,KEN,female,resolved,world_athletics,2026-09-02T14:42:10Z,2026-09-02T14:42:10Z
503e6a6f-7f38-4b9d-a9d0-429f71074b01,Susanna SULLIVAN,susannasullivan,,USA,female,resolved,world_athletics,2026-09-02T14:42:10Z,2026-09-02T14:42:10Z
a2c00393-6479-4d9d-b10e-a8f79017d61a,Sutume Asefa KEBEDE,sutumeasefakebede,,ETH,female,resolved,world_athletics,2026-09-02T14:42:10Z,2026-09-02T14:42:10Z
16ccb4ac-9242-4078-bee9-28548f62af33,Suus ALTORF,suusaltorf,,NED,female,resolved,world_athletics,2026-09-02T14:42:10Z,2026-09-02T14:42:10Z
57ff8688-9b74-44c8-b1ef-2792caf82513,Sven WAGNER,svenwagner,,GER,male,resolved,world_athletics,2026-09-02T14:42:10Z,2026-09-02T14:42:10Z
55a687f8-0dae-4fd4-8f60-28af023720ba,Svetlana Aplachkina,svetlanaaplachkina,Svetlana Aplachkina,RUS,female,resolved,world_athletics,2026-09-02T14:42:10Z,2026-09-02T14:42:10Z
406265dc-b734-4f07-a56e-7f8725818cfb,Sydney Steely,sydneysteely,Sydney Steely,USA,female,resolved,world_athletics,2026-09-02T14:42:10Z,2026-09-02T14:42:10Z
60d0d32a-18f1-49d6-870a-0a07e820a2ae,Sydney THORVALDSON,sydneythorvaldson,,USA,female,resolved,world_athletics,2026-09-02T14:42:10Z,2026-09-02T14:42:10Z
9c903cb4-fde6-4694-9d31-8df5b1775797,Sylivia Chematui CHESEBE,syliviachematuichesebe,,KEN,female,resolved,world_athletics,2026-09-02T14:42:10Z,2026-09-02T14:42:10Z
9943f8cd-8b03-4708-9882-c3debf31d6d0,Sylvia CHELANGAT,sylviachelangat,,KEN,female,resolved,world_athletics,2026-09-02T14:42:10Z,2026-09-02T14:42:10Z
cf035d5d-08e0-4bb9-b220-78318cdd8eab,Sylvia Mboga MEDUGU,sylviambogamedugu,,KEN,female,resolved,world_athletics,2026-09-02T14:42:10Z,2026-09-02T14:42:10Z
cde86caa-e0f1-4fe3-a4a8-9301663b49f9,Tabithanjeri KAMAU,tabithanjerikamau,,KEN,female,resolved,world_athletics,2026-09-02T14:42:10Z,2026-09-02T14:42:10Z
59d75dc1-db10-4ec5-86bd-07d6ba23a79f,Tachlowini GABRIYESOS,tachlowinigabriyesos,,ART,male,resolved,world_athletics,2026-09-02T14:42:10Z,2026-09-02T14:42:10Z
6254d062-ee6d-42a0-8373-191f211c39bd,Tadashi ISSHIKI,tadashiisshiki,,JPN,male,resolved,world_athletics,2026-09-02T14:42:10Z,2026-09-02T14:42:10Z
37f99359-ee36-4386-bf59-396f38b9d3b5,Taddese TADELE,taddesetadele,,ETH,female,resolved,world_athletics,2026-09-02T14:42:10Z,2026-09-02T14:42:10Z
daf5b709-90d9-4d3f-ae78-726ee7a9b7ab,Tadelech BEKELE,tadelechbekele,,ETH,female,resolved,world_athletics,2026-09-02T14:42:10Z,2026-09-02T14:42:10Z
3ae65af4-eef4-4de4-8216-f79bdcb37682,Tadele DEMISE,tadeledemise,,ETH,male,resolved,world_athletics,2026-09-02T14:42:10Z,2026-09-02T14:42:10Z
4756a6bc-589f-4f30-9c10-dfcb4cba1a6e,Tadese TAKELE,tadesetakele,,ETH,male,resolved,world_athletics,2026-09-02T14:42:10Z,2026-09-02T14:42:10Z
1c05aa9d-8265-42c9-94c9-ce9c553268ca,Tadese WORKU,tadeseworku,,ETH,male,resolved,world_athletics,2026-09-02T14:42:10Z,2026-09-02T14:42:10Z
feacde24-f4ef-498e-a87d-78541293df5c,Tadesse ABRAHAM,tadesseabraham,,SUI,male,resolved,world_athletics,2026-09-02T14:42:10Z,2026-09-02T14:42:10Z
15dc5b9f-36b5-403f-878d-b1889d7cd281,Tadesse GETAHON,tadessegetahon,,ISR,male,resolved,world_athletics,2026-09-02T14:42:10Z,2026-09-02T14:42:10Z
d4bd4c5b-5ae1-448d-8feb-7b96e96309be,Tadu ABATE,taduabate,,ETH,male,resolved,world_athletics,2026-09-02T14:42:10Z,2026-09-02T14:42:10Z
38cd2c86-5fad-4a18-8bc2-f703eaa49f84,Tafere ADISU,tafereadisu,,ETH,male,resolved,world_athletics,2026-09-02T14:42:10Z,2026-09-02T14:42:10Z
5444380d-cff4-4f71-afd8-29d4495bfe60,Tafese DELELEGN,tafesedelelegn,,ETH,male,resolved,world_athletics,2026-09-02T14:42:10Z,2026-09-02T14:42:10Z
fcbbeb95-f9c3-488c-9641-dfb8e33134bf,Tai Dinger,taidinger,Tai Dinger,USA,male,resolved,world_athletics,2026-09-02T14:42:10Z,2026-09-02T14:42:10Z
af8b1019-d6db-48c6-bddf-46eba52466e4,Taiga TOSEN,taigatosen,,JPN,male,resolved,world_athletics,2026-09-02T14:42:10Z,2026-09-02T14:42:10Z
2a9d57cb-a611-4cf0-8adf-308f9e24b659,Taira OMORI,tairaomori,,JPN,male,resolved,world_athletics,2026-09-02T14:42:10Z,2026-09-02T14:42:10Z
2edf3ed0-7625-465d-a7b8-b78f5f2e6bdc,Taisei KIYONO,taiseikiyono,,JPN,male,resolved,world_athletics,2026-09-02T14:42:10Z,2026-09-02T14:42:10Z
fb1b980a-a86d-4cdd-a983-f91b81d175b0,Taishi ITO,taishiito,,JPN,male,resolved,world_athletics,2026-09-02T14:42:10Z,2026-09-02T14:42:10Z
e7167063-4af4-4d73-8771-a844ddfdb579,Taiya SHELBY,taiyashelby,,USA,female,resolved,world_athletics,2026-09-02T14:42:10Z,2026-09-02T14:42:10Z
f9ea2035-61bc-4493-bc64-11eac45a3915,Taiyo IWASAKI,taiyoiwasaki,,JPN,male,resolved,world_athletics,2026-09-02T14:42:10Z,2026-09-02T14:42:10Z
4d8fb5bb-bc2f-4c7d-9316-6a5a4f0d5c3a,Takahiro NAKAMURA,takahironakamura,,JPN,male,resolved,world_athletics,2026-09-02T14:42:10Z,2026-09-02T14:42:10Z
e8f20610-91fb-4590-a9fb-7019ff9e32f6,Takanori OGATA,takanoriogata,,JPN,male,resolved,world_athletics,2026-09-02T14:42:10Z,2026-09-02T14:42:10Z
50560354-7b44-42a5-8978-dfd5e476cbf4,Takashi ICHIDA,takashiichida,,JPN,male,resolved,world_athletics,2026-09-02T14:42:10Z,2026-09-02T14:42:10Z
73d35dad-cf09-414b-8933-c614d55e948c,Takashi Soma,takashisoma,takashi soma,JPN,male,resolved,world_athletics,2026-09-02T14:42:10Z,2026-09-02T14:42:10Z
a6f5e60a-a7f6-4728-a8a3-d16eac3fe8b8,Takato SUZUKI,takatosuzuki,,JPN,male,resolved,world_athletics,2026-09-02T14:42:10Z,2026-09-02T14:42:10Z
8e2345c8-1e0e-4a90-aeb6-db2bee6cac13,Takayuki IIDA,takayukiiida,,JPN,male,resolved,world_athletics,2026-09-02T14:42:10Z,2026-09-02T14:42:10Z
2f480017-9598-4af1-9417-adfe6b20515a,Takeshi NISHIDA,takeshinishida,,JPN,male,resolved,world_athletics,2026-09-02T14:42:10Z,2026-09-02T14:42:10Z
bc96d4e4-eccf-4360-81b7-851561b527d2,Takuma SUNAOKA,takumasunaoka,,JPN,male,resolved,world_athletics,2026-09-02T14:42:10Z,2026-09-02T14:42:10Z
b8eb2030-8ad3-4c0f-9153-070daf6f3603,Takuma TAKEMURA,takumatakemura,,JPN,male,resolved,world_athletics,2026-09-02T14:42:10Z,2026-09-02T14:42:10Z
f26a815f-752f-488c-bb82-dec5d810fa13,Takuya HANYU,takuyahanyu,,JPN,male,resolved,world_athletics,2026-09-02T14:42:10Z,2026-09-02T14:42:10Z
43266193-d10a-43e3-940b-b4513370644f,Tamaki FUJIMOTO,tamakifujimoto,,JPN,male,resolved,world_athletics,2026-09-02T14:42:10Z,2026-09-02T14:42:10Z
23d5d8bf-6606-48db-9d8d-c2a5c6eea94b,Tamirat TOLA,tamirattola,,ETH,male,resolved,world_athletics,2026-09-02T14:42:10Z,2026-09-02T14:42:10Z
565657fe-8845-45e4-a7b6-2e96076693e8,Tanja Spill,tanjaspill,Tanja Spill,GER,female,resolved,world_athletics,2026-09-02T14:42:10Z,2026-09-02T14:42:10Z
710842b5-ddef-4ba0-a3f7-4c6bdc66b18f,Tanner Maier,tannermaier,Tanner Maier,USA,male,resolved,world_athletics,2026-09-02T14:42:10Z,2026-09-02T14:42:10Z
0373c64b-b0ec-43e9-8cc8-ba59bb84731f,Taoufik ALLAM,taoufikallam,,MAR,male,resolved,world_athletics,2026-09-02T14:42:10Z,2026-09-02T14:42:10Z
dc87b660-a3a9-4e22-9872-a8f5bb528c0e,Tara PALM,tarapalm,,AUS,female,resolved,world_athletics,2026-09-02T14:42:10Z,2026-09-02T14:42:10Z
c6a0d065-e2b1-455a-a943-a5e3a5d4904b,Tarees RHODEN,tareesrhoden,,JAM,male,resolved,world_athletics,2026-09-02T14:42:10Z,2026-09-02T14:42:10Z
334adea1-594c-4ff6-829c-35a0b5e3f87f,Tariq Ahmed AL AMRI,tariqahmedalamri,,KSA,male,resolved,world_athletics,2026-09-02T14:42:10Z,2026-09-02T14:42:10Z
b0ac47d2-86a5-4d74-952a-a6c80fc1b5b9,Taryn PARKS,tarynparks,,USA,female,resolved,world_athletics,2026-09-02T14:42:10Z,2026-09-02T14:42:10Z
05dd2905-cd6e-492f-9460-4d3782b8235f,Taryn RAWLINGS,tarynrawlings,,USA,female,resolved,world_athletics,2026-09-02T14:42:10Z,2026-09-02T14:42:10Z
f32d584c-010c-4e7f-bcc2-aea3b7274a9e,Tatiane Raquel DA SILVA,tatianeraqueldasilva,,BRA,female,resolved,world_athletics,2026-09-02T14:42:10Z,2026-09-02T14:42:10Z
a699dda1-274a-4407-b964-0dd95fe56ea7,Tatsiana SHABANAVA,tatsianashabanava,,BLR,female,resolved,world_athletics,2026-09-02T14:42:10Z,2026-09-02T14:42:10Z
28aa464f-fb99-451d-8a6c-a1c078a437cb,Tatsuhiko ITO,tatsuhikoito,,JPN,male,resolved,world_athletics,2026-09-02T14:42:10Z,2026-09-02T14:42:10Z
366e97c8-c228-44d3-ae57-00b147c4723b,Tatsuya FURUKAWA,tatsuyafurukawa,,JPN,male,resolved,world_athletics,2026-09-02T14:42:10Z,2026-09-02T14:42:10Z
8b8245fd-5eb9-4e03-91a8-5ae242a35cfe,Tatsuya IYODA,tatsuyaiyoda,,JPN,male,resolved,world_athletics,2026-09-02T14:42:10Z,2026-09-02T14:42:10Z
c45816f3-a75c-4167-88b6-d1831170f8e9,Tatsuya KIYAMA,tatsuyakiyama,,JPN,male,resolved,world_athletics,2026-09-02T14:42:10Z,2026-09-02T14:42:10Z
28a3547b-35e7-4582-ba8d-679d32a21e99,Tatsuya MARUYAMA,tatsuyamaruyama,,JPN,male,resolved,world_athletics,2026-09-02T14:42:10Z,2026-09-02T14:42:10Z
760db309-3d07-4712-a468-944f1ef5e06c,Tatsuya SUMIDE,tatsuyasumide,,JPN,male,resolved,world_athletics,2026-09-02T14:42:10Z,2026-09-02T14:42:10Z
0929e2ba-2a3f-4c33-90cb-f7f95aff1951,Tatsuya TSUNASHIMA,tatsuyatsunashima,,JPN,male,resolved,world_athletics,2026-09-02T14:42:10Z,2026-09-02T14:42:10Z
43908c18-468a-44df-8326-737c077db83e,Taylor LOVELL,taylorlovell,,USA,female,resolved,world_athletics,2026-09-02T14:42:10Z,2026-09-02T14:42:10Z
7570e734-f3c0-4d27-b616-3b069207f354,Taylor ROE,taylorroe,,USA,female,resolved,world_athletics,2026-09-02T14:42:10Z,2026-09-02T14:42:10Z
4daf0a44-da23-49e6-b119-48c510be164f,Taylor WERNER,taylorwerner,,USA,female,resolved,world_athletics,2026-09-02T14:42:10Z,2026-09-02T14:42:10Z
cec9bd24-ca28-423e-a4e4-e7c17842adc1,Teagan SCHEIN-BECKER,teaganscheinbecker,,USA,female,resolved,world_athletics,2026-09-02T14:42:10Z,2026-09-02T14:42:10Z
52a6dedf-91d0-458e-9825-0a69b9c34d26,Tebello Ramakongoana,tebelloramakongoana,Tebello Ramakongoana,LES,male,resolved,world_athletics,2026-09-02T14:42:10Z,2026-09-02T14:42:10Z
f48a2336-9bd6-4aab-adc5-66aa39ed5f25,Teddese LEMI,teddeselemi,,ETH,male,resolved,world_athletics,2026-09-02T14:42:10Z,2026-09-02T14:42:10Z
a9a4dcde-7b14-4a25-97e7-b086473a3049,Tefera MEKASHU,teferamekashu,,ETH,female,resolved,world_athletics,2026-09-02T14:42:10Z,2026-09-02T14:42:10Z
ce0a11ec-3fea-49fc-919f-21d627af86e4,Tegest AYALEW,tegestayalew,,ETH,female,resolved,world_athletics,2026-09-02T14:42:10Z,2026-09-02T14:42:10Z
14ef6b47-f5f5-4c42-bccb-bc2558c41138,Tejinesh GEBISA,tejineshgebisa,,ETH,female,resolved,world_athletics,2026-09-02T14:42:10Z,2026-09-02T14:42:10Z
4a2d5dea-2b0c-4aea-b469-7e9c3d2b725c,Tejitu SIYUM,tejitusiyum,,ETH,female,resolved,world_athletics,2026-09-02T14:42:10Z,2026-09-02T14:42:10Z
1062504a-f40c-4edc-9477-ec86f8c74b0e,Teka ASEFA,tekaasefa,,ETH,male,resolved,world_athletics,2026-09-02T14:42:10Z,2026-09-02T14:42:10Z
a01befd5-9166-4789-bc62-6374890c1e1f,Tekan BERHE,tekanberhe,,ETH,female,resolved,world_athletics,2026-09-02T14:42:10Z,2026-09-02T14:42:10Z
8bc9084c-fb49-43d3-b2f3-6f9f199c3d58,Tekle MULUAT,teklemuluat,,ETH,female,resolved,world_athletics,2026-09-02T14:42:10Z,2026-09-02T14:42:10Z
0df566b7-e3ea-4603-8674-5ca047ea7928,Telahun Haile BEKELE,telahunhailebekele,,ETH,male,resolved,world_athletics,2026-09-02T14:42:10Z,2026-09-02T14:42:10Z
2f6f802c-709a-4edb-b46b-6ad2166c47fa,Tendai ZIMUTO,tendaizimuto,,ZIM,male,resolved,world_athletics,2026-09-02T14:42:10Z,2026-09-02T14:42:10Z
2d2c2206-e784-4d1c-8f1a-f5b33b2f518c,Teresa NYAKOLA,teresanyakola,,ETH,male,resolved,world_athletics,2026-09-02T14:42:10Z,2026-09-02T14:42:10Z
0b40e7ca-f896-425b-9a15-cf42cfd87399,Teresiah Muthoni GATERI,teresiahmuthonigateri,,KEN,female,resolved,world_athletics,2026-09-02T14:42:10Z,2026-09-02T14:42:10Z
56d86e84-8548-4bc8-81bc-2fe458db0713,Teresiah OMOSA,teresiahomosa,,KEN,female,resolved,world_athletics,2026-09-02T14:42:10Z,2026-09-02T14:42:10Z
687badc4-6cfc-42d8-b6d3-871edfbfdbb9,Tereza HROCHOVÁ,terezahrochova,,CZE,female,resolved,world_athletics,2026-09-02T14:42:10Z,2026-09-02T14:42:10Z
7e0e4be9-98ce-4280-9052-ab85d546d7ed,Tesema MIDEGISO,tesemamidegiso,,ETH,male,resolved,world_athletics,2026-09-02T14:42:10Z,2026-09-02T14:42:10Z
b67a302d-7182-48ef-a383-343015a03b80,Tesema MOGES,tesemamoges,,ISR,male,resolved,world_athletics,2026-09-02T14:42:10Z,2026-09-02T14:42:10Z
41f07839-4f51-4ef3-aef0-d2adac1fcd8a,Tesfa WOKNETH,tesfawokneth,,ETH,male,resolved,world_athletics,2026-09-02T14:42:10Z,2026-09-02T14:42:10Z
920d9de7-4c7f-4c46-83b1-2cacf31ea102,Tesfaye DEMEKE,tesfayedemeke,,ETH,male,resolved,world_athletics,2026-09-02T14:42:10Z,2026-09-02T14:42:10Z
477263b2-4ae4-45d0-956d-b7c93141c621,Tesfaye DERIBA,tesfayederiba,,ETH,male,resolved,world_athletics,2026-09-02T14:42:10Z,2026-09-02T14:42:10Z
f164d89a-881e-4c60-aac9-dc356071c650,Tesfaye Lencho ANBESA,tesfayelenchoanbesa,,ETH,male,resolved,world_athletics,2026-09-02T14:42:10Z,2026-09-02T14:42:10Z
36a6bb69-af3a-41c6-b903-ea8e76b1c5b0,Tesfu TEWELDE,tesfutewelde,,ERI,male,resolved,world_athletics,2026-09-02T14:42:10Z,2026-09-02T14:42:10Z
6cabed36-ccb3-45b7-947c-08603224fa82,Teshome MEKONEN,teshomemekonen,,USA,male,resolved,world_athletics,2026-09-02T14:42:10Z,2026-09-02T14:42:10Z
820008b0-a022-4525-b226-2cada72588b4,Tess KIRSOPP-COLE,tesskirsoppcole,,AUS,female,resolved,world_athletics,2026-09-02T14:42:10Z,2026-09-02T14:42:10Z
5fb60c0a-3ba3-4e9e-90dc-ea567d7b756a,Tetsuya YOROIZAKA,tetsuyayoroizaka,,JPN,male,resolved,world_athletics,2026-09-02T14:42:10Z,2026-09-02T14:42:10Z
e6e45a55-1b70-4559-89a9-544ad85aec57,Thabang MOSIAKO,thabangmosiako,,RSA,male,resolved,world_athletics,2026-09-02T14:42:10Z,2026-09-02T14:42:10Z
9daa775b-e8c2-465f-bb77-32f4906bbb68,Thalia VALDIVIA,thaliavaldivia,,PER,female,resolved,world_athletics,2026-09-02T14:42:10Z,2026-09-02T14:42:10Z
bf194564-a1de-4c01-8739-8b4635d54edd,Theophilus YATOR,theophilusyator,,KEN,male,resolved,world_athletics,2026-09-02T14:42:10Z,2026-09-02T14:42:10Z
7717695d-9dde-4f65-9974-077e0a082e08,Theo QUAX,theoquax,,NZL,male,resolved,world_athletics,2026-09-02T14:42:10Z,2026-09-02T14:42:10Z
be2f42eb-f352-44ef-8c52-ca97429c969d,Therence BIZOZA,therencebizoza,,BDI,male,resolved,world_athletics,2026-09-02T14:42:10Z,2026-09-02T14:42:10Z
4294298a-6f50-4ea1-aa4b-823308d64c20,Therese JOHAUG,theresejohaug,,NOR,female,resolved,world_athletics,2026-09-02T14:42:10Z,2026-09-02T14:42:10Z
8c971d87-6ced-4b3f-8412-83e97e5797f3,Thiago ANDRÉ,thiagoandre,,BRA,male,resolved,world_athletics,2026-09-02T14:42:10Z,2026-09-02T14:42:10Z
ddf0f655-3943-4168-8201-2ff821a42ce2,Thierry NDIKUMWENAYO,thierryndikumwenayo,,ESP,male,resolved,world_athletics,2026-09-02T14:42:10Z,2026-09-02T14:42:10Z
624930b5-5d55-4918-846d-3b8ea5b7c977,Thomas Bridger,thomasbridger,Thomas Bridger,GBR,male,resolved,world_athletics,2026-09-02T14:42:10Z,2026-09-02T14:42:10Z
c92902f8-3c62-42f4-937e-d62bf2fa3faf,Thomas BROATCH,thomasbroatch,,CAN,male,resolved,world_athletics,2026-09-02T14:42:10Z,2026-09-02T14:42:10Z
9dccde77-a368-4698-84f1-389a0ffbc53d,Thomas De Bock,thomasdebock,Thomas De Bock,BEL,male,resolved,world_athletics,2026-09-02T14:42:10Z,2026-09-02T14:42:10Z
816105c9-6433-42af-8d8c-ffcfbcb2c17e,Thomas FAFARD,thomasfafard,,CAN,male,resolved,world_athletics,2026-09-02T14:42:10Z,2026-09-02T14:42:10Z
54d1f02f-c568-408a-8e6b-137e4ebd0700,Thomas KEEN,thomaskeen,,GBR,male,resolved,world_athletics,2026-09-02T14:42:10Z,2026-09-02T14:42:10Z
df837156-6517-44d7-b0e3-c3159adc4ae5,Thomas MARQUES DE ANDRADE,thomasmarquesdeandrade,,FRA,male,resolved,world_athletics,2026-09-02T14:42:10Z,2026-09-02T14:42:10Z
3be7693e-2d67-4423-a8d8-ff9d9f2d6b0c,Thomas Piquart,thomaspiquart,Thomas Piquart,FRA,male,resolved,world_athletics,2026-09-02T14:42:10Z,2026-09-02T14:42:10Z
a5993fcd-0c41-4694-8d8e-2c0ce09ca479,Thomas RANDOLPH,thomasrandolph,,GBR,male,resolved,world_athletics,2026-09-02T14:42:10Z,2026-09-02T14:42:10Z
b142baa0-d983-4513-89c5-76511a645f3e,Thomas RATCLIFFE,thomasratcliffe,,USA,male,resolved,world_athletics,2026-09-02T14:42:10Z,2026-09-02T14:42:10Z
064bfebb-76e0-49ab-b1bc-c06b8e911805,Thomas VANOPPEN,thomasvanoppen,,BEL,male,resolved,world_athletics,2026-09-02T14:42:10Z,2026-09-02T14:42:10Z
53d04429-4211-4a02-80ff-609b19b63b80,Tiantian LIANG,tiantianliang,,CHN,female,resolved,world_athletics,2026-09-02T14:42:10Z,2026-09-02T14:42:10Z
d11b174d-19a3-44b2-afae-f21cda4c22b0,Tianyu CHEN,tianyuchen,,CHN,male,resolved,world_athletics,2026-09-02T14:42:10Z,2026-09-02T14:42:10Z
0524f0d6-00dd-401c-a629-4300e626cf14,Tiarnan Crorken,tiarnancrorken,Tiarnan Crorken,GBR,male,resolved,world_athletics,2026-09-02T14:42:10Z,2026-09-02T14:42:10Z
677bf9f5-be80-4574-b009-5ffc8bb0cede,Tibo DE SMET,tibodesmet,,BEL,male,resolved,world_athletics,2026-09-02T14:42:10Z,2026-09-02T14:42:10Z
da4cb647-4c1c-485c-bfc1-3e88d6ddb291,Tigest Getent MEKONEN,tigestgetentmekonen,,BRN,female,resolved,world_athletics,2026-09-02T14:42:10Z,2026-09-02T14:42:10Z
7f32f39b-bc90-48da-b38c-5e1d2f8fd4e1,Tigist ABAYECHEW,tigistabayechew,,ETH,female,resolved,world_athletics,2026-09-02T14:42:10Z,2026-09-02T14:42:10Z
4ba39b28-98d3-45bb-bdea-2dc0a67068b9,Tigist BIKILA,tigistbikila,,ETH,female,resolved,world_athletics,2026-09-02T14:42:10Z,2026-09-02T14:42:10Z
1bef53e5-919b-46dd-a7ad-03c42466428a,Tigist GASHAW,tigistgashaw,,BRN,female,resolved,world_athletics,2026-09-02T14:42:10Z,2026-09-02T14:42:10Z
054d76ae-14d6-42a4-b204-4424e61bb6f8,Tigist GETNET,tigistgetnet,,ETH,female,resolved,world_athletics,2026-09-02T14:42:10Z,2026-09-02T14:42:10Z
99123284-b1ef-4c0b-a5f6-4f642a299529,Tigist GEZAHAGN,tigistgezahagn,,ETH,female,resolved,world_athletics,2026-09-02T14:42:10Z,2026-09-02T14:42:10Z
c4cb833d-1b61-41a8-9628-4144e6bbbf35,Tigist GIRMA,tigistgirma,,ETH,female,resolved,world_athletics,2026-09-02T14:42:10Z,2026-09-02T14:42:10Z
e5953ec8-798c-4430-a307-3c067bb46a3a,Tigist KETEMA,tigistketema,,ETH,female,resolved,world_athletics,2026-09-02T14:42:10Z,2026-09-02T14:42:10Z
f17f99bc-f6f2-40a8-81b4-dc077f71b970,Tigist MEMUYE,tigistmemuye,,ETH,female,resolved,world_athletics,2026-09-02T14:42:10Z,2026-09-02T14:42:10Z
38d4fb61-c5de-4cdd-aa29-bd0d160398c4,Tigist TADESE,tigisttadese,,ETH,female,resolved,world_athletics,2026-09-02T14:42:10Z,2026-09-02T14:42:10Z
3db539c2-5826-44fa-a7d1-624eec840b15,Tigst ASSEFA,tigstassefa,,ETH,female,resolved,world_athletics,2026-09-02T14:42:10Z,2026-09-02T14:42:10Z
3ed457d3-1e8a-4a55-baa5-1cce779b3953,Tilahun NIGUSIE,tilahunnigusie,,ETH,male,resolved,world_athletics,2026-09-02T14:42:10Z,2026-09-02T14:42:10Z
01c4af2b-2d7e-40c2-9d19-dbb6fe0f2749,Tim Mcinerney,timmcinerney,Tim McInerney,USA,male,resolved,world_athletics,2026-09-02T14:42:10Z,2026-09-02T14:42:10Z
810ff8e6-8fb2-4f23-96aa-2d1c80142c77,Timo Benitz,timobenitz,Timo Benitz,GER,male,resolved,world_athletics,2026-09-02T14:42:10Z,2026-09-02T14:42:10Z
71d07e5d-056a-4673-b665-af0d7074e983,Timothy CHERUIYOT,timothycheruiyot,,KEN,male,resolved,world_athletics,2026-09-02T14:42:10Z,2026-09-02T14:42:10Z
d4a05123-12c5-46c2-90ea-649fbc347f5f,Timothy Kibet KOSGEI,timothykibetkosgei,,KEN,male,resolved,world_athletics,2026-09-02T14:42:10Z,2026-09-02T14:42:10Z
bb50ccef-c47b-49f8-8907-3ce17d840e63,Timothy KIPCHUMBA,timothykipchumba,,KEN,male,resolved,world_athletics,2026-09-02T14:42:10Z,2026-09-02T14:42:10Z
9f90054c-6c61-4e39-add8-539adc411f30,Timothy KIPKORIR,timothykipkorir,,KEN,male,resolved,world_athletics,2026-09-02T14:42:10Z,2026-09-02T14:42:10Z
8fe9d5b8-6edf-4cd4-8924-dc5b28967d1d,Timothy KIPLAGAT,timothykiplagat,,KEN,male,resolved,world_athletics,2026-09-02T14:42:10Z,2026-09-02T14:42:10Z
614a9b27-e902-49f1-a420-cff6f1d13df8,Tim VAN DE VELDE,timvandevelde,,BEL,male,resolved,world_athletics,2026-09-02T14:42:10Z,2026-09-02T14:42:10Z
9921b768-86d7-4d66-9ac0-7b000a4499b0,Tim Vincent,timvincent,Tim Vincent,AUS,male,resolved,world_athletics,2026-09-02T14:42:10Z,2026-09-02T14:42:10Z
08c5bf78-5f6e-487a-b5c0-f752caaef0ff,Tinebeb ASRES,tinebebasres,,ETH,female,resolved,world_athletics,2026-09-02T14:42:10Z,2026-09-02T14:42:10Z
3a806da2-2510-46a9-a49f-d4d5f81cef90,Tinoda Matsatsa,tinodamatsatsa,Tinoda Matsatsa,USA,male,resolved,world_athletics,2026-09-02T14:42:10Z,2026-09-02T14:42:10Z
ca8a23e1-1717-416b-b45c-882a104c946c,Tiruye MESFIN,tiruyemesfin,,ETH,female,resolved,world_athletics,2026-09-02T14:42:10Z,2026-09-02T14:42:10Z
a7bd8371-b1e6-4407-8843-eb8e554d3a7c,Titus Kimutai KIPKOSGEI,tituskimutaikipkosgei,,KEN,male,resolved,world_athletics,2026-09-02T14:42:10Z,2026-09-02T14:42:10Z
d8993c56-732a-44f5-93d5-dd5d95e0bce8,Titus KIPRUTO,tituskipruto,,KEN,male,resolved,world_athletics,2026-09-02T14:42:10Z,2026-09-02T14:42:10Z
b46d29e4-92e7-4359-833d-383e36d28969,Titus WANBUA,tituswanbua,,KEN,male,resolved,world_athletics,2026-09-02T14:42:10Z,2026-09-02T14:42:10Z
fe9897e2-7ae3-48d0-be8e-333cde0a85bc,Tobias GRØNSTAD,tobiasgrnstad,,NOR,male,resolved,world_athletics,2026-09-02T14:42:10Z,2026-09-02T14:42:10Z
f26df3b7-78cd-49d4-b18e-50301cfe1361,Tobias RATTINGER,tobiasrattinger,,AUT,male,resolved,world_athletics,2026-09-02T14:42:10Z,2026-09-02T14:42:10Z
fd3579a7-1ec1-400e-8355-7d1b96bb976c,Toby Gillen,tobygillen,Toby Gillen,AUS,male,resolved,world_athletics,2026-09-02T14:42:10Z,2026-09-02T14:42:10Z
3a24ec11-a70b-4ec2-8f54-103f3f2a6541,Tolosa GELETO,tolosageleto,,ETH,male,resolved,world_athletics,2026-09-02T14:42:10Z,2026-09-02T14:42:10Z
15bfce54-6567-489f-9faa-afb2166e46ee,Tom Anderson,tomanderson,Tom Anderson,GBR,male,resolved,world_athletics,2026-09-02T14:42:10Z,2026-09-02T14:42:10Z
ecfdb2be-2902-4354-9201-123956401f2b,Tomáš HABARTA,tomashabarta,,CZE,male,resolved,world_athletics,2026-09-02T14:42:10Z,2026-09-02T14:42:10Z
76bdf740-9c85-45df-af8d-71af3cd0c22d,Tomas Hilifa RAINHOLD,tomashilifarainhold,,NAM,male,resolved,world_athletics,2026-09-02T14:42:10Z,2026-09-02T14:42:10Z
00d09485-07ff-4a43-a426-b3c2162c6f9b,Tomas PALFREY,tomaspalfrey,,AUS,male,resolved,world_athletics,2026-09-02T14:42:10Z,2026-09-02T14:42:10Z
4f5ffe1e-8400-4195-8195-42e68131dd60,Tom Dodd,tomdodd,tom dodd,GBR,male,resolved,world_athletics,2026-09-02T14:42:10Z,2026-09-02T14:42:10Z
84af4f4f-0fa9-4c9a-ac27-34b7c6ca9d93,Tom DRADRIGA,tomdradriga,,UGA,male,resolved,world_athletics,2026-09-02T14:42:10Z,2026-09-02T14:42:10Z
c82b82c7-5d2d-4460-87f8-194d934974f8,Tom ELMER,tomelmer,,SUI,male,resolved,world_athletics,2026-09-02T14:42:10Z,2026-09-02T14:42:10Z
d91c40eb-8f71-4b57-a9a3-cdfdf92cdec2,Tom Erling KÅRBØ,tomerlingkarb,,NOR,male,resolved,world_athletics,2026-09-02T14:42:10Z,2026-09-02T14:42:10Z
681eef45-ec1c-4843-850a-6b2dbc0fbf5a,Tom FÖRSTER,tomforster,,GER,male,resolved,world_athletics,2026-09-02T14:42:10Z,2026-09-02T14:42:10Z
c2f31b15-7901-4321-850f-c5cba398b6d3,Tom GRÖSCHEL,tomgroschel,,GER,male,resolved,world_athletics,2026-09-02T14:42:10Z,2026-09-02T14:42:10Z
9a66f0df-58cf-46b0-9d57-502dcfde2b43,Tom Hendrikse,tomhendrikse,Tom Hendrikse,NED,male,resolved,world_athletics,2026-09-02T14:42:10Z,2026-09-02T14:42:10Z
52de6a46-ce8c-4aa4-b22d-d89700e27a15,Tommaso MANISCALCO,tommasomaniscalco,,ITA,male,resolved,world_athletics,2026-09-02T14:42:10Z,2026-09-02T14:42:10Z
a845c047-90e0-4ee5-b2e7-1f0ca5b59682,Tommy BRADY,tommybrady,,USA,male,resolved,world_athletics,2026-09-02T14:42:10Z,2026-09-02T14:42:10Z
8d72e7df-13e4-4db9-9c7b-1be1bb045aaf,Tomohiro FUJIMURA,tomohirofujimura,,JPN,male,resolved,world_athletics,2026-09-02T14:42:10Z,2026-09-02T14:42:10Z
8633936c-8195-47c1-847f-bb6cd02740ac,Tomoka KIMURA,tomokakimura,,JPN,female,resolved,world_athletics,2026-09-02T14:42:10Z,2026-09-02T14:42:10Z
a60acb61-ffb9-4cf2-9b37-7ac39d47a899,Tomoki OTA,tomokiota,,JPN,male,resolved,world_athletics,2026-09-02T14:42:10Z,2026-09-02T14:42:10Z
9b0b412f-27ad-4941-95e4-ca12bb652a31,Tomoki YOSHIOKA,tomokiyoshioka,,JPN,male,resolved,world_athletics,2026-09-02T14:42:10Z,2026-09-02T14:42:10Z
32dafe1a-ff93-41e7-b240-c4ace36208bc,Tomonori YAMAGUCHI,tomonoriyamaguchi,,JPN,male,resolved,world_athletics,2026-09-02T14:42:10Z,2026-09-02T14:42:10Z
eb620f1d-a0b5-4652-84de-3b1650d1f597,Tomoya OGIKUBO,tomoyaogikubo,,JPN,male,resolved,world_athletics,2026-09-02T14:42:10Z,2026-09-02T14:42:10Z
f2fe3323-ec85-41b3-a1b3-338d7c750f52,Tom SEITZER,tomseitzer,,USA,male,resolved,world_athletics,2026-09-02T14:42:10Z,2026-09-02T14:42:10Z
213feb36-e7e3-406f-981d-42d4a08b731e,Tonny OCHIENG,tonnyochieng,,UGA,male,resolved,world_athletics,2026-09-02T14:42:10Z,2026-09-02T14:42:10Z
0709e225-6678-467b-a73f-5c9ecdfe9e48,Tony Van Diepen,tonyvandiepen,Tony van Diepen,NED,male,resolved,world_athletics,2026-09-02T14:42:10Z,2026-09-02T14:42:10Z
5042ba99-7bc8-48da-97a3-702f510ebfc0,Topi RAITANEN,topiraitanen,,FIN,male,resolved,world_athletics,2026-09-02T14:42:10Z,2026-09-02T14:42:10Z
28451d1b-183f-493f-9d23-41deec0d83dc,Torazo KAI,torazokai,,JPN,male,resolved,world_athletics,2026-09-02T14:42:10Z,2026-09-02T14:42:10Z
8dd30978-e0fe-4616-b93b-537a797f4529,Toru KUBOTA,torukubota,,JPN,male,resolved,world_athletics,2026-09-02T14:42:10Z,2026-09-02T14:42:10Z
883ef932-3db0-4be7-b797-09564419d7de,Toshika TAMURA,toshikatamura,,JPN,female,resolved,world_athletics,2026-09-02T14:42:10Z,2026-09-02T14:42:10Z
df3a182c-b44b-43ba-8625-0c78bf2a4476,Toshiki SADAKATA,toshikisadakata,,JPN,male,resolved,world_athletics,2026-09-02T14:42:10Z,2026-09-02T14:42:10Z
4f113b6e-1d90-420b-9b4c-4acb85ac8e26,Transfora Mussa NGIMBUDZI,transforamussangimbudzi,,TAN,female,resolved,world_athletics,2026-09-02T14:42:10Z,2026-09-02T14:42:10Z
02ae0769-e60c-42a5-aa63-d1208b075703,Travis Mahoney,travismahoney,Travis Mahoney,USA,male,resolved,world_athletics,2026-09-02T14:42:10Z,2026-09-02T14:42:10Z
635215c2-3c00-4ed1-96be-c17c907903e0,Travis MARTIN,travismartin,,USA,male,resolved,world_athletics,2026-09-02T14:42:10Z,2026-09-02T14:42:10Z
f0d34f76-6663-4e39-87b0-320f37da2066,Tristan WOODFINE,tristanwoodfine,,CAN,male,resolved,world_athletics,2026-09-02T14:42:10Z,2026-09-02T14:42:10Z
4fd613b3-83c8-4de6-a640-f63ea050ed88,Tristin COLLEY,tristincolley,,USA,female,resolved,world_athletics,2026-09-02T14:42:10Z,2026-09-02T14:42:10Z
8a915941-864a-4869-98df-5283e4fce631,Tristin VAN ORD,tristinvanord,,USA,female,resolved,world_athletics,2026-09-02T14:42:10Z,2026-09-02T14:42:10Z
f05eb120-944e-45f8-acb1-2af697f7b43e,Truphena CHEPCHIRCHIR,truphenachepchirchir,,KEN,female,resolved,world_athletics,2026-09-02T14:42:10Z,2026-09-02T14:42:10Z
2d9d5a0f-6432-48be-80f8-e8b4846ab91e,Tsedat Abeje AYANA,tsedatabejeayana,,ETH,male,resolved,world_athletics,2026-09-02T14:42:10Z,2026-09-02T14:42:10Z
805bde2d-ce68-4752-8ad2-eb876a235d64,Tsegaye GETACHEW,tsegayegetachew,,ETH,male,resolved,world_athletics,2026-09-02T14:42:10Z,2026-09-02T14:42:10Z
a3287608-6e1b-4c0d-8d91-3d5e61fb6553,Tsegaye MELESECH,tsegayemelesech,,ETH,female,resolved,world_athletics,2026-09-02T14:42:10Z,2026-09-02T14:42:10Z
af7e922c-cbfa-42d8-8dc5-36f2b20b9946,Tsegay Tuemay WELDLIBANOS,tsegaytuemayweldlibanos,,ERI,male,resolved,world_athletics,2026-09-02T14:42:10Z,2026-09-02T14:42:10Z
dce14c55-7cc7-4324-baa1-9679cde83bbc,Tseginesh MEKONNIN,tsegineshmekonnin,,ETH,female,resolved,world_athletics,2026-09-02T14:42:10Z,2026-09-02T14:42:10Z
4407421d-8004-4181-a058-fb9db604b06d,Tshepiso MASALELA,tshepisomasalela,,BOT,male,resolved,world_athletics,2026-09-02T14:42:10Z,2026-09-02T14:42:10Z
f2c38438-87c9-4b6f-93c7-278a35150621,Tshepo TSHITE,tshepotshite,,RSA,male,resolved,world_athletics,2026-09-02T14:42:10Z,2026-09-02T14:42:10Z
f19bf7b6-9929-4398-b17e-c4da7caabd06,Tsige DUGUMA,tsigeduguma,,ETH,female,resolved,world_athletics,2026-09-02T14:42:10Z,2026-09-02T14:42:10Z
16eba7e7-bfda-4914-a83d-f726095ebd60,Tsige HAILESLASE,tsigehaileslase,,ETH,female,resolved,world_athletics,2026-09-02T14:42:10Z,2026-09-02T14:42:10Z
eab115a6-e83a-4c7b-aa76-ef07a69ec69e,Tsige TESHOME,tsigeteshome,,ETH,female,resolved,world_athletics,2026-09-02T14:42:10Z,2026-09-02T14:42:10Z
1f024fe3-37cf-4e96-bae6-3355ab5b9c05,Tsigie GEBRESELAMA,tsigiegebreselama,,ETH,female,resolved,world_athletics,2026-09-02T14:42:10Z,2026-09-02T14:42:10Z
8898ab9b-61c9-4a21-b5ee-f9b4af131bed,Tsubasa ICHIYAMA,tsubasaichiyama,,JPN,male,resolved,world_athletics,2026-09-02T14:42:10Z,2026-09-02T14:42:10Z
7659a043-b1ef-4e24-8304-d2cfc987bd13,Tsuyoshi BANDO,tsuyoshibando,,JPN,male,resolved,world_athletics,2026-09-02T14:42:10Z,2026-09-02T14:42:10Z
5ea7122c-72c4-4324-bbef-3e95672b61ee,Tuemay Weldlibanos TSEGAY,tuemayweldlibanostsegay,,ERI,male,resolved,world_athletics,2026-09-02T14:42:10Z,2026-09-02T14:42:10Z
524018c9-a0f8-4636-8a1a-5b96754fb8a6,Tuğba Güvenç,tugbaguvenc,Tuğba Güvenç,TUR,female,resolved,world_athletics,2026-09-02T14:42:10Z,2026-09-02T14:42:10Z
12e42d23-1f3d-419a-84b9-5a0cb42406f9,Tuğba TOPTAŞ,tugbatoptas,,TUR,female,resolved,world_athletics,2026-09-02T14:42:10Z,2026-09-02T14:42:10Z
495c1ab7-c888-4ef2-bf1a-95aac0eb5b59,Tumo NKAPE,tumonkape,,BOT,male,resolved,world_athletics,2026-09-02T14:42:10Z,2026-09-02T14:42:10Z
a47e4efc-245a-429a-9394-d3e81c52f646,Turi MIRKANA,turimirkana,,ETH,male,resolved,world_athletics,2026-09-02T14:42:10Z,2026-09-02T14:42:10Z
76e2d853-d978-4038-a83b-0293c6ce498b,Turner WILEY,turnerwiley,,USA,male,resolved,world_athletics,2026-09-02T14:42:10Z,2026-09-02T14:42:10Z
9d234e70-0300-4f9e-a0a7-888ba3e73ab2,Twinkle CHAUDHARY,twinklechaudhary,,IND,female,resolved,world_athletics,2026-09-02T14:42:10Z,2026-09-02T14:42:10Z
9230b537-b523-4789-b09d-a6cd888108c9,Tyler Bilyard,tylerbilyard,Tyler Bilyard,GBR,male,resolved,world_athletics,2026-09-02T14:42:10Z,2026-09-02T14:42:10Z
10f0c322-43f5-4317-940a-c59ed83f30e1,Tyler Wirth,tylerwirth,Tyler Wirth,USA,male,resolved,world_athletics,2026-09-02T14:42:10Z,2026-09-02T14:42:10Z
561d8f82-be0b-4492-8c49-6b6dc0a8662a,Tyrese REID,tyresereid,,JAM,male,resolved,world_athletics,2026-09-02T14:42:10Z,2026-09-02T14:42:10Z
cbe8582c-9bdf-413d-87a0-4d7344b78ef6,Tyrice TAYLOR,tyricetaylor,,JAM,male,resolved,world_athletics,2026-09-02T14:42:10Z,2026-09-02T14:42:10Z
45f9a9b6-541e-40f9-b3f7-31866ef85d1a,Uku Renek KRONBERGS,ukurenekkronbergs,,EST,male,resolved,world_athletics,2026-09-02T14:42:10Z,2026-09-02T14:42:10Z
0fec4140-2f1c-413e-999e-a70ac1f73833,Urge DIRO,urgediro,,ETH,female,resolved,world_athletics,2026-09-02T14:42:10Z,2026-09-02T14:42:10Z
9aeb9026-2170-4860-bf42-c5d2319097db,Valary JEMELI,valaryjemeli,,KEN,female,resolved,world_athletics,2026-09-02T14:42:10Z,2026-09-02T14:42:10Z
f09a0cd3-b80f-459d-9d4e-573fdd66037f,Valentina ROSAMILIA,valentinarosamilia,,SUI,female,resolved,world_athletics,2026-09-02T14:42:10Z,2026-09-02T14:42:10Z
72e25dcc-48d4-4f94-806f-5ffb6b1526f7,Valentin Bresc,valentinbresc,Valentin Bresc,FRA,male,resolved,world_athletics,2026-09-02T14:42:10Z,2026-09-02T14:42:10Z
01b58285-d64f-4bf3-b944-6399a49ae35a,Valentine Chepkwemoi MATEIKO,valentinechepkwemoimateiko,,KEN,female,resolved,world_athletics,2026-09-02T14:42:10Z,2026-09-02T14:42:10Z
b9f5424e-cc3f-42f7-839b-d8102c0f48b8,Valentine JEBET,valentinejebet,,KEN,female,resolved,world_athletics,2026-09-02T14:42:10Z,2026-09-02T14:42:10Z
6487d75e-cad0-4a5c-878e-b3ccc8bfe5d0,Valentin GONDOUIN,valentingondouin,,FRA,male,resolved,world_athletics,2026-09-02T14:42:10Z,2026-09-02T14:42:10Z
c6ce418d-5626-4d89-8417-153d6d232879,Valentin SOCA,valentinsoca,,URU,male,resolved,world_athletics,2026-09-02T14:42:10Z,2026-09-02T14:42:10Z
474ef924-4e67-44d0-95ad-64a4e573e2b4,Valerie CONSTIEN,valerieconstien,,USA,female,resolved,world_athletics,2026-09-02T14:42:10Z,2026-09-02T14:42:10Z
75de0744-369b-4c81-8f37-c87b6e9abbf8,Valery TOBIAS,valerytobias,,USA,female,resolved,world_athletics,2026-09-02T14:42:10Z,2026-09-02T14:42:10Z
4e79302b-62ac-45ff-8c9a-492496e43f51,Vanessa FRASER,vanessafraser,,USA,female,resolved,world_athletics,2026-09-02T14:42:10Z,2026-09-02T14:42:10Z
9d1d4ce8-2de4-4f1f-b440-559ac45579c4,Vanessa SCAUNET,vanessascaunet,,BEL,female,resolved,world_athletics,2026-09-02T14:42:10Z,2026-09-02T14:42:10Z
a23a79bf-0dfb-4afa-b152-73eacfe93cd3,Vanessa Wilson,vanessawilson,Vanessa Wilson,AUS,female,resolved,world_athletics,2026-09-02T14:42:10Z,2026-09-02T14:42:10Z
43409a1c-dff5-49d7-b369-7e68af14201f,Varvara ZIMINA,varvarazimina,,RUS,female,resolved,world_athletics,2026-09-02T14:42:10Z,2026-09-02T14:42:10Z
3fb3c937-8df8-4f1c-8568-6122ae75c67e,Veera MATTILA,veeramattila,,FIN,female,resolved,world_athletics,2026-09-02T14:42:10Z,2026-09-02T14:42:10Z
12ee637d-92b7-4b8f-b844-8f3ab81583bd,Veera PERÄLÄ,veeraperala,,FIN,female,resolved,world_athletics,2026-09-02T14:42:10Z,2026-09-02T14:42:10Z
82438a8e-6856-406c-800b-b59b4be48927,Veerle BAKKER,veerlebakker,,NED,female,resolved,world_athletics,2026-09-02T14:42:10Z,2026-09-02T14:42:10Z
615c157e-18d9-4d54-9b2a-17c644288059,Velten SCHNEIDER,veltenschneider,,GER,male,resolved,world_athletics,2026-09-02T14:42:10Z,2026-09-02T14:42:10Z
c0c6194d-5b06-469f-bb45-4d5337c63831,Vera BERTEMES-HOFFMANN,verabertemeshoffmann,,LUX,female,resolved,world_athletics,2026-09-02T14:42:10Z,2026-09-02T14:42:10Z
914be477-d707-4964-a125-5515514381fe,Vera COUTELLIER,veracoutellier,,GER,female,resolved,world_athletics,2026-09-02T14:42:10Z,2026-09-02T14:42:10Z
7f20e376-816d-4a18-9ee4-653f05d4dd46,Vera HOFFMANN,verahoffmann,,LUX,female,resolved,world_athletics,2026-09-02T14:42:10Z,2026-09-02T14:42:10Z
c8134f6c-2aad-4ebb-bd71-730a2a6bcde1,Vera SJÖBERG,verasjoberg,,SWE,female,resolved,world_athletics,2026-09-02T14:42:10Z,2026-09-02T14:42:10Z
3eeb341c-2a06-489e-9c54-7b24c2ffc552,Verena MEISL,verenameisl,,GER,female,resolved,world_athletics,2026-09-02T14:42:10Z,2026-09-02T14:42:10Z
f04c15c3-3281-428d-a3ba-0113ad527c88,Verity OCKENDEN,verityockenden,,GBR,female,resolved,world_athletics,2026-09-02T14:42:10Z,2026-09-02T14:42:10Z
5322c02e-d187-4461-8320-f29f4e7e610a,Veronicah Nyaruai WANJIRU,veronicahnyaruaiwanjiru,,KEN,female,resolved,world_athletics,2026-09-02T14:42:10Z,2026-09-02T14:42:10Z
5da447c2-58b0-44ce-aecd-4698a605ba1b,Veronica LOLEO,veronicaloleo,,KEN,female,resolved,world_athletics,2026-09-02T14:42:10Z,2026-09-02T14:42:10Z
96808c4b-a1da-4c63-8821-d69f4b7700bc,Veronica MAINA,veronicamaina,,KEN,female,resolved,world_athletics,2026-09-02T14:42:10Z,2026-09-02T14:42:10Z
53782580-f2d5-4aa2-b49e-de6219576023,Veronica VANCARDO,veronicavancardo,,SUI,female,resolved,world_athletics,2026-09-02T14:42:10Z,2026-09-02T14:42:10Z
9f4c3405-70c9-428c-a77a-41ad6a9660a9,Veronika MAZUNINA,veronikamazunina,,RUS,female,resolved,world_athletics,2026-09-02T14:42:10Z,2026-09-02T14:42:10Z
94b0a14f-bdc3-43d3-9118-642d8a00920c,Veronika SADEK,veronikasadek,,SLO,female,resolved,world_athletics,2026-09-02T14:42:10Z,2026-09-02T14:42:10Z
bf6dd93f-819a-4088-b22e-120578f21e49,Viachaslau SKUDNY,viachaslauskudny,,BLR,male,resolved,world_athletics,2026-09-02T14:42:10Z,2026-09-02T14:42:10Z
25286816-49b7-4502-909d-72c3da9193a1,Vibian CHEPKURUI,vibianchepkurui,,KEN,female,resolved,world_athletics,2026-09-02T14:42:10Z,2026-09-02T14:42:10Z
9c155630-87b9-4dd2-9dff-108b3876938c,Vicoty CHEPNGENO,vicotychepngeno,,KEN,female,resolved,world_athletics,2026-09-02T14:42:10Z,2026-09-02T14:42:10Z
21ceb523-63a4-41fe-8c89-5a68f33b2c36,Victoria BOSSONG,victoriabossong,,USA,female,resolved,world_athletics,2026-09-02T14:42:10Z,2026-09-02T14:42:10Z
79f73d55-5254-4440-a0f3-a9d5c20041fa,Victor KIBIEGO,victorkibiego,,KEN,male,resolved,world_athletics,2026-09-02T14:42:10Z,2026-09-02T14:42:10Z
fc0e46c7-34f6-4f5f-8cda-37fbcd7ffb10,Victor Kimutai,victorkimutai,victor kimutai,KEN,male,resolved,world_athletics,2026-09-02T14:42:10Z,2026-09-02T14:42:10Z
95f9bd4b-8343-4297-a928-d470c6b51f03,Victor Kipkirui KORIR,victorkipkiruikorir,,KEN,male,resolved,world_athletics,2026-09-02T14:42:10Z,2026-09-02T14:42:10Z
2eb88bbe-6b0b-42fa-b507-106d97e22abf,Victor Kipkirui MUTAI,victorkipkiruimutai,,KEN,male,resolved,world_athletics,2026-09-02T14:42:10Z,2026-09-02T14:42:10Z
5e65fd7d-1136-49f9-86f7-631a1b63ae65,Victor Kiplagat SEREM,victorkiplagatserem,,KEN,male,resolved,world_athletics,2026-09-02T14:42:10Z,2026-09-02T14:42:10Z
ef5d5eca-2d6d-4cb6-b178-c87b707506f1,Victor KIPLANGAT,victorkiplangat,,UGA,male,resolved,world_athletics,2026-09-02T14:42:10Z,2026-09-02T14:42:10Z
9e9adb80-216e-48a9-a6c4-5b577f427a0f,Victor Kiplimo,victorkiplimo,victor kiplimo,KEN,male,resolved,world_athletics,2026-09-02T14:42:10Z,2026-09-02T14:42:10Z
fd370280-1acc-4ecd-ab1f-7762bd0e5494,Victor KIPROP,victorkiprop,,KEN,male,resolved,world_athletics,2026-09-02T14:42:10Z,2026-09-02T14:42:10Z
a786b5fb-7e13-423b-b322-24b9d2a31356,Victor Kipruto TOGOM,victorkiprutotogom,,KEN,male,resolved,world_athletics,2026-09-02T14:42:10Z,2026-09-02T14:42:10Z
77f61287-4651-451c-884c-5ed7ffa3bedb,Victor KIPTOO,victorkiptoo,,KEN,male,resolved,world_athletics,2026-09-02T14:42:10Z,2026-09-02T14:42:10Z
401f136c-fcff-41b6-9174-97e597a55170,Victor KWEMBOI,victorkwemboi,,UGA,male,resolved,world_athletics,2026-09-02T14:42:10Z,2026-09-02T14:42:10Z
beb18b94-a961-4321-9e06-66d49ba8004d,Víctor ORTIZ RIVERA,victorortizrivera,,PUR,male,resolved,world_athletics,2026-09-02T14:42:10Z,2026-09-02T14:42:10Z
1a51014b-ebf3-4ce7-8a7c-518a5b473b74,Víctor RUIZ,victorruiz,,ESP,male,resolved,world_athletics,2026-09-02T14:42:10Z,2026-09-02T14:42:10Z
85c27ece-29e8-4812-b615-3691d5d11252,Victor SHITSAMA,victorshitsama,,KEN,male,resolved,world_athletics,2026-09-02T14:42:10Z,2026-09-02T14:42:10Z
de906dc2-61a2-4780-9dd5-3ec39792502b,Vidar JOHANSSON,vidarjohansson,,SWE,male,resolved,world_athletics,2026-09-02T14:42:10Z,2026-09-02T14:42:10Z
7f946fa3-c5f1-42fe-a92c-190dc8c7af8e,Viktória WAGNER-GYÜRKÉS,viktoriawagnergyurkes,,HUN,female,resolved,world_athletics,2026-09-02T14:42:10Z,2026-09-02T14:42:10Z
2d6d4005-796e-400f-b318-05ff6dc990a8,Viktoriia KALIUZHNA,viktoriiakaliuzhna,,UKR,female,resolved,world_athletics,2026-09-02T14:42:10Z,2026-09-02T14:42:10Z
aece89b3-926f-4013-a149-5feeba928419,Vincent CHIRCHIR,vincentchirchir,,KEN,male,resolved,world_athletics,2026-09-02T14:42:10Z,2026-09-02T14:42:10Z
7444fb85-3cc2-464e-8f41-2edb0c3a19fb,Vincent CIATTEI,vincentciattei,,USA,male,resolved,world_athletics,2026-09-02T14:42:10Z,2026-09-02T14:42:10Z
a716fe0e-4919-4dfc-a552-03487b72c4c3,Vincent CRISP,vincentcrisp,,USA,male,resolved,world_athletics,2026-09-02T14:42:10Z,2026-09-02T14:42:10Z
aaad2d78-2ac5-4107-8308-29af919da4c7,Vincent Kibet KETER,vincentkibetketer,,KEN,male,resolved,world_athletics,2026-09-02T14:42:10Z,2026-09-02T14:42:10Z
cf94b857-78fd-4222-a218-74ca8bc529aa,Vincent Kibet LANGAT,vincentkibetlangat,,KEN,male,resolved,world_athletics,2026-09-02T14:42:10Z,2026-09-02T14:42:10Z
b17f8e8a-1ef7-4830-a539-cf0f26f16c71,Vincent Kibet YEGON,vincentkibetyegon,,KEN,male,resolved,world_athletics,2026-09-02T14:42:10Z,2026-09-02T14:42:10Z
8b156956-de04-4d94-8b7d-3eb8b43525ab,Vincent Kibor RAIMOI,vincentkiborraimoi,,KEN,male,resolved,world_athletics,2026-09-02T14:42:10Z,2026-09-02T14:42:10Z
350ba08c-9b1d-441b-ac1e-f0ccaa2dcfd9,Vincent KIGEN,vincentkigen,,KEN,male,resolved,world_athletics,2026-09-02T14:42:10Z,2026-09-02T14:42:10Z
977594b0-e802-4e60-ba55-0bf1e0b402ca,Vincent KIMAIYO,vincentkimaiyo,,KEN,male,resolved,world_athletics,2026-09-02T14:42:10Z,2026-09-02T14:42:10Z
5fd2c46a-34ed-46cd-bda8-ecc92cf561be,Vincent KIMUTAI,vincentkimutai,,KEN,male,resolved,world_athletics,2026-09-02T14:42:10Z,2026-09-02T14:42:10Z
27978f86-f296-4eca-b907-b4afdb624357,Vincent Kimutai TOWETT,vincentkimutaitowett,,KEN,male,resolved,world_athletics,2026-09-02T14:42:10Z,2026-09-02T14:42:10Z
61727480-e2de-458b-a81b-2ea8d74bfb71,Vincent Kipkemoi NGETICH,vincentkipkemoingetich,,KEN,male,resolved,world_athletics,2026-09-02T14:42:10Z,2026-09-02T14:42:10Z
2324f3a5-1d3d-4f6d-9626-8ea7d402cd2a,Vincent Kiprotich KIBET,vincentkiprotichkibet,,KEN,male,resolved,world_athletics,2026-09-02T14:42:10Z,2026-09-02T14:42:10Z
cee6ff9e-d8e8-47d1-bc0a-3513c6886b58,Vincent MUTAI,vincentmutai,,KEN,male,resolved,world_athletics,2026-09-02T14:42:10Z,2026-09-02T14:42:10Z
9885f08a-6824-44e4-a0c6-671559582bb6,Vincent NYAGEO,vincentnyageo,,KEN,male,resolved,world_athletics,2026-09-02T14:42:10Z,2026-09-02T14:42:10Z
fcdd0c88-e91e-4e08-a8b4-001e4cbeb339,Vincent RONOH,vincentronoh,,KEN,male,resolved,world_athletics,2026-09-02T14:42:10Z,2026-09-02T14:42:10Z
554fd4a7-fc99-4a2e-81b0-240278e6085e,Vinicent Nyamongo NYAGEO,vinicentnyamongonyageo,,KEN,male,resolved,world_athletics,2026-09-02T14:42:10Z,2026-09-02T14:42:10Z
ea9600be-c5b6-4614-a854-35aa989a0e9d,Viola Chepngeno,violachepngeno,Viola Chepngeno,KEN,female,resolved,world_athletics,2026-09-02T14:42:10Z,2026-09-02T14:42:10Z
93264af9-0514-4f13-9dbf-3e3207b694a5,Viola Jelagat KIBIWOT,violajelagatkibiwot,,KEN,female,resolved,world_athletics,2026-09-02T14:42:10Z,2026-09-02T14:42:10Z
f36a74fc-4590-4a6b-87f3-4008eb3fe7a9,Virginia NYAMBURA,virginianyambura,,KEN,female,resolved,world_athletics,2026-09-02T14:42:10Z,2026-09-02T14:42:10Z
52507f6b-8f6b-4033-b26e-10ec7495a6e0,Visiline JEPKESHO,visilinejepkesho,,KEN,female,resolved,world_athletics,2026-09-02T14:42:10Z,2026-09-02T14:42:10Z
a55b538c-c0e4-401f-a917-ef1fcf36ca6b,Vitalis KIBIWOTT,vitaliskibiwott,,KEN,male,resolved,world_athletics,2026-09-02T14:42:10Z,2026-09-02T14:42:10Z
e62c04cc-8470-4c99-86c0-a6d3bf58c096,Vivian Chebet KIPROTICH,vivianchebetkiprotich,,KEN,female,resolved,world_athletics,2026-09-02T14:42:10Z,2026-09-02T14:42:10Z
edca849e-4f1c-4db5-b2ea-f6bacc1aa9e6,Vivian Jepkemei CHERUIYOT,vivianjepkemeicheruiyot,,KEN,female,resolved,world_athletics,2026-09-02T14:42:10Z,2026-09-02T14:42:10Z
81b1627b-39fb-457e-8d98-2e85e8d9a1b1,Vivian JEROTICH,vivianjerotich,,KEN,female,resolved,world_athletics,2026-09-02T14:42:10Z,2026-09-02T14:42:10Z
a3fa2878-ff29-46f5-96f3-99b7d412db24,Vivian KIPLAGAT,viviankiplagat,,KEN,female,resolved,world_athletics,2026-09-02T14:42:10Z,2026-09-02T14:42:10Z
a518a787-bf2e-4010-a7db-617d19da56d6,Vivian MELLY,vivianmelly,,KEN,female,resolved,world_athletics,2026-09-02T14:42:10Z,2026-09-02T14:42:10Z
46df7a0b-1503-413d-9b15-57a5db6bacfc,Vladimir NIKITIN,vladimirnikitin,,RUS,male,resolved,world_athletics,2026-09-02T14:42:10Z,2026-09-02T14:42:10Z
565b3acb-e984-4b8c-9469-a9c60987d734,Vladyslav PODZVEZDOV,vladyslavpodzvezdov,,RUS,male,resolved,world_athletics,2026-09-02T14:42:10Z,2026-09-02T14:42:10Z
259bba22-47b2-4f13-9960-d020f7b6c72f,Volha MAZURONAK,volhamazuronak,,BLR,female,resolved,world_athletics,2026-09-02T14:42:10Z,2026-09-02T14:42:10Z
065d0f4b-0d09-4649-ad83-07cdfe931cfc,Waganesh MEKASHA,waganeshmekasha,,ETH,female,resolved,world_athletics,2026-09-02T14:42:10Z,2026-09-02T14:42:10Z
0a933a1c-ef86-4e66-b2cd-2005cdc6ce95,Wakana KABASAWA,wakanakabasawa,,JPN,female,resolved,world_athletics,2026-09-02T14:42:10Z,2026-09-02T14:42:10Z
b1055dc0-aa9e-43ed-99c8-553dc4fa013f,Waleed Suliman,waleedsuliman,Waleed Suliman,USA,male,resolved,world_athletics,2026-09-02T14:42:10Z,2026-09-02T14:42:10Z
0974d34f-9a9d-405e-b346-3628d2bb7139,Wangjiang CEN,wangjiangcen,,CHN,male,resolved,world_athletics,2026-09-02T14:42:10Z,2026-09-02T14:42:10Z
71ecaf79-0bec-4201-ba4f-41df4d8d1db0,Wataru TOCHIGI,watarutochigi,,JPN,male,resolved,world_athletics,2026-09-02T14:42:10Z,2026-09-02T14:42:10Z
b7c9a585-5d84-497a-bae6-ef61f1202b54,Wede KEFALE,wedekefale,,ETH,female,resolved,world_athletics,2026-09-02T14:42:10Z,2026-09-02T14:42:10Z
94ca5410-713f-4939-b00b-b2b0210f8588,Wegene ADDISU,wegeneaddisu,,ETH,male,resolved,world_athletics,2026-09-02T14:42:10Z,2026-09-02T14:42:10Z
229f3ccb-1bf0-409c-8816-ec4104dd40b4,Wegene ADISU,wegeneadisu,,ETH,male,resolved,world_athletics,2026-09-02T14:42:10Z,2026-09-02T14:42:10Z
de1f2d47-b352-4a22-bb4e-7d4d0ced322a,Weini KELATI FREZGHI,weinikelatifrezghi,,USA,female,resolved,world_athletics,2026-09-02T14:42:10Z,2026-09-02T14:42:10Z
1dde355c-4f13-4fe8-bda3-2946d6934bb1,Weldon LANGAT,weldonlangat,,KEN,male,resolved,world_athletics,2026-09-02T14:42:10Z,2026-09-02T14:42:10Z
b0874f74-1c03-4c0a-8920-caceaabfa281,Wendell Geronimo SOUZA,wendellgeronimosouza,,BRA,male,resolved,world_athletics,2026-09-02T14:42:10Z,2026-09-02T14:42:10Z
9a3102df-01ca-478e-8c3d-76aed3f4a8c7,Wenhao XU,wenhaoxu,,CHN,male,resolved,world_athletics,2026-09-02T14:42:10Z,2026-09-02T14:42:10Z
38ff6830-5078-4419-b969-3f857937127b,Wenjie WANG,wenjiewang,,CHN,male,resolved,world_athletics,2026-09-02T14:42:10Z,2026-09-02T14:42:10Z
7e8cfc85-3591-4515-854c-a8cbc6009904,Werkuha GETACHEW,werkuhagetachew,,ETH,female,resolved,world_athletics,2026-09-02T14:42:10Z,2026-09-02T14:42:10Z
a634a3e2-836c-4f30-af22-17a4824e968d,Weronika LIZAKOWSKA,weronikalizakowska,,POL,female,resolved,world_athletics,2026-09-02T14:42:10Z,2026-09-02T14:42:10Z
23257966-21ed-4377-b683-f18807474618,Wesene ASSEFA,weseneassefa,,ETH,female,resolved,world_athletics,2026-09-02T14:42:10Z,2026-09-02T14:42:10Z
0a024422-4ffa-4aed-8353-52ad419eec62,Wes Ferguson,wesferguson,Wes Ferguson,USA,male,resolved,world_athletics,2026-09-02T14:42:10Z,2026-09-02T14:42:10Z
2a0af31f-e3dd-44ea-9462-60abe54e600a,Wesley KIPTOO,wesleykiptoo,,KEN,male,resolved,world_athletics,2026-09-02T14:42:10Z,2026-09-02T14:42:10Z
a208cca5-2ee0-4660-9898-67ed37a61884,Wesley LANGAT,wesleylangat,,KEN,male,resolved,world_athletics,2026-09-02T14:42:10Z,2026-09-02T14:42:10Z
3237c9ef-ae6b-426c-b93d-aca865d0cc41,Wes PORTER,wesporter,,USA,male,resolved,world_athletics,2026-09-02T14:42:10Z,2026-09-02T14:42:10Z
fc87bc71-6d87-46db-ae42-16502e16c279,Weynay GHEBRESILASIE,weynayghebresilasie,,GBR,male,resolved,world_athletics,2026-09-02T14:42:10Z,2026-09-02T14:42:10Z
c0f03e3c-e7c7-4045-9291-e778367b761e,Whittni MORGAN,whittnimorgan,,USA,female,resolved,world_athletics,2026-09-02T14:42:10Z,2026-09-02T14:42:10Z
0cb0994d-19ed-4d83-a834-d3f42801765b,Wilfred Kirwa KIGEN,wilfredkirwakigen,,KEN,male,resolved,world_athletics,2026-09-02T14:42:10Z,2026-09-02T14:42:10Z
65782ab3-052e-4ebf-b83b-8c150c45c79e,Will Barnicoat,willbarnicoat,Will Barnicoat,GBR,male,resolved,world_athletics,2026-09-02T14:42:10Z,2026-09-02T14:42:10Z
43db2998-1ec7-44df-8d52-85431ed2a901,William AMPONSAH,williamamponsah,,GHA,male,resolved,world_athletics,2026-09-02T14:42:10Z,2026-09-02T14:42:10Z
1bda5356-665f-4899-834e-07750c840ae5,William Battershill,williambattershill,William Battershill,GBR,male,resolved,world_athletics,2026-09-02T14:42:10Z,2026-09-02T14:42:10Z
5f3217c7-40cf-4f98-8067-0132ccc09b44,William CUTHBERTSON,williamcuthbertson,,USA,male,resolved,world_athletics,2026-09-02T14:42:10Z,2026-09-02T14:42:10Z
5f6cff19-1782-4216-91b9-5b9cfec755bd,William KINCAID,williamkincaid,,USA,male,resolved,world_athletics,2026-09-02T14:42:10Z,2026-09-02T14:42:10Z
48082a21-feed-46ce-a73c-d9d85be89c80,William RABJOHNS,williamrabjohns,,GBR,male,resolved,world_athletics,2026-09-02T14:42:10Z,2026-09-02T14:42:10Z
1254a282-a0c1-4434-9b61-441209063561,Williams LEWIS,williamslewis,,AUS,male,resolved,world_athletics,2026-09-02T14:42:10Z,2026-09-02T14:42:10Z
49d0c575-cbb5-4087-aea8-f2cb094ac4a5,Will NATION,willnation,,USA,male,resolved,world_athletics,2026-09-02T14:42:10Z,2026-09-02T14:42:10Z
909cfd48-5fb5-4093-a8f6-006ef083852a,Will NORRIS,willnorris,,USA,male,resolved,world_athletics,2026-09-02T14:42:10Z,2026-09-02T14:42:10Z
a9383eaf-941d-4337-983e-32ff7caaecda,Willy FINK,willyfink,,USA,male,resolved,world_athletics,2026-09-02T14:42:10Z,2026-09-02T14:42:10Z
d016d755-f45a-442d-b004-414f03ebc028,Wilma Anna TORBIÖRNSSON,wilmaannatorbiornsson,,NOR,female,resolved,world_athletics,2026-09-02T14:42:10Z,2026-09-02T14:42:10Z
43c8d673-74a6-4783-8b40-1d7d5d44f346,Wilma Bekkemoen TORBIÖRNSSON,wilmabekkemoentorbiornsson,,NOR,female,resolved,world_athletics,2026-09-02T14:42:10Z,2026-09-02T14:42:10Z
ba99bb5d-b757-4b26-a4de-b85259b550a5,Wilma NIELSEN,wilmanielsen,,SWE,female,resolved,world_athletics,2026-09-02T14:42:10Z,2026-09-02T14:42:10Z
a0d1f43f-cba8-488c-b9bc-2a4233f3e044,Wil SMITH,wilsmith,,USA,male,resolved,world_athletics,2026-09-02T14:42:10Z,2026-09-02T14:42:10Z
02cc33b7-e3fd-4273-b65d-3e5a435b231b,Wilson CHERUIYOT,wilsoncheruiyot,,KEN,male,resolved,world_athletics,2026-09-02T14:42:10Z,2026-09-02T14:42:10Z
e14d34c2-df61-483d-83f3-56b3ed0b387e,Wilson Kiprono TOO,wilsonkipronotoo,,KEN,male,resolved,world_athletics,2026-09-02T14:42:10Z,2026-09-02T14:42:10Z
242905df-ad9d-46a6-8d9c-0ce699626a81,Wilson LEMANGALE,wilsonlemangale,,KEN,male,resolved,world_athletics,2026-09-02T14:42:10Z,2026-09-02T14:42:10Z
93399fe6-e534-4305-8405-6f35aa948c04,Winfred Nzisa MBITHE,winfrednzisambithe,,KEN,female,resolved,world_athletics,2026-09-02T14:42:10Z,2026-09-02T14:42:10Z
11c84659-ec13-4185-ae78-22d53ba579b3,Winfred YAVI,winfredyavi,,BRN,female,resolved,world_athletics,2026-09-02T14:42:10Z,2026-09-02T14:42:10Z
9f55118d-e0e4-4494-9e5c-9325d5601942,Winfridah Moraa MOSETI,winfridahmoraamoseti,,KEN,female,resolved,world_athletics,2026-09-02T14:42:10Z,2026-09-02T14:42:10Z
e765dbfe-fdd7-46f4-9f82-b2ea84379fe7,Winnie KIMUTAI,winniekimutai,,KEN,female,resolved,world_athletics,2026-09-02T14:42:10Z,2026-09-02T14:42:10Z
af45013e-8d44-4af7-b612-416b19579d45,Winnie NANYONDO,winnienanyondo,,UGA,female,resolved,world_athletics,2026-09-02T14:42:10Z,2026-09-02T14:42:10Z
888d82c8-a3bd-4ad9-985f-fca49e938fc5,Wisley KIMELI,wisleykimeli,,KEN,male,resolved,world_athletics,2026-09-02T14:42:10Z,2026-09-02T14:42:10Z
8d3b6dc4-17e4-4ab0-8f68-b6e62c8360bf,Wisley KIPKEMOI,wisleykipkemoi,,KEN,male,resolved,world_athletics,2026-09-02T14:42:10Z,2026-09-02T14:42:10Z
a43500d4-e7ba-444e-b6c2-8d867c9fe349,Workenesh EDESA,workeneshedesa,,ETH,female,resolved,world_athletics,2026-09-02T14:42:10Z,2026-09-02T14:42:10Z
a56b22e5-57b2-40b9-9413-5077fc070fa9,Workneh FIKIRE,worknehfikire,,ETH,male,resolved,world_athletics,2026-09-02T14:42:10Z,2026-09-02T14:42:10Z
dfa41e08-b1af-422e-901b-f3bfb576ef58,Worknesh MESELE,workneshmesele,,ETH,female,resolved,world_athletics,2026-09-02T14:42:10Z,2026-09-02T14:42:10Z
3ea8c0bd-7c60-49fc-ae3f-c732bccfbac1,Worku BAYISA,workubayisa,,ETH,male,resolved,world_athletics,2026-09-02T14:42:10Z,2026-09-02T14:42:10Z
f4075ee3-b045-495c-81b2-067964c60431,Wosane Asefa MANGISTU,wosaneasefamangistu,,ETH,female,resolved,world_athletics,2026-09-02T14:42:10Z,2026-09-02T14:42:10Z
afd81db9-70c6-478a-9a7e-91b8ee2970f0,Wubrist ASCHAL,wubristaschal,,ETH,female,resolved,world_athletics,2026-09-02T14:42:10Z,2026-09-02T14:42:10Z
1c024bac-698e-4ade-b8f1-c170eab4f6f3,Wuga HE,wugahe,,CHN,female,resolved,world_athletics,2026-09-02T14:42:10Z,2026-09-02T14:42:10Z
574fb212-ddb9-43e5-85bf-91c29d43d0c0,Wyclife KINYAMAL,wyclifekinyamal,,KEN,male,resolved,world_athletics,2026-09-02T14:42:10Z,2026-09-02T14:42:10Z
9883426c-758d-4bb2-939a-68862c945c27,Xia LUO,xialuo,,CHN,female,resolved,world_athletics,2026-09-02T14:42:10Z,2026-09-02T14:42:10Z
12b07aae-ff8f-48b1-90be-5a292458d0ff,Xiangdong WU,xiangdongwu,,CHN,male,resolved,world_athletics,2026-09-02T14:42:10Z,2026-09-02T14:42:10Z
3d78257e-12af-4f5e-a2cc-82bd98063bd0,Xia ZHOU,xiazhou,,CHN,female,resolved,world_athletics,2026-09-02T14:42:10Z,2026-09-02T14:42:10Z
af178d4b-bf18-4139-b874-8aa796b4188f,Xinyan ZHANG,xinyanzhang,,CHN,female,resolved,world_athletics,2026-09-02T14:42:10Z,2026-09-02T14:42:10Z
1c20173f-cf99-415a-b74f-b301c5eb6732,XiuZhen MA,xiuzhenma,,CHN,female,resolved,world_athletics,2026-09-02T14:42:10Z,2026-09-02T14:42:10Z
20c67857-0b83-4643-bb98-8172a81eba94,Yacine GUERMALI,yacineguermali,,USA,male,resolved,world_athletics,2026-09-02T14:42:10Z,2026-09-02T14:42:10Z
c021558b-a034-4a90-9e5b-46ee24177318,Yadeni ALEMAYEHU,yadenialemayehu,,ETH,female,resolved,world_athletics,2026-09-02T14:42:10Z,2026-09-02T14:42:10Z
63374ce6-d85e-473d-924e-e76d65f9d8b8,Yago Rojo,yagorojo,Yago Rojo,ESP,male,resolved,world_athletics,2026-09-02T14:42:10Z,2026-09-02T14:42:10Z
5f00846c-89d4-4507-be24-754584ad8f81,Yahya AOUINA EL KARBOUBI,yahyaaouinaelkarboubi,,ESP,male,resolved,world_athletics,2026-09-02T14:42:10Z,2026-09-02T14:42:10Z
59025b2a-cae5-42cd-8d59-000b8ddb6957,Yakoub LABQUIRA,yakoublabquira,,MAR,male,resolved,world_athletics,2026-09-02T14:42:10Z,2026-09-02T14:42:10Z
e807b3ce-b8cc-438c-aa11-9fa02e42bdd7,Yalemget YAREGAL,yalemgetyaregal,,ETH,female,resolved,world_athletics,2026-09-02T14:42:10Z,2026-09-02T14:42:10Z
89423493-7db0-4823-9c25-825ca5bb6790,Yalemzerf YEHUALAW,yalemzerfyehualaw,,ETH,female,resolved,world_athletics,2026-09-02T14:42:10Z,2026-09-02T14:42:10Z
80da4f26-78c9-40cf-8d5f-942826c1e56d,Yamato YOSHII,yamatoyoshii,,JPN,male,resolved,world_athletics,2026-09-02T14:42:10Z,2026-09-02T14:42:10Z
2b5365e3-a65a-4bb9-80cf-df299c62f259,Yana PEREPELITSA,yanaperepelitsa,,RUS,female,resolved,world_athletics,2026-09-02T14:42:10Z,2026-09-02T14:42:10Z
6e210b77-0f3d-4606-8226-93a69307ccff,Yanis MEZIANE,yanismeziane,,FRA,male,resolved,world_athletics,2026-09-02T14:42:10Z,2026-09-02T14:42:10Z
03cdabc8-e8fd-4654-be17-80f9dbb69a85,Yann SCHRUB,yannschrub,,FRA,male,resolved,world_athletics,2026-09-02T14:42:10Z,2026-09-02T14:42:10Z
852651ad-444e-462c-b2c4-af17b654f9ee,Yared NUGUSE,yarednuguse,,USA,male,resolved,world_athletics,2026-09-02T14:42:10Z,2026-09-02T14:42:10Z
a2f5274c-874f-44b2-8b50-efdfc4154112,Yaseen Abdalla,yaseenabdalla,Yaseen Abdalla,SUD,male,resolved,world_athletics,2026-09-02T14:42:10Z,2026-09-02T14:42:10Z
69d9a4cb-9fea-43a1-9ce1-e93ce7cba978,Yasin SADO,yasinsado,,USA,male,resolved,world_athletics,2026-09-02T14:42:10Z,2026-09-02T14:42:10Z
d12e9d87-8ffd-495d-8ad8-37b19b9fd285,Yasna PETROVA,yasnapetrova,,BUL,female,resolved,world_athletics,2026-09-02T14:42:10Z,2026-09-02T14:42:10Z
de9ba600-8654-42e6-98a5-f533a19ff740,Yassin Bouih,yassinbouih,Yassin Bouih,ITA,male,resolved,world_athletics,2026-09-02T14:42:10Z,2026-09-02T14:42:10Z
4206f85e-7014-4ad0-bea0-bf65f21b1955,Yassine ABER,yassineaber,,CAN,male,resolved,world_athletics,2026-09-02T14:42:10Z,2026-09-02T14:42:10Z
45d64742-8ee7-4d3d-b042-bfd990cc43f6,Yassine EL ALLAMI,yassineelallami,,MAR,male,resolved,world_athletics,2026-09-02T14:42:10Z,2026-09-02T14:42:10Z
abf3a607-085e-4f1c-b4b0-d01d263af8f0,Yassine HETHAT,yassinehethat,,ALG,male,resolved,world_athletics,2026-09-02T14:42:10Z,2026-09-02T14:42:10Z
763eb0f0-5761-4565-a8e8-bd544da44e23,Yasunari KUSU,yasunarikusu,,JPN,male,resolved,world_athletics,2026-09-02T14:42:10Z,2026-09-02T14:42:10Z
c28020db-d6c8-4821-86ba-76219a5c965d,Yazmine Wright,yazminewright,Yazmine Wright,USA,female,resolved,world_athletics,2026-09-02T14:42:10Z,2026-09-02T14:42:10Z
1542bf1c-f15a-4446-88a0-0aa96a9907af,Yebrgual MELESE,yebrgualmelese,,ETH,female,resolved,world_athletics,2026-09-02T14:42:10Z,2026-09-02T14:42:10Z
a655cdbf-0e61-4c5c-aa52-6d32f01969b7,Ye-jin LIM,yejinlim,,KOR,female,resolved,world_athletics,2026-09-02T14:42:10Z,2026-09-02T14:42:10Z
ed30bf3d-c38e-4e81-93dc-41497b4b5c95,Yekaterina IVONINA,yekaterinaivonina,,RUS,female,resolved,world_athletics,2026-09-02T14:42:10Z,2026-09-02T14:42:10Z
2225e11f-da8a-4740-a1c0-8ea2e6932a41,Yekaterina RENZHINA,yekaterinarenzhina,,RUS,female,resolved,world_athletics,2026-09-02T14:42:10Z,2026-09-02T14:42:10Z
0c25bda7-62c4-4635-93b2-b6d390822471,Yekaterina SAMUYLOVA,yekaterinasamuylova,,RUS,female,resolved,world_athletics,2026-09-02T14:42:10Z,2026-09-02T14:42:10Z
d3c8e79b-5401-4b95-b793-013f41390cd6,Yemaneberhan CRIPPA,yemaneberhancrippa,,ITA,male,resolved,world_athletics,2026-09-02T14:42:10Z,2026-09-02T14:42:10Z
6dcdfa4f-f2bb-4eab-8083-9574e9b35dc0,Yemane HAILESELASSIE,yemanehaileselassie,,ERI,male,resolved,world_athletics,2026-09-02T14:42:10Z,2026-09-02T14:42:10Z
f0b2f17f-1686-48b6-84c5-9b4fcb672638,Yenawa NBRET,yenawanbret,,ETH,female,resolved,world_athletics,2026-09-02T14:42:10Z,2026-09-02T14:42:10Z
c6b13e41-160b-459d-927a-8001f58f906c,Yeneabeba EIGU,yeneabebaeigu,,ETH,female,resolved,world_athletics,2026-09-02T14:42:10Z,2026-09-02T14:42:10Z
671f2d00-b3e1-41e5-b565-303151e784f1,Yeneblo BIYAZEN,yeneblobiyazen,,ETH,male,resolved,world_athletics,2026-09-02T14:42:10Z,2026-09-02T14:42:10Z
35f50d34-b1b1-4b1f-a1bb-6fac1ff41b17,Yenenesh TILAHUN DINKESA,yeneneshtilahundinkesa,,ETH,female,resolved,world_athletics,2026-09-02T14:42:10Z,2026-09-02T14:42:10Z
ea5c0259-3a2e-44ce-b431-cbc52bbabf80,Yenewa NIBRET,yenewanibret,,ETH,female,resolved,world_athletics,2026-09-02T14:42:10Z,2026-09-02T14:42:10Z
cbbbffc3-c3db-417a-b76b-c3d7084279a2,Yervand MKRTCHYAN,yervandmkrtchyan,,ARM,male,resolved,world_athletics,2026-09-02T14:42:10Z,2026-09-02T14:42:10Z
4c107dd4-4ada-4735-ab15-87fff48f3224,Yeshi Kalayu CHEKOLE,yeshikalayuchekole,,ETH,female,resolved,world_athletics,2026-09-02T14:42:10Z,2026-09-02T14:42:10Z
7b51925e-c3b9-4a35-9d1a-f4525eb7493f,Yihunilign ADANE,yihunilignadane,,ETH,male,resolved,world_athletics,2026-09-02T14:42:10Z,2026-09-02T14:42:10Z
7ededdc8-9975-4e4f-b1b6-ffb596fc8df7,Yingcui LI,yingcuili,,CHN,female,resolved,world_athletics,2026-09-02T14:42:10Z,2026-09-02T14:42:10Z
8a4facaa-0abf-4525-9fdb-3f4ff4de7f94,Ying LU,yinglu,,CHN,female,resolved,world_athletics,2026-09-02T14:42:10Z,2026-09-02T14:42:10Z
1df676be-e64f-4a5f-83dc-a9401dce6944,Yitayal Atnafu ZERIHUN,yitayalatnafuzerihun,,ETH,male,resolved,world_athletics,2026-09-02T14:42:10Z,2026-09-02T14:42:10Z
85b540b2-b806-43e6-9c27-58b67dd18fb4,Yitayew ABUHAY,yitayewabuhay,,ISR,male,resolved,world_athletics,2026-09-02T14:42:10Z,2026-09-02T14:42:10Z
fb329afa-395e-49f1-a8b5-d913131f7624,Yoann Kowal,yoannkowal,Yoann Kowal,FRA,male,resolved,world_athletics,2026-09-02T14:42:10Z,2026-09-02T14:42:10Z
c4959840-7447-471a-9d68-b8b8d1e12ced,Yobiel WELDRUFAEL,yobielweldrufael,,ERI,male,resolved,world_athletics,2026-09-02T14:42:10Z,2026-09-02T14:42:10Z
8d8bf848-e24e-488d-ba0f-9555a5465819,Yohanes ASMARE,yohanesasmare,,ETH,male,resolved,world_athletics,2026-09-02T14:42:10Z,2026-09-02T14:42:10Z
458606ed-1af3-4334-9d49-52c74e749993,Yohanes CHIAPPINELLI,yohaneschiappinelli,,ITA,male,resolved,world_athletics,2026-09-02T14:42:10Z,2026-09-02T14:42:10Z
f52d0d6b-cd4d-4d79-bc8d-7f893019220d,Yohannes TEFERA,yohannestefera,,ETH,male,resolved,world_athletics,2026-09-02T14:42:10Z,2026-09-02T14:42:10Z
737d93c7-222e-48f7-8d8a-6a7ffadad295,Yohans MEKASHA,yohansmekasha,,ETH,male,resolved,world_athletics,2026-09-02T14:42:10Z,2026-09-02T14:42:10Z
0c247846-b3b5-4050-977a-b98f0b625707,Yohei IKEDA,yoheiikeda,,JPN,male,resolved,world_athletics,2026-09-02T14:42:10Z,2026-09-02T14:42:10Z
76c4e79f-e592-4ccb-bd15-edb4e00ddf5b,Yolanda Ngarambe,yolandangarambe,Yolanda Ngarambe,SWE,female,resolved,world_athletics,2026-09-02T14:42:10Z,2026-09-02T14:42:10Z
51233ac7-aa22-45d3-8cc2-b38a4f55994c,Yomif KEJELCHA,yomifkejelcha,,ETH,male,resolved,world_athletics,2026-09-02T14:42:10Z,2026-09-02T14:42:10Z
4777ab0c-dae8-43ad-8182-c65383ae0ae1,Yongzheng HUANG,yongzhenghuang,,CHN,male,resolved,world_athletics,2026-09-02T14:42:10Z,2026-09-02T14:42:10Z
920b0881-d666-4396-972b-72d7a3f9b963,Yoshihiro MAEDA,yoshihiromaeda,,JPN,male,resolved,world_athletics,2026-09-02T14:42:10Z,2026-09-02T14:42:10Z
7e762d70-736b-49d8-a5ad-13937a3d4d42,Yoshiki KUSHIDA,yoshikikushida,,JPN,male,resolved,world_athletics,2026-09-02T14:42:10Z,2026-09-02T14:42:10Z
8fe2ad9c-130c-484a-9da8-08270c805a22,Yoshiki OSHIRO,yoshikioshiro,,JPN,male,resolved,world_athletics,2026-09-02T14:42:10Z,2026-09-02T14:42:10Z
288d6bd7-ba8a-43e8-a987-88978b01009a,Yota IFUKU,yotaifuku,,JPN,male,resolved,world_athletics,2026-09-02T14:42:10Z,2026-09-02T14:42:10Z
8ff76466-f944-43cf-a4dd-71eee61dcf17,Youness BENAR,younessbenar,,MAR,male,resolved,world_athletics,2026-09-02T14:42:10Z,2026-09-02T14:42:10Z
c09ddae0-005f-45c2-b282-31e20b814f55,Yousheng GUAN,youshengguan,,CHN,male,resolved,world_athletics,2026-09-02T14:42:10Z,2026-09-02T14:42:10Z
defc2e9d-dbf4-4bd4-9da0-442f5630629a,Youssef BEN HADI,youssefbenhadi,,MAR,male,resolved,world_athletics,2026-09-02T14:42:10Z,2026-09-02T14:42:10Z
7670db0f-b078-4697-84d9-1bccab7c85ff,Youssef Benzamia,youssefbenzamia,Youssef BENZAMIA,FRA,male,resolved,world_athletics,2026-09-02T14:42:10Z,2026-09-02T14:42:10Z
807f5dd3-6300-48de-b10a-91902209e8a8,Youssef TAOUSSI,yousseftaoussi,,ESP,male,resolved,world_athletics,2026-09-02T14:42:10Z,2026-09-02T14:42:10Z
4b794e02-6fb6-4ae5-a464-100d143fbddc,Youssouf HISS BACHIR,youssoufhissbachir,,DJI,male,resolved,world_athletics,2026-09-02T14:42:10Z,2026-09-02T14:42:10Z
38462df4-af22-486f-b054-1af8395f5994,Yudai KATAKAWA,yudaikatakawa,,JPN,male,resolved,world_athletics,2026-09-02T14:42:10Z,2026-09-02T14:42:10Z
dfe90e02-675b-48eb-894f-26bebe26a760,Yudai KIYAMA,yudaikiyama,,JPN,male,resolved,world_athletics,2026-09-02T14:42:10Z,2026-09-02T14:42:10Z
5bd073f7-14f6-42e9-ae5f-d60d70f7f4e0,Yudai NOGUCHI,yudainoguchi,,JPN,male,resolved,world_athletics,2026-09-02T14:42:10Z,2026-09-02T14:42:10Z
bc8603c8-f1b5-480d-b906-f7d080efc662,Yudai SHIMAZU,yudaishimazu,,JPN,male,resolved,world_athletics,2026-09-02T14:42:10Z,2026-09-02T14:42:10Z
06896fc8-40b6-4cff-921c-d426ecd5e3a3,Yugo KASHIWA,yugokashiwa,,JPN,male,resolved,world_athletics,2026-09-02T14:42:10Z,2026-09-02T14:42:10Z
fea37feb-19fa-4cdf-b157-2118fe6b4540,Yugo SHIKATA,yugoshikata,,JPN,male,resolved,world_athletics,2026-09-02T14:42:10Z,2026-09-02T14:42:10Z
465b7a6a-b0f2-4fcb-ba85-7d30a2c9ed5d,Yuhei URANO,yuheiurano,,JPN,male,resolved,world_athletics,2026-09-02T14:42:10Z,2026-09-02T14:42:10Z
8e254071-4616-4724-ba39-ff8ce86e0bbf,Yuichiro NISHIKAWA,yuichironishikawa,,JPN,male,resolved,world_athletics,2026-09-02T14:42:10Z,2026-09-02T14:42:10Z
844e345c-f45a-44e0-985b-a8a5503d2dec,Yuichi YASUI,yuichiyasui,,JPN,male,resolved,world_athletics,2026-09-02T14:42:10Z,2026-09-02T14:42:10Z
f02938f1-e26e-44a2-b74b-2f8177e0bf24,Yuito MATSUKURA,yuitomatsukura,,JPN,male,resolved,world_athletics,2026-09-02T14:42:10Z,2026-09-02T14:42:10Z
348c2a27-e28c-420a-a06b-399f23a2513d,Yuka ANDO,yukaando,,JPN,female,resolved,world_athletics,2026-09-02T14:42:10Z,2026-09-02T14:42:10Z
e74dc804-bf3d-439b-86e6-a404ef4164a6,Yukari NAGATOMO,yukarinagatomo,,JPN,female,resolved,world_athletics,2026-09-02T14:42:10Z,2026-09-02T14:42:10Z
b17b4e2d-f5d2-49e5-a94a-c8e813e61f13,Yuka SUZUKI,yukasuzuki,,JPN,female,resolved,world_athletics,2026-09-02T14:42:10Z,2026-09-02T14:42:10Z
fde749e2-a118-4488-b5fd-3a0a5a5e4108,Yuka TAKASHIMA,yukatakashima,,JPN,female,resolved,world_athletics,2026-09-02T14:42:10Z,2026-09-02T14:42:10Z
ea3fe4db-ce3d-467f-af37-9452c0a8e862,Yukichi Ishii,yukichiishii,Yukichi Ishii,JPN,male,resolved,world_athletics,2026-09-02T14:42:10Z,2026-09-02T14:42:10Z
030feb9f-a849-4d3b-b717-1a54f5bebb9e,Yuki MURAO,yukimurao,,JPN,male,resolved,world_athletics,2026-09-02T14:42:10Z,2026-09-02T14:42:10Z
6857d8f4-ddce-4e3e-97c9-7c927a26c985,Yuki MUTA,yukimuta,,JPN,male,resolved,world_athletics,2026-09-02T14:42:10Z,2026-09-02T14:42:10Z
bba5428d-fd20-409c-a392-6af80eee11ae,Yuki NAKAMURA,yukinakamura,,JPN,female,resolved,world_athletics,2026-09-02T14:42:10Z,2026-09-02T14:42:10Z
ac2f6e65-5699-4971-af97-2e7673971c67,Yuki SATAKE,yukisatake,,JPN,male,resolved,world_athletics,2026-09-02T14:42:10Z,2026-09-02T14:42:10Z
945a3828-b6be-425f-aa5e-d797977edd76,Yuki TAKAMIYA,yukitakamiya,,JPN,male,resolved,world_athletics,2026-09-02T14:42:10Z,2026-09-02T14:42:10Z
b2e55503-6a93-4b82-ba62-5f644293634a,Yuki TAKEI,yukitakei,,JPN,male,resolved,world_athletics,2026-09-02T14:42:10Z,2026-09-02T14:42:10Z
1d881343-b137-43ed-ad6a-5c348feaf084,Yuki TOYODA,yukitoyoda,,JPN,female,resolved,world_athletics,2026-09-02T14:42:10Z,2026-09-02T14:42:10Z
e11724b7-3963-47ce-82aa-fc7308dfc09e,Yuki Tsutsumi,yukitsutsumi,Yuki Tsutsumi,JPN,male,resolved,world_athletics,2026-09-02T14:42:10Z,2026-09-02T14:42:10Z
88ccf9b4-8ee8-40cc-aff0-b27517193549,Yuliya POPOVA,yuliyapopova,,RUS,female,resolved,world_athletics,2026-09-02T14:42:10Z,2026-09-02T14:42:10Z
a5790cc1-f377-408d-aee9-c22a5cce1495,Yuma NISHIZAWA,yumanishizawa,,JPN,male,resolved,world_athletics,2026-09-02T14:42:10Z,2026-09-02T14:42:10Z
74d7ada4-6cf3-42f2-bb3c-2cb4c46203f8,Yuma NOZAWA,yumanozawa,,JPN,male,resolved,world_athletics,2026-09-02T14:42:10Z,2026-09-02T14:42:10Z
a6ce3657-62a1-4950-8cde-edfe4dd07fe3,Yuma YAMAMOTO,yumayamamoto,,JPN,female,resolved,world_athletics,2026-09-02T14:42:10Z,2026-09-02T14:42:10Z
5622f0d9-78bf-4c88-bc95-aeef087f33be,Yume GOTO,yumegoto,,JPN,female,resolved,world_athletics,2026-09-02T14:42:10Z,2026-09-02T14:42:10Z
4c072464-bcaa-4541-8fa1-fa4b13397046,Yumi YOSHIKAWA,yumiyoshikawa,,JPN,female,resolved,world_athletics,2026-09-02T14:42:10Z,2026-09-02T14:42:10Z
d6ae1560-9067-4b0d-887b-d6384fcfdc05,Yuna DAITO,yunadaito,,JPN,female,resolved,world_athletics,2026-09-02T14:42:10Z,2026-09-02T14:42:10Z
b7c9c976-9374-4f6a-a297-26700a10d7e8,Yuna TAKAHASHI,yunatakahashi,,JPN,female,resolved,world_athletics,2026-09-02T14:42:10Z,2026-09-02T14:42:10Z
3b56ef92-0af0-4057-b4b2-2607937ec79c,Yuri KARASAWA,yurikarasawa,,JPN,female,resolved,world_athletics,2026-09-02T14:42:10Z,2026-09-02T14:42:10Z
5afb7d28-e460-440d-9bdd-0e054c5f3e86,Yuri MITSUNE,yurimitsune,,JPN,female,resolved,world_athletics,2026-09-02T14:42:10Z,2026-09-02T14:42:10Z
275e1797-0304-4ca8-843e-04c10dee131b,Yuri NISHIDA,yurinishida,,JPN,female,resolved,world_athletics,2026-09-02T14:42:10Z,2026-09-02T14:42:10Z
29b4cfe3-4e6b-4c52-8970-24fa4b1c8aee,Yuri TASAKI,yuritasaki,,JPN,female,resolved,world_athletics,2026-09-02T14:42:10Z,2026-09-02T14:42:10Z
69159d01-9faf-4d1c-838b-db68c10a1bdf,Yusaku NOMURA,yusakunomura,,JPN,male,resolved,world_athletics,2026-09-02T14:42:10Z,2026-09-02T14:42:10Z
65ff59c3-2bf5-4ac3-ab14-2a1663bc779f,Yusei SHIROKOSHI,yuseishirokoshi,,JPN,male,resolved,world_athletics,2026-09-02T14:42:10Z,2026-09-02T14:42:10Z
124e574e-03e0-48ef-bd9a-3185bec054e5,Yusuf BIZIMANA,yusufbizimana,,GBR,male,resolved,world_athletics,2026-09-02T14:42:10Z,2026-09-02T14:42:10Z
cf018523-2579-448c-9fb0-f2e95b38de3b,Yusuke Nishiyama,yusukenishiyama,YUSUKE NISHIYAMA,JPN,male,resolved,world_athletics,2026-09-02T14:42:10Z,2026-09-02T14:42:10Z
cfa77d34-631c-4afa-aa78-63415563c44e,Yusuke OGURA,yusukeogura,,JPN,male,resolved,world_athletics,2026-09-02T14:42:10Z,2026-09-02T14:42:10Z
95945bea-a254-4218-9ea0-5ce640baeef6,Yusuke TAKAHASHI,yusuketakahashi,,JPN,male,resolved,world_athletics,2026-09-02T14:42:10Z,2026-09-02T14:42:10Z
042c9279-94da-4b13-9f21-e516bc7db8d1,Yusuke TAMURA,yusuketamura,,JPN,male,resolved,world_athletics,2026-09-02T14:42:10Z,2026-09-02T14:42:10Z
f6eafc61-05b0-434a-b643-a851c5118b89,Yuta BANDO,yutabando,,JPN,male,resolved,world_athletics,2026-09-02T14:42:10Z,2026-09-02T14:42:10Z
9099ab1b-2151-468f-8f79-58dc3702a0f5,Yuta NAKAYAMA,yutanakayama,,JPN,male,resolved,world_athletics,2026-09-02T14:42:10Z,2026-09-02T14:42:10Z
af9b4c16-9b3e-4166-b2b1-540df62c56be,Yutaro NIINAE,yutaroniinae,,JPN,male,resolved,world_athletics,2026-09-02T14:42:10Z,2026-09-02T14:42:10Z
e2ead826-b198-4b28-ba60-4d4820819d39,Yuta SHIMODA,yutashimoda,,JPN,male,resolved,world_athletics,2026-09-02T14:42:10Z,2026-09-02T14:42:10Z
d1d07890-c9f1-49fc-b751-0083b37da265,Yuta SHITARA,yutashitara,,JPN,male,resolved,world_athletics,2026-09-02T14:42:10Z,2026-09-02T14:42:10Z
670f865f-8ed4-4328-9e05-073f73b56f6a,Yuto AKAHOSHI,yutoakahoshi,,JPN,male,resolved,world_athletics,2026-09-02T14:42:10Z,2026-09-02T14:42:10Z
a9d71304-20ba-4809-9fda-2f5529c8bb0d,Yuto IMAE,yutoimae,,JPN,male,resolved,world_athletics,2026-09-02T14:42:10Z,2026-09-02T14:42:10Z
80e01403-e080-4e91-aeed-aad4af4f9a18,Yuto URATA,yutourata,,JPN,male,resolved,world_athletics,2026-09-02T14:42:10Z,2026-09-02T14:42:10Z
756a746f-7dc8-4b1e-aace-e28c8483db06,Yuya KAWATA,yuyakawata,,JPN,male,resolved,world_athletics,2026-09-02T14:42:10Z,2026-09-02T14:42:10Z
3ba140cc-bbf6-4949-9b0f-d618a52bdde0,Yuya YAMASHITA,yuyayamashita,,JPN,male,resolved,world_athletics,2026-09-02T14:42:10Z,2026-09-02T14:42:10Z
ed29456f-2a8f-4800-8b22-57be1b9a7486,Yuya YOSHIDA,yuyayoshida,,JPN,male,resolved,world_athletics,2026-09-02T14:42:10Z,2026-09-02T14:42:10Z
5d70e317-326c-4fcc-b109-fc4b0a11959b,Yuyu XIA,yuyuxia,,CHN,female,resolved,world_athletics,2026-09-02T14:42:10Z,2026-09-02T14:42:10Z
3bbd8697-66b6-4d25-a73a-9baca716fa46,Yves NIMUBONA,yvesnimubona,,RWA,male,resolved,world_athletics,2026-09-02T14:42:10Z,2026-09-02T14:42:10Z
bc8bd949-4175-4071-846c-7dc744a66406,Zacharia KROP,zachariakrop,,KEN,male,resolved,world_athletics,2026-09-02T14:42:10Z,2026-09-02T14:42:10Z
ef7bcac9-da3c-4161-8889-a297b077b09f,Zachary FACIONI,zacharyfacioni,,AUS,male,resolved,world_athletics,2026-09-02T14:42:10Z,2026-09-02T14:42:10Z
d3dfca42-b525-4ae2-8dae-84f330fbf366,Zach Panning,zachpanning,Zach Panning,USA,male,resolved,world_athletics,2026-09-02T14:42:10Z,2026-09-02T14:42:10Z
720b3539-f944-4a9b-bb3b-f7bf79a2e1c1,Zaida RAMOS,zaidaramos,,PER,female,resolved,world_athletics,2026-09-02T14:42:10Z,2026-09-02T14:42:10Z
5fafa2a0-ebd7-4305-a82a-6b5a137abb18,Zakaria AL ALHLAMI,zakariaalalhlami,,QAT,male,resolved,world_athletics,2026-09-02T14:42:10Z,2026-09-02T14:42:10Z
b02652f2-c77a-4465-b3af-65a92d03deca,Zakariya MAHAMED,zakariyamahamed,,GBR,male,resolved,world_athletics,2026-09-02T14:42:10Z,2026-09-02T14:42:10Z
5479537a-11e0-475d-8fc2-c237dd4c44e8,Zakary MAMA-YARI,zakarymamayari,,CAN,male,resolved,world_athletics,2026-09-02T14:42:10Z,2026-09-02T14:42:10Z
3b280a47-a196-49ab-966c-0c18f1550c4e,Zak SEDDON,zakseddon,,GBR,male,resolved,world_athletics,2026-09-02T14:42:10Z,2026-09-02T14:42:10Z
b073aa1f-3ebb-4289-98da-e837fc19b725,Zalen Nelson,zalennelson,Zalen Nelson,TTO,male,resolved,world_athletics,2026-09-02T14:42:10Z,2026-09-02T14:42:10Z
c6eb5162-1b8a-441a-92b8-ef474a39ad5e,Zeberu BERTA,zeberuberta,,ETH,male,resolved,world_athletics,2026-09-02T14:42:10Z,2026-09-02T14:42:10Z
5570adca-339f-4245-bab4-8afcebb9ea7b,Zemenu MUCHIE,zemenumuchie,,ISR,male,resolved,world_athletics,2026-09-02T14:42:10Z,2026-09-02T14:42:10Z
e4ee4c75-cb7b-4bdf-80d3-fedfccb941a7,Zenebu BIHONEGN,zenebubihonegn,,ETH,female,resolved,world_athletics,2026-09-02T14:42:10Z,2026-09-02T14:42:10Z
71f65d6c-07ce-4e73-a1a7-49e8ca3833eb,Zenebu FIKADU,zenebufikadu,,ETH,female,resolved,world_athletics,2026-09-02T14:42:10Z,2026-09-02T14:42:10Z
9fe6f877-a1af-4194-bcbf-3e3092634510,Zephaniah CARICO-MCLENNAN,zephaniahcaricomclennan,,USA,male,resolved,world_athletics,2026-09-02T14:42:10Z,2026-09-02T14:42:10Z
b20e69af-427b-4b53-b0db-3d75c5762b02,Zerei Kbrom MEZNGI,zereikbrommezngi,,NOR,male,resolved,world_athletics,2026-09-02T14:42:10Z,2026-09-02T14:42:10Z
c8cc92fb-b67f-4267-8b95-12e71bcc23f1,Zerihun ALEMTSEHAY,zerihunalemtsehay,,ETH,female,resolved,world_athletics,2026-09-02T14:42:10Z,2026-09-02T14:42:10Z
24a03720-3339-4bf0-a692-d1d7c44e7b7b,Zeritu DABA,zeritudaba,,ETH,female,resolved,world_athletics,2026-09-02T14:42:10Z,2026-09-02T14:42:10Z
4696eb70-d028-422d-b05f-87e2355c4fe2,Zewditu ADERAW,zewdituaderaw,,ETH,female,resolved,world_athletics,2026-09-02T14:42:10Z,2026-09-02T14:42:10Z
04d66bac-e126-49ad-8ee8-d102cd0d38b4,Zhanna MAMAZHANOVA,zhannamamazhanova,,KAZ,female,resolved,world_athletics,2026-09-02T14:42:10Z,2026-09-02T14:42:10Z
61a6aeb4-f5c7-478f-bb15-c9267acc8207,Zhixuan LI,zhixuanli,,CHN,female,resolved,world_athletics,2026-09-02T14:42:10Z,2026-09-02T14:42:10Z
45603465-8df7-4008-9106-a36d8b032072,Zhongqiang MA,zhongqiangma,,CHN,male,resolved,world_athletics,2026-09-02T14:42:10Z,2026-09-02T14:42:10Z
2a7dfb73-7428-402c-91da-3b8e0a300601,Zhongrui GUO,zhongruiguo,,CHN,male,resolved,world_athletics,2026-09-02T14:42:10Z,2026-09-02T14:42:10Z
fbeea229-2be3-4d32-8065-26ab92dee36e,Ziad Audah,ziadaudah,Ziad Audah,BEL,male,resolved,world_athletics,2026-09-02T14:42:10Z,2026-09-02T14:42:10Z
2ba93cfc-17d8-4798-831f-1746fd5be892,Zinah SENBETA,zinahsenbeta,,ETH,female,resolved,world_athletics,2026-09-02T14:42:10Z,2026-09-02T14:42:10Z
0296d579-6250-4d4a-9bf2-194ea4692d1f,Zinash DEBEBE,zinashdebebe,,ETH,female,resolved,world_athletics,2026-09-02T14:42:10Z,2026-09-02T14:42:10Z
eca8a6d4-57f6-403e-b432-1c6e38294136,Zine El Abidine LAGOUNE,zineelabidinelagoune,,ALG,male,resolved,world_athletics,2026-09-02T14:42:10Z,2026-09-02T14:42:10Z
53d4f636-fb80-4e82-b73f-d13feeb7159c,Zita URBÁN,zitaurban,,HUN,female,resolved,world_athletics,2026-09-02T14:42:10Z,2026-09-02T14:42:10Z
bd317bcf-c3d2-41bd-9a09-6e7a6db4e360,Zohair HADAR,zohairhadar,,ITA,male,resolved,world_athletics,2026-09-02T14:42:10Z,2026-09-02T14:42:10Z
41b27c9b-8d71-438d-8736-37e822fb7079,Zoie DUNDON,zoiedundon,,USA,female,resolved,world_athletics,2026-09-02T14:42:10Z,2026-09-02T14:42:10Z
08a76bc2-d932-4b2a-8d76-cfc6314ef2b3,Zouhair Talbi,zouhairtalbi,Zouhair Talbi,MAR,male,resolved,world_athletics,2026-09-02T14:42:10Z,2026-09-02T14:42:10Z
cd686cde-9dc8-4589-a669-34dd6d7ad122,Zoya NAUMOV,zoyanaumov,,ESP,female,resolved,world_athletics,2026-09-02T14:42:10Z,2026-09-02T14:42:10Z
