Serial,Athlete ID,Athlete Name,Activity ID,Activity Name,Description,Start Date,Elapsed Time,Type,Location,Pace (min/mi),Pace (min/km),Time (min),Distance (km),Activity Time (s),Time
151423,60508941,Boniface Kibiwott,12819462801,Morning Run,nan,2024-11-04 03:21:47+00:00,4141,Run,"Elgeyo-Marakwet County, Kenya",0.0,3.8163716814159296,69.0,18.08,4140.0,1 h 9 m
151509,60508941,Boniface Kibiwott,12819462801,Morning Run,nan,2024-11-04 03:21:47+00:00,4141,Run,"Elgeyo-Marakwet County, Kenya",0.0,3.8163716814159296,69.0,18.08,4140.0,1 h 9 m
151595,60508941,Boniface Kibiwott,12819462801,Morning Run,nan,2024-11-04 03:21:47+00:00,4141,Run,"Elgeyo-Marakwet County, Kenya",0.0,3.8163716814159296,69.0,18.08,4140.0,1 h 9 m
153571,82013388,Logan Measner,12821796663,Morning Run,nan,2024-11-04 16:11:05+00:00,1531,Run,nan,0.0,3.9443585780525505,25.52,6.47,1531.2,25 m 31 s
153570,82013388,Logan Measner,12825100062,Evening Run,nan,2024-11-05 00:13:40+00:00,2605,Run,"Madison, USA",0.0,4.126008064516129,40.93,9.92,2455.8,40 m 56 s
151421,60508941,Boniface Kibiwott,12826253406,Morning Run,nan,2024-11-05 03:34:23+00:00,2676,Run,"Elgeyo-Marakwet County, Kenya",0.0,3.5657467532467533,43.93,12.32,2635.8,43 m 56 s
151507,60508941,Boniface Kibiwott,12826253406,Morning Run,nan,2024-11-05 03:34:23+00:00,2676,Run,"Elgeyo-Marakwet County, Kenya",0.0,3.5657467532467533,43.93,12.32,2635.8,43 m 56 s
151593,60508941,Boniface Kibiwott,12826253406,Morning Run,nan,2024-11-05 03:34:23+00:00,2676,Run,"Elgeyo-Marakwet County, Kenya",0.0,3.5657467532467533,43.93,12.32,2635.8,43 m 56 s
151422,60508941,Boniface Kibiwott,12826254088,Afternoon Run,nan,2024-11-04 12:30:52+00:00,3126,Run,"Elgeyo-Marakwet County, Kenya",0.0,5.1635282457879095,52.1,10.09,3126.0,52 m 6 s
151508,60508941,Boniface Kibiwott,12826254088,Afternoon Run,nan,2024-11-04 12:30:52+00:00,3126,Run,"Elgeyo-Marakwet County, Kenya",0.0,5.1635282457879095,52.1,10.09,3126.0,52 m 6 s
151594,60508941,Boniface Kibiwott,12826254088,Afternoon Run,nan,2024-11-04 12:30:52+00:00,3126,Run,"Elgeyo-Marakwet County, Kenya",0.0,5.1635282457879095,52.1,10.09,3126.0,52 m 6 s
153569,82013388,Logan Measner,12829802200,Morning Run,nan,2024-11-05 16:07:47+00:00,1710,Run,nan,0.0,3.93646408839779,28.5,7.24,1710.0,28 m 30 s
151420,60508941,Boniface Kibiwott,12830683304,Afternoon Run,nan,2024-11-05 12:40:31+00:00,2342,Run,"Elgeyo-Marakwet County, Kenya",0.0,4.781211372064277,38.68,8.09,2320.8,38 m 41 s
151506,60508941,Boniface Kibiwott,12830683304,Afternoon Run,nan,2024-11-05 12:40:31+00:00,2342,Run,"Elgeyo-Marakwet County, Kenya",0.0,4.781211372064277,38.68,8.09,2320.8,38 m 41 s
151592,60508941,Boniface Kibiwott,12830683304,Afternoon Run,nan,2024-11-05 12:40:31+00:00,2342,Run,"Elgeyo-Marakwet County, Kenya",0.0,4.781211372064277,38.68,8.09,2320.8,38 m 41 s
153568,82013388,Logan Measner,12832465999,Afternoon Run,nan,2024-11-05 20:48:48+00:00,5415,Run,"Madison, USA",0.0,3.838065194532072,73.0,19.02,4380.0,1 h 13 m
151419,60508941,Boniface Kibiwott,12834262271,Morning Run,nan,2024-11-06 03:22:42+00:00,3449,Run,"Elgeyo-Marakwet County, Kenya",0.0,4.041105598866053,57.02,14.11,3421.2000000000003,57 m 1 s
151505,60508941,Boniface Kibiwott,12834262271,Morning Run,nan,2024-11-06 03:22:42+00:00,3449,Run,"Elgeyo-Marakwet County, Kenya",0.0,4.041105598866053,57.02,14.11,3421.2000000000003,57 m 1 s
151591,60508941,Boniface Kibiwott,12834262271,Morning Run,nan,2024-11-06 03:22:42+00:00,3449,Run,"Elgeyo-Marakwet County, Kenya",0.0,4.041105598866053,57.02,14.11,3421.2000000000003,57 m 1 s
153567,82013388,Logan Measner,12838056940,Morning Run,nan,2024-11-06 16:23:57+00:00,1176,Run,nan,0.0,4.049586776859504,19.6,4.84,1176.0,19 m 36 s
153566,82013388,Logan Measner,12841831391,Evening Run,nan,2024-11-07 00:31:37+00:00,2233,Run,nan,0.0,3.8530020703933743,37.22,9.66,2233.2,37 m 13 s
151416,60508941,Boniface Kibiwott,12846965973,Morning Run,nan,2024-11-07 03:34:19+00:00,2391,Run,"Elgeyo-Marakwet County, Kenya",0.0,3.287953795379538,39.85,12.12,2391.0,39 m 51 s
151502,60508941,Boniface Kibiwott,12846965973,Morning Run,nan,2024-11-07 03:34:19+00:00,2391,Run,"Elgeyo-Marakwet County, Kenya",0.0,3.287953795379538,39.85,12.12,2391.0,39 m 51 s
151588,60508941,Boniface Kibiwott,12846965973,Morning Run,nan,2024-11-07 03:34:19+00:00,2391,Run,"Elgeyo-Marakwet County, Kenya",0.0,3.287953795379538,39.85,12.12,2391.0,39 m 51 s
151417,60508941,Boniface Kibiwott,12846971920,Morning Run,nan,2024-11-07 03:12:48+00:00,980,Run,"Elgeyo-Marakwet County, Kenya",0.0,4.7522388059701495,15.92,3.35,955.2,15 m 55 s
151503,60508941,Boniface Kibiwott,12846971920,Morning Run,nan,2024-11-07 03:12:48+00:00,980,Run,"Elgeyo-Marakwet County, Kenya",0.0,4.7522388059701495,15.92,3.35,955.2,15 m 55 s
151589,60508941,Boniface Kibiwott,12846971920,Morning Run,nan,2024-11-07 03:12:48+00:00,980,Run,"Elgeyo-Marakwet County, Kenya",0.0,4.7522388059701495,15.92,3.35,955.2,15 m 55 s
151418,60508941,Boniface Kibiwott,12846980893,Afternoon Run,nan,2024-11-06 12:40:31+00:00,2915,Run,"Elgeyo-Marakwet County, Kenya",0.0,4.6238003838771595,48.18,10.42,2890.8,48 m 11 s
151504,60508941,Boniface Kibiwott,12846980893,Afternoon Run,nan,2024-11-06 12:40:31+00:00,2915,Run,"Elgeyo-Marakwet County, Kenya",0.0,4.6238003838771595,48.18,10.42,2890.8,48 m 11 s
151590,60508941,Boniface Kibiwott,12846980893,Afternoon Run,nan,2024-11-06 12:40:31+00:00,2915,Run,"Elgeyo-Marakwet County, Kenya",0.0,4.6238003838771595,48.18,10.42,2890.8,48 m 11 s
153565,82013388,Logan Measner,12848070870,Afternoon Run,nan,2024-11-07 20:52:50+00:00,5315,Run,"Madison, USA",0.0,4.069050554870531,66.0,16.22,3960.0,1 h 6 m
153564,82013388,Logan Measner,12855195970,Afternoon Run,nan,2024-11-08 21:07:11+00:00,5720,Run,"Madison, USA",0.0,3.52233676975945,82.0,23.28,4920.0,1 h 22 m
151414,60508941,Boniface Kibiwott,12856938361,Morning Run,nan,2024-11-09 04:11:09+00:00,3203,Run,"Uasin Gishu County, Kenya",0.0,3.8579277864992143,49.15,12.74,2949.0,49 m 9 s
151500,60508941,Boniface Kibiwott,12856938361,Morning Run,nan,2024-11-09 04:11:09+00:00,3203,Run,"Uasin Gishu County, Kenya",0.0,3.8579277864992143,49.15,12.74,2949.0,49 m 9 s
151586,60508941,Boniface Kibiwott,12856938361,Morning Run,nan,2024-11-09 04:11:09+00:00,3203,Run,"Uasin Gishu County, Kenya",0.0,3.8579277864992143,49.15,12.74,2949.0,49 m 9 s
151415,60508941,Boniface Kibiwott,12858366338,Morning Run,nan,2024-11-09 03:39:15+00:00,740,Run,"Uasin Gishu County, Kenya",0.0,4.055921052631579,12.33,3.04,739.8,12 m 20 s
151501,60508941,Boniface Kibiwott,12858366338,Morning Run,nan,2024-11-09 03:39:15+00:00,740,Run,"Uasin Gishu County, Kenya",0.0,4.055921052631579,12.33,3.04,739.8,12 m 20 s
151587,60508941,Boniface Kibiwott,12858366338,Morning Run,nan,2024-11-09 03:39:15+00:00,740,Run,"Uasin Gishu County, Kenya",0.0,4.055921052631579,12.33,3.04,739.8,12 m 20 s
153563,82013388,Logan Measner,12863162772,Afternoon Run,nan,2024-11-09 21:45:59+00:00,2197,Run,"Town of Barton, USA",0.0,4.236192714453583,36.05,8.51,2163.0,36 m 3 s
153562,82013388,Logan Measner,12871840885,Afternoon Run,nan,2024-11-10 21:21:15+00:00,5592,Run,"West Bend, USA",0.0,3.8671710802858343,92.0,23.79,5520.0,1 h 32 m
153206,77830180,Keisuke Yokota,12872458082,Lunch Run,nan,2024-11-11 02:00:35+00:00,1773,Run,"Asaka, Japan",0.0,5.040572792362768,21.12,4.19,1267.2,21 m 7 s
153205,77830180,Keisuke Yokota,12872549133,Lunch Run,nan,2024-11-11 02:40:30+00:00,2339,Run,"Nerima, Japan",0.0,3.2456286427976684,38.98,12.01,2338.7999999999997,38 m 59 s
153204,77830180,Keisuke Yokota,12872672932,Lunch Run,nan,2024-11-11 03:30:14+00:00,1910,Run,"Nerima, Japan",0.0,5.829670329670329,31.83,5.46,1909.8,31 m 50 s
151337,64360338,Hamza Sahli,12873707687,Morning Swim,nan,2024-11-11 08:51:48+00:00,1916,Swim,nan,0.0,0.0,0.0,31.0,0.0,154 bpm
151338,64360338,Hamza Sahli,12873714900,Natation matinale,nan,2024-11-11 08:36:00+00:00,1615,Swim,nan,0.0,0.0,0.0,1.0,0.0,2:14 /100m
151230,83372861,Kristian Uldbjerg Hansen,12874279958,Morning Run,4x2k /60s 3:14/17/16/17(3.0) Inkl en masse erindringer pre 🛫,2024-11-11 08:33:40+00:00,8648,Run,"Aarhus Municipality, Denmark",0.0,4.080310880829016,63.0,15.44,3780.0,1 h 3 m
153768,66783639,Duncan Perrillat,12874738760,Course à pied du midi,nan,2024-11-11 10:32:30+00:00,5618,Run,"Vila Real de Santo António, Portugal",0.0,4.269141531322505,92.0,21.55,5520.0,1 h 32 m
153978,89025421,Ivan Siuris,12874753390,Lunch Run,nan,2024-11-11 10:50:04+00:00,3639,Run,nan,0.0,4.528301886792453,60.0,13.25,3600.0,1 h 0 m
152696,69562064,José Carlos Pinto,12875094671,4k warmup,nan,2024-11-11 09:57:45+00:00,1012,Run,"Oeiras, Portugal",0.0,4.2175,16.87,4.0,1012.2,16 m 52 s
152695,69562064,José Carlos Pinto,12875096926,3x(5x200) 30”/3’,Avg 27.6,2024-11-11 11:19:06+00:00,1287,Run,"Oeiras, Portugal",0.0,3.9671361502347415,16.9,4.26,1014.0,16 m 54 s
152694,69562064,José Carlos Pinto,12875097115,2km cooldown,nan,2024-11-11 11:52:48+00:00,575,Run,"Oeiras, Portugal",0.0,4.675,9.35,2.0,561.0,9 m 21 s
152236,60155357,Youssef Benzamia,12875485787,Lunch Run,nan,2024-11-11 11:52:43+00:00,14,Run,nan,0.0,2.3,0.23,0.1,13.8,14 s
152370,60155357,Youssef Benzamia,12875485787,Lunch Run,nan,2024-11-11 11:52:43+00:00,14,Run,nan,0.0,2.3,0.23,0.1,13.8,14 s
152237,60155357,Youssef Benzamia,12875485836,Lunch Run,nan,2024-11-11 11:07:00+00:00,1845,Run,"Nice, France",0.0,4.382857142857143,30.68,7.0,1840.8,30 m 41 s
152371,60155357,Youssef Benzamia,12875485836,Lunch Run,nan,2024-11-11 11:07:00+00:00,1845,Run,"Nice, France",0.0,4.382857142857143,30.68,7.0,1840.8,30 m 41 s
152235,60155357,Youssef Benzamia,12875486012,Lunch Run,nan,2024-11-11 11:54:19+00:00,14,Run,nan,0.0,2.3,0.23,0.1,13.8,14 s
152369,60155357,Youssef Benzamia,12875486012,Lunch Run,nan,2024-11-11 11:54:19+00:00,14,Run,nan,0.0,2.3,0.23,0.1,13.8,14 s
152234,60155357,Youssef Benzamia,12875488982,Lunch Run,nan,2024-11-11 11:59:18+00:00,1882,Run,"Nice, France",0.0,4.523809523809524,28.5,6.3,1710.0,28 m 30 s
152368,60155357,Youssef Benzamia,12875488982,Lunch Run,nan,2024-11-11 11:59:18+00:00,1882,Run,"Nice, France",0.0,4.523809523809524,28.5,6.3,1710.0,28 m 30 s
152233,60155357,Youssef Benzamia,12875489034,Afternoon Run,nan,2024-11-11 12:33:56+00:00,107,Run,nan,0.0,5.085714285714286,1.78,0.35,106.8,1 m 47 s
152367,60155357,Youssef Benzamia,12875489034,Afternoon Run,nan,2024-11-11 12:33:56+00:00,107,Run,nan,0.0,5.085714285714286,1.78,0.35,106.8,1 m 47 s
153357,61783860,Shane Streich,12875622605,Pre Speed Dev,nan,2024-11-11 13:47:08+00:00,1322,Run,"Brookhaven, USA",0.0,4.526748971193415,22.0,4.86,1320.0,22 m 0 s
153468,61783860,Shane Streich,12875622605,Pre Speed Dev,nan,2024-11-11 13:47:08+00:00,1322,Run,"Brookhaven, USA",0.0,4.526748971193415,22.0,4.86,1320.0,22 m 0 s
151811,61174400,Jack Higgins,12875964703,Morning Run,6@6,2024-11-11 13:09:11+00:00,4756,Run,"Boston, USA",0.0,3.846153846153846,62.0,16.12,3720.0,1 h 2 m
151697,79030752,Jack Salisbury,12876242665,Morning Run,nan,2024-11-11 13:21:46+00:00,1341,Run,"The Bronx, USA",0.0,4.323770491803279,21.1,4.88,1266.0,21 m 6 s
151696,79030752,Jack Salisbury,12876245058,8 x 6 min on/ 2 off,5:05/5:40 paces. best ive felt so far on these longer workouts. good group today,2024-11-11 14:07:02+00:00,3847,Run,"The Bronx, USA",0.0,3.265306122448979,64.0,19.6,3840.0,1 h 4 m
151695,79030752,Jack Salisbury,12876245478,Morning Run,nan,2024-11-11 15:23:10+00:00,987,Run,"The Bronx, USA",0.0,4.931888544891641,15.93,3.23,955.8,15 m 56 s
152960,69143721,Jonathan Grahn,12876281570,Afternoon Run,nan,2024-11-11 15:23:31+00:00,1299,Run,"Göteborgs Stad, Sweden",0.0,4.8657407407407405,21.02,4.32,1261.2,21 m 1 s
153356,61783860,Shane Streich,12876656093,Post Speed Dev,nan,2024-11-11 16:03:00+00:00,1858,Run,"Brookhaven, USA",0.0,4.521739130434782,29.12,6.44,1747.2,29 m 7 s
153467,61783860,Shane Streich,12876656093,Post Speed Dev,nan,2024-11-11 16:03:00+00:00,1858,Run,"Brookhaven, USA",0.0,4.521739130434782,29.12,6.44,1747.2,29 m 7 s
152961,69143721,Jonathan Grahn,12876695361,Afternoon Run,nan,2024-11-11 16:04:03+00:00,341,Run,nan,0.0,3.0740740740740735,0.83,0.27,49.8,50 s
153767,66783639,Duncan Perrillat,12876878965,Course à pied dans l'après-midi,nan,2024-11-11 16:06:52+00:00,3387,Run,"Vila Real de Santo António, Portugal",0.0,5.025385312783318,55.43,11.03,3325.8,55 m 26 s
150809,63449551,Olivia Markezich,12877026059,Morning Run,nan,2024-11-11 16:44:44+00:00,2115,Run,"Boulder, USA",0.0,4.357763975155279,35.08,8.05,2104.7999999999997,35 m 5 s
150878,63449551,Olivia Markezich,12877026059,Morning Run,nan,2024-11-11 16:44:44+00:00,2115,Run,"Boulder, USA",0.0,4.357763975155279,35.08,8.05,2104.7999999999997,35 m 5 s
150947,63449551,Olivia Markezich,12877026059,Morning Run,nan,2024-11-11 16:44:44+00:00,2115,Run,"Boulder, USA",0.0,4.357763975155279,35.08,8.05,2104.7999999999997,35 m 5 s
153666,78680893,Gracelyn Larkin,12877396787,Morning Run,nan,2024-11-11 16:58:45+00:00,4091,Run,"Flagstaff, USA",0.0,4.7323506594259115,61.0,12.89,3660.0,1 h 1 m
153977,89025421,Ivan Siuris,12877512318,Evening Run,nan,2024-11-11 17:43:06+00:00,1939,Run,nan,0.0,4.582857142857143,32.08,7.0,1924.8,32 m 5 s
152693,69562064,José Carlos Pinto,12877869625,Corrida vespertina,nan,2024-11-11 17:42:50+00:00,2721,Run,"Oeiras, Portugal",0.0,4.352647352647352,43.57,10.01,2614.2,43 m 34 s
153097,73659831,Evan Jenkins,12878185306,Morning Run,nan,2024-11-11 18:31:43+00:00,3326,Run,"Seattle, USA",0.0,4.142968142968143,53.32,12.87,3199.2,53 m 19 s
152501,91049781,Hanna Hermansson,12878222495,Morning Run,nan,2024-11-11 17:15:24+00:00,3655,Run,"Mammoth Lakes, USA",0.0,5.048802129547472,56.9,11.27,3414.0,56 m 54 s
151810,61174400,Jack Higgins,12878666782,Afternoon Run,nan,2024-11-11 20:13:45+00:00,1709,Run,"Boston, USA",0.0,4.294753086419752,27.83,6.48,1669.8,27 m 50 s
154193,74338147,Erin Strzelecki,12879127702,Afternoon Run,nan,2024-11-11 20:49:35+00:00,3989,Run,"Saint Joseph County, USA",0.0,4.767317939609236,53.68,11.26,3220.8,53 m 41 s
154192,74338147,Erin Strzelecki,12879128245,Afternoon Run,nan,2024-11-11 21:58:45+00:00,1117,Run,"Saint Joseph County, USA",0.0,5.35625,8.57,1.6,514.2,8 m 34 s
153665,78680893,Gracelyn Larkin,12879702459,Afternoon Run,nan,2024-11-11 23:23:01+00:00,1905,Run,"Flagstaff, USA",0.0,5.117283950617284,24.87,4.86,1492.2,24 m 52 s
153291,71517556,Mehdi Kadri,12879798260,10k cool,nan,2024-11-11 10:09:28+00:00,2930,Run,"Le Grand-Quevilly, France",0.0,4.8762575452716295,48.47,9.94,2908.2,48 m 28 s
150347,98279354,Marco Arop,12879878791,Afternoon Run,4 miles easy,2024-11-11 22:46:22+00:00,3494,Run,"Park City, USA",0.0,4.4039938556067595,28.67,6.51,1720.2,28 m 40 s
151694,79030752,Jack Salisbury,12879897769,Evening Run,nan,2024-11-11 23:51:07+00:00,2277,Run,"Village of Dobbs Ferry, USA",0.0,4.622524752475248,37.35,8.08,2241.0,37 m 21 s
152500,91049781,Hanna Hermansson,12879956590,Afternoon Run,nan,2024-11-12 00:15:24+00:00,1922,Run,nan,0.0,4.981337480559876,32.03,6.43,1921.8,32 m 2 s
152959,69143721,Jonathan Grahn,12881920869,Morgontröskel,2x15 min band. Ca 15km egentligen.,2024-11-12 08:14:13+00:00,5372,Run,nan,0.0,3.7652270210409746,68.0,18.06,4080.0,1 h 8 m
152692,69562064,José Carlos Pinto,12882012635,3km warmup,nan,2024-11-12 09:59:46+00:00,717,Run,"Oeiras, Portugal",0.0,3.9700996677740865,11.95,3.01,717.0,11 m 57 s
153203,77830180,Keisuke Yokota,12882032471,Evening Run,nan,2024-11-12 09:01:15+00:00,4928,Run,"Asaka, Japan",0.0,4.434589800443459,80.0,18.04,4800.0,1 h 20 m
154072,82077769,Leonid Latsepov,12882641489,Lunch Run,nan,2024-11-12 10:01:55+00:00,982,Run,"Mitte, Germany",0.0,4.487323943661972,15.93,3.55,955.8,15 m 56 s
154073,82077769,Leonid Latsepov,12882643938,Morning Run,nan,2024-11-12 09:07:34+00:00,2958,Run,"Mitte, Germany",0.0,3.4909716251074805,40.6,11.63,2436.0,40 m 36 s
154074,82077769,Leonid Latsepov,12882644913,Morning Run,nan,2024-11-12 08:37:24+00:00,1412,Run,"Mitte, Germany",0.0,4.461538461538462,13.92,3.12,835.2,13 m 55 s
154075,82077769,Leonid Latsepov,12882644927,Lunch HIIT,nan,2024-11-11 19:46:09+00:00,1225,HighIntensityIntervalTraining,nan,0.0,0.0,0.0,20.0,0.0,70 Cal
154076,82077769,Leonid Latsepov,12882646096,Evening Run,nan,2024-11-11 19:08:54+00:00,1741,Run,"Mitte, Germany",0.0,4.705400981996727,28.75,6.11,1725.0,28 m 45 s
154077,82077769,Leonid Latsepov,12882647581,Morning Run,nan,2024-11-11 09:59:44+00:00,5087,Run,"Mitte, Germany",0.0,4.269260106788711,55.97,13.11,3358.2,55 m 58 s
152691,69562064,José Carlos Pinto,12882861926,Threshold 20x400 30”rc,Avg 67.0,2024-11-12 10:47:06+00:00,1933,Run,"Oeiras, Portugal",0.0,3.5164835164835164,32.0,9.1,1920.0,32 m 0 s
152690,69562064,José Carlos Pinto,12882862454,2km cooldown,nan,2024-11-12 11:24:10+00:00,628,Run,"Oeiras, Portugal",0.0,5.208955223880598,10.47,2.01,628.2,10 m 28 s
152689,69562064,José Carlos Pinto,12882863359,Ajudar a Cuca,2x300 1’rc avg 49.5,2024-11-12 11:38:24+00:00,180,Run,"Oeiras, Portugal",0.0,3.9066666666666663,2.93,0.75,175.8,2 m 56 s
153765,66783639,Duncan Perrillat,12883501678,Course à pied le matin,nan,2024-11-12 10:50:07+00:00,2574,Run,"Vila Real de Santo António, Portugal",0.0,3.5590622182146077,39.47,11.09,2368.2,39 m 28 s
153764,66783639,Duncan Perrillat,12883502946,Course à pied le midi,nan,2024-11-12 11:36:04+00:00,906,Run,"Vila Real de Santo António, Portugal",0.0,4.922779922779923,12.75,2.59,765.0,12 m 45 s
153766,66783639,Duncan Perrillat,12883529328,Course à pied matinale,nan,2024-11-12 09:05:00+00:00,1672,Run,nan,0.0,4.480707395498393,27.87,6.22,1672.2,27 m 52 s
151693,79030752,Jack Salisbury,12884043670,Morning Run,nan,2024-11-12 13:39:41+00:00,3510,Run,"Town of Greenburgh, USA",0.0,4.365815931941222,56.45,12.93,3387.0,56 m 27 s
151809,61174400,Jack Higgins,12884183074,Morning Run,Warm up and CD to equinox with 3 miles @5:28,2024-11-12 13:42:25+00:00,6931,Run,"Boston, USA",0.0,4.11965811965812,43.38,10.53,2602.8,43 m 23 s
151808,61174400,Jack Higgins,12884192877,Morning Run,1x25’ @5:13 and 1x6’ @5:13,2024-11-12 15:14:16+00:00,1801,Run,nan,0.0,3.2737186477644493,30.02,9.17,1801.2,30 m 1 s
151229,83372861,Kristian Uldbjerg Hansen,12884264157,📍Dullstroom🇿🇦,nan,2024-11-12 15:04:03+00:00,3009,Run,"Emakhazeni Local Municipality, RSA",0.0,4.864066193853427,41.15,8.46,2469.0,41 m 9 s
152131,83232940,Molly Grabill,12884386661,Morning Run,nan,2024-11-12 15:06:10+00:00,3764,Run,"Louisville, USA",0.0,4.553598774885145,59.47,13.06,3568.2,59 m 28 s
152172,83232940,Molly Grabill,12884386661,Morning Run,nan,2024-11-12 15:06:10+00:00,3764,Run,"Louisville, USA",0.0,4.553598774885145,59.47,13.06,3568.2,59 m 28 s
153353,61783860,Shane Streich,12884643005,Cool Down,nan,2024-11-12 15:55:12+00:00,882,Run,"Chamblee, USA",0.0,4.565217391304348,14.7,3.22,882.0,14 m 42 s
153464,61783860,Shane Streich,12884643005,Cool Down,nan,2024-11-12 15:55:12+00:00,882,Run,"Chamblee, USA",0.0,4.565217391304348,14.7,3.22,882.0,14 m 42 s
153354,61783860,Shane Streich,12884643052,3x (4x400s),"Set 1: 63.8 avg. Set 2: 62.5 avg. Set 3: 62.4 avg. RC 60” w/in, 2:30 b/w Solid VO2 session this morning. Had to be adaptable switching tracks this morning, but locked in once we got going. First set was an adjustment, then felt pretty good on the second and third sets.",2024-11-12 15:17:46+00:00,1611,Run,"Chamblee, USA",0.0,3.256013745704467,18.95,5.82,1137.0,18 m 57 s
153465,61783860,Shane Streich,12884643052,3x (4x400s),"Set 1: 63.8 avg. Set 2: 62.5 avg. Set 3: 62.4 avg. RC 60” w/in, 2:30 b/w Solid VO2 session this morning. Had to be adaptable switching tracks this morning, but locked in once we got going. First set was an adjustment, then felt pretty good on the second and third sets.",2024-11-12 15:17:46+00:00,1611,Run,"Chamblee, USA",0.0,3.256013745704467,18.95,5.82,1137.0,18 m 57 s
153355,61783860,Shane Streich,12884643246,Warm Up,nan,2024-11-12 14:29:54+00:00,1201,Run,"Chamblee, USA",0.0,4.519187358916478,20.02,4.43,1201.2,20 m 1 s
153466,61783860,Shane Streich,12884643246,Warm Up,nan,2024-11-12 14:29:54+00:00,1201,Run,"Chamblee, USA",0.0,4.519187358916478,20.02,4.43,1201.2,20 m 1 s
153664,78680893,Gracelyn Larkin,12885006797,Morning Run,nan,2024-11-12 16:14:04+00:00,956,Run,"Coconino County, USA",0.0,4.781818181818182,15.78,3.3,946.8,15 m 47 s
153662,78680893,Gracelyn Larkin,12885009636,Morning Run,nan,2024-11-12 16:59:46+00:00,2152,Run,"Coconino County, USA",0.0,3.530193236714976,29.23,8.28,1753.8,29 m 14 s
153763,66783639,Duncan Perrillat,12885274221,Course à pied le soir,nan,2024-11-12 16:52:20+00:00,4134,Run,"Vila Real de Santo António, Portugal",0.0,4.7585227272727275,67.0,14.08,4020.0,1 h 7 m
150808,63449551,Olivia Markezich,12885291991,Uphill long run,Strava tax discrediting my half marathon attempt :/,2024-11-12 15:48:05+00:00,5523,Run,"Lagerman Agricultural Preserve, USA",0.0,4.127134724857686,87.0,21.08,5220.0,1 h 27 m
150877,63449551,Olivia Markezich,12885291991,Uphill long run,Strava tax discrediting my half marathon attempt :/,2024-11-12 15:48:05+00:00,5523,Run,"Lagerman Agricultural Preserve, USA",0.0,4.127134724857686,87.0,21.08,5220.0,1 h 27 m
150946,63449551,Olivia Markezich,12885291991,Uphill long run,Strava tax discrediting my half marathon attempt :/,2024-11-12 15:48:05+00:00,5523,Run,"Lagerman Agricultural Preserve, USA",0.0,4.127134724857686,87.0,21.08,5220.0,1 h 27 m
152958,69143721,Jonathan Grahn,12885341777,Afternoon Run,nan,2024-11-12 16:36:52+00:00,4310,Run,"Göteborgs Stad, Sweden",0.0,4.299591836734694,52.67,12.25,3160.2000000000003,52 m 40 s
152499,91049781,Hanna Hermansson,12885558542,Morning Run,nan,2024-11-12 17:08:56+00:00,5633,Run,"Inyo County, USA",0.0,4.737975592246949,66.0,13.93,3960.0,1 h 6 m
152688,69562064,José Carlos Pinto,12885860035,2k warmup,nan,2024-11-12 17:52:54+00:00,484,Run,"Oeiras, Portugal",0.0,4.035,8.07,2.0,484.2000000000001,8 m 4 s
152687,69562064,José Carlos Pinto,12885862599,Threshold 5x1600 1’rc,nan,2024-11-12 18:25:16+00:00,1674,Run,"Oeiras, Portugal",0.0,3.2155688622754495,26.85,8.35,1611.0,26 m 51 s
152686,69562064,José Carlos Pinto,12885863298,2k cooldown,nan,2024-11-12 19:03:14+00:00,594,Run,"Oeiras, Portugal",0.0,4.95,9.9,2.0,594.0,9 m 54 s
153976,89025421,Ivan Siuris,12885903115,Evening Run,nan,2024-11-12 18:40:06+00:00,2471,Run,nan,0.0,4.113886113886114,41.18,10.01,2470.8,41 m 11 s
152232,60155357,Youssef Benzamia,12886188252,Lunch Run,nan,2024-11-12 10:38:09+00:00,1528,Run,"Nice, France",0.0,4.826254826254827,25.0,5.18,1500.0,25 m 0 s
152366,60155357,Youssef Benzamia,12886188252,Lunch Run,nan,2024-11-12 10:38:09+00:00,1528,Run,"Nice, France",0.0,4.826254826254827,25.0,5.18,1500.0,25 m 0 s
152231,60155357,Youssef Benzamia,12886190577,Evening Run,nan,2024-11-12 18:25:38+00:00,1977,Run,"Nice, France",0.0,4.621318373071529,32.95,7.13,1977.0,32 m 57 s
152365,60155357,Youssef Benzamia,12886190577,Evening Run,nan,2024-11-12 18:25:38+00:00,1977,Run,"Nice, France",0.0,4.621318373071529,32.95,7.13,1977.0,32 m 57 s
153061,81506583,Victor Kimutai,12886297911,Afternoon Run,nan,2024-11-12 19:08:23+00:00,3616,Run,"Albemarle County, USA",0.0,4.286815728604472,55.6,12.97,3336.0,55 m 36 s
153074,81506583,Victor Kimutai,12886297911,Afternoon Run,nan,2024-11-12 19:08:23+00:00,3616,Run,"Albemarle County, USA",0.0,4.286815728604472,55.6,12.97,3336.0,55 m 36 s
153663,78680893,Gracelyn Larkin,12887066009,Morning Run,nan,2024-11-12 17:46:41+00:00,524,Run,"Coconino County, USA",0.0,5.1676646706586835,8.63,1.67,517.8000000000001,8 m 38 s
154191,74338147,Erin Strzelecki,12887119784,Afternoon Run,nan,2024-11-12 20:43:03+00:00,1180,Run,"Saint Joseph County, USA",0.0,4.648571428571429,16.27,3.5,976.2,16 m 16 s
154190,74338147,Erin Strzelecki,12887121618,Afternoon Run,nan,2024-11-12 21:25:55+00:00,1814,Run,nan,0.0,4.903370786516854,21.82,4.45,1309.2,21 m 49 s
154189,74338147,Erin Strzelecki,12887153088,Afternoon Run,nan,2024-11-12 22:05:08+00:00,988,Run,"Saint Joseph County, USA",0.0,4.7593749999999995,15.23,3.2,913.8,15 m 14 s
153352,61783860,Shane Streich,12887430274,Double,w/ Sean. Schmoney,2024-11-12 22:33:52+00:00,1964,Run,"Cobb County, USA",0.0,4.606864274570983,29.53,6.41,1771.8000000000002,29 m 32 s
153463,61783860,Shane Streich,12887430274,Double,w/ Sean. Schmoney,2024-11-12 22:33:52+00:00,1964,Run,"Cobb County, USA",0.0,4.606864274570983,29.53,6.41,1771.8000000000002,29 m 32 s
151692,79030752,Jack Salisbury,12887466178,Afternoon Run,nan,2024-11-12 22:34:22+00:00,2331,Run,"Village of Dobbs Ferry, USA",0.0,4.429802955665025,35.97,8.12,2158.2,35 m 58 s
153661,78680893,Gracelyn Larkin,12887574331,Afternoon Run,nan,2024-11-12 23:09:09+00:00,972,Run,"Coconino County, USA",0.0,4.7213622291021675,15.25,3.23,915.0,15 m 15 s
150345,98279354,Marco Arop,12887632155,Afternoon Workout,Core circuits,2024-11-12 21:58:03+00:00,1440,Workout,nan,0.0,0.0,0.0,24.0,0.0,nan
150346,98279354,Marco Arop,12887632445,Afternoon Run,30 mins easy. A bit chilly over here.,2024-11-12 20:29:26+00:00,1987,Run,"South Snyderville Basin, USA",0.0,4.701046337817638,31.45,6.69,1887.0,31 m 27 s
153659,78680893,Gracelyn Larkin,12887839506,Afternoon Run,nan,2024-11-12 23:44:26+00:00,2092,Run,"Coconino County, USA",0.0,3.5502958579881656,24.0,6.76,1440.0,24 m 0 s
153660,78680893,Gracelyn Larkin,12887934143,Afternoon Run,nan,2024-11-13 00:27:57+00:00,887,Run,"Coconino County, USA",0.0,4.896694214876033,11.85,2.42,711.0,11 m 51 s
152498,91049781,Hanna Hermansson,12888064015,Afternoon Run,nan,2024-11-12 23:43:50+00:00,5168,Run,"Mono County, USA",0.0,4.73970473970474,61.0,12.87,3660.0,1 h 1 m
151432,60508941,Boniface Kibiwott,12888280491,Morning Run,nan,2024-11-12 03:51:16+00:00,3056,Run,"Elgeyo-Marakwet County, Kenya",0.0,4.6674364896073905,40.42,8.66,2425.2000000000003,40 m 25 s
151518,60508941,Boniface Kibiwott,12888280491,Morning Run,nan,2024-11-12 03:51:16+00:00,3056,Run,"Elgeyo-Marakwet County, Kenya",0.0,4.6674364896073905,40.42,8.66,2425.2000000000003,40 m 25 s
151604,60508941,Boniface Kibiwott,12888280491,Morning Run,nan,2024-11-12 03:51:16+00:00,3056,Run,"Elgeyo-Marakwet County, Kenya",0.0,4.6674364896073905,40.42,8.66,2425.2000000000003,40 m 25 s
151433,60508941,Boniface Kibiwott,12888280625,Morning Run,nan,2024-11-12 03:20:33+00:00,905,Run,"Elgeyo-Marakwet County, Kenya",0.0,5.786821705426356,14.93,2.58,895.8,14 m 56 s
151519,60508941,Boniface Kibiwott,12888280625,Morning Run,nan,2024-11-12 03:20:33+00:00,905,Run,"Elgeyo-Marakwet County, Kenya",0.0,5.786821705426356,14.93,2.58,895.8,14 m 56 s
151605,60508941,Boniface Kibiwott,12888280625,Morning Run,nan,2024-11-12 03:20:33+00:00,905,Run,"Elgeyo-Marakwet County, Kenya",0.0,5.786821705426356,14.93,2.58,895.8,14 m 56 s
151434,60508941,Boniface Kibiwott,12888281029,Afternoon Run,nan,2024-11-11 12:38:18+00:00,2495,Run,"Elgeyo-Marakwet County, Kenya",0.0,5.152416356877323,41.58,8.07,2494.7999999999997,41 m 35 s
151520,60508941,Boniface Kibiwott,12888281029,Afternoon Run,nan,2024-11-11 12:38:18+00:00,2495,Run,"Elgeyo-Marakwet County, Kenya",0.0,5.152416356877323,41.58,8.07,2494.7999999999997,41 m 35 s
151606,60508941,Boniface Kibiwott,12888281029,Afternoon Run,nan,2024-11-11 12:38:18+00:00,2495,Run,"Elgeyo-Marakwet County, Kenya",0.0,5.152416356877323,41.58,8.07,2494.7999999999997,41 m 35 s
151435,60508941,Boniface Kibiwott,12888281374,Morning Run,nan,2024-11-11 03:23:27+00:00,3428,Run,"Elgeyo-Marakwet County, Kenya",0.0,3.803595206391478,57.13,15.02,3427.8,57 m 8 s
151521,60508941,Boniface Kibiwott,12888281374,Morning Run,nan,2024-11-11 03:23:27+00:00,3428,Run,"Elgeyo-Marakwet County, Kenya",0.0,3.803595206391478,57.13,15.02,3427.8,57 m 8 s
151607,60508941,Boniface Kibiwott,12888281374,Morning Run,nan,2024-11-11 03:23:27+00:00,3428,Run,"Elgeyo-Marakwet County, Kenya",0.0,3.803595206391478,57.13,15.02,3427.8,57 m 8 s
153578,82013388,Logan Measner,12888417496,Evening Run,nan,2024-11-13 02:19:37+00:00,1944,Run,nan,0.0,4.0198511166253095,32.4,8.06,1944.0,32 m 24 s
153202,77830180,Keisuke Yokota,12889818336,Afternoon Run,nan,2024-11-13 08:49:06+00:00,3091,Run,"Asaka, Japan",0.0,4.39929639401935,50.02,11.37,3001.2000000000003,50 m 1 s
151228,83372861,Kristian Uldbjerg Hansen,12889830393,Morning Run,"Tilbage på troutfarm🤤 Med George, Sebi, Boutera og Sømme🫡",2024-11-13 07:58:13+00:00,3349,Run,"Emakhazeni Local Municipality, RSA",0.0,4.267193675889327,53.98,12.65,3238.7999999999997,53 m 59 s
152685,69562064,José Carlos Pinto,12890131433,10k z2,nan,2024-11-13 09:48:56+00:00,2370,Run,"Oeiras, Portugal",0.0,3.904095904095904,39.08,10.01,2344.7999999999997,39 m 5 s
152957,69143721,Jonathan Grahn,12890654601,Hisingsrundan is dead ☠️,Nonstop byggarbeten,2024-11-13 10:03:42+00:00,6950,Ride,"Mölndals kommun, Sweden",0.0,2.11882010801828,102.0,48.14,6120.0,1 h 42 m
153762,66783639,Duncan Perrillat,12890761886,Course à pied le matin,nan,2024-11-13 09:59:50+00:00,7561,Run,"Vila Real de Santo António, Portugal",0.0,4.116331096196868,92.0,22.35,5520.0,1 h 32 m
152230,60155357,Youssef Benzamia,12890961425,Lunch Run,nan,2024-11-13 10:50:22+00:00,2723,Run,"Nice, France",0.0,4.421568627450981,45.1,10.2,2706.0,45 m 6 s
152364,60155357,Youssef Benzamia,12890961425,Lunch Run,nan,2024-11-13 10:50:22+00:00,2723,Run,"Nice, France",0.0,4.421568627450981,45.1,10.2,2706.0,45 m 6 s
152582,81785282,Nico Boketta,12891821300,Afternoon Run,nan,2024-11-13 14:14:45+00:00,1737,Run,nan,0.0,3.7234375,23.83,6.4,1429.8,23 m 50 s
152618,81785282,Nico Boketta,12891821300,Afternoon Run,nan,2024-11-13 14:14:45+00:00,1737,Run,nan,0.0,3.7234375,23.83,6.4,1429.8,23 m 50 s
151691,79030752,Jack Salisbury,12892350663,Morning Run,nan,2024-11-13 15:03:15+00:00,4036,Run,"Village of Sleepy Hollow, USA",0.0,4.35374149659864,64.0,14.7,3840.0,1 h 4 m
153975,89025421,Ivan Siuris,12892383731,Afternoon Run,nan,2024-11-13 15:09:25+00:00,3843,Run,nan,0.0,4.076433121019108,64.0,15.7,3840.0,1 h 4 m
151807,61174400,Jack Higgins,12892459796,Morning Run,Tommy Flynn had some real talk,2024-11-13 14:49:11+00:00,5881,Run,"Boston, USA",0.0,4.296066252587992,83.0,19.32,4980.0,1 h 23 m
151227,83372861,Kristian Uldbjerg Hansen,12892512342,Afternoon Run,Loopet🏋🏻‍♂️,2024-11-13 14:58:09+00:00,2948,Run,"Emakhazeni Local Municipality, RSA",0.0,4.690127077223851,47.98,10.23,2878.7999999999997,47 m 59 s
151226,83372861,Kristian Uldbjerg Hansen,12892514990,Afternoon Weight Training,nan,2024-11-13 15:55:52+00:00,2314,WeightTraining,nan,0.0,0.0,0.0,38.0,0.0,nan
153658,78680893,Gracelyn Larkin,12892994593,Morning Run,nan,2024-11-13 16:11:18+00:00,4572,Run,"Flagstaff, USA",0.0,4.5934202358783365,74.0,16.11,4440.0,1 h 14 m
153761,66783639,Duncan Perrillat,12893141808,Course à pied dans l'après-midi,nan,2024-11-13 16:54:46+00:00,3898,Run,"Vila Real de Santo António, Portugal",0.0,4.754601226993866,62.0,13.04,3720.0,1 h 2 m
150807,63449551,Olivia Markezich,12893220615,Morning Run,nan,2024-11-13 16:14:03+00:00,6848,Run,"Boulder County, USA",0.0,4.581973581973582,58.97,12.87,3538.2,58 m 58 s
150876,63449551,Olivia Markezich,12893220615,Morning Run,nan,2024-11-13 16:14:03+00:00,6848,Run,"Boulder County, USA",0.0,4.581973581973582,58.97,12.87,3538.2,58 m 58 s
150945,63449551,Olivia Markezich,12893220615,Morning Run,nan,2024-11-13 16:14:03+00:00,6848,Run,"Boulder County, USA",0.0,4.581973581973582,58.97,12.87,3538.2,58 m 58 s
152497,91049781,Hanna Hermansson,12893379986,Morning Run,nan,2024-11-13 17:03:32+00:00,3392,Run,"Mammoth Lakes, USA",0.0,5.156122448979591,50.53,9.8,3031.8,50 m 32 s
154188,74338147,Erin Strzelecki,12893655118,Afternoon Run,nan,2024-11-13 18:08:38+00:00,2930,Run,"Saint Joseph County, USA",0.0,4.490175801447777,43.42,9.67,2605.2000000000003,43 m 25 s
153351,61783860,Shane Streich,12893769087,Semi-Long,Tested out the Core temp device to get some baseline stats. Felt good cruising up and down the Beltline,2024-11-13 17:15:41+00:00,4137,Run,"Atlanta, USA",0.0,4.09683426443203,66.0,16.11,3960.0,1 h 6 m
153462,61783860,Shane Streich,12893769087,Semi-Long,Tested out the Core temp device to get some baseline stats. Felt good cruising up and down the Beltline,2024-11-13 17:15:41+00:00,4137,Run,"Atlanta, USA",0.0,4.09683426443203,66.0,16.11,3960.0,1 h 6 m
152684,69562064,José Carlos Pinto,12894341281,10k z1,nan,2024-11-13 18:09:08+00:00,2450,Run,"Oeiras, Portugal",0.0,4.083,40.83,10.0,2449.7999999999997,40 m 50 s
153577,82013388,Logan Measner,12895057652,Afternoon Run,nan,2024-11-13 21:48:01+00:00,2880,Run,"Madison, USA",0.0,4.124459809853068,47.72,11.57,2863.2,47 m 43 s
152496,91049781,Hanna Hermansson,12895205138,Afternoon Weight Training,nan,2024-11-13 21:55:32+00:00,4223,WeightTraining,nan,0.0,0.0,0.0,1.0,0.0,296 Cal
151690,79030752,Jack Salisbury,12895304364,6x100 strides,lotta track miles recently,2024-11-13 22:27:18+00:00,3089,Run,"Village of Dobbs Ferry, USA",0.0,4.228327228327229,34.63,8.19,2077.8,34 m 38 s
153095,73659831,Evan Jenkins,12895474428,Morning Run,nan,2024-11-12 18:05:40+00:00,1213,Run,"Seattle, USA",0.0,4.186335403726708,20.22,4.83,1213.1999999999998,20 m 13 s
153096,73659831,Evan Jenkins,12895474446,Morning Run,nan,2024-11-12 16:59:26+00:00,1222,Run,"Seattle, USA",0.0,4.217391304347826,20.37,4.83,1222.2,20 m 22 s
153094,73659831,Evan Jenkins,12895474460,Morning Run,nan,2024-11-13 17:34:03+00:00,2327,Run,"Seattle, USA",0.0,4.3378881987577635,34.92,8.05,2095.2000000000003,34 m 55 s
150344,98279354,Marco Arop,12895775516,Evening Run,20 min jog,2024-11-13 01:33:28+00:00,1275,Run,nan,0.0,5.0425,20.17,4.0,1210.2,20 m 10 s
150343,98279354,Marco Arop,12895776101,Morning Workout,30 mins on the elliptical,2024-11-13 15:15:23+00:00,1804,Workout,nan,0.0,0.0,0.0,30.0,0.0,nan
153201,77830180,Keisuke Yokota,12895838512,Morning Run,nan,2024-11-14 00:44:03+00:00,1928,Run,"Asaka, Japan",0.0,4.286666666666666,25.72,6.0,1543.1999999999998,25 m 43 s
150806,63449551,Olivia Markezich,12895916991,Evening Run,nan,2024-11-14 01:13:35+00:00,1489,Run,nan,0.0,4.651452282157677,22.42,4.82,1345.2,22 m 25 s
150875,63449551,Olivia Markezich,12895916991,Evening Run,nan,2024-11-14 01:13:35+00:00,1489,Run,nan,0.0,4.651452282157677,22.42,4.82,1345.2,22 m 25 s
150944,63449551,Olivia Markezich,12895916991,Evening Run,nan,2024-11-14 01:13:35+00:00,1489,Run,nan,0.0,4.651452282157677,22.42,4.82,1345.2,22 m 25 s
153200,77830180,Keisuke Yokota,12896007583,Morning Run,nan,2024-11-14 01:43:13+00:00,1097,Run,"Nerima, Japan",0.0,3.384030418250951,17.8,5.26,1068.0,17 m 48 s
153199,77830180,Keisuke Yokota,12896222541,Lunch Run,nan,2024-11-14 02:16:38+00:00,3968,Run,"Nerima, Japan",0.0,5.1579999999999995,51.58,10.0,3094.7999999999997,51 m 35 s
153290,71517556,Mehdi Kadri,12896705094,8x400 + 3x200,64’4 et 28’5 Récup 200m en 1’ entre les 400 Récup 200m en 1’30 entre les 200,2024-11-13 11:01:44+00:00,1264,Run,"Rouen, France",0.0,3.7014388489208634,20.58,5.56,1234.8,20 m 35 s
153289,71517556,Mehdi Kadri,12896934543,Footing cool avant renfo,nan,2024-11-14 06:52:19+00:00,2522,Run,"Le Grand-Quevilly, France",0.0,5.075517661388551,41.67,8.21,2500.2000000000003,41 m 40 s
151225,83372861,Kristian Uldbjerg Hansen,12897300005,Morning Run,Incl drills & strides,2024-11-14 07:20:12+00:00,3961,Run,"Emakhazeni Local Municipality, RSA",0.0,4.50650406504065,55.43,12.3,3325.8,55 m 26 s
151336,64360338,Hamza Sahli,12897489603,Morning Run,nan,2024-11-14 08:47:30+00:00,3426,Run,"Toulouse, France",0.0,5.584980237154151,56.52,10.12,3391.2000000000003,56 m 31 s
152076,68238567,Takashi Soma,12897682541,夕方のランニング,nan,2024-11-14 09:13:04+00:00,4120,Run,nan,0.0,10.578512396694215,64.0,6.05,3840.0,1 h 4 m
152097,68238567,Takashi Soma,12897682541,夕方のランニング,nan,2024-11-14 09:13:04+00:00,4120,Run,nan,0.0,10.578512396694215,64.0,6.05,3840.0,1 h 4 m
152956,69143721,Jonathan Grahn,12897732296,Morgontröskel,2x15min. (14km).,2024-11-14 08:39:51+00:00,5867,Run,nan,0.0,3.5938461538461537,58.4,16.25,3504.0,58 m 24 s
154065,82077769,Leonid Latsepov,12897738557,Morning Run,nan,2024-11-14 08:17:59+00:00,3490,Run,"Mitte, Germany",0.0,4.340718105423988,56.82,13.09,3409.2,56 m 49 s
154066,82077769,Leonid Latsepov,12897739074,Morning HIIT,nan,2024-11-13 15:43:59+00:00,3599,HighIntensityIntervalTraining,nan,0.0,0.0,0.0,59.0,0.0,469 Cal
154067,82077769,Leonid Latsepov,12897740081,Afternoon Run,nan,2024-11-13 14:07:33+00:00,4137,Run,"Charlottenburg-Wilmersdorf, Germany",0.0,4.515272244355909,68.0,15.06,4080.0,1 h 8 m
154068,82077769,Leonid Latsepov,12897740739,Morning Run,nan,2024-11-13 06:52:28+00:00,2877,Run,"Mitte, Germany",0.0,4.70675944333996,47.35,10.06,2841.0,47 m 21 s
154069,82077769,Leonid Latsepov,12897741281,Evening Run,nan,2024-11-12 19:05:33+00:00,1105,Run,"Charlottenburg-Wilmersdorf, Germany",0.0,5.266094420600858,12.27,2.33,736.1999999999999,12 m 16 s
154070,82077769,Leonid Latsepov,12897742268,Evening Run,nan,2024-11-12 18:07:22+00:00,2997,Run,"Charlottenburg-Wilmersdorf, Germany",0.0,3.486695278969957,40.62,11.65,2437.2,40 m 37 s
154071,82077769,Leonid Latsepov,12897742809,Evening Run,nan,2024-11-12 17:22:05+00:00,1469,Run,"Charlottenburg-Wilmersdorf, Germany",0.0,4.9543147208121825,19.52,3.94,1171.2,19 m 31 s
153974,89025421,Ivan Siuris,12897912148,Lunch Weight Training,nan,2024-11-14 10:08:42+00:00,3190,WeightTraining,nan,0.0,0.0,0.0,53.0,0.0,421 Cal
152683,69562064,José Carlos Pinto,12899201456,4km warmup,nan,2024-11-14 10:41:31+00:00,1019,Run,"Oeiras, Portugal",0.0,4.245,16.98,4.0,1018.8,16 m 59 s
152682,69562064,José Carlos Pinto,12899204427,6x1000 3’rc,Avg 2:42 Last 2:37,2024-11-14 11:31:19+00:00,1931,Run,"Oeiras, Portugal",0.0,4.089709762532982,31.0,7.58,1860.0,31 m 0 s
152681,69562064,José Carlos Pinto,12899204896,2km cooldown,nan,2024-11-14 12:14:53+00:00,519,Run,"Oeiras, Portugal",0.0,4.325,8.65,2.0,519.0,8 m 39 s
151806,61174400,Jack Higgins,12899653124,Morning Run,nan,2024-11-14 14:05:03+00:00,4073,Run,"Boston, USA",0.0,4.232195845697329,57.05,13.48,3423.0,57 m 3 s
151224,83372861,Kristian Uldbjerg Hansen,12899666975,Afternoon Run,nan,2024-11-14 14:43:02+00:00,2913,Run,"Emakhazeni Local Municipality, RSA",0.0,4.817617866004962,38.83,8.06,2329.7999999999997,38 m 50 s
150403,93170673,Stefan Nillessen,12899890897,Z2,400tjes?,2024-11-14 14:48:23+00:00,4785,Run,"Arnhem, Netherlands",0.0,4.75595727198028,57.88,12.17,3472.8,57 m 53 s
153973,89025421,Ivan Siuris,12899968332,Afternoon Run,nan,2024-11-14 15:15:23+00:00,3078,Run,"Chișinau, Moldova",0.0,4.4914772727272725,47.43,10.56,2845.8,47 m 26 s
153350,61783860,Shane Streich,12900061764,Warm Up,New loop w/ Yolanda,2024-11-14 15:26:13+00:00,1229,Run,"Atlanta, USA",0.0,4.71889400921659,20.48,4.34,1228.8,20 m 29 s
153461,61783860,Shane Streich,12900061764,Warm Up,New loop w/ Yolanda,2024-11-14 15:26:13+00:00,1229,Run,"Atlanta, USA",0.0,4.71889400921659,20.48,4.34,1228.8,20 m 29 s
153349,61783860,Shane Streich,12900062778,6xT400s + 2x200s,"400s @ 76 200s @ 27.5/26.9 w/ 60” RC, 2’ set Light sesh today in between Tuesdays workout and the 5k on Saturday. Chilly one out there today, so didn’t feel as loose as I’d have liked.",2024-11-14 16:16:36+00:00,1004,Run,"Atlanta, USA",0.0,3.4341317365269464,11.47,3.34,688.2,11 m 28 s
153460,61783860,Shane Streich,12900062778,6xT400s + 2x200s,"400s @ 76 200s @ 27.5/26.9 w/ 60” RC, 2’ set Light sesh today in between Tuesdays workout and the 5k on Saturday. Chilly one out there today, so didn’t feel as loose as I’d have liked.",2024-11-14 16:16:36+00:00,1004,Run,"Atlanta, USA",0.0,3.4341317365269464,11.47,3.34,688.2,11 m 28 s
152130,83232940,Molly Grabill,12900137237,Morning Run,nan,2024-11-14 14:40:48+00:00,5788,Run,"Boulder County, USA",0.0,4.9000644745325594,76.0,15.51,4560.0,1 h 16 m
152171,83232940,Molly Grabill,12900137237,Morning Run,nan,2024-11-14 14:40:48+00:00,5788,Run,"Boulder County, USA",0.0,4.9000644745325594,76.0,15.51,4560.0,1 h 16 m
151864,67065684,Hicham Ouladha,12900168548,Morning Run,nan,2024-11-11 08:16:45+00:00,4696,Run,"Rabat, Morocco",0.0,4.401408450704226,75.0,17.04,4500.0,1 h 15 m
151979,67065684,Hicham Ouladha,12900168548,Morning Run,nan,2024-11-11 08:16:45+00:00,4696,Run,"Rabat, Morocco",0.0,4.401408450704226,75.0,17.04,4500.0,1 h 15 m
151863,67065684,Hicham Ouladha,12900171123,Morning Run,nan,2024-11-12 08:53:23+00:00,4337,Run,"Salé, Morocco",0.0,4.366812227074235,70.0,16.03,4200.0,1 h 10 m
151978,67065684,Hicham Ouladha,12900171123,Morning Run,nan,2024-11-12 08:53:23+00:00,4337,Run,"Salé, Morocco",0.0,4.366812227074235,70.0,16.03,4200.0,1 h 10 m
151862,67065684,Hicham Ouladha,12900172537,Morning Run,nan,2024-11-13 08:44:30+00:00,2717,Run,"Ameur عامر, Morocco",0.0,4.373626373626374,43.78,10.01,2626.8,43 m 47 s
151977,67065684,Hicham Ouladha,12900172537,Morning Run,nan,2024-11-13 08:44:30+00:00,2717,Run,"Ameur عامر, Morocco",0.0,4.373626373626374,43.78,10.01,2626.8,43 m 47 s
151860,67065684,Hicham Ouladha,12900174905,Morning Run,nan,2024-11-14 09:40:47+00:00,1771,Run,"Bouknadel, Morocco",0.0,3.6534653465346536,29.52,8.08,1771.2,29 m 31 s
151975,67065684,Hicham Ouladha,12900174905,Morning Run,nan,2024-11-14 09:40:47+00:00,1771,Run,"Bouknadel, Morocco",0.0,3.6534653465346536,29.52,8.08,1771.2,29 m 31 s
151861,67065684,Hicham Ouladha,12900175027,Morning Run,nan,2024-11-14 09:13:22+00:00,1081,Run,"Ameur عامر, Morocco",0.0,4.505,18.02,4.0,1081.2,18 m 1 s
151976,67065684,Hicham Ouladha,12900175027,Morning Run,nan,2024-11-14 09:13:22+00:00,1081,Run,"Ameur عامر, Morocco",0.0,4.505,18.02,4.0,1081.2,18 m 1 s
151859,67065684,Hicham Ouladha,12900175572,Lunch Run,nan,2024-11-14 10:11:17+00:00,574,Run,"Ameur عامر, Morocco",0.0,4.785,9.57,2.0,574.2,9 m 34 s
151974,67065684,Hicham Ouladha,12900175572,Lunch Run,nan,2024-11-14 10:11:17+00:00,574,Run,"Ameur عامر, Morocco",0.0,4.785,9.57,2.0,574.2,9 m 34 s
153348,61783860,Shane Streich,12900213826,Cool Down,nan,2024-11-14 16:43:35+00:00,887,Run,"Atlanta, USA",0.0,4.4652567975830815,14.78,3.31,886.8,14 m 47 s
153459,61783860,Shane Streich,12900213826,Cool Down,nan,2024-11-14 16:43:35+00:00,887,Run,"Atlanta, USA",0.0,4.4652567975830815,14.78,3.31,886.8,14 m 47 s
151689,79030752,Jack Salisbury,12900434140,Morning Run,nan,2024-11-14 13:28:20+00:00,967,Run,"Village of Dobbs Ferry, USA",0.0,4.76219512195122,15.62,3.28,937.2,15 m 37 s
151688,79030752,Jack Salisbury,12900435090,3x 50m standing start,Fat measurement from 20-50m for flying 30m results,2024-11-14 14:28:39+00:00,1225,Run,"Village of Dobbs Ferry, USA",0.0,11.927710843373497,9.9,0.83,594.0,9 m 54 s
151686,79030752,Jack Salisbury,12900439690,"12x1000, 60' rest","2:56, 3:00, 2:59, 3:00, 2:56, 2:59, 2:58, 3:00, 2:54, 2:58, 2:57, 2:53 heavy to start after some jump and sprint testing before this. felt better as i went. track is so much smoother than vcp",2024-11-14 15:03:25+00:00,2808,Run,"Village of Dobbs Ferry, USA",0.0,3.1410756040530003,40.3,12.83,2418.0,40 m 18 s
151687,79030752,Jack Salisbury,12900440326,Lunch Run,nan,2024-11-14 16:09:02+00:00,1057,Run,"Village of Dobbs Ferry, USA",0.0,5.021604938271604,16.27,3.24,976.2,16 m 16 s
153657,78680893,Gracelyn Larkin,12900492787,Morning Run,w maisie 🧚🧚🧚,2024-11-14 16:33:13+00:00,3804,Run,"Flagstaff, USA",0.0,4.691225165562914,56.67,12.08,3400.2000000000003,56 m 40 s
154164,86896701,Michaela Oosthuizen,12900531225,Afternoon Run,nan,2024-11-11 15:11:08+00:00,70,Run,"City of Tshwane Metropolitan Municipality, RSA",0.0,2.9999999999999996,1.17,0.39,70.19999999999999,1 m 10 s
154163,86896701,Michaela Oosthuizen,12900535231,Morning Run,nan,2024-11-14 08:25:02+00:00,1691,Run,"City of Tshwane Metropolitan Municipality, RSA",0.0,4.650582362728786,27.95,6.01,1677.0,27 m 57 s
152495,91049781,Hanna Hermansson,12900585278,Morning Run,nan,2024-11-14 17:16:21+00:00,1405,Run,"Mono County, USA",0.0,4.867803837953091,22.83,4.69,1369.8,22 m 50 s
153576,82013388,Logan Measner,12900653732,Lunch Run,nan,2024-11-14 17:37:17+00:00,1199,Run,nan,0.0,4.11958762886598,19.98,4.85,1198.8,19 m 59 s
150805,63449551,Olivia Markezich,12900688629,Fartlek,"1, 2, 3, 2, 1, 2, 3, 2, 1 w/ equal rest Lac: 3.1",2024-11-14 16:15:47+00:00,6112,Run,"Louisville, USA",0.0,3.937007874015748,70.0,17.78,4200.0,1 h 10 m
150874,63449551,Olivia Markezich,12900688629,Fartlek,"1, 2, 3, 2, 1, 2, 3, 2, 1 w/ equal rest Lac: 3.1",2024-11-14 16:15:47+00:00,6112,Run,"Louisville, USA",0.0,3.937007874015748,70.0,17.78,4200.0,1 h 10 m
150943,63449551,Olivia Markezich,12900688629,Fartlek,"1, 2, 3, 2, 1, 2, 3, 2, 1 w/ equal rest Lac: 3.1",2024-11-14 16:15:47+00:00,6112,Run,"Louisville, USA",0.0,3.937007874015748,70.0,17.78,4200.0,1 h 10 m
152955,69143721,Jonathan Grahn,12900755276,Eftermiddagströskel,8x700 8x300,2024-11-14 16:19:19+00:00,6650,Run,"Mölndals kommun, Sweden",0.0,5.941845764854614,94.0,15.82,5640.0,1 h 34 m
152494,91049781,Hanna Hermansson,12900950861,Morning Run,nan,2024-11-14 17:59:30+00:00,2277,Run,"Bureau of Land Management, USA",0.0,4.7355371900826455,34.38,7.26,2062.8,34 m 23 s
153288,71517556,Mehdi Kadri,12901046462,6k cool,nan,2024-11-14 18:22:27+00:00,1695,Run,"Le Grand-Quevilly, France",0.0,4.862306368330465,28.25,5.81,1695.0,28 m 15 s
151390,75222533,Patrick Kiprop,12901077827,Lunch Run,Pre-meet,2024-11-14 17:32:23+00:00,4039,Run,"College Station, USA",0.0,4.156327543424317,67.0,16.12,4020.0,1 h 7 m
151398,75222533,Patrick Kiprop,12901077827,Lunch Run,Pre-meet,2024-11-14 17:32:23+00:00,4039,Run,"College Station, USA",0.0,4.156327543424317,67.0,16.12,4020.0,1 h 7 m
151406,75222533,Patrick Kiprop,12901077827,Lunch Run,Pre-meet,2024-11-14 17:32:23+00:00,4039,Run,"College Station, USA",0.0,4.156327543424317,67.0,16.12,4020.0,1 h 7 m
152493,91049781,Hanna Hermansson,12901189708,Morning Run,nan,2024-11-14 18:51:21+00:00,794,Run,"Mono County, USA",0.0,4.887218045112782,13.0,2.66,780.0,13 m 0 s
152680,69562064,José Carlos Pinto,12901362843,2km warmup,nan,2024-11-14 18:10:41+00:00,522,Run,"Oeiras, Portugal",0.0,4.35,8.7,2.0,522.0,8 m 42 s
152679,69562064,José Carlos Pinto,12901366269,Threshold 4x2000 1’rc,nan,2024-11-14 18:49:04+00:00,1688,Run,"Oeiras, Portugal",0.0,3.2711864406779663,27.02,8.26,1621.2,27 m 1 s
152678,69562064,José Carlos Pinto,12901366398,2km cooldown,nan,2024-11-14 19:19:45+00:00,631,Run,"Oeiras, Portugal",0.0,5.26,10.52,2.0,631.1999999999999,10 m 31 s
152228,60155357,Youssef Benzamia,12901477570,Evening Run,nan,2024-11-14 18:02:16+00:00,17,Run,nan,0.0,2.545454545454546,0.28,0.11,16.8,17 s
152362,60155357,Youssef Benzamia,12901477570,Evening Run,nan,2024-11-14 18:02:16+00:00,17,Run,nan,0.0,2.545454545454546,0.28,0.11,16.8,17 s
152227,60155357,Youssef Benzamia,12901477778,Evening Run,nan,2024-11-14 18:02:52+00:00,18,Run,nan,0.0,2.9999999999999996,0.3,0.1,18.0,18 s
152361,60155357,Youssef Benzamia,12901477778,Evening Run,nan,2024-11-14 18:02:52+00:00,18,Run,nan,0.0,2.9999999999999996,0.3,0.1,18.0,18 s
152229,60155357,Youssef Benzamia,12901478099,Evening Run,nan,2024-11-14 17:17:53+00:00,1706,Run,"Nice, France",0.0,4.428348909657321,28.43,6.42,1705.8,28 m 26 s
152363,60155357,Youssef Benzamia,12901478099,Evening Run,nan,2024-11-14 17:17:53+00:00,1706,Run,"Nice, France",0.0,4.428348909657321,28.43,6.42,1705.8,28 m 26 s
152226,60155357,Youssef Benzamia,12901479654,Evening Run,nan,2024-11-14 18:06:33+00:00,1892,Run,"Nice, France",0.0,3.3640350877192984,30.68,9.12,1840.8,30 m 41 s
152360,60155357,Youssef Benzamia,12901479654,Evening Run,nan,2024-11-14 18:06:33+00:00,1892,Run,"Nice, France",0.0,3.3640350877192984,30.68,9.12,1840.8,30 m 41 s
152225,60155357,Youssef Benzamia,12901480387,Evening Run,nan,2024-11-14 18:44:03+00:00,351,Run,nan,0.0,4.666666666666667,5.32,1.14,319.20000000000005,5 m 19 s
152359,60155357,Youssef Benzamia,12901480387,Evening Run,nan,2024-11-14 18:44:03+00:00,351,Run,nan,0.0,4.666666666666667,5.32,1.14,319.20000000000005,5 m 19 s
154187,74338147,Erin Strzelecki,12901630572,Afternoon Run,nan,2024-11-14 18:56:11+00:00,2073,Run,"Norton, USA",0.0,4.6015625,29.45,6.4,1767.0,29 m 27 s
154186,74338147,Erin Strzelecki,12901631828,Afternoon Run,nan,2024-11-14 19:48:15+00:00,1248,Run,"Norton, USA",0.0,5.214057507987221,16.32,3.13,979.2,16 m 19 s
153656,78680893,Gracelyn Larkin,12902411540,Afternoon Run,nan,2024-11-14 22:01:01+00:00,2049,Run,"Flagstaff, USA",0.0,4.674922600619195,30.2,6.46,1812.0,30 m 12 s
153760,66783639,Duncan Perrillat,12902412715,Course à pied matinale,+ muscu,2024-11-14 09:00:00+00:00,6120,Run,nan,0.0,4.744186046511628,102.0,21.5,6120.0,1 h 42 m
153575,82013388,Logan Measner,12902494695,Afternoon Run,nan,2024-11-14 21:57:16+00:00,2666,Run,"Madison, USA",0.0,4.073900841908325,43.55,10.69,2613.0,43 m 33 s
153198,77830180,Keisuke Yokota,12902844892,Morning Run,nan,2024-11-14 23:32:08+00:00,1820,Run,"Asaka, Japan",0.0,4.6847133757961785,29.42,6.28,1765.2,29 m 25 s
152492,91049781,Hanna Hermansson,12903106131,Afternoon Run,nan,2024-11-15 00:24:00+00:00,2237,Run,"Mono County, USA",0.0,4.983471074380166,36.18,7.26,2170.8,36 m 11 s
151685,79030752,Jack Salisbury,12903205375,Afternoon Run,nan,2024-11-14 22:46:11+00:00,2540,Run,"Village of Irvington, USA",0.0,4.897530864197531,39.67,8.1,2380.2000000000003,39 m 40 s
150341,98279354,Marco Arop,12903207062,Thursday Workout,15 min of X’s,2024-11-14 22:06:06+00:00,902,Run,"Park City, USA",0.0,4.062162162162162,15.03,3.7,901.8,15 m 2 s
150342,98279354,Marco Arop,12903208049,Thursday Workout,"Full Warmup, Hurdle Mobility",2024-11-14 21:01:25+00:00,3681,Run,"Park City, USA",0.0,7.416167664670659,24.77,3.34,1486.2,24 m 46 s
152075,68238567,Takashi Soma,12903589423,ランチタイム ランニング,nan,2024-11-15 03:20:51+00:00,1834,Run,"Ohtawara, Japan",0.0,5.449197860962567,30.57,5.61,1834.2,30 m 34 s
152096,68238567,Takashi Soma,12903589423,ランチタイム ランニング,nan,2024-11-15 03:20:51+00:00,1834,Run,"Ohtawara, Japan",0.0,5.449197860962567,30.57,5.61,1834.2,30 m 34 s
151223,83372861,Kristian Uldbjerg Hansen,12904648714,Morning Run☀️,nan,2024-11-15 07:59:48+00:00,3294,Run,"Emakhazeni Local Municipality, RSA",0.0,4.341887417218543,52.45,12.08,3147.0,52 m 27 s
153197,77830180,Keisuke Yokota,12904767846,Evening Run,nan,2024-11-15 09:22:07+00:00,1857,Run,"Asaka, Japan",0.0,4.53857791225416,30.0,6.61,1800.0,30 m 0 s
151222,83372861,Kristian Uldbjerg Hansen,12905075673,Lunch Weight Training,nan,2024-11-15 09:23:44+00:00,2615,WeightTraining,nan,0.0,0.0,0.0,43.0,0.0,nan
152677,69562064,José Carlos Pinto,12905198856,Corrida matinal,nan,2024-11-15 10:06:33+00:00,3202,Run,"Oeiras, Portugal",0.0,4.386344712739384,52.68,12.01,3160.8,52 m 41 s
151427,60508941,Boniface Kibiwott,12905237076,Morning Run,nan,2024-11-15 06:34:00+00:00,2556,Run,"Ville-la-Grand, France",0.0,4.191848906560637,42.17,10.06,2530.2000000000003,42 m 10 s
151513,60508941,Boniface Kibiwott,12905237076,Morning Run,nan,2024-11-15 06:34:00+00:00,2556,Run,"Ville-la-Grand, France",0.0,4.191848906560637,42.17,10.06,2530.2000000000003,42 m 10 s
151599,60508941,Boniface Kibiwott,12905237076,Morning Run,nan,2024-11-15 06:34:00+00:00,2556,Run,"Ville-la-Grand, France",0.0,4.191848906560637,42.17,10.06,2530.2000000000003,42 m 10 s
151428,60508941,Boniface Kibiwott,12905237131,Afternoon Run,nan,2024-11-14 15:13:14+00:00,873,Run,"Ville-la-Grand, France",0.0,3.456140350877193,1.97,0.57,118.2,1 m 58 s
151514,60508941,Boniface Kibiwott,12905237131,Afternoon Run,nan,2024-11-14 15:13:14+00:00,873,Run,"Ville-la-Grand, France",0.0,3.456140350877193,1.97,0.57,118.2,1 m 58 s
151600,60508941,Boniface Kibiwott,12905237131,Afternoon Run,nan,2024-11-14 15:13:14+00:00,873,Run,"Ville-la-Grand, France",0.0,3.456140350877193,1.97,0.57,118.2,1 m 58 s
151429,60508941,Boniface Kibiwott,12905237692,Afternoon Run,nan,2024-11-14 14:34:31+00:00,2149,Run,"Ville-la-Grand, France",0.0,4.400497512437812,35.38,8.04,2122.8,35 m 23 s
151515,60508941,Boniface Kibiwott,12905237692,Afternoon Run,nan,2024-11-14 14:34:31+00:00,2149,Run,"Ville-la-Grand, France",0.0,4.400497512437812,35.38,8.04,2122.8,35 m 23 s
151601,60508941,Boniface Kibiwott,12905237692,Afternoon Run,nan,2024-11-14 14:34:31+00:00,2149,Run,"Ville-la-Grand, France",0.0,4.400497512437812,35.38,8.04,2122.8,35 m 23 s
151430,60508941,Boniface Kibiwott,12905238243,Morning Run,nan,2024-11-14 06:23:47+00:00,3287,Run,"Ville-la-Grand, France",0.0,4.1728492501973165,52.87,12.67,3172.2,52 m 52 s
151516,60508941,Boniface Kibiwott,12905238243,Morning Run,nan,2024-11-14 06:23:47+00:00,3287,Run,"Ville-la-Grand, France",0.0,4.1728492501973165,52.87,12.67,3172.2,52 m 52 s
151602,60508941,Boniface Kibiwott,12905238243,Morning Run,nan,2024-11-14 06:23:47+00:00,3287,Run,"Ville-la-Grand, France",0.0,4.1728492501973165,52.87,12.67,3172.2,52 m 52 s
151431,60508941,Boniface Kibiwott,12905238577,Afternoon Run,nan,2024-11-13 15:47:38+00:00,2880,Run,"Ville-la-Grand, France",0.0,4.294223826714801,47.58,11.08,2854.7999999999997,47 m 35 s
151517,60508941,Boniface Kibiwott,12905238577,Afternoon Run,nan,2024-11-13 15:47:38+00:00,2880,Run,"Ville-la-Grand, France",0.0,4.294223826714801,47.58,11.08,2854.7999999999997,47 m 35 s
151603,60508941,Boniface Kibiwott,12905238577,Afternoon Run,nan,2024-11-13 15:47:38+00:00,2880,Run,"Ville-la-Grand, France",0.0,4.294223826714801,47.58,11.08,2854.7999999999997,47 m 35 s
150789,93495409,Andrew Coscoran,12905509481,Morning Run,nan,2024-11-15 10:15:57+00:00,3226,Run,"Stockport, United Kingdom",0.0,3.2786585365853664,53.77,16.4,3226.2000000000003,53 m 46 s
150792,93495409,Andrew Coscoran,12905509481,Morning Run,nan,2024-11-15 10:15:57+00:00,3226,Run,"Stockport, United Kingdom",0.0,3.2786585365853664,53.77,16.4,3226.2000000000003,53 m 46 s
152676,69562064,José Carlos Pinto,12905596693,Treino com pesos na hora de almoço,nan,2024-11-15 11:16:37+00:00,3162,WeightTraining,nan,0.0,0.0,0.0,52.0,0.0,227 Cal
153972,89025421,Ivan Siuris,12906453643,Afternoon Run,nan,2024-11-15 13:13:41+00:00,3543,Run,"Chișinau, Moldova",0.0,4.522727272727273,45.77,10.12,2746.2000000000003,45 m 46 s
151684,79030752,Jack Salisbury,12906545271,Morning Run,nan,2024-11-15 13:21:43+00:00,3645,Run,"Town of Greenburgh, USA",0.0,4.494582043343653,58.07,12.92,3484.2,58 m 4 s
151805,61174400,Jack Higgins,12906672166,Morning Run,"3xmile (4:36,4:32,4:37)",2024-11-15 11:35:59+00:00,5701,Run,"Boston, USA",0.0,3.877620013522651,57.35,14.79,3441.0,57 m 21 s
154185,74338147,Erin Strzelecki,12906883906,Morning Run,nan,2024-11-15 15:04:57+00:00,954,Run,"Norton, USA",0.0,4.829192546583851,15.55,3.22,933.0,15 m 33 s
152954,69143721,Jonathan Grahn,12906914607,Afternoon Run,nan,2024-11-15 13:51:07+00:00,923,Run,"Mölndals kommun, Sweden",0.0,4.5910447761194035,15.38,3.35,922.8,15 m 23 s
152953,69143721,Jonathan Grahn,12906915072,Afternoon Run,nan,2024-11-15 15:13:54+00:00,763,Run,"Mölndals kommun, Sweden",0.0,5.0078740157480315,12.72,2.54,763.2,12 m 43 s
151221,83372861,Kristian Uldbjerg Hansen,12907201028,Afternoon Run,nan,2024-11-15 15:17:27+00:00,3055,Run,"Emakhazeni Local Municipality, RSA",0.0,4.741779497098646,49.03,10.34,2941.8,49 m 2 s
151389,75222533,Patrick Kiprop,12907407915,Morning Run,A&M morning run!😛,2024-11-15 16:01:39+00:00,1752,Run,"College Station, USA",0.0,2.90547263681592,29.2,10.05,1752.0,29 m 12 s
151397,75222533,Patrick Kiprop,12907407915,Morning Run,A&M morning run!😛,2024-11-15 16:01:39+00:00,1752,Run,"College Station, USA",0.0,2.90547263681592,29.2,10.05,1752.0,29 m 12 s
151405,75222533,Patrick Kiprop,12907407915,Morning Run,A&M morning run!😛,2024-11-15 16:01:39+00:00,1752,Run,"College Station, USA",0.0,2.90547263681592,29.2,10.05,1752.0,29 m 12 s
153961,73487204,Kirami Collin Yego,12907452181,Regionals 🥇,Nationals Ticket Punched with the boys🎟️ ✅,2024-11-15 16:01:39+00:00,1745,Run,"College Station, USA",0.0,2.89065606361829,29.08,10.06,1744.8,29 m 5 s
153655,78680893,Gracelyn Larkin,12907516354,Morning Run,nan,2024-11-15 16:16:40+00:00,1592,Run,"Coconino National Forest, USA",0.0,4.824380165289257,23.35,4.84,1401.0,23 m 21 s
150804,63449551,Olivia Markezich,12907533982,Morning Ride,nan,2024-11-15 16:07:47+00:00,2405,Ride,nan,0.0,0.0,0.0,40.0,0.0,116 bpm
150873,63449551,Olivia Markezich,12907533982,Morning Ride,nan,2024-11-15 16:07:47+00:00,2405,Ride,nan,0.0,0.0,0.0,40.0,0.0,116 bpm
150942,63449551,Olivia Markezich,12907533982,Morning Ride,nan,2024-11-15 16:07:47+00:00,2405,Ride,nan,0.0,0.0,0.0,40.0,0.0,116 bpm
153347,61783860,Shane Streich,12907557372,River,w/ 4x100m strides after,2024-11-15 16:02:44+00:00,3430,Run,"Cobb County, USA",0.0,4.3229813664596275,48.72,11.27,2923.2,48 m 43 s
153458,61783860,Shane Streich,12907557372,River,w/ 4x100m strides after,2024-11-15 16:02:44+00:00,3430,Run,"Cobb County, USA",0.0,4.3229813664596275,48.72,11.27,2923.2,48 m 43 s
154184,74338147,Erin Strzelecki,12907730142,Lunch Run,nan,2024-11-15 16:46:06+00:00,2307,Run,"Norton, USA",0.0,5.6770186335403725,27.42,4.83,1645.2,27 m 25 s
150340,98279354,Marco Arop,12907868190,Night Run,"3 mile run, treadmill",2024-11-15 04:11:46+00:00,3286,Run,nan,0.0,4.151138716356107,20.05,4.83,1203.0,20 m 3 s
153654,78680893,Gracelyn Larkin,12908067663,Morning Run,"2k, 3x 400/300/200, 2k",2024-11-15 17:06:38+00:00,3678,Run,"Coconino National Forest, USA",0.0,5.089058524173028,60.0,11.79,3600.0,1 h 0 m
153653,78680893,Gracelyn Larkin,12908245045,Lunch Run,nan,2024-11-15 18:10:07+00:00,2349,Run,"Coconino National Forest, USA",0.0,5.286290322580645,26.22,4.96,1573.1999999999998,26 m 13 s
152491,91049781,Hanna Hermansson,12908490492,Morning Run,nan,2024-11-15 17:37:24+00:00,4009,Run,"Los Angeles Department of Water and Power Lands, USA",0.0,4.978595890410959,58.15,11.68,3489.0,58 m 9 s
151334,64360338,Hamza Sahli,12908552548,Evening Swim,nan,2024-11-15 18:06:02+00:00,1974,Swim,nan,0.0,0.0,0.0,32.0,0.0,158 bpm
151335,64360338,Hamza Sahli,12908557134,Natation le soir,nan,2024-11-15 17:53:00+00:00,1735,Swim,nan,0.0,0.0,0.0,1.0,0.0,2:13 /100m
150339,98279354,Marco Arop,12908753036,Lunch Run,Warmup,2024-11-15 19:43:40+00:00,2995,Run,"Park City, USA",0.0,7.330218068535826,23.53,3.21,1411.8000000000002,23 m 32 s
152224,60155357,Youssef Benzamia,12908776163,Evening Run,nan,2024-11-15 17:57:25+00:00,3328,Run,"Nice, France",0.0,4.583333333333333,55.0,12.0,3300.0,55 m 0 s
152358,60155357,Youssef Benzamia,12908776163,Evening Run,nan,2024-11-15 17:57:25+00:00,3328,Run,"Nice, France",0.0,4.583333333333333,55.0,12.0,3300.0,55 m 0 s
150338,98279354,Marco Arop,12908930151,Afternoon Run,6x 20s hills,2024-11-15 20:44:36+00:00,1373,Run,"Park City, USA",0.0,13.10344827586207,22.8,1.74,1368.0,22 m 48 s
153574,82013388,Logan Measner,12909057746,Afternoon Run,nan,2024-11-15 20:08:13+00:00,4691,Run,"Madison, USA",0.0,3.670186023127199,73.0,19.89,4380.0,1 h 13 m
150337,98279354,Marco Arop,12909069030,Afternoon Run,2 Training Load -- from COROS,2024-11-15 21:19:54+00:00,192,Run,"Park City, USA",0.0,7.804878048780488,3.2,0.41,192.0,3 m 12 s
152129,83232940,Molly Grabill,12909105029,Afternoon Run,nan,2024-11-14 23:17:45+00:00,3167,Run,"Boulder County, USA",0.0,4.971455756422455,52.25,10.51,3135.0,52 m 15 s
152170,83232940,Molly Grabill,12909105029,Afternoon Run,nan,2024-11-14 23:17:45+00:00,3167,Run,"Boulder County, USA",0.0,4.971455756422455,52.25,10.51,3135.0,52 m 15 s
152128,83232940,Molly Grabill,12909105922,Morning Run,nan,2024-11-15 15:42:38+00:00,3050,Run,"Boulder County, USA",0.0,5.075301204819278,33.7,6.64,2022.0,33 m 42 s
152169,83232940,Molly Grabill,12909105922,Morning Run,nan,2024-11-15 15:42:38+00:00,3050,Run,"Boulder County, USA",0.0,5.075301204819278,33.7,6.64,2022.0,33 m 42 s
152127,83232940,Molly Grabill,12909108282,Morning Run,nan,2024-11-15 16:35:17+00:00,3009,Run,nan,0.0,4.288314176245211,44.77,10.44,2686.2000000000003,44 m 46 s
152168,83232940,Molly Grabill,12909108282,Morning Run,nan,2024-11-15 16:35:17+00:00,3009,Run,nan,0.0,4.288314176245211,44.77,10.44,2686.2000000000003,44 m 46 s
152126,83232940,Molly Grabill,12909109296,Morning Run,nan,2024-11-15 17:38:45+00:00,3505,Run,"Boulder County, USA",0.0,5.176543209876543,41.93,8.1,2515.8,41 m 56 s
152167,83232940,Molly Grabill,12909109296,Morning Run,nan,2024-11-15 17:38:45+00:00,3505,Run,"Boulder County, USA",0.0,5.176543209876543,41.93,8.1,2515.8,41 m 56 s
153652,78680893,Gracelyn Larkin,12909669148,Afternoon Run,nan,2024-11-15 23:05:52+00:00,1515,Run,"Flagstaff, USA",0.0,5.171487603305786,25.03,4.84,1501.8000000000002,25 m 2 s
153758,66783639,Duncan Perrillat,12909699542,Course à pied en soirée,nan,2024-11-15 18:04:13+00:00,3130,Run,"Dugny, France",0.0,4.728813559322034,50.22,10.62,3013.2,50 m 13 s
151683,79030752,Jack Salisbury,12909709115,Evening Run,nan,2024-11-15 23:01:25+00:00,2050,Run,"Village of Irvington, USA",0.0,4.698142414860682,30.35,6.46,1821.0,30 m 21 s
153196,77830180,Keisuke Yokota,12909742179,Morning Run,nan,2024-11-15 22:51:11+00:00,3325,Run,"Asaka, Japan",0.0,4.434470377019748,49.4,11.14,2964.0,49 m 24 s
150336,98279354,Marco Arop,12909823325,Afternoon Weight Training,nan,2024-11-15 22:53:30+00:00,2797,WeightTraining,nan,0.0,0.0,0.0,46.0,0.0,nan
152125,83232940,Molly Grabill,12909909970,Afternoon Run,nan,2024-11-15 23:38:38+00:00,2454,Run,"Boulder County, USA",0.0,4.857320099255583,39.15,8.06,2349.0,39 m 9 s
152166,83232940,Molly Grabill,12909909970,Afternoon Run,nan,2024-11-15 23:38:38+00:00,2454,Run,"Boulder County, USA",0.0,4.857320099255583,39.15,8.06,2349.0,39 m 9 s
151835,74286940,Naoki Aiba,12910460547,Morning Run,nan,2024-11-16 00:28:25+00:00,1116,Run,nan,0.0,4.238875878220141,18.1,4.27,1086.0,18 m 6 s
151834,74286940,Naoki Aiba,12910462161,Morning Run,nan,2024-11-16 00:58:47+00:00,5798,Run,nan,0.0,3.18513603185136,96.0,30.14,5760.0,1 h 36 m
151202,86185454,Ermias Girma,12910818187,Morning Walk,nan,2024-11-16 04:38:47+00:00,5677,Walk,"Kirkos, Ethiopia",0.0,7.571560480147737,82.0,10.83,4920.0,1 h 22 m
151206,86185454,Ermias Girma,12910818187,Morning Walk,nan,2024-11-16 04:38:47+00:00,5677,Walk,"Kirkos, Ethiopia",0.0,7.571560480147737,82.0,10.83,4920.0,1 h 22 m
151220,83372861,Kristian Uldbjerg Hansen,12911310371,Morning Run,Session i eftermiddag🫡,2024-11-16 06:49:31+00:00,2872,Run,"Emakhazeni Local Municipality, RSA",0.0,4.5,45.0,10.0,2700.0,45 m 0 s
151333,64360338,Hamza Sahli,12912334244,Morning Run,nan,2024-11-16 09:40:06+00:00,3979,Run,"Louviers, France",0.0,5.903723887375113,65.0,11.01,3900.0,1 h 5 m
153759,66783639,Duncan Perrillat,12912512061,Course à pied du midi,nan,2024-11-15 10:20:00+00:00,1800,Run,nan,0.0,5.0,30.0,6.0,1800.0,30 m 0 s
153346,61783860,Shane Streich,12913143669,Warm Up,nan,2024-11-16 12:05:20+00:00,1129,Run,"Atlanta, USA",0.0,4.459715639810427,18.82,4.22,1129.2,18 m 49 s
153457,61783860,Shane Streich,12913143669,Warm Up,nan,2024-11-16 12:05:20+00:00,1129,Run,"Atlanta, USA",0.0,4.459715639810427,18.82,4.22,1129.2,18 m 49 s
152675,69562064,José Carlos Pinto,12913446628,4km warmup,nan,2024-11-16 09:40:03+00:00,970,Run,"Oeiras, Portugal",0.0,4.032418952618454,16.17,4.01,970.2,16 m 10 s
152674,69562064,José Carlos Pinto,12913449241,Hill session 2x(8x200),Rc jog down Avg 30.0,2024-11-16 11:33:01+00:00,2375,Run,"Oeiras, Portugal",0.0,4.315555555555555,29.13,6.75,1747.8,29 m 8 s
152673,69562064,José Carlos Pinto,12913449628,2km cooldown,nan,2024-11-16 12:32:45+00:00,584,Run,"Oeiras, Portugal",0.0,4.865,9.73,2.0,583.8000000000001,9 m 44 s
152223,60155357,Youssef Benzamia,12913513671,Lunch Run,nan,2024-11-16 11:13:48+00:00,2752,Run,"Nice, France",0.0,4.410576923076922,45.87,10.4,2752.2,45 m 52 s
152357,60155357,Youssef Benzamia,12913513671,Lunch Run,nan,2024-11-16 11:13:48+00:00,2752,Run,"Nice, France",0.0,4.410576923076922,45.87,10.4,2752.2,45 m 52 s
153345,61783860,Shane Streich,12913734575,Mercedes Benz 5k,"w/ the crew🔥 Hard as heck, hate being that uncomfortable for that long, so I don’t see any 5ks in the near future😂 Fun times with the guys, though. Unofficial 5k PR (14:33ish), especially since the course was likely long👌",2024-11-16 13:00:02+00:00,897,Run,"Atlanta, USA",0.0,2.919921875,14.95,5.12,897.0,14 m 57 s
153456,61783860,Shane Streich,12913734575,Mercedes Benz 5k,"w/ the crew🔥 Hard as heck, hate being that uncomfortable for that long, so I don’t see any 5ks in the near future😂 Fun times with the guys, though. Unofficial 5k PR (14:33ish), especially since the course was likely long👌",2024-11-16 13:00:02+00:00,897,Run,"Atlanta, USA",0.0,2.919921875,14.95,5.12,897.0,14 m 57 s
153344,61783860,Shane Streich,12914134274,Post Race 4x45” + Cool down,1.5mi wu 4x45” @ T w/ 60” jog RC 1.5mi cd,2024-11-16 13:52:27+00:00,2270,Run,"Atlanta, USA",0.0,4.37420382165605,27.47,6.28,1648.1999999999998,27 m 28 s
153455,61783860,Shane Streich,12914134274,Post Race 4x45” + Cool down,1.5mi wu 4x45” @ T w/ 60” jog RC 1.5mi cd,2024-11-16 13:52:27+00:00,2270,Run,"Atlanta, USA",0.0,4.37420382165605,27.47,6.28,1648.1999999999998,27 m 28 s
151219,83372861,Kristian Uldbjerg Hansen,12915175305,Første hit 🏌🏼‍♂️,"8x200 hills p. jog ned + 4x200 p.90s 31/31/30/30/30/30/29/30 |13.3mmol 29/25/27/26 Gode ben og bedre pop end forventet. Lyn stoppede de sidste 4 rep, men nu er vi i gang. Fedt med Sebi og Boutera🤌🏻",2024-11-16 14:54:28+00:00,3076,Run,"Emakhazeni Local Municipality, RSA",0.0,4.899262899262899,39.88,8.14,2392.8,39 m 53 s
151218,83372861,Kristian Uldbjerg Hansen,12915175953,Afternoon Ride,Føler mig lidt som en sprinter når cool down bliver på biken,2024-11-16 15:58:30+00:00,1203,Ride,nan,0.0,0.0,0.0,20.0,0.0,nan
152952,69143721,Jonathan Grahn,12915368726,Afternoon Run,nan,2024-11-16 16:14:31+00:00,1892,Run,"Mölndals kommun, Sweden",0.0,4.7291021671826625,30.55,6.46,1833.0,30 m 33 s
151388,75222533,Patrick Kiprop,12915772379,Morning Run,nan,2024-11-16 16:04:55+00:00,5817,Run,"Fayetteville, USA",0.0,4.577968526466381,96.0,20.97,5760.0,1 h 36 m
151396,75222533,Patrick Kiprop,12915772379,Morning Run,nan,2024-11-16 16:04:55+00:00,5817,Run,"Fayetteville, USA",0.0,4.577968526466381,96.0,20.97,5760.0,1 h 36 m
151404,75222533,Patrick Kiprop,12915772379,Morning Run,nan,2024-11-16 16:04:55+00:00,5817,Run,"Fayetteville, USA",0.0,4.577968526466381,96.0,20.97,5760.0,1 h 36 m
153757,66783639,Duncan Perrillat,12915899214,Course à pied dans l'après-midi,nan,2024-11-16 14:43:39+00:00,3046,Run,"Allonnes, France",0.0,4.659142212189617,41.28,8.86,2476.8,41 m 17 s
153756,66783639,Duncan Perrillat,12915899868,Course à pied dans l'après-midi,nan,2024-11-16 15:43:21+00:00,466,Run,"Allonnes, France",0.0,4.701986754966887,7.1,1.51,426.0,7 m 6 s
152490,91049781,Hanna Hermansson,12915922151,Morning Run,nan,2024-11-16 17:23:31+00:00,2508,Run,nan,0.0,4.953980099502488,39.83,8.04,2389.7999999999997,39 m 50 s
153971,89025421,Ivan Siuris,12915944053,Evening Run,nan,2024-11-16 17:22:00+00:00,2701,Run,nan,0.0,3.907986111111112,45.02,11.52,2701.2000000000003,45 m 1 s
151682,79030752,Jack Salisbury,12915980881,"8 into 4 uptempo, yog cooldown mile",a little harder than i thought itd be going right into it in trainers but felt smooth. good group today,2024-11-16 16:21:26+00:00,5891,Run,"Town of Clarkstown, USA",0.0,3.772683858643744,79.0,20.94,4740.0,1 h 19 m
150402,93170673,Stefan Nillessen,12916231146,7 heuvelen nacht🔥🥇,20.15,2024-11-16 18:00:00+00:00,1220,Run,"Nijmegen, Netherlands",0.0,2.904285714285714,20.33,7.0,1219.8,20 m 20 s
152834,87287379,Carson Williams,12916331845,Morning Run,nan,2024-11-11 12:19:10+00:00,6314,Run,"Travelers Rest, USA",0.0,4.011461318051576,84.0,20.94,5040.0,1 h 24 m
152892,87287379,Carson Williams,12916331845,Morning Run,nan,2024-11-11 12:19:10+00:00,6314,Run,"Travelers Rest, USA",0.0,4.011461318051576,84.0,20.94,5040.0,1 h 24 m
152833,87287379,Carson Williams,12916335755,Morning Run,nan,2024-11-13 12:16:41+00:00,4724,Run,"Travelers Rest, USA",0.0,4.661654135338345,62.0,13.3,3720.0,1 h 2 m
152891,87287379,Carson Williams,12916335755,Morning Run,nan,2024-11-13 12:16:41+00:00,4724,Run,"Travelers Rest, USA",0.0,4.661654135338345,62.0,13.3,3720.0,1 h 2 m
152832,87287379,Carson Williams,12916337954,Afternoon Run,nan,2024-11-14 18:26:14+00:00,2131,Run,"Rock Hill, USA",0.0,4.409547738693467,35.1,7.96,2106.0,35 m 6 s
152890,87287379,Carson Williams,12916337954,Afternoon Run,nan,2024-11-14 18:26:14+00:00,2131,Run,"Rock Hill, USA",0.0,4.409547738693467,35.1,7.96,2106.0,35 m 6 s
152831,87287379,Carson Williams,12916340278,Morning Run,nan,2024-11-15 15:43:55+00:00,1951,Run,"Rock Hill, USA",0.0,4.208171206225681,21.63,5.14,1297.8,21 m 38 s
152889,87287379,Carson Williams,12916340278,Morning Run,nan,2024-11-15 15:43:55+00:00,1951,Run,"Rock Hill, USA",0.0,4.208171206225681,21.63,5.14,1297.8,21 m 38 s
152830,87287379,Carson Williams,12916341315,Lunch Run,nan,2024-11-15 17:25:06+00:00,1046,Run,"Rock Hill, USA",0.0,4.774725274725275,17.38,3.64,1042.8,17 m 23 s
152888,87287379,Carson Williams,12916341315,Lunch Run,nan,2024-11-15 17:25:06+00:00,1046,Run,"Rock Hill, USA",0.0,4.774725274725275,17.38,3.64,1042.8,17 m 23 s
152829,87287379,Carson Williams,12916342720,Morning Run,nan,2024-11-16 14:53:07+00:00,1789,Run,"Travelers Rest, USA",0.0,4.528771384136859,29.12,6.43,1747.2,29 m 7 s
152887,87287379,Carson Williams,12916342720,Morning Run,nan,2024-11-16 14:53:07+00:00,1789,Run,"Travelers Rest, USA",0.0,4.528771384136859,29.12,6.43,1747.2,29 m 7 s
152672,69562064,José Carlos Pinto,12916421136,Recovery Run,nan,2024-11-16 18:36:26+00:00,2298,Run,"Oeiras, Portugal",0.0,4.64,37.12,8.0,2227.2,37 m 7 s
154059,82077769,Leonid Latsepov,12916450986,Afternoon Run,nan,2024-11-16 14:22:18+00:00,778,Run,nan,0.0,5.5,11.88,2.16,712.8000000000001,11 m 53 s
154060,82077769,Leonid Latsepov,12916451692,Afternoon Run,nan,2024-11-16 13:32:18+00:00,1833,Run,"Charlottenburg-Wilmersdorf, Germany",0.0,3.530444964871194,30.15,8.54,1809.0,30 m 9 s
154061,82077769,Leonid Latsepov,12916452239,Afternoon Run,nan,2024-11-16 12:38:03+00:00,1150,Run,"Charlottenburg-Wilmersdorf, Germany",0.0,4.754901960784314,14.55,3.06,873.0,14 m 33 s
154062,82077769,Leonid Latsepov,12916452743,Morning Run,nan,2024-11-16 08:19:01+00:00,1512,Run,"Mitte, Germany",0.0,4.678160919540231,24.42,5.22,1465.2,24 m 25 s
154063,82077769,Leonid Latsepov,12916453486,Lunch Run,nan,2024-11-15 11:32:11+00:00,3984,Run,"Mitte, Germany",0.0,4.460539460539461,44.65,10.01,2679.0,44 m 39 s
154064,82077769,Leonid Latsepov,12916454074,Afternoon Run,nan,2024-11-14 16:40:15+00:00,2926,Run,"Mitte, Germany",0.0,4.674723061430011,46.42,9.93,2785.2000000000003,46 m 25 s
153573,82013388,Logan Measner,12916534347,Afternoon Run,nan,2024-11-16 19:22:09+00:00,2175,Run,"Madison, USA",0.0,4.328068043742405,35.62,8.23,2137.2,35 m 37 s
152828,87287379,Carson Williams,12916868335,Afternoon Ride,nan,2024-11-16 20:39:34+00:00,2013,Ride,"Greenville County, USA",0.0,2.03456640388114,33.55,16.49,2013.0,33 m 33 s
152886,87287379,Carson Williams,12916868335,Afternoon Ride,nan,2024-11-16 20:39:34+00:00,2013,Ride,"Greenville County, USA",0.0,2.03456640388114,33.55,16.49,2013.0,33 m 33 s
151858,67065684,Hicham Ouladha,12916896724,Morning Run,nan,2024-11-15 09:50:21+00:00,3158,Run,"Ameur عامر, Morocco",0.0,4.374896093100582,52.63,12.03,3157.8,52 m 38 s
151973,67065684,Hicham Ouladha,12916896724,Morning Run,nan,2024-11-15 09:50:21+00:00,3158,Run,"Ameur عامر, Morocco",0.0,4.374896093100582,52.63,12.03,3157.8,52 m 38 s
151857,67065684,Hicham Ouladha,12916897687,Evening Run,nan,2024-11-16 17:22:32+00:00,1518,Run,"Azilal, Morocco",0.0,5.216494845360825,25.3,4.85,1518.0,25 m 18 s
151972,67065684,Hicham Ouladha,12916897687,Evening Run,nan,2024-11-16 17:22:32+00:00,1518,Run,"Azilal, Morocco",0.0,5.216494845360825,25.3,4.85,1518.0,25 m 18 s
150803,63449551,Olivia Markezich,12916964139,Afternoon Run,nan,2024-11-16 20:34:24+00:00,3620,Run,"Boulder, USA",0.0,4.338509316770186,55.88,12.88,3352.8,55 m 53 s
150872,63449551,Olivia Markezich,12916964139,Afternoon Run,nan,2024-11-16 20:34:24+00:00,3620,Run,"Boulder, USA",0.0,4.338509316770186,55.88,12.88,3352.8,55 m 53 s
150941,63449551,Olivia Markezich,12916964139,Afternoon Run,nan,2024-11-16 20:34:24+00:00,3620,Run,"Boulder, USA",0.0,4.338509316770186,55.88,12.88,3352.8,55 m 53 s
153093,73659831,Evan Jenkins,12916993335,Lunch Run,nan,2024-11-14 19:37:49+00:00,1668,Run,"Colfax, USA",0.0,4.4646464646464645,26.52,5.94,1591.2,26 m 31 s
153092,73659831,Evan Jenkins,12916993356,Lunch Run,nan,2024-11-16 19:22:29+00:00,3190,Run,"Seattle, USA",0.0,4.496007098491571,50.67,11.27,3040.2000000000003,50 m 40 s
152489,91049781,Hanna Hermansson,12917852566,Afternoon Run,nan,2024-11-16 22:45:07+00:00,4711,Run,"Mono County, USA",0.0,4.803636363636364,26.42,5.5,1585.2,26 m 25 s
150802,63449551,Olivia Markezich,12918029132,Evening Run,nan,2024-11-17 01:11:35+00:00,1344,Run,nan,0.0,4.643153526970954,22.38,4.82,1342.8,22 m 23 s
150871,63449551,Olivia Markezich,12918029132,Evening Run,nan,2024-11-17 01:11:35+00:00,1344,Run,nan,0.0,4.643153526970954,22.38,4.82,1342.8,22 m 23 s
150940,63449551,Olivia Markezich,12918029132,Evening Run,nan,2024-11-17 01:11:35+00:00,1344,Run,nan,0.0,4.643153526970954,22.38,4.82,1342.8,22 m 23 s
152074,68238567,Takashi Soma,12918298363,朝のランニング,nan,2024-11-17 01:32:36+00:00,5635,Run,"Nasushiobara, Japan",0.0,5.566600397614314,84.0,15.09,5040.0,1 h 24 m
152095,68238567,Takashi Soma,12918298363,朝のランニング,nan,2024-11-17 01:32:36+00:00,5635,Run,"Nasushiobara, Japan",0.0,5.566600397614314,84.0,15.09,5040.0,1 h 24 m
153970,89025421,Ivan Siuris,12918910051,Morning Run,nan,2024-11-17 06:23:01+00:00,4319,Run,"Chișinau, Moldova",0.0,4.396284829721362,71.0,16.15,4260.0,1 h 11 m
151201,86185454,Ermias Girma,12918978250,Lunch Walk,nan,2024-11-17 04:22:43+00:00,13840,Walk,"Yeka, Ethiopia",0.0,10.49808429118774,137.0,13.05,8220.0,2 h 17 m
151205,86185454,Ermias Girma,12918978250,Lunch Walk,nan,2024-11-17 04:22:43+00:00,13840,Walk,"Yeka, Ethiopia",0.0,10.49808429118774,137.0,13.05,8220.0,2 h 17 m
151424,60508941,Boniface Kibiwott,12919270827,Morning Run,nan,2024-11-17 06:35:43+00:00,5506,Run,"Ville-la-Grand, France",0.0,3.632734530938124,91.0,25.05,5460.0,1 h 31 m
151510,60508941,Boniface Kibiwott,12919270827,Morning Run,nan,2024-11-17 06:35:43+00:00,5506,Run,"Ville-la-Grand, France",0.0,3.632734530938124,91.0,25.05,5460.0,1 h 31 m
151596,60508941,Boniface Kibiwott,12919270827,Morning Run,nan,2024-11-17 06:35:43+00:00,5506,Run,"Ville-la-Grand, France",0.0,3.632734530938124,91.0,25.05,5460.0,1 h 31 m
151425,60508941,Boniface Kibiwott,12919271017,Afternoon Run,nan,2024-11-16 15:45:01+00:00,1462,Run,"Bulle, Switzerland",0.0,2.9326113116726833,24.37,8.31,1462.2,24 m 22 s
151511,60508941,Boniface Kibiwott,12919271017,Afternoon Run,nan,2024-11-16 15:45:01+00:00,1462,Run,"Bulle, Switzerland",0.0,2.9326113116726833,24.37,8.31,1462.2,24 m 22 s
151597,60508941,Boniface Kibiwott,12919271017,Afternoon Run,nan,2024-11-16 15:45:01+00:00,1462,Run,"Bulle, Switzerland",0.0,2.9326113116726833,24.37,8.31,1462.2,24 m 22 s
151426,60508941,Boniface Kibiwott,12919271224,Afternoon Run,nan,2024-11-16 14:55:53+00:00,1075,Run,"Bulle, Switzerland",0.0,4.5611702127659575,17.15,3.76,1029.0,17 m 9 s
151512,60508941,Boniface Kibiwott,12919271224,Afternoon Run,nan,2024-11-16 14:55:53+00:00,1075,Run,"Bulle, Switzerland",0.0,4.5611702127659575,17.15,3.76,1029.0,17 m 9 s
151598,60508941,Boniface Kibiwott,12919271224,Afternoon Run,nan,2024-11-16 14:55:53+00:00,1075,Run,"Bulle, Switzerland",0.0,4.5611702127659575,17.15,3.76,1029.0,17 m 9 s
151217,83372861,Kristian Uldbjerg Hansen,12919834192,SLR☀️,God gruppe i varmen🇳🇴🇬🇧🇦🇹🇩🇰 300 dage..,2024-11-17 07:54:07+00:00,6747,Run,"Emakhazeni Local Municipality, RSA",0.0,4.380426203630623,111.0,25.34,6660.0,1 h 51 m
153287,71517556,Mehdi Kadri,12920526740,6x3’ sur tapis de 3’25 à 3’15,nan,2024-11-15 07:06:37+00:00,2047,Run,"Le Petit-Quevilly, France",0.0,5.32084690553746,32.67,6.14,1960.2,32 m 40 s
153286,71517556,Mehdi Kadri,12920530199,Footing LD,nan,2024-11-16 08:18:04+00:00,2739,Run,"Le Grand-Quevilly, France",0.0,4.522267206477732,44.68,9.88,2680.8,44 m 41 s
153285,71517556,Mehdi Kadri,12920534520,Semi de Boulogne,Départ un peu rapide 30’13 au 10k mais on la ferme et on colle,2024-11-17 09:03:00+00:00,3883,Run,"Boulogne-Billancourt, France",0.0,3.1083050024283634,64.0,20.59,3840.0,1 h 4 m
152671,69562064,José Carlos Pinto,12920562212,1.3+5+1+5+2,1.3 km warmup 5 km z2 1 km jog 5 km  z3/threshold 2 km cooldown,2024-11-17 10:22:00+00:00,2994,Run,"Oeiras, Portugal",0.0,3.4728033472803346,49.8,14.34,2988.0,49 m 48 s
151332,64360338,Hamza Sahli,12920576924,Lunch Run,nan,2024-11-17 10:27:37+00:00,3043,Run,"Louviers, France",0.0,5.62930077691454,50.72,9.01,3043.2,50 m 43 s
152951,69143721,Jonathan Grahn,12920691160,PC-träff intervaller i häst/hetshagen,"2x3,2,1 varv 1x3,1,0.75 varv Jag är oskyldig till alla former av hets jag står anklagad för.",2024-11-17 08:51:34+00:00,6413,Run,"Göteborgs Stad, Sweden",0.0,4.078303425774878,75.0,18.39,4500.0,1 h 15 m
150788,93495409,Andrew Coscoran,12921149868,Morning Run,nan,2024-11-17 10:14:26+00:00,5399,Run,"High Peak, United Kingdom",0.0,3.837154890032756,82.0,21.37,4920.0,1 h 22 m
150791,93495409,Andrew Coscoran,12921149868,Morning Run,nan,2024-11-17 10:14:26+00:00,5399,Run,"High Peak, United Kingdom",0.0,3.837154890032756,82.0,21.37,4920.0,1 h 22 m
152222,60155357,Youssef Benzamia,12921396871,Lunch Run,nan,2024-11-17 11:07:29+00:00,3242,Run,"Nice, France",0.0,4.071590052750565,54.03,13.27,3241.8,54 m 2 s
152356,60155357,Youssef Benzamia,12921396871,Lunch Run,nan,2024-11-17 11:07:29+00:00,3242,Run,"Nice, France",0.0,4.071590052750565,54.03,13.27,3241.8,54 m 2 s
154183,74338147,Erin Strzelecki,12922070410,Morning Run,nan,2024-11-16 13:56:36+00:00,3419,Run,"South Bend, USA",0.0,4.832888888888888,54.37,11.25,3262.2,54 m 22 s
153343,61783860,Shane Streich,12922460220,Pre-Wedding Long,"Logging road trail in Clemson before Laurie’s wedding. Up and at ‘em early with Yolanda. Lots of ups and downs with a brutal long climb to cap off the run😅 Felt alright after yesterday’s race, too",2024-11-17 13:02:51+00:00,5342,Run,"Pickens County, USA",0.0,4.154727793696275,87.0,20.94,5220.0,1 h 27 m
153454,61783860,Shane Streich,12922460220,Pre-Wedding Long,"Logging road trail in Clemson before Laurie’s wedding. Up and at ‘em early with Yolanda. Lots of ups and downs with a brutal long climb to cap off the run😅 Felt alright after yesterday’s race, too",2024-11-17 13:02:51+00:00,5342,Run,"Pickens County, USA",0.0,4.154727793696275,87.0,20.94,5220.0,1 h 27 m
152827,87287379,Carson Williams,12922765747,Morning Run,nan,2024-11-17 14:13:05+00:00,3265,Run,"Travelers Rest, USA",0.0,4.225155279503105,54.42,12.88,3265.2000000000003,54 m 25 s
152885,87287379,Carson Williams,12922765747,Morning Run,nan,2024-11-17 14:13:05+00:00,3265,Run,"Travelers Rest, USA",0.0,4.225155279503105,54.42,12.88,3265.2000000000003,54 m 25 s
151216,83372861,Kristian Uldbjerg Hansen,12922969270,Afternoon Weight Training,nan,2024-11-17 14:45:03+00:00,2083,WeightTraining,nan,0.0,0.0,0.0,34.0,0.0,nan
151804,61174400,Jack Higgins,12923411320,Morning Run,nan,2024-11-17 14:09:45+00:00,7454,Run,"Boston, USA",0.0,4.214402618657938,103.0,24.44,6180.0,1 h 43 m
151681,79030752,Jack Salisbury,12923853059,Lunch Run,nan,2024-11-17 16:11:51+00:00,3535,Run,"Village of Sleepy Hollow, USA",0.0,4.393592677345538,57.6,13.11,3456.0,57 m 36 s
153651,78680893,Gracelyn Larkin,12924248920,Morning Run,3x10 min pickups,2024-11-17 15:43:03+00:00,7747,Run,"Coconino National Forest, USA",0.0,4.384943733022895,113.0,25.77,6780.0,1 h 53 m
150801,63449551,Olivia Markezich,12924344356,Morning Run,"2x3k w/ 2 min rest, 2xmile w/ 1 min rest, 4x200 hills",2024-11-17 16:15:37+00:00,7530,Run,"Longmont, USA",0.0,4.476190476190476,94.0,21.0,5640.0,1 h 34 m
150870,63449551,Olivia Markezich,12924344356,Morning Run,"2x3k w/ 2 min rest, 2xmile w/ 1 min rest, 4x200 hills",2024-11-17 16:15:37+00:00,7530,Run,"Longmont, USA",0.0,4.476190476190476,94.0,21.0,5640.0,1 h 34 m
150939,63449551,Olivia Markezich,12924344356,Morning Run,"2x3k w/ 2 min rest, 2xmile w/ 1 min rest, 4x200 hills",2024-11-17 16:15:37+00:00,7530,Run,"Longmont, USA",0.0,4.476190476190476,94.0,21.0,5640.0,1 h 34 m
152124,83232940,Molly Grabill,12924389112,Morning Run,nan,2024-11-16 16:40:06+00:00,6509,Run,"Boulder, USA",0.0,4.551480335837384,103.0,22.63,6180.0,1 h 43 m
152165,83232940,Molly Grabill,12924389112,Morning Run,nan,2024-11-16 16:40:06+00:00,6509,Run,"Boulder, USA",0.0,4.551480335837384,103.0,22.63,6180.0,1 h 43 m
152123,83232940,Molly Grabill,12924390350,Morning Run,nan,2024-11-17 16:18:23+00:00,3019,Run,"Gunbarrel, USA",0.0,4.899896800825593,47.48,9.69,2848.7999999999997,47 m 29 s
152164,83232940,Molly Grabill,12924390350,Morning Run,nan,2024-11-17 16:18:23+00:00,3019,Run,"Gunbarrel, USA",0.0,4.899896800825593,47.48,9.69,2848.7999999999997,47 m 29 s
152122,83232940,Molly Grabill,12924390605,Morning Run,nan,2024-11-17 17:24:29+00:00,77,Run,nan,0.0,4.444444444444445,0.8,0.18,48.0,48 s
152163,83232940,Molly Grabill,12924390605,Morning Run,nan,2024-11-17 17:24:29+00:00,77,Run,nan,0.0,4.444444444444445,0.8,0.18,48.0,48 s
152121,83232940,Molly Grabill,12924392882,Morning Run,nan,2024-11-17 17:30:24+00:00,3307,Run,"Gunbarrel, USA",0.0,3.6503311258278144,55.12,15.1,3307.2,55 m 7 s
152162,83232940,Molly Grabill,12924392882,Morning Run,nan,2024-11-17 17:30:24+00:00,3307,Run,"Gunbarrel, USA",0.0,3.6503311258278144,55.12,15.1,3307.2,55 m 7 s
152120,83232940,Molly Grabill,12924549586,Lunch Run,nan,2024-11-17 18:29:34+00:00,1696,Run,"Gunbarrel, USA",0.0,5.154241645244216,20.05,3.89,1203.0,20 m 3 s
152161,83232940,Molly Grabill,12924549586,Lunch Run,nan,2024-11-17 18:29:34+00:00,1696,Run,"Gunbarrel, USA",0.0,5.154241645244216,20.05,3.89,1203.0,20 m 3 s
153572,82013388,Logan Measner,12924675965,Lunch Run,nan,2024-11-17 17:58:02+00:00,5254,Run,"Madison, USA",0.0,3.76940133037694,85.0,22.55,5100.0,1 h 25 m
150335,98279354,Marco Arop,12924899117,Sunday Run,45 min run,2024-11-17 19:09:31+00:00,2892,Run,"Park City, USA",0.0,4.025570776255708,44.08,10.95,2644.7999999999997,44 m 5 s
152488,91049781,Hanna Hermansson,12924934534,Morning Run,nan,2024-11-17 18:34:43+00:00,5990,Run,"Mono County, USA",0.0,4.586717630195891,96.0,20.93,5760.0,1 h 36 m
152826,87287379,Carson Williams,12925147685,Afternoon Run,Alter G 90%,2024-11-17 20:23:19+00:00,1605,Run,nan,0.0,4.13953488372093,26.7,6.45,1602.0,26 m 42 s
152884,87287379,Carson Williams,12925147685,Afternoon Run,Alter G 90%,2024-11-17 20:23:19+00:00,1605,Run,nan,0.0,4.13953488372093,26.7,6.45,1602.0,26 m 42 s
153960,73487204,Kirami Collin Yego,12925681757,10 Mile Sunday 🏝️,nan,2024-11-17 21:50:07+00:00,3628,Run,"Fayetteville, USA",0.0,3.7243947858473,60.0,16.11,3600.0,1 h 0 m
151856,67065684,Hicham Ouladha,12925780606,Morning Run,nan,2024-11-17 08:51:30+00:00,1186,Run,"Azilal, Morocco",0.0,5.0050632911392405,19.77,3.95,1186.2,19 m 46 s
151971,67065684,Hicham Ouladha,12925780606,Morning Run,nan,2024-11-17 08:51:30+00:00,1186,Run,"Azilal, Morocco",0.0,5.0050632911392405,19.77,3.95,1186.2,19 m 46 s
151855,67065684,Hicham Ouladha,12925782435,Morning Run,nan,2024-11-17 09:27:08+00:00,3806,Run,"Azilal, Morocco",0.0,2.9702970297029703,63.0,21.21,3780.0,1 h 3 m
151970,67065684,Hicham Ouladha,12925782435,Morning Run,nan,2024-11-17 09:27:08+00:00,3806,Run,"Azilal, Morocco",0.0,2.9702970297029703,63.0,21.21,3780.0,1 h 3 m
152487,91049781,Hanna Hermansson,12926131763,Afternoon Weight Training,nan,2024-11-18 00:15:48+00:00,3064,WeightTraining,nan,0.0,0.0,0.0,51.0,0.0,293 Cal
153091,73659831,Evan Jenkins,12926513908,Morning Run,nan,2024-11-17 18:23:59+00:00,4592,Run,"Bellevue, USA",0.0,3.8302277432712217,74.0,19.32,4440.0,1 h 14 m
151451,60508941,Boniface Kibiwott,12927206240,Morning Run,nan,2024-11-18 06:58:35+00:00,2951,Run,"Puplinge, Switzerland",0.0,3.2397891963109355,49.18,15.18,2950.8,49 m 11 s
151537,60508941,Boniface Kibiwott,12927206240,Morning Run,nan,2024-11-18 06:58:35+00:00,2951,Run,"Puplinge, Switzerland",0.0,3.2397891963109355,49.18,15.18,2950.8,49 m 11 s
151623,60508941,Boniface Kibiwott,12927206240,Morning Run,nan,2024-11-18 06:58:35+00:00,2951,Run,"Puplinge, Switzerland",0.0,3.2397891963109355,49.18,15.18,2950.8,49 m 11 s
151452,60508941,Boniface Kibiwott,12927206906,Morning Run,nan,2024-11-18 06:33:43+00:00,1189,Run,"Ville-la-Grand, France",0.0,4.214452214452214,18.08,4.29,1084.8,18 m 5 s
151538,60508941,Boniface Kibiwott,12927206906,Morning Run,nan,2024-11-18 06:33:43+00:00,1189,Run,"Ville-la-Grand, France",0.0,4.214452214452214,18.08,4.29,1084.8,18 m 5 s
151624,60508941,Boniface Kibiwott,12927206906,Morning Run,nan,2024-11-18 06:33:43+00:00,1189,Run,"Ville-la-Grand, France",0.0,4.214452214452214,18.08,4.29,1084.8,18 m 5 s
151245,83372861,Kristian Uldbjerg Hansen,12927503336,Morning Run,🚂trail inkl 5x40m bakkesprint,2024-11-18 07:38:42+00:00,4700,Run,"Emakhazeni Local Municipality, RSA",0.0,4.628617363344052,57.58,12.44,3454.7999999999997,57 m 35 s
153986,89025421,Ivan Siuris,12927762172,Easy,Met Vladimir Siuris,2024-11-18 09:04:26+00:00,4564,Run,"Chișinau, Moldova",0.0,4.654346338124572,68.0,14.61,4080.0,1 h 8 m
151244,83372861,Kristian Uldbjerg Hansen,12927811486,Lunch Weight Training,nan,2024-11-18 09:08:44+00:00,2671,WeightTraining,nan,0.0,0.0,0.0,44.0,0.0,nan
152079,68238567,Takashi Soma,12927840989,夕方のランニング,nan,2024-11-18 09:48:39+00:00,1788,Run,nan,0.0,5.818540433925049,29.5,5.07,1770.0,29 m 30 s
152100,68238567,Takashi Soma,12927840989,夕方のランニング,nan,2024-11-18 09:48:39+00:00,1788,Run,nan,0.0,5.818540433925049,29.5,5.07,1770.0,29 m 30 s
152980,69143721,Jonathan Grahn,12928019948,Morning Ride,nan,2024-11-18 09:45:57+00:00,4921,Ride,"Mölndals kommun, Sweden",0.0,2.03868269733403,78.0,38.26,4680.0,1 h 18 m
152261,60155357,Youssef Benzamia,12928448992,Lunch Run,nan,2024-11-18 10:02:27+00:00,1814,Run,"Nice, France",0.0,4.418262150220913,30.0,6.79,1800.0,30 m 0 s
152395,60155357,Youssef Benzamia,12928448992,Lunch Run,nan,2024-11-18 10:02:27+00:00,1814,Run,"Nice, France",0.0,4.418262150220913,30.0,6.79,1800.0,30 m 0 s
152259,60155357,Youssef Benzamia,12928449264,Lunch Run,nan,2024-11-18 10:55:31+00:00,7,Run,nan,0.0,2.4,0.12,0.05,7.199999999999999,7 s
152393,60155357,Youssef Benzamia,12928449264,Lunch Run,nan,2024-11-18 10:55:31+00:00,7,Run,nan,0.0,2.4,0.12,0.05,7.199999999999999,7 s
152260,60155357,Youssef Benzamia,12928449497,Lunch Run,nan,2024-11-18 10:51:26+00:00,13,Run,nan,0.0,2.4444444444444446,0.22,0.09,13.2,13 s
152394,60155357,Youssef Benzamia,12928449497,Lunch Run,nan,2024-11-18 10:51:26+00:00,13,Run,nan,0.0,2.4444444444444446,0.22,0.09,13.2,13 s
152258,60155357,Youssef Benzamia,12928451033,Lunch Run,nan,2024-11-18 10:58:15+00:00,1170,Run,nan,0.0,5.481132075471698,17.43,3.18,1045.8,17 m 26 s
152392,60155357,Youssef Benzamia,12928451033,Lunch Run,nan,2024-11-18 10:58:15+00:00,1170,Run,nan,0.0,5.481132075471698,17.43,3.18,1045.8,17 m 26 s
152257,60155357,Youssef Benzamia,12928451310,Lunch Run,nan,2024-11-18 11:21:41+00:00,329,Run,"Nice, France",0.0,5.48,5.48,1.0,328.8,5 m 29 s
152391,60155357,Youssef Benzamia,12928451310,Lunch Run,nan,2024-11-18 11:21:41+00:00,329,Run,"Nice, France",0.0,5.48,5.48,1.0,328.8,5 m 29 s
151870,67065684,Hicham Ouladha,12928635235,Lunch Run,nan,2024-11-18 10:32:25+00:00,3068,Run,"Ameur عامر, Morocco",0.0,4.963,49.63,10.0,2977.8,49 m 38 s
151985,67065684,Hicham Ouladha,12928635235,Lunch Run,nan,2024-11-18 10:32:25+00:00,3068,Run,"Ameur عامر, Morocco",0.0,4.963,49.63,10.0,2977.8,49 m 38 s
152719,69562064,José Carlos Pinto,12928682326,4km warmup,nan,2024-11-18 10:15:00+00:00,1069,Run,"Oeiras, Portugal",0.0,4.443890274314215,17.82,4.01,1069.2,17 m 49 s
152718,69562064,José Carlos Pinto,12928683756,3x(5x200) 30”/3’,Avg 27.5,2024-11-18 11:39:42+00:00,1348,Run,"Oeiras, Portugal",0.0,4.004830917874396,16.58,4.14,994.8,16 m 35 s
152717,69562064,José Carlos Pinto,12928684215,2km cooldown,nan,2024-11-18 12:14:57+00:00,591,Run,"Oeiras, Portugal",0.0,4.925,9.85,2.0,591.0,9 m 51 s
153374,61783860,Shane Streich,12929177852,Pre speed D 4,nan,2024-11-18 13:42:16+00:00,1761,Run,"Atlanta, USA",0.0,4.312111801242236,27.77,6.44,1666.2,27 m 46 s
153485,61783860,Shane Streich,12929177852,Pre speed D 4,nan,2024-11-18 13:42:16+00:00,1761,Run,"Atlanta, USA",0.0,4.312111801242236,27.77,6.44,1666.2,27 m 46 s
152842,87287379,Carson Williams,12929249182,Morning Run,nan,2024-11-18 12:44:24+00:00,3422,Run,"Travelers Rest, USA",0.0,4.337995337995338,55.83,12.87,3349.7999999999997,55 m 50 s
152900,87287379,Carson Williams,12929249182,Morning Run,nan,2024-11-18 12:44:24+00:00,3422,Run,"Travelers Rest, USA",0.0,4.337995337995338,55.83,12.87,3349.7999999999997,55 m 50 s
151448,60508941,Boniface Kibiwott,12929723392,Afternoon Run,nan,2024-11-18 15:24:48+00:00,767,Run,"Thônex, Switzerland",0.0,5.34873949579832,12.73,2.38,763.8000000000001,12 m 44 s
151534,60508941,Boniface Kibiwott,12929723392,Afternoon Run,nan,2024-11-18 15:24:48+00:00,767,Run,"Thônex, Switzerland",0.0,5.34873949579832,12.73,2.38,763.8000000000001,12 m 44 s
151620,60508941,Boniface Kibiwott,12929723392,Afternoon Run,nan,2024-11-18 15:24:48+00:00,767,Run,"Thônex, Switzerland",0.0,5.34873949579832,12.73,2.38,763.8000000000001,12 m 44 s
151449,60508941,Boniface Kibiwott,12929724013,Afternoon Run,nan,2024-11-18 14:56:31+00:00,1481,Run,"Thônex, Switzerland",0.0,3.048267326732673,24.63,8.08,1477.8,24 m 38 s
151535,60508941,Boniface Kibiwott,12929724013,Afternoon Run,nan,2024-11-18 14:56:31+00:00,1481,Run,"Thônex, Switzerland",0.0,3.048267326732673,24.63,8.08,1477.8,24 m 38 s
151621,60508941,Boniface Kibiwott,12929724013,Afternoon Run,nan,2024-11-18 14:56:31+00:00,1481,Run,"Thônex, Switzerland",0.0,3.048267326732673,24.63,8.08,1477.8,24 m 38 s
151450,60508941,Boniface Kibiwott,12929724045,Afternoon Run,nan,2024-11-18 14:32:31+00:00,1032,Run,"Ville-la-Grand, France",0.0,4.45364238410596,13.45,3.02,807.0,13 m 27 s
151536,60508941,Boniface Kibiwott,12929724045,Afternoon Run,nan,2024-11-18 14:32:31+00:00,1032,Run,"Ville-la-Grand, France",0.0,4.45364238410596,13.45,3.02,807.0,13 m 27 s
151622,60508941,Boniface Kibiwott,12929724045,Afternoon Run,nan,2024-11-18 14:32:31+00:00,1032,Run,"Ville-la-Grand, France",0.0,4.45364238410596,13.45,3.02,807.0,13 m 27 s
153373,61783860,Shane Streich,12930020055,Post Speed D,nan,2024-11-18 16:14:15+00:00,1251,Run,"Atlanta, USA",0.0,4.298969072164949,20.85,4.85,1251.0,20 m 51 s
153484,61783860,Shane Streich,12930020055,Post Speed D,nan,2024-11-18 16:14:15+00:00,1251,Run,"Atlanta, USA",0.0,4.298969072164949,20.85,4.85,1251.0,20 m 51 s
153588,82013388,Logan Measner,12930171571,Morning Run,nan,2024-11-18 16:36:13+00:00,1140,Run,nan,0.0,3.925619834710744,19.0,4.84,1140.0,19 m 0 s
152515,91049781,Hanna Hermansson,12930305751,Morning Run,"Snowy, windy, and a bit slippery, but somehow still enjoyable 🥰",2024-11-18 16:15:23+00:00,3630,Run,"Mammoth Lakes, USA",0.0,5.119924457034939,54.22,10.59,3253.2,54 m 13 s
151815,61174400,Jack Higgins,12930358317,Morning Run,nan,2024-11-18 14:59:20+00:00,3567,Run,"Boston, USA",0.0,3.864471669218989,50.47,13.06,3028.2,50 m 28 s
153680,78680893,Gracelyn Larkin,12930460814,Morning Run,nan,2024-11-18 16:33:53+00:00,3857,Run,"Flagstaff, USA",0.0,4.7323506594259115,61.0,12.89,3660.0,1 h 1 m
151243,83372861,Kristian Uldbjerg Hansen,12930559965,Afternoon Ride,"Lyn og torden, igen igen igen. Bånd optaget, så doublen blev på biken",2024-11-18 15:44:38+00:00,1814,Ride,nan,0.0,0.0,0.0,30.0,0.0,nan
152979,69143721,Jonathan Grahn,12930881710,Afternoon Run,nan,2024-11-18 16:20:13+00:00,2444,Run,"Mölndals kommun, Sweden",0.0,4.5875,33.03,7.2,1981.8,33 m 2 s
152978,69143721,Jonathan Grahn,12930882775,Evening Run,nan,2024-11-18 18:16:27+00:00,913,Run,"Mölndals kommun, Sweden",0.0,4.975524475524476,14.23,2.86,853.8000000000001,14 m 14 s
151716,79030752,Jack Salisbury,12931087591,Lunch Run,nan,2024-11-18 18:18:31+00:00,1936,Run,"Flagstaff, USA",0.0,4.593508500772797,29.72,6.47,1783.1999999999998,29 m 43 s
153587,82013388,Logan Measner,12932060343,Afternoon Run,nan,2024-11-18 20:40:47+00:00,2341,Run,nan,0.0,3.9493927125506074,39.02,9.88,2341.2000000000003,39 m 1 s
151715,79030752,Jack Salisbury,12932175166,Afternoon Run,nan,2024-11-18 21:09:48+00:00,1841,Run,"Flagstaff, USA",0.0,4.408668730650155,28.48,6.46,1708.8,28 m 29 s
150363,98279354,Marco Arop,12932384976,Afternoon Run,"Treadmill: 4 miles, 24 min",2024-11-18 21:52:37+00:00,1428,Run,nan,0.0,6.397849462365591,23.8,3.72,1428.0,23 m 48 s
151714,79030752,Jack Salisbury,12933257220,trifecta. 3/3,nan,2024-11-19 00:29:19+00:00,1926,Run,"Flagstaff, USA",0.0,4.778637770897833,30.87,6.46,1852.2,30 m 52 s
152514,91049781,Hanna Hermansson,12933262690,Afternoon Run,nan,2024-11-19 00:16:16+00:00,2802,Run,nan,0.0,4.9920903954802265,44.18,8.85,2650.8,44 m 11 s
151242,83372861,Kristian Uldbjerg Hansen,12934689410,Morning Run,4x2k /90s på 🐟farm 3:27/29(2.9)/27/24(2.9),2024-11-19 06:53:52+00:00,5170,Run,"Emakhazeni Local Municipality, RSA",0.0,4.142394822006473,64.0,15.45,3840.0,1 h 4 m
152977,69143721,Jonathan Grahn,12934963350,Morning Run,nan,2024-11-19 09:18:12+00:00,743,Run,"Mölndals kommun, Sweden",0.0,4.421428571428572,12.38,2.8,742.8000000000001,12 m 23 s
152976,69143721,Jonathan Grahn,12935250058,Morgontröskel ❄️,"2x15min 0,5kmh snabbare än förra veckan 📈",2024-11-19 09:46:33+00:00,2727,Run,nan,0.0,3.3464637421665175,37.38,11.17,2242.8,37 m 23 s
152975,69143721,Jonathan Grahn,12935344835,Lunch Run,nan,2024-11-19 10:44:39+00:00,724,Run,"Mölndals kommun, Sweden",0.0,4.6395348837209305,11.97,2.58,718.2,11 m 58 s
151446,60508941,Boniface Kibiwott,12935419535,Morning Run,nan,2024-11-19 07:24:12+00:00,1464,Run,"Ville-la-Grand, France",0.0,5.919540229885058,20.6,3.48,1236.0,20 m 36 s
151532,60508941,Boniface Kibiwott,12935419535,Morning Run,nan,2024-11-19 07:24:12+00:00,1464,Run,"Ville-la-Grand, France",0.0,5.919540229885058,20.6,3.48,1236.0,20 m 36 s
151618,60508941,Boniface Kibiwott,12935419535,Morning Run,nan,2024-11-19 07:24:12+00:00,1464,Run,"Ville-la-Grand, France",0.0,5.919540229885058,20.6,3.48,1236.0,20 m 36 s
151447,60508941,Boniface Kibiwott,12935420007,Morning Run,nan,2024-11-19 06:36:02+00:00,2722,Run,"Ville-la-Grand, France",0.0,4.593202883625128,44.6,9.71,2676.0,44 m 36 s
151533,60508941,Boniface Kibiwott,12935420007,Morning Run,nan,2024-11-19 06:36:02+00:00,2722,Run,"Ville-la-Grand, France",0.0,4.593202883625128,44.6,9.71,2676.0,44 m 36 s
151619,60508941,Boniface Kibiwott,12935420007,Morning Run,nan,2024-11-19 06:36:02+00:00,2722,Run,"Ville-la-Grand, France",0.0,4.593202883625128,44.6,9.71,2676.0,44 m 36 s
154090,82077769,Leonid Latsepov,12935690812,Morning Run,nan,2024-11-19 09:58:47+00:00,3450,Run,nan,0.0,3.875987361769352,49.07,12.66,2944.2,49 m 4 s
154091,82077769,Leonid Latsepov,12935691950,Morning Run,nan,2024-11-19 09:25:11+00:00,1066,Run,"Potsdam, Germany",0.0,4.660477453580902,17.57,3.77,1054.2,17 m 34 s
154092,82077769,Leonid Latsepov,12935692314,Morning HIIT,nan,2024-11-18 16:32:29+00:00,3056,HighIntensityIntervalTraining,nan,0.0,0.0,0.0,50.0,0.0,276 Cal
154093,82077769,Leonid Latsepov,12935693730,Lunch Run,nan,2024-11-18 10:53:45+00:00,3611,Run,"Mitte, Germany",0.0,4.531818181818182,59.82,13.2,3589.2,59 m 49 s
154058,82077769,Leonid Latsepov,12935695109,Morning Run,nan,2024-11-17 09:34:40+00:00,4466,Run,"Halbe, Germany",0.0,3.6399409739301527,74.0,20.33,4440.0,1 h 14 m
152716,69562064,José Carlos Pinto,12935840626,Corrida ao entardecer,nan,2024-11-18 18:09:28+00:00,2644,Run,"Oeiras, Portugal",0.0,4.397602397602398,44.02,10.01,2641.2000000000003,44 m 1 s
152715,69562064,José Carlos Pinto,12935841443,3km warmup,nan,2024-11-19 10:24:03+00:00,794,Run,"Oeiras, Portugal",0.0,4.380794701986755,13.23,3.02,793.8000000000001,13 m 14 s
152714,69562064,José Carlos Pinto,12935843508,5x1600 threshold 1’rc,Avg 4.39,2024-11-19 11:05:01+00:00,1672,Run,"Oeiras, Portugal",0.0,3.196172248803828,26.72,8.36,1603.1999999999998,26 m 43 s
152713,69562064,José Carlos Pinto,12935843693,Cooldown 2km,nan,2024-11-19 11:43:29+00:00,606,Run,"Oeiras, Portugal",0.0,5.05,10.1,2.0,606.0,10 m 6 s
153985,89025421,Ivan Siuris,12936278230,Afternoon Run,nan,2024-11-19 11:55:11+00:00,4809,Run,"Chișinau, Moldova",0.0,4.381625441696113,62.0,14.15,3720.0,1 h 2 m
152841,87287379,Carson Williams,12936679669,Morning Run,nan,2024-11-19 12:45:46+00:00,5289,Run,"Travelers Rest, USA",0.0,4.251144538914323,65.0,15.29,3900.0,1 h 5 m
152899,87287379,Carson Williams,12936679669,Morning Run,nan,2024-11-19 12:45:46+00:00,5289,Run,"Travelers Rest, USA",0.0,4.251144538914323,65.0,15.29,3900.0,1 h 5 m
151241,83372861,Kristian Uldbjerg Hansen,12937690724,Afternoon Run,"20x400/30s med Sømme🤝🏼 72-73 første 10 (3.2) - 74/75 sidste 10(4.0) Bliver aldrig helt gode venner med det tunge græs, men endnu en i bæltet.",2024-11-19 14:37:18+00:00,5132,Run,"Emakhazeni Local Municipality, RSA",0.0,4.263824117255163,64.0,15.01,3840.0,1 h 4 m
153755,66783639,Duncan Perrillat,12937698937,Course à pied dans l'après-midi,nan,2024-11-17 13:45:21+00:00,413,Run,"Allonnes, France",0.0,5.280701754385965,6.02,1.14,361.2,6 m 1 s
153781,66783639,Duncan Perrillat,12937699076,Course à pied dans l'après-midi,nan,2024-11-19 15:34:55+00:00,5357,Run,"Grenoble, France",0.0,3.633217993079585,84.0,23.12,5040.0,1 h 24 m
153753,66783639,Duncan Perrillat,12937699079,Course à pied dans l'après-midi,nan,2024-11-17 14:59:49+00:00,3799,Run,"Allonnes, France",0.0,4.680830039525691,47.37,10.12,2842.2,47 m 22 s
153782,66783639,Duncan Perrillat,12937699147,Course à pied le midi,nan,2024-11-19 11:32:27+00:00,2537,Run,"Grenoble, France",0.0,4.732283464566929,42.07,8.89,2524.2,42 m 4 s
153754,66783639,Duncan Perrillat,12937720538,Course à pied dans l'après-midi,nan,2024-11-17 14:15:00+00:00,1518,Run,nan,0.0,3.085365853658537,25.3,8.2,1518.0,25 m 18 s
151713,79030752,Jack Salisbury,12937880297,Morning Run,nan,2024-11-19 16:55:08+00:00,2375,Run,"Flagstaff, USA",0.0,4.4758364312267656,36.12,8.07,2167.2,36 m 7 s
152974,69143721,Jonathan Grahn,12938051966,Hal eftermiddagströskel,5x6min,2024-11-19 16:35:54+00:00,4724,Run,"Göteborgs Stad, Sweden",0.0,4.0278721957851795,59.25,14.71,3555.0,59 m 15 s
153679,78680893,Gracelyn Larkin,12938451815,Morning Run,nan,2024-11-19 16:16:17+00:00,1632,Run,"Camp Verde, USA",0.0,4.65979381443299,22.6,4.85,1356.0,22 m 36 s
153678,78680893,Gracelyn Larkin,12938454158,Morning Run,nan,2024-11-19 17:04:38+00:00,2051,Run,"Camp Verde, USA",0.0,3.4917525773195877,33.87,9.7,2032.2,33 m 52 s
153677,78680893,Gracelyn Larkin,12938454531,Lunch Run,nan,2024-11-19 18:01:15+00:00,1534,Run,"Camp Verde, USA",0.0,5.086776859504132,24.62,4.84,1477.2,24 m 37 s
152513,91049781,Hanna Hermansson,12938490383,Morning Run,nan,2024-11-19 16:52:05+00:00,6926,Run,"Inyo County, USA",0.0,5.08578431372549,83.0,16.32,4980.0,1 h 23 m
152256,60155357,Youssef Benzamia,12938559113,Evening Run,nan,2024-11-18 19:09:22+00:00,2731,Run,"Nice, France",0.0,4.464285714285714,45.0,10.08,2700.0,45 m 0 s
152390,60155357,Youssef Benzamia,12938559113,Evening Run,nan,2024-11-18 19:09:22+00:00,2731,Run,"Nice, France",0.0,4.464285714285714,45.0,10.08,2700.0,45 m 0 s
152255,60155357,Youssef Benzamia,12938561898,Evening Run,nan,2024-11-19 17:54:18+00:00,3166,Run,"Nice, France",0.0,4.235,50.82,12.0,3049.2,50 m 49 s
152389,60155357,Youssef Benzamia,12938561898,Evening Run,nan,2024-11-19 17:54:18+00:00,3166,Run,"Nice, France",0.0,4.235,50.82,12.0,3049.2,50 m 49 s
150817,63449551,Olivia Markezich,12938582958,Morning Run,nan,2024-11-18 16:48:00+00:00,2297,Run,"Boulder, USA",0.0,4.644444444444444,37.62,8.1,2257.2,37 m 37 s
150886,63449551,Olivia Markezich,12938582958,Morning Run,nan,2024-11-18 16:48:00+00:00,2297,Run,"Boulder, USA",0.0,4.644444444444444,37.62,8.1,2257.2,37 m 37 s
150955,63449551,Olivia Markezich,12938582958,Morning Run,nan,2024-11-18 16:48:00+00:00,2297,Run,"Boulder, USA",0.0,4.644444444444444,37.62,8.1,2257.2,37 m 37 s
150816,63449551,Olivia Markezich,12938589296,Morning Run,New longest long run!!🥳,2024-11-19 16:16:58+00:00,6018,Run,"Boulder, USA",0.0,4.170363797692991,94.0,22.54,5640.0,1 h 34 m
150885,63449551,Olivia Markezich,12938589296,Morning Run,New longest long run!!🥳,2024-11-19 16:16:58+00:00,6018,Run,"Boulder, USA",0.0,4.170363797692991,94.0,22.54,5640.0,1 h 34 m
150954,63449551,Olivia Markezich,12938589296,Morning Run,New longest long run!!🥳,2024-11-19 16:16:58+00:00,6018,Run,"Boulder, USA",0.0,4.170363797692991,94.0,22.54,5640.0,1 h 34 m
153911,99038751,Salim Keddar,12938705799,Lunch Run,nan,2024-11-13 10:36:23+00:00,251,Run,nan,0.0,6.0,0.48,0.08,28.799999999999997,29 s
153910,99038751,Salim Keddar,12938707162,Morning Run,nan,2024-11-15 09:17:05+00:00,1201,Run,"Montesson, France",0.0,4.323974082073434,20.02,4.63,1201.2,20 m 1 s
153909,99038751,Salim Keddar,12938708808,Lunch Run,nan,2024-11-17 11:31:42+00:00,1674,Run,"Marly-le-Roi, France",0.0,4.625623960066556,27.8,6.01,1668.0,27 m 48 s
153908,99038751,Salim Keddar,12938710267,Lunch Run,nan,2024-11-17 11:59:46+00:00,1492,Run,"Marly-le-Roi, France",0.0,4.251282051282051,24.87,5.85,1492.2,24 m 52 s
153906,99038751,Salim Keddar,12938711195,Afternoon Run,nan,2024-11-17 12:38:46+00:00,21,Run,nan,0.0,2.9166666666666665,0.35,0.12,21.0,21 s
153905,99038751,Salim Keddar,12938711814,Afternoon Run,nan,2024-11-17 12:39:58+00:00,28,Run,nan,0.0,3.1333333333333333,0.47,0.15,28.2,28 s
153907,99038751,Salim Keddar,12938711824,Afternoon Run,nan,2024-11-17 12:30:20+00:00,28,Run,nan,0.0,4.699999999999999,0.47,0.1,28.2,28 s
153904,99038751,Salim Keddar,12938713015,Afternoon Run,nan,2024-11-17 12:41:33+00:00,20,Run,nan,0.0,3.0,0.33,0.11,19.8,20 s
153923,99038751,Salim Keddar,12938715560,Morning Run,nan,2024-11-18 09:17:15+00:00,2727,Run,"Marly-le-Roi, France",0.0,4.13,45.43,11.0,2725.8,45 m 26 s
153922,99038751,Salim Keddar,12938716860,Lunch Run,nan,2024-11-19 10:30:18+00:00,1195,Run,nan,0.0,4.3056768558951966,19.72,4.58,1183.1999999999998,19 m 43 s
153921,99038751,Salim Keddar,12938717476,Lunch Run,nan,2024-11-19 11:05:54+00:00,21,Run,nan,0.0,2.4999999999999996,0.35,0.14,21.0,21 s
153920,99038751,Salim Keddar,12938718453,Lunch Run,nan,2024-11-19 11:07:52+00:00,21,Run,nan,0.0,2.3333333333333335,0.35,0.15,21.0,21 s
153918,99038751,Salim Keddar,12938719012,Lunch Run,nan,2024-11-19 11:23:40+00:00,19,Run,nan,0.0,2.1333333333333333,0.32,0.15,19.2,19 s
153919,99038751,Salim Keddar,12938720017,Lunch Run,nan,2024-11-19 11:13:47+00:00,21,Run,nan,0.0,2.3333333333333335,0.35,0.15,21.0,21 s
153372,61783860,Shane Streich,12938949162,🌧️,Warm up,2024-11-19 14:06:04+00:00,1265,Run,"Atlanta, USA",0.0,4.602298850574713,20.02,4.35,1201.2,20 m 1 s
153483,61783860,Shane Streich,12938949162,🌧️,Warm up,2024-11-19 14:06:04+00:00,1265,Run,"Atlanta, USA",0.0,4.602298850574713,20.02,4.35,1201.2,20 m 1 s
153371,61783860,Shane Streich,12938951313,2x (600/400/200m) + 400/200m,"Set 1: 1:30/59/27.8 Set 2: 1:29/58/27.7 Set 3: 56.4/26.0 RC 90” w/in, 6’ set w/ 2x400m flush Chilly and rainy day. Absolutely drenched by the time we started the workout and even more drenched by the time we finished. Good sesh for the crew this morning, though. Last set felt 10x better than the first 2 sets.",2024-11-19 15:06:44+00:00,1685,Run,"Atlanta, USA",0.0,3.4946428571428574,19.57,5.6,1174.2,19 m 34 s
153482,61783860,Shane Streich,12938951313,2x (600/400/200m) + 400/200m,"Set 1: 1:30/59/27.8 Set 2: 1:29/58/27.7 Set 3: 56.4/26.0 RC 90” w/in, 6’ set w/ 2x400m flush Chilly and rainy day. Absolutely drenched by the time we started the workout and even more drenched by the time we finished. Good sesh for the crew this morning, though. Last set felt 10x better than the first 2 sets.",2024-11-19 15:06:44+00:00,1685,Run,"Atlanta, USA",0.0,3.4946428571428574,19.57,5.6,1174.2,19 m 34 s
153370,61783860,Shane Streich,12938952720,🌧️🌧️🌧️,Cool down. Up tempo-ish to clear the legs,2024-11-19 15:42:53+00:00,772,Run,"Atlanta, USA",0.0,3.984520123839009,12.87,3.23,772.1999999999999,12 m 52 s
153481,61783860,Shane Streich,12938952720,🌧️🌧️🌧️,Cool down. Up tempo-ish to clear the legs,2024-11-19 15:42:53+00:00,772,Run,"Atlanta, USA",0.0,3.984520123839009,12.87,3.23,772.1999999999999,12 m 52 s
152712,69562064,José Carlos Pinto,12938994855,2km warmup,nan,2024-11-19 17:42:28+00:00,528,Run,"Oeiras, Portugal",0.0,4.378109452736319,8.8,2.01,528.0,8 m 48 s
152711,69562064,José Carlos Pinto,12938997768,Threshold 10x800 1’rc,Avg 2:18.3,2024-11-19 18:20:58+00:00,1947,Run,"Oeiras, Portugal",0.0,3.2508670520231213,28.12,8.65,1687.2,28 m 7 s
152710,69562064,José Carlos Pinto,12938998690,2km cooldown,nan,2024-11-19 19:03:33+00:00,626,Run,"Oeiras, Portugal",0.0,4.890547263681593,9.83,2.01,589.8,9 m 50 s
154088,82077769,Leonid Latsepov,12939448368,Evening Run,nan,2024-11-19 18:00:35+00:00,3234,Run,nan,0.0,3.716524216524217,52.18,14.04,3130.8,52 m 11 s
154089,82077769,Leonid Latsepov,12939449679,Evening Run,nan,2024-11-19 17:13:40+00:00,2776,Run,"Charlottenburg-Wilmersdorf, Germany",0.0,4.97029702970297,20.08,4.04,1204.8,20 m 5 s
150362,98279354,Marco Arop,12939654923,Tuesday Workout,10min warmup + drills,2024-11-19 20:00:45+00:00,2421,Run,"South Snyderville Basin, USA",0.0,11.141843971631207,31.42,2.82,1885.2,31 m 25 s
150361,98279354,Marco Arop,12939655703,Tuesday Workout,4 x 3 min run 60s rest,2024-11-19 20:41:28+00:00,961,Run,"South Snyderville Basin, USA",0.0,3.8707317073170735,15.87,4.1,952.2,15 m 52 s
151712,79030752,Jack Salisbury,12939953610,Afternoon Run,nan,2024-11-19 21:04:32+00:00,3440,Run,"Flagstaff, USA",0.0,4.500604594921403,37.22,8.27,2233.2,37 m 13 s
153586,82013388,Logan Measner,12940052761,Afternoon Run,nan,2024-11-19 20:48:27+00:00,4932,Run,"Madison, USA",0.0,3.7787513691128143,69.0,18.26,4140.0,1 h 9 m
153676,78680893,Gracelyn Larkin,12940408564,Afternoon Run,+ lift,2024-11-19 23:07:51+00:00,2126,Run,"Flagstaff, USA",0.0,4.984496124031008,32.15,6.45,1929.0,32 m 9 s
152512,91049781,Hanna Hermansson,12940595641,Afternoon Run,nan,2024-11-19 23:50:14+00:00,1997,Run,"Mammoth Lakes, USA",0.0,4.9969834087481155,33.13,6.63,1987.8,33 m 8 s
151711,79030752,Jack Salisbury,12940758862,Afternoon Run,nan,2024-11-20 00:24:05+00:00,2039,Run,"Flagstaff, USA",0.0,4.547244094488189,23.1,5.08,1386.0,23 m 6 s
150360,98279354,Marco Arop,12940936846,Evening Run,20 mins easy,2024-11-20 01:01:38+00:00,1306,Run,nan,0.0,3.931372549019608,20.05,5.1,1203.0,20 m 3 s
152511,91049781,Hanna Hermansson,12940963005,Afternoon Weight Training,nan,2024-11-20 00:52:45+00:00,3512,WeightTraining,nan,0.0,0.0,0.0,58.0,0.0,307 Cal
150359,98279354,Marco Arop,12941068105,Evening Weight Training,nan,2024-11-20 01:44:28+00:00,2361,WeightTraining,nan,0.0,0.0,0.0,39.0,0.0,nan
151240,83372861,Kristian Uldbjerg Hansen,12941706390,Morning Run,🚂 med 🔨,2024-11-20 05:31:04+00:00,4027,Run,"Emakhazeni Local Municipality, RSA",0.0,4.603399433427763,65.0,14.12,3900.0,1 h 5 m
151344,64360338,Hamza Sahli,12942654964,Morning Run,nan,2024-11-20 08:43:05+00:00,4275,Run,"Louviers, France",0.0,6.641366223908919,70.0,10.54,4200.0,1 h 10 m
153195,77830180,Keisuke Yokota,12943267469,Morning Run,nan,2024-11-16 23:13:50+00:00,768,Run,"Kobe, Japan",0.0,4.175438596491228,11.9,2.85,714.0,11 m 54 s
153194,77830180,Keisuke Yokota,12943277181,Morning Run,nan,2024-11-17 00:00:02+00:00,8456,Run,"Kobe, Japan",0.0,3.2987747408105563,140.0,42.44,8400.0,2 h 20 m
153218,77830180,Keisuke Yokota,12943277403,Lunch Run,nan,2024-11-20 02:29:23+00:00,19,Run,"Nerima, Japan",0.0,3.1999999999999997,0.32,0.1,19.2,19 s
153219,77830180,Keisuke Yokota,12943277409,Lunch Run,nan,2024-11-20 02:20:43+00:00,306,Run,"Nerima, Japan",0.0,5.918918918918918,4.38,0.74,262.8,4 m 23 s
153216,77830180,Keisuke Yokota,12943278415,Lunch Run,nan,2024-11-20 02:44:14+00:00,33,Run,"Nerima, Japan",0.0,2.75,0.55,0.2,33.0,33 s
153217,77830180,Keisuke Yokota,12943278428,Lunch Run,nan,2024-11-20 02:33:41+00:00,433,Run,"Nerima, Japan",0.0,3.2818181818181813,7.22,2.2,433.2,7 m 13 s
153215,77830180,Keisuke Yokota,12943279118,Lunch Run,nan,2024-11-20 02:45:59+00:00,141,Run,"Nerima, Japan",0.0,3.7903225806451615,2.35,0.62,141.0,2 m 21 s
153214,77830180,Keisuke Yokota,12943280445,Lunch Run,nan,2024-11-20 02:58:41+00:00,1305,Run,"Nerima, Japan",0.0,7.154605263157895,21.75,3.04,1305.0,21 m 45 s
153984,89025421,Ivan Siuris,12943338024,Afternoon Run,nan,2024-11-20 11:12:15+00:00,3275,Run,"Chișinau, Moldova",0.0,4.863,48.63,10.0,2917.8,48 m 38 s
153780,66783639,Duncan Perrillat,12943959963,Course à pied dans l'après-midi,nan,2024-11-20 12:02:41+00:00,4016,Run,"Grenoble, France",0.0,4.4002838892831795,62.0,14.09,3720.0,1 h 2 m
152840,87287379,Carson Williams,12944265033,Morning Run,nan,2024-11-20 13:30:57+00:00,2632,Run,"Travelers Rest, USA",0.0,4.381987577639752,42.33,9.66,2539.7999999999997,42 m 20 s
152898,87287379,Carson Williams,12944265033,Morning Run,nan,2024-11-20 13:30:57+00:00,2632,Run,"Travelers Rest, USA",0.0,4.381987577639752,42.33,9.66,2539.7999999999997,42 m 20 s
152973,69143721,Jonathan Grahn,12944346960,Afternoon Run,nan,2024-11-20 12:32:25+00:00,6950,Run,"Mölndals kommun, Sweden",0.0,4.8636698599852615,66.0,13.57,3960.0,1 h 6 m
154086,82077769,Leonid Latsepov,12944847119,Morning Weight Training,nan,2024-11-20 12:25:28+00:00,4229,WeightTraining,nan,0.0,0.0,0.0,1.0,0.0,301 Cal
154087,82077769,Leonid Latsepov,12944848809,Morning Run,nan,2024-11-20 09:23:45+00:00,6144,Run,"Charlottenburg-Wilmersdorf, Germany",0.0,3.9808917197452223,100.0,25.12,6000.0,1 h 40 m
153368,61783860,Shane Streich,12944950491,Office Run,"Fit this in pre-PT and work. Tried to heat train but ofc the sensor didn’t work properly. Oh well, still got a good sweat",2024-11-20 14:55:20+00:00,3865,Run,"Atlanta, USA",0.0,4.152484683458135,61.0,14.69,3660.0,1 h 1 m
153479,61783860,Shane Streich,12944950491,Office Run,"Fit this in pre-PT and work. Tried to heat train but ofc the sensor didn’t work properly. Oh well, still got a good sweat",2024-11-20 14:55:20+00:00,3865,Run,"Atlanta, USA",0.0,4.152484683458135,61.0,14.69,3660.0,1 h 1 m
153369,61783860,Shane Streich,12944986894,Double,nan,2024-11-19 22:01:37+00:00,1786,Run,"Cobb County, USA",0.0,4.607142857142857,29.67,6.44,1780.2,29 m 40 s
153480,61783860,Shane Streich,12944986894,Double,nan,2024-11-19 22:01:37+00:00,1786,Run,"Cobb County, USA",0.0,4.607142857142857,29.67,6.44,1780.2,29 m 40 s
151239,83372861,Kristian Uldbjerg Hansen,12945001330,Afternoon Run,nan,2024-11-20 14:26:22+00:00,2733,Run,"Emakhazeni Local Municipality, RSA",0.0,4.513,45.13,10.0,2707.8,45 m 8 s
153585,82013388,Logan Measner,12945283855,Morning Run,nan,2024-11-20 16:20:20+00:00,1179,Run,nan,0.0,4.051546391752577,19.65,4.85,1179.0,19 m 39 s
150815,63449551,Olivia Markezich,12945580551,Morning Run,nan,2024-11-20 16:14:20+00:00,2253,Run,"Boulder County, USA",0.0,4.573185731857318,37.18,8.13,2230.8,37 m 11 s
150884,63449551,Olivia Markezich,12945580551,Morning Run,nan,2024-11-20 16:14:20+00:00,2253,Run,"Boulder County, USA",0.0,4.573185731857318,37.18,8.13,2230.8,37 m 11 s
150953,63449551,Olivia Markezich,12945580551,Morning Run,nan,2024-11-20 16:14:20+00:00,2253,Run,"Boulder County, USA",0.0,4.573185731857318,37.18,8.13,2230.8,37 m 11 s
153779,66783639,Duncan Perrillat,12945683350,Course à pied dans l'après-midi,nan,2024-11-20 16:18:35+00:00,5093,Run,"Grenoble, France",0.0,3.899191631003328,82.0,21.03,4920.0,1 h 22 m
153675,78680893,Gracelyn Larkin,12945688268,Morning Run,nan,2024-11-20 16:13:57+00:00,4864,Run,"Coconino National Forest, USA",0.0,4.779639975170702,77.0,16.11,4620.0,1 h 17 m
151710,79030752,Jack Salisbury,12945781836,Morning Run,nan,2024-11-20 17:10:51+00:00,2618,Run,"Flagstaff, USA",0.0,4.227507755946226,40.88,9.67,2452.8,40 m 53 s
153983,89025421,Ivan Siuris,12946096979,Evening Weight Training,nan,2024-11-20 17:02:49+00:00,3694,WeightTraining,nan,0.0,0.0,0.0,1.0,0.0,458 Cal
154182,74338147,Erin Strzelecki,12947290437,Morning Run,nan,2024-11-17 14:30:10+00:00,4869,Run,"Bertrand Township, USA",0.0,4.438202247191011,79.0,17.8,4740.0,1 h 19 m
154204,74338147,Erin Strzelecki,12947290987,Afternoon Run,nan,2024-11-19 20:48:36+00:00,1298,Run,"Saint Joseph County, USA",0.0,4.5184049079754605,14.73,3.26,883.8000000000001,14 m 44 s
154203,74338147,Erin Strzelecki,12947291614,Afternoon Run,nan,2024-11-19 21:35:18+00:00,1702,Run,"Saint Joseph County, USA",0.0,4.533834586466165,24.12,5.32,1447.2,24 m 7 s
154202,74338147,Erin Strzelecki,12947292224,Afternoon Run,nan,2024-11-19 22:13:25+00:00,1302,Run,"Saint Joseph County, USA",0.0,4.889460154241645,19.02,3.89,1141.2,19 m 1 s
152254,60155357,Youssef Benzamia,12947664469,Lunch Run,nan,2024-11-20 10:46:41+00:00,1473,Run,"Nice, France",0.0,4.399641577060932,24.55,5.58,1473.0,24 m 33 s
152388,60155357,Youssef Benzamia,12947664469,Lunch Run,nan,2024-11-20 10:46:41+00:00,1473,Run,"Nice, France",0.0,4.399641577060932,24.55,5.58,1473.0,24 m 33 s
152253,60155357,Youssef Benzamia,12947665145,Lunch Run,nan,2024-11-20 11:17:04+00:00,787,Run,"Nice, France",0.0,3.350515463917526,13.0,3.88,780.0,13 m 0 s
152387,60155357,Youssef Benzamia,12947665145,Lunch Run,nan,2024-11-20 11:17:04+00:00,787,Run,"Nice, France",0.0,3.350515463917526,13.0,3.88,780.0,13 m 0 s
152252,60155357,Youssef Benzamia,12947665455,Lunch Run,nan,2024-11-20 11:31:15+00:00,132,Run,"Nice, France",0.0,4.4897959183673475,2.2,0.49,132.0,2 m 12 s
152386,60155357,Youssef Benzamia,12947665455,Lunch Run,nan,2024-11-20 11:31:15+00:00,132,Run,"Nice, France",0.0,4.4897959183673475,2.2,0.49,132.0,2 m 12 s
154201,74338147,Erin Strzelecki,12947699844,Afternoon Run,nan,2024-11-20 21:50:41+00:00,3175,Run,"South Bend, USA",0.0,4.759916492693111,45.6,9.58,2736.0,45 m 36 s
150358,98279354,Marco Arop,12948104741,Afternoon Run,25 mins easy,2024-11-20 23:41:51+00:00,1581,Run,nan,0.0,3.836363636363637,25.32,6.6,1519.2,25 m 19 s
150814,63449551,Olivia Markezich,12948208197,Afternoon Workout,nan,2024-11-21 00:02:39+00:00,1801,Workout,nan,0.0,0.0,0.0,30.0,0.0,250 Cal
150883,63449551,Olivia Markezich,12948208197,Afternoon Workout,nan,2024-11-21 00:02:39+00:00,1801,Workout,nan,0.0,0.0,0.0,30.0,0.0,250 Cal
150952,63449551,Olivia Markezich,12948208197,Afternoon Workout,nan,2024-11-21 00:02:39+00:00,1801,Workout,nan,0.0,0.0,0.0,30.0,0.0,250 Cal
150357,98279354,Marco Arop,12948248790,Afternoon Workout,Core,2024-11-21 00:18:39+00:00,1408,Workout,nan,0.0,0.0,0.0,23.0,0.0,nan
151709,79030752,Jack Salisbury,12948276885,Afternoon Run,nan,2024-11-20 23:48:41+00:00,2572,Run,"Flagstaff, USA",0.0,4.3440082644628095,42.05,9.68,2523.0,42 m 3 s
153584,82013388,Logan Measner,12948420358,Evening Run,nan,2024-11-21 00:46:28+00:00,2278,Run,nan,0.0,3.9184726522187825,37.97,9.69,2278.2,37 m 58 s
153367,61783860,Shane Streich,12948482548,River Double,Beat the sunset,2024-11-20 22:30:00+00:00,1275,Run,nan,0.0,4.4087136929460575,21.25,4.82,1275.0,21 m 15 s
153478,61783860,Shane Streich,12948482548,River Double,Beat the sunset,2024-11-20 22:30:00+00:00,1275,Run,nan,0.0,4.4087136929460575,21.25,4.82,1275.0,21 m 15 s
153213,77830180,Keisuke Yokota,12948484479,Morning Run,nan,2024-11-21 01:24:20+00:00,254,Run,"Nerima, Japan",0.0,4.360824742268042,4.23,0.97,253.8,4 m 14 s
153212,77830180,Keisuke Yokota,12948559319,Morning Run,nan,2024-11-21 01:48:23+00:00,453,Run,"Nerima, Japan",0.0,3.4318181818181817,7.55,2.2,453.0,7 m 33 s
153211,77830180,Keisuke Yokota,12948559643,Morning Run,nan,2024-11-21 01:59:44+00:00,250,Run,"Nerima, Japan",0.0,4.1,4.1,1.0,245.99999999999997,4 m 6 s
151838,74286940,Naoki Aiba,12948712181,Morning Run,nan,2024-11-21 01:55:19+00:00,1125,Run,"Saka, Japan",0.0,4.3503480278422275,18.75,4.31,1125.0,18 m 45 s
151837,74286940,Naoki Aiba,12948713113,8k tempo,nan,2024-11-20 15:00:01+00:00,1411,Run,"Saka, Japan",0.0,2.8823529411764706,23.52,8.16,1411.2,23 m 31 s
153210,77830180,Keisuke Yokota,12948716433,Lunch Run,nan,2024-11-21 03:00:58+00:00,323,Run,"Nerima, Japan",0.0,6.255813953488372,5.38,0.86,322.8,5 m 23 s
151836,74286940,Naoki Aiba,12948749524,Lunch Run,nan,2024-11-21 03:03:52+00:00,944,Run,"Saka, Japan",0.0,5.9068627450980395,12.05,2.04,723.0,12 m 3 s
152839,87287379,Carson Williams,12948781533,Afternoon Run,nan,2024-11-20 21:36:25+00:00,1774,Run,"Travelers Rest, USA",0.0,4.605919003115265,29.57,6.42,1774.2,29 m 34 s
152897,87287379,Carson Williams,12948781533,Afternoon Run,nan,2024-11-20 21:36:25+00:00,1774,Run,"Travelers Rest, USA",0.0,4.605919003115265,29.57,6.42,1774.2,29 m 34 s
152143,83232940,Molly Grabill,12948790204,Morning Run,nan,2024-11-19 14:43:40+00:00,5050,Run,"Louisville, USA",0.0,4.773561811505508,78.0,16.34,4680.0,1 h 18 m
152184,83232940,Molly Grabill,12948790204,Morning Run,nan,2024-11-19 14:43:40+00:00,5050,Run,"Louisville, USA",0.0,4.773561811505508,78.0,16.34,4680.0,1 h 18 m
152142,83232940,Molly Grabill,12948790863,Morning Run,nan,2024-11-20 13:40:13+00:00,3631,Run,"Boulder, USA",0.0,5.198335644937586,37.48,7.21,2248.7999999999997,37 m 29 s
152183,83232940,Molly Grabill,12948790863,Morning Run,nan,2024-11-20 13:40:13+00:00,3631,Run,"Boulder, USA",0.0,5.198335644937586,37.48,7.21,2248.7999999999997,37 m 29 s
152141,83232940,Molly Grabill,12948791838,Morning Run,nan,2024-11-20 14:43:51+00:00,3480,Run,"Boulder, USA",0.0,4.77179236043095,48.72,10.21,2923.2,48 m 43 s
152182,83232940,Molly Grabill,12948791838,Morning Run,nan,2024-11-20 14:43:51+00:00,3480,Run,"Boulder, USA",0.0,4.77179236043095,48.72,10.21,2923.2,48 m 43 s
152140,83232940,Molly Grabill,12948791962,Morning Run,nan,2024-11-20 15:48:35+00:00,744,Run,"Boulder, USA",0.0,5.276595744680851,12.4,2.35,744.0,12 m 24 s
152181,83232940,Molly Grabill,12948791962,Morning Run,nan,2024-11-20 15:48:35+00:00,744,Run,"Boulder, USA",0.0,5.276595744680851,12.4,2.35,744.0,12 m 24 s
151443,60508941,Boniface Kibiwott,12949410894,Afternoon Run,nan,2024-11-20 14:28:57+00:00,2313,Run,"Ville-la-Grand, France",0.0,4.760598503740648,38.18,8.02,2290.8,38 m 11 s
151529,60508941,Boniface Kibiwott,12949410894,Afternoon Run,nan,2024-11-20 14:28:57+00:00,2313,Run,"Ville-la-Grand, France",0.0,4.760598503740648,38.18,8.02,2290.8,38 m 11 s
151615,60508941,Boniface Kibiwott,12949410894,Afternoon Run,nan,2024-11-20 14:28:57+00:00,2313,Run,"Ville-la-Grand, France",0.0,4.760598503740648,38.18,8.02,2290.8,38 m 11 s
151444,60508941,Boniface Kibiwott,12949410958,Morning Run,nan,2024-11-20 07:39:43+00:00,91,Run,"Thônex, Switzerland",0.0,2.7714285714285714,0.97,0.35,58.2,58 s
151530,60508941,Boniface Kibiwott,12949410958,Morning Run,nan,2024-11-20 07:39:43+00:00,91,Run,"Thônex, Switzerland",0.0,2.7714285714285714,0.97,0.35,58.2,58 s
151616,60508941,Boniface Kibiwott,12949410958,Morning Run,nan,2024-11-20 07:39:43+00:00,91,Run,"Thônex, Switzerland",0.0,2.7714285714285714,0.97,0.35,58.2,58 s
151442,60508941,Boniface Kibiwott,12949410963,Morning Run,nan,2024-11-21 06:18:42+00:00,3638,Run,"Ville-la-Grand, France",0.0,3.990013315579228,59.93,15.02,3595.8,59 m 56 s
151528,60508941,Boniface Kibiwott,12949410963,Morning Run,nan,2024-11-21 06:18:42+00:00,3638,Run,"Ville-la-Grand, France",0.0,3.990013315579228,59.93,15.02,3595.8,59 m 56 s
151614,60508941,Boniface Kibiwott,12949410963,Morning Run,nan,2024-11-21 06:18:42+00:00,3638,Run,"Ville-la-Grand, France",0.0,3.990013315579228,59.93,15.02,3595.8,59 m 56 s
151445,60508941,Boniface Kibiwott,12949411447,Morning Run,nan,2024-11-20 06:37:18+00:00,1055,Run,"Ville-la-Grand, France",0.0,4.049295774647888,17.25,4.26,1035.0,17 m 15 s
151531,60508941,Boniface Kibiwott,12949411447,Morning Run,nan,2024-11-20 06:37:18+00:00,1055,Run,"Ville-la-Grand, France",0.0,4.049295774647888,17.25,4.26,1035.0,17 m 15 s
151617,60508941,Boniface Kibiwott,12949411447,Morning Run,nan,2024-11-20 06:37:18+00:00,1055,Run,"Ville-la-Grand, France",0.0,4.049295774647888,17.25,4.26,1035.0,17 m 15 s
152972,69143721,Jonathan Grahn,12949675831,Morning Run,nan,2024-11-21 08:16:59+00:00,1074,Run,"Mölndals kommun, Sweden",0.0,4.616216216216215,17.08,3.7,1024.8,17 m 5 s
151238,83372861,Kristian Uldbjerg Hansen,12949870423,Morning Run☀️,"The usual, 4x2k /90s 3:25/26/27/26, 2.5/3,5",2024-11-21 06:59:25+00:00,6003,Run,"Emakhazeni Local Municipality, RSA",0.0,4.13057961359094,62.0,15.01,3720.0,1 h 2 m
152971,69143721,Jonathan Grahn,12949967000,Morgontröskel hos Maurten,5x2km,2024-11-21 09:00:36+00:00,2354,Run,nan,0.0,3.6190036900369,39.23,10.84,2353.7999999999997,39 m 14 s
152970,69143721,Jonathan Grahn,12950170856,Lunch Run,nan,2024-11-21 10:06:45+00:00,997,Run,"Göteborgs Stad, Sweden",0.0,4.648876404494382,16.55,3.56,993.0,16 m 33 s
152251,60155357,Youssef Benzamia,12950394874,Morning Run,nan,2024-11-21 09:16:27+00:00,1741,Run,"Nice, France",0.0,4.613672496025437,29.02,6.29,1741.2,29 m 1 s
152385,60155357,Youssef Benzamia,12950394874,Morning Run,nan,2024-11-21 09:16:27+00:00,1741,Run,"Nice, France",0.0,4.613672496025437,29.02,6.29,1741.2,29 m 1 s
152709,69562064,José Carlos Pinto,12950687733,Corrida matinal,nan,2024-11-20 10:06:48+00:00,3192,Run,"Oeiras, Portugal",0.0,4.294754371357202,51.58,12.01,3094.7999999999997,51 m 35 s
152708,69562064,José Carlos Pinto,12950687864,Treino com pesos na hora de almoço,nan,2024-11-20 11:27:02+00:00,1856,WeightTraining,nan,0.0,0.0,0.0,30.0,0.0,124 Cal
152707,69562064,José Carlos Pinto,12950689741,Corrida vespertina,nan,2024-11-20 17:33:45+00:00,2463,Run,"Oeiras, Portugal",0.0,4.1049999999999995,41.05,10.0,2463.0,41 m 3 s
152706,69562064,José Carlos Pinto,12950690492,Corrida matinal,nan,2024-11-21 10:17:31+00:00,1053,Run,"Oeiras, Portugal",0.0,4.356608478802992,17.47,4.01,1048.1999999999998,17 m 28 s
152705,69562064,José Carlos Pinto,12950692680,10x400 1’rc,59.6 avg 5 with carbon plates 5 with spikes,2024-11-21 11:21:48+00:00,1142,Run,"Oeiras, Portugal",0.0,2.951002227171492,13.25,4.49,795.0,13 m 15 s
152704,69562064,José Carlos Pinto,12951145999,2km cooldown,nan,2024-11-21 12:09:55+00:00,575,Run,"Oeiras, Portugal",0.0,4.79,9.58,2.0,574.8,9 m 35 s
151237,83372861,Kristian Uldbjerg Hansen,12952581442,Afternoon Run🌅,"8x1k/60s 3.17 avg, 3.3-4.4",2024-11-21 15:11:54+00:00,4277,Run,"Emakhazeni Local Municipality, RSA",0.0,4.148860398860399,58.25,14.04,3495.0,58 m 15 s
150813,63449551,Olivia Markezich,12952659761,Morning Ride,"2x4, 2x3, 2x2, 2x1 w/ equal rest",2024-11-21 16:15:42+00:00,3613,Ride,nan,0.0,0.0,0.0,1.0,0.0,144 bpm
150882,63449551,Olivia Markezich,12952659761,Morning Ride,"2x4, 2x3, 2x2, 2x1 w/ equal rest",2024-11-21 16:15:42+00:00,3613,Ride,nan,0.0,0.0,0.0,1.0,0.0,144 bpm
150951,63449551,Olivia Markezich,12952659761,Morning Ride,"2x4, 2x3, 2x2, 2x1 w/ equal rest",2024-11-21 16:15:42+00:00,3613,Ride,nan,0.0,0.0,0.0,1.0,0.0,144 bpm
153674,78680893,Gracelyn Larkin,12952765951,Morning Run,trot w maisie 🤠,2024-11-21 16:28:39+00:00,3689,Run,"Flagstaff, USA",0.0,4.723893805309735,53.38,11.3,3202.8,53 m 23 s
151441,60508941,Boniface Kibiwott,12952787326,Afternoon Run,nan,2024-11-21 15:36:16+00:00,3486,Run,"Ville-la-Grand, France",0.0,4.925022583559169,54.52,11.07,3271.2000000000003,54 m 31 s
151527,60508941,Boniface Kibiwott,12952787326,Afternoon Run,nan,2024-11-21 15:36:16+00:00,3486,Run,"Ville-la-Grand, France",0.0,4.925022583559169,54.52,11.07,3271.2000000000003,54 m 31 s
151613,60508941,Boniface Kibiwott,12952787326,Afternoon Run,nan,2024-11-21 15:36:16+00:00,3486,Run,"Ville-la-Grand, France",0.0,4.925022583559169,54.52,11.07,3271.2000000000003,54 m 31 s
152969,69143721,Jonathan Grahn,12952943496,Eftermiddagströskel,90/30 en massa gånger,2024-11-21 16:25:54+00:00,5454,Run,"Mölndals kommun, Sweden",0.0,4.225735294117647,57.47,13.6,3448.2,57 m 28 s
153982,89025421,Ivan Siuris,12952945904,Afternoon Run,nan,2024-11-21 15:31:54+00:00,3027,Run,nan,0.0,4.204166666666667,50.45,12.0,3027.0,50 m 27 s
151392,75222533,Patrick Kiprop,12953050628,❄️,nan,2024-11-21 17:29:56+00:00,2314,Run,"Verona, USA",0.0,3.984504132231405,38.57,9.68,2314.2,38 m 34 s
151400,75222533,Patrick Kiprop,12953050628,❄️,nan,2024-11-21 17:29:56+00:00,2314,Run,"Verona, USA",0.0,3.984504132231405,38.57,9.68,2314.2,38 m 34 s
151408,75222533,Patrick Kiprop,12953050628,❄️,nan,2024-11-21 17:29:56+00:00,2314,Run,"Verona, USA",0.0,3.984504132231405,38.57,9.68,2314.2,38 m 34 s
153962,73487204,Kirami Collin Yego,12953068225,🥶❄️,nan,2024-11-21 17:29:56+00:00,2310,Run,"Verona, USA",0.0,3.981385729058945,38.5,9.67,2310.0,38 m 30 s
152703,69562064,José Carlos Pinto,12953150666,2km warmup,nan,2024-11-21 18:18:34+00:00,555,Run,"Oeiras, Portugal",0.0,4.625,9.25,2.0,555.0,9 m 15 s
151814,61174400,Jack Higgins,12953364233,Lunch Swim,🧘,2024-11-21 17:46:51+00:00,4156,Swim,nan,0.0,0.0,0.0,2.0,0.0,1:31 /100m
152510,91049781,Hanna Hermansson,12953734412,Morning Run,nan,2024-11-21 17:27:03+00:00,4906,Run,"Mono County, USA",0.0,5.013274336283186,45.32,9.04,2719.2,45 m 19 s
151708,79030752,Jack Salisbury,12953758440,Morning Run,nan,2024-11-21 17:19:42+00:00,1456,Run,"Flagstaff, USA",0.0,4.685831622176591,22.82,4.87,1369.2,22 m 49 s
151706,79030752,Jack Salisbury,12953762175,Lunch Run,nan,2024-11-21 18:48:14+00:00,955,Run,"Flagstaff, USA",0.0,4.7323076923076925,15.38,3.25,922.8,15 m 23 s
151707,79030752,Jack Salisbury,12953762442,speeeed,nan,2024-11-21 17:54:00+00:00,2663,Run,"Flagstaff, USA",0.0,16.529729729729727,30.58,1.85,1834.8,30 m 35 s
153366,61783860,Shane Streich,12954265509,River Run,w/ Sean. Good vibes. Heat monitor finally worked properly,2024-11-21 20:35:31+00:00,3018,Run,"Cobb County, USA",0.0,4.1300884955752215,46.67,11.3,2800.2000000000003,46 m 40 s
153477,61783860,Shane Streich,12954265509,River Run,w/ Sean. Good vibes. Heat monitor finally worked properly,2024-11-21 20:35:31+00:00,3018,Run,"Cobb County, USA",0.0,4.1300884955752215,46.67,11.3,2800.2000000000003,46 m 40 s
152838,87287379,Carson Williams,12954410347,Afternoon Run,nan,2024-11-21 20:47:07+00:00,3588,Run,"Madison, USA",0.0,4.073795180722892,54.1,13.28,3246.0,54 m 6 s
152896,87287379,Carson Williams,12954410347,Afternoon Run,nan,2024-11-21 20:47:07+00:00,3588,Run,"Madison, USA",0.0,4.073795180722892,54.1,13.28,3246.0,54 m 6 s
152702,69562064,José Carlos Pinto,12954453470,Threshold 4x2000 1’rc,Avg 6:11 2° - 1.7 mml 4° - 2.4 mml,2024-11-21 18:58:50+00:00,1753,Run,"Oeiras, Portugal",0.0,20.60606060606061,170.0,8.25,10200.0,170 m
152701,69562064,José Carlos Pinto,12954453780,2km cooldown,nan,2024-11-21 19:32:54+00:00,586,Run,"Oeiras, Portugal",0.0,4.885,9.77,2.0,586.1999999999999,9 m 46 s
153583,82013388,Logan Measner,12954497426,Afternoon Run,nan,2024-11-21 20:53:31+00:00,3652,Run,"Madison, USA",0.0,4.064275037369208,54.38,13.38,3262.8,54 m 23 s
153582,82013388,Logan Measner,12954497553,Afternoon Run,nan,2024-11-21 21:57:58+00:00,278,Run,"Madison, USA",0.0,5.661971830985915,4.02,0.71,241.2,4 m 1 s
152509,91049781,Hanna Hermansson,12955177881,Afternoon Run,nan,2024-11-21 23:44:48+00:00,2643,Run,"Mono County, USA",0.0,4.864864864864865,43.2,8.88,2592.0,43 m 12 s
151705,79030752,Jack Salisbury,12955188641,Afternoon Run,nan,2024-11-21 23:11:24+00:00,3637,Run,"Flagstaff, USA",0.0,4.459333849728893,57.57,12.91,3454.2,57 m 34 s
153673,78680893,Gracelyn Larkin,12955208973,Afternoon Run,nan,2024-11-21 23:12:02+00:00,1852,Run,"Flagstaff, USA",0.0,4.6230769230769235,30.05,6.5,1803.0,30 m 3 s
152508,91049781,Hanna Hermansson,12955381292,Afternoon Weight Training,nan,2024-11-22 00:55:38+00:00,1291,WeightTraining,nan,0.0,0.0,0.0,21.0,0.0,108 Cal
152139,83232940,Molly Grabill,12955759470,Morning Run,nan,2024-11-21 14:56:12+00:00,5074,Run,"Boulder County, USA",0.0,4.635352286773795,75.0,16.18,4500.0,1 h 15 m
152180,83232940,Molly Grabill,12955759470,Morning Run,nan,2024-11-21 14:56:12+00:00,5074,Run,"Boulder County, USA",0.0,4.635352286773795,75.0,16.18,4500.0,1 h 15 m
151236,83372861,Kristian Uldbjerg Hansen,12956321420,Morning Run🐍,Lav puls lige indtil mødet med en cobra fætter🙃,2024-11-22 06:04:19+00:00,4346,Run,"Emakhazeni Local Municipality, RSA",0.0,4.76529160739687,67.0,14.06,4020.0,1 h 7 m
151439,60508941,Boniface Kibiwott,12956480446,Morning Run,nan,2024-11-22 07:51:44+00:00,173,Run,"Ville-la-Grand, France",0.0,3.456140350877193,1.97,0.57,118.2,1 m 58 s
151525,60508941,Boniface Kibiwott,12956480446,Morning Run,nan,2024-11-22 07:51:44+00:00,173,Run,"Ville-la-Grand, France",0.0,3.456140350877193,1.97,0.57,118.2,1 m 58 s
151611,60508941,Boniface Kibiwott,12956480446,Morning Run,nan,2024-11-22 07:51:44+00:00,173,Run,"Ville-la-Grand, France",0.0,3.456140350877193,1.97,0.57,118.2,1 m 58 s
151440,60508941,Boniface Kibiwott,12956480811,Morning Run,nan,2024-11-22 06:34:22+00:00,4540,Run,"Ville-la-Grand, France",0.0,4.12071967498549,71.0,17.23,4260.0,1 h 11 m
151526,60508941,Boniface Kibiwott,12956480811,Morning Run,nan,2024-11-22 06:34:22+00:00,4540,Run,"Ville-la-Grand, France",0.0,4.12071967498549,71.0,17.23,4260.0,1 h 11 m
151612,60508941,Boniface Kibiwott,12956480811,Morning Run,nan,2024-11-22 06:34:22+00:00,4540,Run,"Ville-la-Grand, France",0.0,4.12071967498549,71.0,17.23,4260.0,1 h 11 m
152138,83232940,Molly Grabill,12956600318,Afternoon Run,nan,2024-11-21 23:54:56+00:00,2435,Run,"Boulder County, USA",0.0,5.202346041055717,35.48,6.82,2128.7999999999997,35 m 29 s
152179,83232940,Molly Grabill,12956600318,Afternoon Run,nan,2024-11-21 23:54:56+00:00,2435,Run,"Boulder County, USA",0.0,5.202346041055717,35.48,6.82,2128.7999999999997,35 m 29 s
152968,69143721,Jonathan Grahn,12956890707,Morning Run,Till gym,2024-11-22 09:36:48+00:00,755,Run,"Mölndals kommun, Sweden",0.0,4.525179856115108,12.58,2.78,754.8,12 m 35 s
152250,60155357,Youssef Benzamia,12957015579,Morning Run,nan,2024-11-22 08:57:58+00:00,1834,Run,"Nice, France",0.0,5.011666666666667,30.07,6.0,1804.2,30 m 4 s
152384,60155357,Youssef Benzamia,12957015579,Morning Run,nan,2024-11-22 08:57:58+00:00,1834,Run,"Nice, France",0.0,5.011666666666667,30.07,6.0,1804.2,30 m 4 s
152249,60155357,Youssef Benzamia,12957016414,Morning Run,nan,2024-11-22 09:41:11+00:00,1257,Run,nan,0.0,5.528767123287671,20.18,3.65,1210.8,20 m 11 s
152383,60155357,Youssef Benzamia,12957016414,Morning Run,nan,2024-11-22 09:41:11+00:00,1257,Run,nan,0.0,5.528767123287671,20.18,3.65,1210.8,20 m 11 s
152248,60155357,Youssef Benzamia,12957016772,Lunch Run,nan,2024-11-22 10:02:52+00:00,325,Run,"Nice, France",0.0,5.27,5.27,1.0,316.2,5 m 16 s
152382,60155357,Youssef Benzamia,12957016772,Lunch Run,nan,2024-11-22 10:02:52+00:00,325,Run,"Nice, France",0.0,5.27,5.27,1.0,316.2,5 m 16 s
152967,69143721,Jonathan Grahn,12957674096,Afternoon Run,Hem från gym,2024-11-22 12:07:12+00:00,735,Run,"Mölndals kommun, Sweden",0.0,4.939516129032258,12.25,2.48,735.0,12 m 15 s
151235,83372861,Kristian Uldbjerg Hansen,12958577076,Afternoon Run,nan,2024-11-22 13:55:42+00:00,2060,Run,"Emakhazeni Local Municipality, RSA",0.0,4.701863354037267,30.28,6.44,1816.8,30 m 17 s
150352,98279354,Marco Arop,12959156283,Evening Run,31 Training Load -- from COROS,2024-11-22 02:04:08+00:00,1231,Run,nan,0.0,4.150515463917526,20.13,4.85,1207.8,20 m 8 s
150356,98279354,Marco Arop,12959156394,Afternoon Run,10 Training Load -- from COROS,2024-11-21 22:00:15+00:00,3710,Run,"Park City, USA",0.0,23.80952380952381,60.0,2.52,3600.0,1 h 0 m
150354,98279354,Marco Arop,12959156493,Afternoon Workout,nan,2024-11-21 23:32:26+00:00,636,Workout,nan,0.0,0.0,0.0,10.0,0.0,nan
150353,98279354,Marco Arop,12959156933,Afternoon Run,2 Training Load -- from COROS,2024-11-21 23:43:57+00:00,304,Run,"Park City, USA",0.0,8.19672131147541,5.0,0.61,300.0,5 m 0 s
150355,98279354,Marco Arop,12959156970,Afternoon Run,95 Training Load -- from COROS,2024-11-21 23:05:04+00:00,1092,Run,"Park City, USA",0.0,4.621483375959079,18.07,3.91,1084.2,18 m 4 s
153672,78680893,Gracelyn Larkin,12959245887,Morning Run,nan,2024-11-22 16:21:12+00:00,1730,Run,"Flagstaff, USA",0.0,4.902892561983471,23.73,4.84,1423.8,23 m 44 s
153671,78680893,Gracelyn Larkin,12959739885,Morning Run,4 x 1k/600/400,2024-11-22 17:17:31+00:00,3084,Run,"Flagstaff, USA",0.0,5.405263157894737,51.35,9.5,3081.0,51 m 21 s
151391,75222533,Patrick Kiprop,12959794134,🤫,nan,2024-11-22 17:40:10+00:00,2422,Run,"Madison, USA",0.0,3.9734251968503935,40.37,10.16,2422.2,40 m 22 s
151399,75222533,Patrick Kiprop,12959794134,🤫,nan,2024-11-22 17:40:10+00:00,2422,Run,"Madison, USA",0.0,3.9734251968503935,40.37,10.16,2422.2,40 m 22 s
151407,75222533,Patrick Kiprop,12959794134,🤫,nan,2024-11-22 17:40:10+00:00,2422,Run,"Madison, USA",0.0,3.9734251968503935,40.37,10.16,2422.2,40 m 22 s
153670,78680893,Gracelyn Larkin,12959853844,Lunch Run,nan,2024-11-22 18:09:33+00:00,1590,Run,"Flagstaff, USA",0.0,5.37603305785124,26.02,4.84,1561.2,26 m 1 s
151343,64360338,Hamza Sahli,12959865405,Evening Swim,nan,2024-11-22 17:53:05+00:00,2752,Swim,nan,0.0,0.0,0.0,45.0,0.0,157 bpm
153365,61783860,Shane Streich,12959982281,Warmy,nan,2024-11-22 15:08:11+00:00,1321,Run,"Atlanta, USA",0.0,4.456179775280899,19.83,4.45,1189.8,19 m 50 s
153476,61783860,Shane Streich,12959982281,Warmy,nan,2024-11-22 15:08:11+00:00,1321,Run,"Atlanta, USA",0.0,4.456179775280899,19.83,4.45,1189.8,19 m 50 s
153364,61783860,Shane Streich,12959985091,10x1k,"@ 3:19-:21 w/ 90” RC after first 2, 60” rest Felt good, even in the chilly weather. Successful morning.",2024-11-22 16:02:13+00:00,2633,Run,"Atlanta, USA",0.0,3.3553251649387374,35.6,10.61,2136.0,35 m 36 s
153475,61783860,Shane Streich,12959985091,10x1k,"@ 3:19-:21 w/ 90” RC after first 2, 60” rest Felt good, even in the chilly weather. Successful morning.",2024-11-22 16:02:13+00:00,2633,Run,"Atlanta, USA",0.0,3.3553251649387374,35.6,10.61,2136.0,35 m 36 s
153363,61783860,Shane Streich,12959985487,Cooly,nan,2024-11-22 16:54:29+00:00,600,Run,"Atlanta, USA",0.0,4.2727272727272725,9.87,2.31,592.1999999999999,9 m 52 s
153474,61783860,Shane Streich,12959985487,Cooly,nan,2024-11-22 16:54:29+00:00,600,Run,"Atlanta, USA",0.0,4.2727272727272725,9.87,2.31,592.1999999999999,9 m 52 s
151342,64360338,Hamza Sahli,12960035507,Natation le soir,Rythme 70.3,2024-11-22 18:15:00+00:00,2575,Swim,nan,0.0,0.0,0.0,1.0,0.0,2:15 /100m
153774,66783639,Duncan Perrillat,12960117855,Course à pied en soirée,nan,2024-11-22 18:46:02+00:00,957,Run,"Gières, France",0.0,4.568965517241379,15.9,3.48,954.0,15 m 54 s
153778,66783639,Duncan Perrillat,12960117893,Course à pied le midi,nan,2024-11-21 11:13:54+00:00,3428,Run,"Grenoble, France",0.0,4.967405475880052,38.1,7.67,2286.0,38 m 6 s
153777,66783639,Duncan Perrillat,12960117916,Course à pied le midi,nan,2024-11-22 11:06:12+00:00,3818,Run,"Grenoble, France",0.0,4.279600570613409,60.0,14.02,3600.0,1 h 0 m
153775,66783639,Duncan Perrillat,12960117991,"5*30""30 / 5’ / 5*30""30 / 5’ / 5*30""30 / 5’ / 5*30""30",2’55 / 2’55 / 2’47 les 5’,2024-11-22 16:44:25+00:00,5855,Run,"Grenoble, France",0.0,3.6001894836570347,76.0,21.11,4560.0,1 h 16 m
153776,66783639,Duncan Perrillat,12960118026,Course à pied dans l'après-midi,nan,2024-11-22 12:25:40+00:00,415,Run,"Grenoble, France",0.0,4.739726027397261,6.92,1.46,415.2,6 m 55 s
153981,89025421,Ivan Siuris,12960151017,Evening Run,nan,2024-11-22 18:52:31+00:00,2400,Run,nan,0.0,4.535147392290249,40.0,8.82,2400.0,40 m 0 s
151704,79030752,Jack Salisbury,12960222824,Morning Run,nan,2024-11-22 17:28:27+00:00,1551,Run,"Flagstaff, USA",0.0,4.483606557377049,21.88,4.88,1312.8,21 m 53 s
151703,79030752,Jack Salisbury,12960224488,12x 1000 on 2 min,3:05 avg. very smooth today with 2 min rest and only 1 workout this week,2024-11-22 18:16:24+00:00,3557,Run,"Flagstaff, USA",0.0,3.20078125,40.97,12.8,2458.2,40 m 58 s
151702,79030752,Jack Salisbury,12960224883,Lunch Run,nan,2024-11-22 19:30:37+00:00,1421,Run,"Flagstaff, USA",0.0,4.683884297520661,22.67,4.84,1360.2,22 m 40 s
152507,91049781,Hanna Hermansson,12960612710,Lots of 200s,2x10x200m,2024-11-22 17:16:00+00:00,6828,Run,"Inyo County, USA",0.0,5.095150399017802,83.0,16.29,4980.0,1 h 23 m
153362,61783860,Shane Streich,12960783170,Warm Up,nan,2024-11-22 21:47:14+00:00,542,Run,"Atlanta, USA",0.0,4.320574162679426,9.03,2.09,541.8,9 m 2 s
153473,61783860,Shane Streich,12960783170,Warm Up,nan,2024-11-22 21:47:14+00:00,542,Run,"Atlanta, USA",0.0,4.320574162679426,9.03,2.09,541.8,9 m 2 s
151813,61174400,Jack Higgins,12960809244,Afternoon Swim,🧘,2024-11-22 20:31:31+00:00,5742,Swim,nan,0.0,0.0,0.0,2.0,0.0,1:35 /100m
153581,82013388,Logan Measner,12960886744,Afternoon Run,nan,2024-11-22 20:52:25+00:00,4908,Run,"Madison, USA",0.0,3.6259541984732824,76.0,20.96,4560.0,1 h 16 m
152700,69562064,José Carlos Pinto,12960928406,Corrida matinal,nan,2024-11-22 10:17:33+00:00,3286,Run,"Oeiras, Portugal",0.0,4.244166666666667,50.93,12.0,3055.8,50 m 56 s
150812,63449551,Olivia Markezich,12960961227,Afternoon Workout,nan,2024-11-22 21:56:57+00:00,2402,Workout,nan,0.0,0.0,0.0,40.0,0.0,443 Cal
150881,63449551,Olivia Markezich,12960961227,Afternoon Workout,nan,2024-11-22 21:56:57+00:00,2402,Workout,nan,0.0,0.0,0.0,40.0,0.0,443 Cal
150950,63449551,Olivia Markezich,12960961227,Afternoon Workout,nan,2024-11-22 21:56:57+00:00,2402,Workout,nan,0.0,0.0,0.0,40.0,0.0,443 Cal
153361,61783860,Shane Streich,12960963605,2x (10xT300m),Set 1: 53.1 avg. w/ 30” RC Set 2: 53.1 avg.  w/ 20” RC 2’ b/w sets Session 2✅,2024-11-22 22:10:51+00:00,1654,Run,"Atlanta, USA",0.0,3.487481590574374,23.68,6.79,1420.8,23 m 41 s
153472,61783860,Shane Streich,12960963605,2x (10xT300m),Set 1: 53.1 avg. w/ 30” RC Set 2: 53.1 avg.  w/ 20” RC 2’ b/w sets Session 2✅,2024-11-22 22:10:51+00:00,1654,Run,"Atlanta, USA",0.0,3.487481590574374,23.68,6.79,1420.8,23 m 41 s
153360,61783860,Shane Streich,12961030223,Cool Down,nan,2024-11-22 22:44:45+00:00,410,Run,"Atlanta, USA",0.0,4.24223602484472,6.83,1.61,409.8,6 m 50 s
153471,61783860,Shane Streich,12961030223,Cool Down,nan,2024-11-22 22:44:45+00:00,410,Run,"Atlanta, USA",0.0,4.24223602484472,6.83,1.61,409.8,6 m 50 s
150351,98279354,Marco Arop,12961086574,Afternoon Run,22 Training Load -- from COROS,2024-11-22 22:28:56+00:00,2081,Run,"Park City, USA",0.0,13.675,32.82,2.4,1969.2,32 m 49 s
154197,74338147,Erin Strzelecki,12961097855,Morning Run,nan,2024-11-22 16:48:54+00:00,1861,Run,"Madison, USA",0.0,4.52435064935065,27.87,6.16,1672.2,27 m 52 s
154196,74338147,Erin Strzelecki,12961098003,Lunch Run,nan,2024-11-22 17:34:13+00:00,1610,Run,"Madison, USA",0.0,6.120743034055727,19.77,3.23,1186.2,19 m 46 s
153669,78680893,Gracelyn Larkin,12961301758,Afternoon Run,+ lift,2024-11-22 23:16:43+00:00,1438,Run,"Flagstaff, USA",0.0,4.952479338842975,23.97,4.84,1438.1999999999998,23 m 58 s
150350,98279354,Marco Arop,12961350717,Afternoon Run,150 Training Load -- from COROS,2024-11-22 23:11:27+00:00,721,Run,"Park City, USA",0.0,4.258064516129033,11.88,2.79,712.8000000000001,11 m 53 s
151701,79030752,Jack Salisbury,12961402040,Afternoon Run,nan,2024-11-22 23:37:34+00:00,1761,Run,"Flagstaff, USA",0.0,4.541925465838509,29.25,6.44,1755.0,29 m 15 s
152506,91049781,Hanna Hermansson,12961451668,Afternoon Run,nan,2024-11-22 23:49:56+00:00,1818,Run,"Mammoth Lakes, USA",0.0,5.163511187607574,30.0,5.81,1800.0,30 m 0 s
150349,98279354,Marco Arop,12961748343,Afternoon Weight Training,nan,2024-11-23 00:25:13+00:00,2886,WeightTraining,nan,0.0,0.0,0.0,48.0,0.0,nan
152078,68238567,Takashi Soma,12962253368,第34回大田原マラソン大会,nan,2024-11-23 01:00:30+00:00,13370,Run,"Ohtawara, Japan",0.0,5.163876444234851,219.0,42.41,13140.0,3 h 39 m
152099,68238567,Takashi Soma,12962253368,第34回大田原マラソン大会,nan,2024-11-23 01:00:30+00:00,13370,Run,"Ohtawara, Japan",0.0,5.163876444234851,219.0,42.41,13140.0,3 h 39 m
151234,83372861,Kristian Uldbjerg Hansen,12963290605,Morning run😮‍💨,"6x40s Hills p. jog ned + 10x200m p. 90s 40s ~ 235m (16.6) 200m ~ 28/29 (11.5) Rigtig led en idag, gode ben😵‍💫",2024-11-23 07:26:33+00:00,6386,Run,"Emakhazeni Local Municipality, RSA",0.0,5.710102489019033,78.0,13.66,4680.0,1 h 18 m
151341,64360338,Hamza Sahli,12963580526,Morning Run,nan,2024-11-23 09:51:58+00:00,2435,Run,"Louviers, France",0.0,5.761024182076813,40.5,7.03,2430.0,40 m 30 s
152966,69143721,Jonathan Grahn,12963703742,Halvhårda intervaller på delsjövägen,5x2km,2024-11-23 09:04:39+00:00,6093,Run,"Göteborgs Stad, Sweden",0.0,3.9727582292849033,70.0,17.62,4200.0,1 h 10 m
153295,71517556,Mehdi Kadri,12963828872,1k actif // 8x150 + 8x100m en côte // 1k rapide,nan,2024-11-20 09:55:58+00:00,4085,Run,"Le Grand-Quevilly, France",0.0,4.419889502762431,64.0,14.48,3840.0,1 h 4 m
153294,71517556,Mehdi Kadri,12963915513,Météo qui nous rappelle l'importance de trier nos déchets pour limiter le dérèglement climatique,Bricolage 15x460m recup 35-40,2024-11-20 17:29:33+00:00,2307,Run,"Sotteville-lès-Rouen, France",0.0,3.840770791075051,37.87,9.86,2272.2,37 m 52 s
152247,60155357,Youssef Benzamia,12964509791,Lunch Run,nan,2024-11-23 10:40:53+00:00,1743,Run,nan,0.0,4.825581395348838,29.05,6.02,1743.0,29 m 3 s
152381,60155357,Youssef Benzamia,12964509791,Lunch Run,nan,2024-11-23 10:40:53+00:00,1743,Run,nan,0.0,4.825581395348838,29.05,6.02,1743.0,29 m 3 s
152246,60155357,Youssef Benzamia,12964510404,Lunch Run,nan,2024-11-23 11:21:07+00:00,16,Run,nan,0.0,2.7,0.27,0.1,16.200000000000003,16 s
152380,60155357,Youssef Benzamia,12964510404,Lunch Run,nan,2024-11-23 11:21:07+00:00,16,Run,nan,0.0,2.7,0.27,0.1,16.200000000000003,16 s
152245,60155357,Youssef Benzamia,12964510834,Lunch Run,nan,2024-11-23 11:21:50+00:00,19,Run,nan,0.0,3.1999999999999997,0.32,0.1,19.2,19 s
152379,60155357,Youssef Benzamia,12964510834,Lunch Run,nan,2024-11-23 11:21:50+00:00,19,Run,nan,0.0,3.1999999999999997,0.32,0.1,19.2,19 s
152244,60155357,Youssef Benzamia,12964513506,Lunch Run,nan,2024-11-23 11:26:27+00:00,1849,Run,"Nice, France",0.0,3.280583613916947,29.23,8.91,1753.8,29 m 14 s
152378,60155357,Youssef Benzamia,12964513506,Lunch Run,nan,2024-11-23 11:26:27+00:00,1849,Run,"Nice, France",0.0,3.280583613916947,29.23,8.91,1753.8,29 m 14 s
152243,60155357,Youssef Benzamia,12964513821,Afternoon Run,nan,2024-11-23 12:00:22+00:00,278,Run,nan,0.0,4.63,4.63,1.0,277.8,4 m 38 s
152377,60155357,Youssef Benzamia,12964513821,Afternoon Run,nan,2024-11-23 12:00:22+00:00,278,Run,nan,0.0,4.63,4.63,1.0,277.8,4 m 38 s
154084,82077769,Leonid Latsepov,12965161709,Afternoon Run,nan,2024-11-22 12:58:43+00:00,3330,Run,"Mitte, Germany",0.0,4.4975786924939465,37.15,8.26,2229.0,37 m 9 s
154085,82077769,Leonid Latsepov,12965162980,Lunch Run,nan,2024-11-21 10:38:13+00:00,3937,Run,"Mitte, Germany",0.0,4.641076769690927,46.55,10.03,2793.0,46 m 33 s
151233,83372861,Kristian Uldbjerg Hansen,12965376728,Afternoon Ride,nan,2024-11-23 13:42:42+00:00,2401,Ride,nan,0.0,0.0,0.0,40.0,0.0,nan
151438,60508941,Boniface Kibiwott,12965435252,Morning Run,nan,2024-11-23 06:05:29+00:00,1774,Run,"Ville-la-Grand, France",0.0,4.597791798107256,29.15,6.34,1749.0,29 m 9 s
151524,60508941,Boniface Kibiwott,12965435252,Morning Run,nan,2024-11-23 06:05:29+00:00,1774,Run,"Ville-la-Grand, France",0.0,4.597791798107256,29.15,6.34,1749.0,29 m 9 s
151610,60508941,Boniface Kibiwott,12965435252,Morning Run,nan,2024-11-23 06:05:29+00:00,1774,Run,"Ville-la-Grand, France",0.0,4.597791798107256,29.15,6.34,1749.0,29 m 9 s
151436,60508941,Boniface Kibiwott,12965444427,Afternoon Run,nan,2024-11-23 13:15:01+00:00,2136,Run,"Saillon, Switzerland",0.0,3.2393084622383985,35.6,10.99,2136.0,35 m 36 s
151522,60508941,Boniface Kibiwott,12965444427,Afternoon Run,nan,2024-11-23 13:15:01+00:00,2136,Run,"Saillon, Switzerland",0.0,3.2393084622383985,35.6,10.99,2136.0,35 m 36 s
151608,60508941,Boniface Kibiwott,12965444427,Afternoon Run,nan,2024-11-23 13:15:01+00:00,2136,Run,"Saillon, Switzerland",0.0,3.2393084622383985,35.6,10.99,2136.0,35 m 36 s
151437,60508941,Boniface Kibiwott,12965444840,Afternoon Run,nan,2024-11-23 12:21:06+00:00,1244,Run,"Saillon, Switzerland",0.0,5.214470284237726,20.18,3.87,1210.8,20 m 11 s
151523,60508941,Boniface Kibiwott,12965444840,Afternoon Run,nan,2024-11-23 12:21:06+00:00,1244,Run,"Saillon, Switzerland",0.0,5.214470284237726,20.18,3.87,1210.8,20 m 11 s
151609,60508941,Boniface Kibiwott,12965444840,Afternoon Run,nan,2024-11-23 12:21:06+00:00,1244,Run,"Saillon, Switzerland",0.0,5.214470284237726,20.18,3.87,1210.8,20 m 11 s
151232,83372861,Kristian Uldbjerg Hansen,12965628564,Afternoon Weight Training,nan,2024-11-23 14:23:40+00:00,1843,WeightTraining,nan,0.0,0.0,0.0,30.0,0.0,nan
152965,69143721,Jonathan Grahn,12965778086,Afternoon Elliptical,nan,2024-11-23 14:19:29+00:00,3145,Elliptical,nan,0.0,0.0,0.0,52.0,0.0,123 bpm
151869,67065684,Hicham Ouladha,12966013076,Lunch Run,nan,2024-11-20 10:42:35+00:00,4034,Run,"Salé, Morocco",0.0,4.336399474375821,66.0,15.22,3960.0,1 h 6 m
151984,67065684,Hicham Ouladha,12966013076,Lunch Run,nan,2024-11-20 10:42:35+00:00,4034,Run,"Salé, Morocco",0.0,4.336399474375821,66.0,15.22,3960.0,1 h 6 m
151868,67065684,Hicham Ouladha,12966015515,Morning Run,nan,2024-11-21 09:56:02+00:00,3242,Run,"Ameur عامر, Morocco",0.0,4.5025,54.03,12.0,3241.8,54 m 2 s
151983,67065684,Hicham Ouladha,12966015515,Morning Run,nan,2024-11-21 09:56:02+00:00,3242,Run,"Ameur عامر, Morocco",0.0,4.5025,54.03,12.0,3241.8,54 m 2 s
151867,67065684,Hicham Ouladha,12966016718,Morning Run,nan,2024-11-23 09:00:45+00:00,1238,Run,"Salé, Morocco",0.0,5.1575,20.63,4.0,1237.8,20 m 38 s
151982,67065684,Hicham Ouladha,12966016718,Morning Run,nan,2024-11-23 09:00:45+00:00,1238,Run,"Salé, Morocco",0.0,5.1575,20.63,4.0,1237.8,20 m 38 s
151866,67065684,Hicham Ouladha,12966018894,Lunch Run,nan,2024-11-23 10:02:36+00:00,1893,Run,"Salé, Morocco",0.0,2.9348837209302325,31.55,10.75,1893.0,31 m 33 s
151981,67065684,Hicham Ouladha,12966018894,Lunch Run,nan,2024-11-23 10:02:36+00:00,1893,Run,"Salé, Morocco",0.0,2.9348837209302325,31.55,10.75,1893.0,31 m 33 s
152699,69562064,José Carlos Pinto,12966841538,Reconhecimento percurso,nan,2024-11-23 15:55:19+00:00,2024,Run,"Guimarães, Portugal",0.0,4.194756554307117,33.6,8.01,2016.0,33 m 36 s
152137,83232940,Molly Grabill,12966871592,Morning Run,nan,2024-11-22 16:09:13+00:00,4817,Run,"Boulder County, USA",0.0,4.77667493796526,77.0,16.12,4620.0,1 h 17 m
152178,83232940,Molly Grabill,12966871592,Morning Run,nan,2024-11-22 16:09:13+00:00,4817,Run,"Boulder County, USA",0.0,4.77667493796526,77.0,16.12,4620.0,1 h 17 m
153980,89025421,Ivan Siuris,12967077211,"4x8’/2’
3.30/4.37",nan,2024-11-23 17:00:23+00:00,4117,Run,nan,0.0,3.997648442092886,68.0,17.01,4080.0,1 h 8 m
153293,71517556,Mehdi Kadri,12967189868,Récup 10k,Ce matin 5x2000m récup 2’ De 6’10 à 5’55 Récup à 14km/h,2024-11-23 17:42:39+00:00,2995,Run,"Le Grand-Quevilly, France",0.0,4.984894259818732,49.5,9.93,2970.0,49 m 30 s
151700,79030752,Jack Salisbury,12967309691,Lunch Run,nan,2024-11-23 18:01:33+00:00,2687,Run,"Flagstaff, USA",0.0,4.507739938080496,43.68,9.69,2620.8,43 m 41 s
153668,78680893,Gracelyn Larkin,12967322847,Lunch Run,nan,2024-11-23 18:21:30+00:00,2250,Run,"Flagstaff, USA",0.0,4.818885448916409,31.13,6.46,1867.8,31 m 8 s
152136,83232940,Molly Grabill,12967484922,Morning Run,nan,2024-11-23 16:43:38+00:00,3846,Run,"Boulder County, USA",0.0,4.925925925925926,47.88,9.72,2872.8,47 m 53 s
152177,83232940,Molly Grabill,12967484922,Morning Run,nan,2024-11-23 16:43:38+00:00,3846,Run,"Boulder County, USA",0.0,4.925925925925926,47.88,9.72,2872.8,47 m 53 s
152135,83232940,Molly Grabill,12967484990,Morning Run,nan,2024-11-23 17:53:54+00:00,296,Run,"Boulder, USA",0.0,3.5096153846153846,3.65,1.04,219.0,3 m 39 s
152176,83232940,Molly Grabill,12967484990,Morning Run,nan,2024-11-23 17:53:54+00:00,296,Run,"Boulder, USA",0.0,3.5096153846153846,3.65,1.04,219.0,3 m 39 s
152134,83232940,Molly Grabill,12967485911,Morning Run,nan,2024-11-23 17:59:20+00:00,1040,Run,"Boulder, USA",0.0,3.4453280318091446,17.33,5.03,1039.8,17 m 20 s
152175,83232940,Molly Grabill,12967485911,Morning Run,nan,2024-11-23 17:59:20+00:00,1040,Run,"Boulder, USA",0.0,3.4453280318091446,17.33,5.03,1039.8,17 m 20 s
152133,83232940,Molly Grabill,12967486866,Lunch Run,nan,2024-11-23 18:27:00+00:00,1649,Run,"Boulder County, USA",0.0,4.8830188679245285,25.88,5.3,1552.8,25 m 53 s
152174,83232940,Molly Grabill,12967486866,Lunch Run,nan,2024-11-23 18:27:00+00:00,1649,Run,"Boulder County, USA",0.0,4.8830188679245285,25.88,5.3,1552.8,25 m 53 s
150811,63449551,Olivia Markezich,12967765392,Afternoon Ride,nan,2024-11-23 19:15:49+00:00,3602,Ride,nan,0.0,0.0,0.0,1.0,0.0,132 bpm
150880,63449551,Olivia Markezich,12967765392,Afternoon Ride,nan,2024-11-23 19:15:49+00:00,3602,Ride,nan,0.0,0.0,0.0,1.0,0.0,132 bpm
150949,63449551,Olivia Markezich,12967765392,Afternoon Ride,nan,2024-11-23 19:15:49+00:00,3602,Ride,nan,0.0,0.0,0.0,1.0,0.0,132 bpm
152505,91049781,Hanna Hermansson,12967776160,Morning Run,nan,2024-11-23 17:56:55+00:00,5092,Run,"Inyo County, USA",0.0,4.909881914232442,79.0,16.09,4740.0,1 h 19 m
153359,61783860,Shane Streich,12968281560,River Run,"Day flew by w/ some coffee and XC to start it off, an apartment tour, lift, and then some relaxation time. Now time to go see Gladiator 2 for a lil date night :)",2024-11-23 21:34:19+00:00,2853,Run,"Cobb County, USA",0.0,4.1378402107111505,47.13,11.39,2827.8,47 m 8 s
153470,61783860,Shane Streich,12968281560,River Run,"Day flew by w/ some coffee and XC to start it off, an apartment tour, lift, and then some relaxation time. Now time to go see Gladiator 2 for a lil date night :)",2024-11-23 21:34:19+00:00,2853,Run,"Cobb County, USA",0.0,4.1378402107111505,47.13,11.39,2827.8,47 m 8 s
153580,82013388,Logan Measner,12968341424,Afternoon Run,nan,2024-11-23 21:40:20+00:00,2339,Run,nan,0.0,3.925966850828729,35.53,9.05,2131.8,35 m 32 s
151699,79030752,Jack Salisbury,12968756988,Afternoon Run,nan,2024-11-23 23:23:23+00:00,2800,Run,"Flagstaff, USA",0.0,4.583247156153051,44.32,9.67,2659.2,44 m 19 s
152504,91049781,Hanna Hermansson,12969054959,Afternoon Weight Training,nan,2024-11-24 00:29:59+00:00,3319,WeightTraining,nan,0.0,0.0,0.0,55.0,0.0,276 Cal
152585,81785282,Nico Boketta,12969707489,Afternoon Run,nan,2024-11-22 14:46:25+00:00,2216,Run,"Tlokwe Local Municipality, RSA",0.0,4.55625,36.45,8.0,2187.0,36 m 27 s
152621,81785282,Nico Boketta,12969707489,Afternoon Run,nan,2024-11-22 14:46:25+00:00,2216,Run,"Tlokwe Local Municipality, RSA",0.0,4.55625,36.45,8.0,2187.0,36 m 27 s
152584,81785282,Nico Boketta,12969708101,Morning Run,nan,2024-11-23 08:29:15+00:00,2170,Run,"Tlokwe Local Municipality, RSA",0.0,4.51,36.08,8.0,2164.7999999999997,36 m 5 s
152620,81785282,Nico Boketta,12969708101,Morning Run,nan,2024-11-23 08:29:15+00:00,2170,Run,"Tlokwe Local Municipality, RSA",0.0,4.51,36.08,8.0,2164.7999999999997,36 m 5 s
152077,68238567,Takashi Soma,12969791489,午後のウォーク,nan,2024-11-24 05:11:26+00:00,6069,Run,"Nasushiobara, Japan",0.0,11.123348017621144,101.0,9.08,6060.0,1 h 41 m
152098,68238567,Takashi Soma,12969791489,午後のウォーク,nan,2024-11-24 05:11:26+00:00,6069,Run,"Nasushiobara, Japan",0.0,11.123348017621144,101.0,9.08,6060.0,1 h 41 m
153207,77830180,Keisuke Yokota,12970108475,Afternoon Run,nan,2024-11-24 08:01:52+00:00,1837,Run,"Asaka, Japan",0.0,4.543806646525679,30.08,6.62,1804.8,30 m 5 s
153209,77830180,Keisuke Yokota,12970108535,Afternoon Run,nan,2024-11-23 06:09:45+00:00,2452,Run,"Toda, Japan",0.0,4.128364389233955,39.88,9.66,2392.8,39 m 53 s
153208,77830180,Keisuke Yokota,12970155475,Afternoon Ride,nan,2024-11-23 06:52:31+00:00,1648,Ride,"Toda, Japan",0.0,4.218543046357616,25.48,6.04,1528.8,25 m 29 s
152837,87287379,Carson Williams,12970273668,Lunch Run,nan,2024-11-22 17:38:09+00:00,2222,Run,"Madison, USA",0.0,4.175373134328359,33.57,8.04,2014.2,33 m 34 s
152895,87287379,Carson Williams,12970273668,Lunch Run,nan,2024-11-22 17:38:09+00:00,2222,Run,"Madison, USA",0.0,4.175373134328359,33.57,8.04,2014.2,33 m 34 s
152836,87287379,Carson Williams,12970274537,Morning Run,nan,2024-11-23 12:13:46+00:00,616,Run,"Middleton, USA",0.0,4.682242990654205,10.02,2.14,601.1999999999999,10 m 1 s
152894,87287379,Carson Williams,12970274537,Morning Run,nan,2024-11-23 12:13:46+00:00,616,Run,"Middleton, USA",0.0,4.682242990654205,10.02,2.14,601.1999999999999,10 m 1 s
151231,83372861,Kristian Uldbjerg Hansen,12970656060,SLR🤝🏼,"God gruppe, forhold, ben - ja bare en 10/10 søndag med lads☁️",2024-11-24 07:27:37+00:00,6873,Run,"Emakhazeni Local Municipality, RSA",0.0,4.489471593166468,113.0,25.17,6780.0,1 h 53 m
151340,64360338,Hamza Sahli,12970843657,Morning Run,nan,2024-11-24 09:08:40+00:00,2395,Run,"Louviers, France",0.0,6.671691792294808,39.83,5.97,2389.7999999999997,39 m 50 s
151339,64360338,Hamza Sahli,12970843659,Morning Run,nan,2024-11-24 09:50:08+00:00,1687,Run,"Incarville, France",0.0,6.9261083743842375,28.12,4.06,1687.2,28 m 7 s
153979,89025421,Ivan Siuris,12972000419,Morning Run,nan,2024-11-24 06:40:34+00:00,4373,Run,"Chișinau, Moldova",0.0,4.5,72.0,16.0,4320.0,1 h 12 m
152242,60155357,Youssef Benzamia,12972001624,Lunch Run,nan,2024-11-24 10:23:55+00:00,1824,Run,"Nice, France",0.0,4.470938897168406,30.0,6.71,1800.0,30 m 0 s
152376,60155357,Youssef Benzamia,12972001624,Lunch Run,nan,2024-11-24 10:23:55+00:00,1824,Run,"Nice, France",0.0,4.470938897168406,30.0,6.71,1800.0,30 m 0 s
152241,60155357,Youssef Benzamia,12972001965,Lunch Run,nan,2024-11-24 11:08:19+00:00,15,Run,nan,0.0,2.7777777777777777,0.25,0.09,15.0,15 s
152375,60155357,Youssef Benzamia,12972001965,Lunch Run,nan,2024-11-24 11:08:19+00:00,15,Run,nan,0.0,2.7777777777777777,0.25,0.09,15.0,15 s
152239,60155357,Youssef Benzamia,12972002160,Lunch Run,nan,2024-11-24 11:14:28+00:00,15,Run,nan,0.0,2.7777777777777777,0.25,0.09,15.0,15 s
152373,60155357,Youssef Benzamia,12972002160,Lunch Run,nan,2024-11-24 11:14:28+00:00,15,Run,nan,0.0,2.7777777777777777,0.25,0.09,15.0,15 s
152240,60155357,Youssef Benzamia,12972003311,Lunch Run,nan,2024-11-24 11:09:14+00:00,14,Run,nan,0.0,2.555555555555556,0.23,0.09,13.8,14 s
152374,60155357,Youssef Benzamia,12972003311,Lunch Run,nan,2024-11-24 11:09:14+00:00,14,Run,nan,0.0,2.555555555555556,0.23,0.09,13.8,14 s
152238,60155357,Youssef Benzamia,12972003824,Lunch Run,nan,2024-11-24 11:16:52+00:00,1054,Run,"Nice, France",0.0,3.947103274559194,15.67,3.97,940.2,15 m 40 s
152372,60155357,Youssef Benzamia,12972003824,Lunch Run,nan,2024-11-24 11:16:52+00:00,1054,Run,"Nice, France",0.0,3.947103274559194,15.67,3.97,940.2,15 m 40 s
152964,69143721,Jonathan Grahn,12972012386,Lunch Run,nan,2024-11-24 10:53:49+00:00,4244,Run,"Mölndals kommun, Sweden",0.0,4.587813620071685,64.0,13.95,3840.0,1 h 4 m
152583,81785282,Nico Boketta,12972135183,Morning Run,nan,2024-11-24 06:42:07+00:00,5689,Run,"Tlokwe Local Municipality, RSA",0.0,4.586241276171486,92.0,20.06,5520.0,1 h 32 m
152619,81785282,Nico Boketta,12972135183,Morning Run,nan,2024-11-24 06:42:07+00:00,5689,Run,"Tlokwe Local Municipality, RSA",0.0,4.586241276171486,92.0,20.06,5520.0,1 h 32 m
153292,71517556,Mehdi Kadri,12972477740,12k actif,Alternance de 1000 en 3'30 et de 600m en 1'58,2024-11-24 09:40:20+00:00,2460,Run,"Rouen, France",0.0,3.492333901192504,41.0,11.74,2460.0,41 m 0 s
150810,63449551,Olivia Markezich,12974424430,Morning Ride,"3x10 mins w/ 2 min rest, 4x1 min hard, 1 min easy",2024-11-24 15:43:17+00:00,3601,Ride,nan,0.0,0.0,0.0,1.0,0.0,149 bpm
150879,63449551,Olivia Markezich,12974424430,Morning Ride,"3x10 mins w/ 2 min rest, 4x1 min hard, 1 min easy",2024-11-24 15:43:17+00:00,3601,Ride,nan,0.0,0.0,0.0,1.0,0.0,149 bpm
150948,63449551,Olivia Markezich,12974424430,Morning Ride,"3x10 mins w/ 2 min rest, 4x1 min hard, 1 min easy",2024-11-24 15:43:17+00:00,3601,Ride,nan,0.0,0.0,0.0,1.0,0.0,149 bpm
151865,67065684,Hicham Ouladha,12974571484,Lunch Run,nan,2024-11-24 10:15:04+00:00,4087,Run,"Ameur عامر, Morocco",0.0,4.4607190412782955,67.0,15.02,4020.0,1 h 7 m
151980,67065684,Hicham Ouladha,12974571484,Lunch Run,nan,2024-11-24 10:15:04+00:00,4087,Run,"Ameur عامر, Morocco",0.0,4.4607190412782955,67.0,15.02,4020.0,1 h 7 m
153358,61783860,Shane Streich,12974621085,Topping Off a Good Week,w/ Sean and Luc. Had a good time. Ready for next week.,2024-11-24 15:47:46+00:00,4892,Run,"Cobb County, USA",0.0,4.1807909604519775,74.0,17.7,4440.0,1 h 14 m
153469,61783860,Shane Streich,12974621085,Topping Off a Good Week,w/ Sean and Luc. Had a good time. Ready for next week.,2024-11-24 15:47:46+00:00,4892,Run,"Cobb County, USA",0.0,4.1807909604519775,74.0,17.7,4440.0,1 h 14 m
152963,69143721,Jonathan Grahn,12974890512,Evening Elliptical,nan,2024-11-24 17:09:14+00:00,593,Elliptical,nan,0.0,0.0,0.0,9.0,0.0,131 bpm
153667,78680893,Gracelyn Larkin,12974968006,Morning Run,nan,2024-11-24 15:47:05+00:00,7421,Run,"Rogers Lake County Natural Area, USA",0.0,4.4839582528024735,116.0,25.87,6960.0,1 h 56 m
152962,69143721,Jonathan Grahn,12975141811,Evening Elliptical,nan,2024-11-24 17:58:33+00:00,1966,Elliptical,nan,0.0,0.0,0.0,32.0,0.0,118 bpm
154079,82077769,Leonid Latsepov,12975178894,Afternoon Run,nan,2024-11-24 14:50:22+00:00,1375,Run,"Tilburg, Netherlands",0.0,6.386206896551724,18.52,2.9,1111.2,18 m 31 s
154080,82077769,Leonid Latsepov,12975179465,Afternoon Run,nan,2024-11-24 12:52:05+00:00,675,Run,"Tilburg, Netherlands",0.0,5.7397959183673475,11.25,1.96,675.0,11 m 15 s
154081,82077769,Leonid Latsepov,12975180236,Afternoon Run,nan,2024-11-24 12:00:02+00:00,1894,Run,"Tilburg, Netherlands",0.0,3.439344262295082,31.47,9.15,1888.2,31 m 28 s
154082,82077769,Leonid Latsepov,12975181148,Lunch Run,nan,2024-11-24 11:05:22+00:00,1268,Run,"Tilburg, Netherlands",0.0,5.089108910891089,15.42,3.03,925.2,15 m 25 s
154083,82077769,Leonid Latsepov,12975181812,Evening Run,nan,2024-11-23 17:11:46+00:00,2151,Run,"Tilburg, Netherlands",0.0,4.659468438538206,28.05,6.02,1683.0,28 m 3 s
153772,66783639,Duncan Perrillat,12975207019,Course à pied en soirée,nan,2024-11-23 17:48:18+00:00,2485,Run,"Saint-Martin-le-Vinoux, France",0.0,5.5040871934604905,40.4,7.34,2424.0,40 m 24 s
153773,66783639,Duncan Perrillat,12975207046,Course à pied le midi,nan,2024-11-23 11:16:26+00:00,4618,Run,"Grenoble, France",0.0,5.892700087950748,67.0,11.37,4020.0,1 h 7 m
153769,66783639,Duncan Perrillat,12975207110,Course à pied en soirée,nan,2024-11-24 18:35:02+00:00,334,Run,"Grenoble, France",0.0,4.583333333333334,5.5,1.2,330.0,5 m 30 s
153771,66783639,Duncan Perrillat,12975207422,Course à pied dans l'après-midi,nan,2024-11-24 16:44:50+00:00,275,Run,"Grenoble, France",0.0,4.58,4.58,1.0,274.8,4 m 35 s
153770,66783639,Duncan Perrillat,12975207522,Course à pied dans l'après-midi,nan,2024-11-24 16:51:26+00:00,6122,Run,"Grenoble, France",0.0,3.3666666666666667,101.0,30.0,6060.0,1 h 41 m
151698,79030752,Jack Salisbury,12975298330,🗣️🗣️ Aint  nobody dope as me,Im dressed so fresh and so clean (so fresh and so clean),2024-11-24 17:29:16+00:00,5042,Run,"Coconino National Forest, USA",0.0,4.237726098191215,82.0,19.35,4920.0,1 h 22 m
152503,91049781,Hanna Hermansson,12975391852,Morning Run,nan,2024-11-24 18:29:58+00:00,2839,Run,"Inyo County, USA",0.0,4.640786749482402,44.83,9.66,2689.7999999999997,44 m 50 s
150348,98279354,Marco Arop,12975779006,Lunch Run,127 Training Load -- from COROS,2024-11-24 19:36:48+00:00,2879,Run,"Park City, USA",0.0,4.098360655737705,45.0,10.98,2700.0,45 m 0 s
151812,61174400,Jack Higgins,12975784096,Afternoon Swim,nan,2024-11-24 18:59:42+00:00,1980,Swim,nan,0.0,0.0,0.0,1.0,0.0,1:29 /100m
153579,82013388,Logan Measner,12975958751,Afternoon Run,nan,2024-11-24 19:24:15+00:00,6185,Run,"Madison, USA",0.0,3.90499194847021,97.0,24.84,5820.0,1 h 37 m
152835,87287379,Carson Williams,12976280236,Afternoon Ride,nan,2024-11-24 20:57:38+00:00,4505,Ride,"Greenville County, USA",0.0,2.005083309799492,71.0,35.41,4260.0,1 h 11 m
152893,87287379,Carson Williams,12976280236,Afternoon Ride,nan,2024-11-24 20:57:38+00:00,4505,Ride,"Greenville County, USA",0.0,2.005083309799492,71.0,35.41,4260.0,1 h 11 m
152502,91049781,Hanna Hermansson,12976987466,Afternoon Run,nan,2024-11-25 01:27:49+00:00,1460,Run,nan,0.0,4.905241935483871,24.33,4.96,1459.8,24 m 20 s
151261,83372861,Kristian Uldbjerg Hansen,12977822181,Morning Run,Inkl drills og 5x50m hill sprints pre 🏋🏻‍♂️,2024-11-25 06:39:59+00:00,3854,Run,"Emakhazeni Local Municipality, RSA",0.0,4.75,47.88,10.08,2872.8,47 m 53 s
153304,71517556,Mehdi Kadri,12977912754,11k cool,nan,2024-11-25 07:09:34+00:00,3376,Run,"Le Grand-Quevilly, France",0.0,4.979052823315119,54.67,10.98,3280.2000000000003,54 m 40 s
151469,60508941,Boniface Kibiwott,12977954914,Morning Run,nan,2024-11-25 06:58:14+00:00,3158,Run,"Puplinge, Switzerland",0.0,3.2658385093167697,52.58,16.1,3154.7999999999997,52 m 35 s
151555,60508941,Boniface Kibiwott,12977954914,Morning Run,nan,2024-11-25 06:58:14+00:00,3158,Run,"Puplinge, Switzerland",0.0,3.2658385093167697,52.58,16.1,3154.7999999999997,52 m 35 s
151641,60508941,Boniface Kibiwott,12977954914,Morning Run,nan,2024-11-25 06:58:14+00:00,3158,Run,"Puplinge, Switzerland",0.0,3.2658385093167697,52.58,16.1,3154.7999999999997,52 m 35 s
151470,60508941,Boniface Kibiwott,12977954997,Morning Run,nan,2024-11-25 06:35:17+00:00,1010,Run,"Ville-la-Grand, France",0.0,4.165841584158415,16.83,4.04,1009.8,16 m 50 s
151556,60508941,Boniface Kibiwott,12977954997,Morning Run,nan,2024-11-25 06:35:17+00:00,1010,Run,"Ville-la-Grand, France",0.0,4.165841584158415,16.83,4.04,1009.8,16 m 50 s
151642,60508941,Boniface Kibiwott,12977954997,Morning Run,nan,2024-11-25 06:35:17+00:00,1010,Run,"Ville-la-Grand, France",0.0,4.165841584158415,16.83,4.04,1009.8,16 m 50 s
152593,81785282,Nico Boketta,12978199360,Morning Run,nan,2024-11-25 08:43:25+00:00,741,Run,"Tlokwe Local Municipality, RSA",0.0,3.0875,12.35,4.0,741.0,12 m 21 s
152629,81785282,Nico Boketta,12978199360,Morning Run,nan,2024-11-25 08:43:25+00:00,741,Run,"Tlokwe Local Municipality, RSA",0.0,3.0875,12.35,4.0,741.0,12 m 21 s
151260,83372861,Kristian Uldbjerg Hansen,12978231640,Morning Weight Training,nan,2024-11-25 07:55:57+00:00,3685,WeightTraining,nan,0.0,0.0,0.0,1.0,0.0,nan
153995,89025421,Ivan Siuris,12978859868,Lunch Run,nan,2024-11-25 10:22:11+00:00,3869,Run,"Chișinau, Moldova",0.0,4.480796586059744,63.0,14.06,3780.0,1 h 3 m
153226,77830180,Keisuke Yokota,12979507310,Afternoon Run,nan,2024-11-25 07:06:50+00:00,5219,Run,"Nerima, Japan",0.0,5.307262569832402,76.0,14.32,4560.0,1 h 16 m
153388,61783860,Shane Streich,12979928451,Pre Speed D,nan,2024-11-25 13:41:04+00:00,2208,Run,"Atlanta, USA",0.0,4.3383084577114435,34.88,8.04,2092.8,34 m 53 s
153499,61783860,Shane Streich,12979928451,Pre Speed D,nan,2024-11-25 13:41:04+00:00,2208,Run,"Atlanta, USA",0.0,4.3383084577114435,34.88,8.04,2092.8,34 m 53 s
152132,83232940,Molly Grabill,12979933838,Morning Run,nan,2024-11-24 16:14:32+00:00,6034,Run,"Boulder, USA",0.0,4.455909943714822,95.0,21.32,5700.0,1 h 35 m
152173,83232940,Molly Grabill,12979933838,Morning Run,nan,2024-11-24 16:14:32+00:00,6034,Run,"Boulder, USA",0.0,4.455909943714822,95.0,21.32,5700.0,1 h 35 m
152850,87287379,Carson Williams,12979937813,Morning Run,With Coach Cameron Ponder,2024-11-25 12:49:40+00:00,5009,Run,"Travelers Rest, USA",0.0,4.246504401864319,82.0,19.31,4920.0,1 h 22 m
152908,87287379,Carson Williams,12979937813,Morning Run,With Coach Cameron Ponder,2024-11-25 12:49:40+00:00,5009,Run,"Travelers Rest, USA",0.0,4.246504401864319,82.0,19.31,4920.0,1 h 22 m
152988,69143721,Jonathan Grahn,12980343608,WU sprint,nan,2024-11-25 15:08:57+00:00,1283,Run,"Göteborgs Stad, Sweden",0.0,4.842592592592593,20.92,4.32,1255.2,20 m 55 s
151259,83372861,Kristian Uldbjerg Hansen,12980418286,Afternoon Run,🚘loop,2024-11-25 14:38:29+00:00,3087,Run,"Emakhazeni Local Municipality, RSA",0.0,4.872476089266738,45.85,9.41,2751.0,45 m 51 s
152592,81785282,Nico Boketta,12980418751,Afternoon Run,nan,2024-11-25 14:30:38+00:00,2414,Run,"Tlokwe Local Municipality, RSA",0.0,5.02875,40.23,8.0,2413.7999999999997,40 m 14 s
152628,81785282,Nico Boketta,12980418751,Afternoon Run,nan,2024-11-25 14:30:38+00:00,2414,Run,"Tlokwe Local Municipality, RSA",0.0,5.02875,40.23,8.0,2413.7999999999997,40 m 14 s
153597,82013388,Logan Measner,12980818613,Morning Run,nan,2024-11-25 16:27:37+00:00,909,Run,nan,0.0,5.242214532871972,15.15,2.89,909.0,15 m 9 s
150826,63449551,Olivia Markezich,12981107560,Morning Run,nan,2024-11-25 16:49:04+00:00,2198,Run,"Boulder, USA",0.0,4.503105590062112,36.25,8.05,2175.0,36 m 15 s
150895,63449551,Olivia Markezich,12981107560,Morning Run,nan,2024-11-25 16:49:04+00:00,2198,Run,"Boulder, USA",0.0,4.503105590062112,36.25,8.05,2175.0,36 m 15 s
150964,63449551,Olivia Markezich,12981107560,Morning Run,nan,2024-11-25 16:49:04+00:00,2198,Run,"Boulder, USA",0.0,4.503105590062112,36.25,8.05,2175.0,36 m 15 s
153695,78680893,Gracelyn Larkin,12981388876,Morning Run,nan,2024-11-25 16:53:33+00:00,3855,Run,"Flagstaff, USA",0.0,4.643134212567882,59.85,12.89,3591.0,59 m 51 s
151817,61174400,Jack Higgins,12981446461,Lunch Swim,nan,2024-11-25 17:47:00+00:00,1497,Swim,nan,0.0,0.0,0.0,1.0,0.0,1:29 /100m
151818,61174400,Jack Higgins,12981506497,Morning Swim,nan,2024-11-25 15:12:53+00:00,3495,Swim,nan,0.0,0.0,0.0,1.0,0.0,1:22 /100m
153303,71517556,Mehdi Kadri,12981620615,8k avant muscu,nan,2024-11-25 17:24:14+00:00,2632,Run,"Le Petit-Quevilly, France",0.0,5.261875761266747,43.2,8.21,2592.0,43 m 12 s
152527,91049781,Hanna Hermansson,12981663208,Treadmill threshold,4x8’ off 90” 6:11 down to 5:49 pace with lactate 1.1 to 2.2. Finally under 6min/mile for lower end threshold work 🙄. Started out this training block so out of shape I wasn’t sure I’d ever see this day again 😅,2024-11-25 17:03:08+00:00,5712,Run,nan,0.0,4.4126786824114355,71.0,16.09,4260.0,1 h 11 m
151355,64360338,Hamza Sahli,12981850831,Evening Run,nan,2024-11-25 18:22:27+00:00,2416,Run,"Bordeaux, France",0.0,5.663853727144867,40.27,7.11,2416.2000000000003,40 m 16 s
153994,89025421,Ivan Siuris,12982233790,Evening Weight Training,nan,2024-11-25 18:55:40+00:00,3238,WeightTraining,nan,0.0,0.0,0.0,53.0,0.0,393 Cal
153157,64218328,Bobby Poynter,12982339413,Lunch Elliptical,nan,2024-11-25 19:00:33+00:00,3919,Elliptical,nan,0.0,0.0,0.0,1.0,0.0,131 bpm
154195,74338147,Erin Strzelecki,12982490215,Morning Run,nan,2024-11-23 14:27:16+00:00,974,Run,"Madison, USA",0.0,4.888135593220339,14.42,2.95,865.2,14 m 25 s
154194,74338147,Erin Strzelecki,12982490769,Morning Run,nan,2024-11-23 16:18:49+00:00,4465,Run,"Madison, USA",0.0,5.513636363636364,12.13,2.2,727.8000000000001,12 m 8 s
152697,69562064,José Carlos Pinto,12982499746,Corrida vespertina,nan,2024-11-24 13:32:56+00:00,613,Run,"Guimarães, Portugal",0.0,5.05,10.1,2.0,606.0,10 m 6 s
152698,69562064,José Carlos Pinto,12982501641,Corrida da hora do almoço,nan,2024-11-24 12:11:26+00:00,1131,Run,"Guimarães, Portugal",0.0,4.7125,18.85,4.0,1131.0,18 m 51 s
152743,69562064,José Carlos Pinto,12982501871,Corrida ao entardecer,nan,2024-11-25 18:15:34+00:00,2826,Run,"Oeiras, Portugal",0.0,3.9217318900915905,47.1,12.01,2826.0,47 m 6 s
151735,79030752,Jack Salisbury,12982845739,Morning Run,nan,2024-11-25 17:20:54+00:00,3683,Run,"Flagstaff, USA",0.0,4.5093023255813955,58.17,12.9,3490.2000000000003,58 m 10 s
153060,81506583,Victor Kimutai,12982990372,Afternoon Run,nan,2024-11-15 19:09:13+00:00,3401,Run,"Albemarle County, USA",0.0,4.61511728931364,53.12,11.51,3187.2,53 m 7 s
153073,81506583,Victor Kimutai,12982990372,Afternoon Run,nan,2024-11-15 19:09:13+00:00,3401,Run,"Albemarle County, USA",0.0,4.61511728931364,53.12,11.51,3187.2,53 m 7 s
153059,81506583,Victor Kimutai,12982991127,Afternoon Run,nan,2024-11-16 21:08:18+00:00,3302,Run,"Charlottesville, USA",0.0,4.706185567010309,45.65,9.7,2739.0,45 m 39 s
153072,81506583,Victor Kimutai,12982991127,Afternoon Run,nan,2024-11-16 21:08:18+00:00,3302,Run,"Charlottesville, USA",0.0,4.706185567010309,45.65,9.7,2739.0,45 m 39 s
154211,74338147,Erin Strzelecki,12983165979,Afternoon Run,nan,2024-11-25 20:50:11+00:00,5540,Run,"South Bend, USA",0.0,4.286520022560632,76.0,17.73,4560.0,1 h 16 m
150377,98279354,Marco Arop,12983317668,Afternoon Run,76 Training Load -- from COROS,2024-11-25 21:20:45+00:00,2191,Run,"South Snyderville Basin, USA",0.0,4.542288557213931,36.52,8.04,2191.2000000000003,36 m 31 s
153596,82013388,Logan Measner,12983413576,Afternoon Run,nan,2024-11-25 22:08:00+00:00,3318,Run,"Madison, USA",0.0,4.092216582064298,48.37,11.82,2902.2,48 m 22 s
153694,78680893,Gracelyn Larkin,12983664217,Afternoon Run,nan,2024-11-25 23:14:56+00:00,2133,Run,"Flagstaff, USA",0.0,4.725581395348837,30.48,6.45,1828.8,30 m 29 s
153065,81506583,Victor Kimutai,12983870591,Afternoon Run,nan,2024-11-25 20:43:11+00:00,3784,Run,"Albemarle County, USA",0.0,4.436056838365897,49.95,11.26,2997.0,49 m 57 s
153078,81506583,Victor Kimutai,12983870591,Afternoon Run,nan,2024-11-25 20:43:11+00:00,3784,Run,"Albemarle County, USA",0.0,4.436056838365897,49.95,11.26,2997.0,49 m 57 s
151734,79030752,Jack Salisbury,12983953693,Afternoon Run,nan,2024-11-25 23:39:12+00:00,4482,Run,"Flagstaff, USA",0.0,4.745657568238213,38.25,8.06,2295.0,38 m 15 s
150376,98279354,Marco Arop,12984124541,Afternoon Workout,nan,2024-11-25 22:33:24+00:00,4128,Workout,nan,0.0,0.0,0.0,1.0,0.0,nan
152987,69143721,Jonathan Grahn,12985343301,Morning Run,nan,2024-11-26 08:09:30+00:00,721,Run,"Mölndals kommun, Sweden",0.0,4.292857142857143,12.02,2.8,721.1999999999999,12 m 1 s
153225,77830180,Keisuke Yokota,12985531397,Morning Run,nan,2024-11-25 21:56:37+00:00,3766,Run,"Asaka, Japan",0.0,4.276550249465432,60.0,14.03,3600.0,1 h 0 m
153224,77830180,Keisuke Yokota,12985534740,Afternoon Run,nan,2024-11-26 07:49:44+00:00,4516,Run,"Asaka, Japan",0.0,4.375,70.0,16.0,4200.0,1 h 10 m
151465,60508941,Boniface Kibiwott,12985548147,Morning Run,nan,2024-11-26 06:08:42+00:00,3568,Run,"Ville-la-Grand, France",0.0,4.573322932917317,58.63,12.82,3517.8,58 m 38 s
151551,60508941,Boniface Kibiwott,12985548147,Morning Run,nan,2024-11-26 06:08:42+00:00,3568,Run,"Ville-la-Grand, France",0.0,4.573322932917317,58.63,12.82,3517.8,58 m 38 s
151637,60508941,Boniface Kibiwott,12985548147,Morning Run,nan,2024-11-26 06:08:42+00:00,3568,Run,"Ville-la-Grand, France",0.0,4.573322932917317,58.63,12.82,3517.8,58 m 38 s
151466,60508941,Boniface Kibiwott,12985548284,Afternoon Run,nan,2024-11-25 15:45:48+00:00,903,Run,"Presinge, Switzerland",0.0,5.000000000000001,15.05,3.01,903.0,15 m 3 s
151552,60508941,Boniface Kibiwott,12985548284,Afternoon Run,nan,2024-11-25 15:45:48+00:00,903,Run,"Presinge, Switzerland",0.0,5.000000000000001,15.05,3.01,903.0,15 m 3 s
151638,60508941,Boniface Kibiwott,12985548284,Afternoon Run,nan,2024-11-25 15:45:48+00:00,903,Run,"Presinge, Switzerland",0.0,5.000000000000001,15.05,3.01,903.0,15 m 3 s
151467,60508941,Boniface Kibiwott,12985548707,Afternoon Run,nan,2024-11-25 14:56:48+00:00,2373,Run,"Presinge, Switzerland",0.0,3.2617671345995047,39.5,12.11,2370.0,39 m 30 s
151553,60508941,Boniface Kibiwott,12985548707,Afternoon Run,nan,2024-11-25 14:56:48+00:00,2373,Run,"Presinge, Switzerland",0.0,3.2617671345995047,39.5,12.11,2370.0,39 m 30 s
151639,60508941,Boniface Kibiwott,12985548707,Afternoon Run,nan,2024-11-25 14:56:48+00:00,2373,Run,"Presinge, Switzerland",0.0,3.2617671345995047,39.5,12.11,2370.0,39 m 30 s
151468,60508941,Boniface Kibiwott,12985548808,Afternoon Run,nan,2024-11-25 14:34:59+00:00,1029,Run,"Ville-la-Grand, France",0.0,4.765395894428153,16.25,3.41,975.0,16 m 15 s
151554,60508941,Boniface Kibiwott,12985548808,Afternoon Run,nan,2024-11-25 14:34:59+00:00,1029,Run,"Ville-la-Grand, France",0.0,4.765395894428153,16.25,3.41,975.0,16 m 15 s
151640,60508941,Boniface Kibiwott,12985548808,Afternoon Run,nan,2024-11-25 14:34:59+00:00,1029,Run,"Ville-la-Grand, France",0.0,4.765395894428153,16.25,3.41,975.0,16 m 15 s
151258,83372861,Kristian Uldbjerg Hansen,12985586334,The Norwegian Method,6x5min/75s på en windy trout farm. 3.29 snit (1.8 | 2.2) Måske Sidelinjen ’s bedste episode til dato? Jacob Boutera er med som gæst og ekspert🇳🇴,2024-11-26 07:06:35+00:00,5589,Run,"Emakhazeni Local Municipality, RSA",0.0,4.330963154492566,67.0,15.47,4020.0,1 h 7 m
152986,69143721,Jonathan Grahn,12985711991,Morgontröskel,3x15min,2024-11-26 08:27:05+00:00,4400,Run,nan,0.0,3.418439716312057,53.02,15.51,3181.2000000000003,53 m 1 s
152985,69143721,Jonathan Grahn,12985890138,Lunch Run,nan,2024-11-26 10:06:21+00:00,693,Run,"Mölndals kommun, Sweden",0.0,4.4941634241245145,11.55,2.57,693.0,11 m 33 s
153789,66783639,Duncan Perrillat,12985971896,Course à pied du midi,nan,2024-11-26 09:27:44+00:00,3742,Run,"Saint-Martin-le-Vinoux, France",0.0,5.23156089193825,61.0,11.66,3660.0,1 h 1 m
153993,89025421,Ivan Siuris,12986150209,Hills reps 13x250m,nan,2024-11-26 09:39:38+00:00,4638,Run,"Chișinau, Moldova",0.0,4.521276595744681,68.0,15.04,4080.0,1 h 8 m
151354,64360338,Hamza Sahli,12986591932,Morning Walk,nan,2024-11-26 07:59:03+00:00,15017,Walk,"Ambarès-et-Lagrave, France",0.0,16.897506925207757,122.0,7.22,7320.0,2 h 2 m
153302,71517556,Mehdi Kadri,12986647328,5x6mn récup 1’15,De 3’25 à 3’10,2024-11-26 07:20:11+00:00,2139,Run,"Saint-Étienne-du-Rouvray, France",0.0,3.4930693069306935,35.28,10.1,2116.8,35 m 17 s
152742,69562064,José Carlos Pinto,12986875527,2km warmup,nan,2024-11-26 10:07:30+00:00,485,Run,"Oeiras, Portugal",0.0,4.04,8.08,2.0,484.8,8 m 5 s
152741,69562064,José Carlos Pinto,12986878238,Threshold 20x400 30”rc,nan,2024-11-26 10:48:45+00:00,1940,Run,"Oeiras, Portugal",0.0,3.5388026607538805,31.92,9.02,1915.2,31 m 55 s
152739,69562064,José Carlos Pinto,12986878652,Cooldown,nan,2024-11-26 11:28:03+00:00,518,Run,"Oeiras, Portugal",0.0,4.903409090909092,8.63,1.76,517.8000000000001,8 m 38 s
152740,69562064,José Carlos Pinto,12986879005,Ajudar a Cuca,nan,2024-11-26 11:37:42+00:00,51,Run,"Oeiras, Portugal",0.0,2.931034482758621,0.85,0.29,51.0,51 s
152849,87287379,Carson Williams,12987130597,Morning Run,nan,2024-11-26 12:49:00+00:00,2084,Run,"Travelers Rest, USA",0.0,4.267080745341615,34.35,8.05,2061.0,34 m 21 s
152907,87287379,Carson Williams,12987130597,Morning Run,nan,2024-11-26 12:49:00+00:00,2084,Run,"Travelers Rest, USA",0.0,4.267080745341615,34.35,8.05,2061.0,34 m 21 s
151882,67065684,Hicham Ouladha,12987615920,Morning Run,nan,2024-11-25 09:45:43+00:00,4006,Run,"Ben Slimane, Morocco",0.0,4.397068620919387,66.0,15.01,3960.0,1 h 6 m
151997,67065684,Hicham Ouladha,12987615920,Morning Run,nan,2024-11-25 09:45:43+00:00,4006,Run,"Ben Slimane, Morocco",0.0,4.397068620919387,66.0,15.01,3960.0,1 h 6 m
151881,67065684,Hicham Ouladha,12987617144,Afternoon Run,nan,2024-11-25 16:36:36+00:00,2993,Run,"Ben Slimane, Morocco",0.0,4.854563691073219,48.4,9.97,2904.0,48 m 24 s
151996,67065684,Hicham Ouladha,12987617144,Afternoon Run,nan,2024-11-25 16:36:36+00:00,2993,Run,"Ben Slimane, Morocco",0.0,4.854563691073219,48.4,9.97,2904.0,48 m 24 s
151880,67065684,Hicham Ouladha,12987618571,Morning Run,nan,2024-11-26 09:50:54+00:00,2906,Run,"Ben Slimane, Morocco",0.0,4.7502497502497505,47.55,10.01,2853.0,47 m 33 s
151995,67065684,Hicham Ouladha,12987618571,Morning Run,nan,2024-11-26 09:50:54+00:00,2906,Run,"Ben Slimane, Morocco",0.0,4.7502497502497505,47.55,10.01,2853.0,47 m 33 s
152150,83232940,Molly Grabill,12987913573,Morning Run,nan,2024-11-26 13:56:45+00:00,2320,Run,"Boulder County, USA",0.0,5.019402985074627,33.63,6.7,2017.8,33 m 38 s
152191,83232940,Molly Grabill,12987913573,Morning Run,nan,2024-11-26 13:56:45+00:00,2320,Run,"Boulder County, USA",0.0,5.019402985074627,33.63,6.7,2017.8,33 m 38 s
152149,83232940,Molly Grabill,12987914669,Morning Run,nan,2024-11-26 14:49:37+00:00,1394,Run,"Boulder, USA",0.0,3.803402646502836,20.12,5.29,1207.2,20 m 7 s
152190,83232940,Molly Grabill,12987914669,Morning Run,nan,2024-11-26 14:49:37+00:00,1394,Run,"Boulder, USA",0.0,3.803402646502836,20.12,5.29,1207.2,20 m 7 s
152591,81785282,Nico Boketta,12988101787,Morning Run,nan,2024-11-26 08:42:52+00:00,1846,Run,"Tlokwe Local Municipality, RSA",0.0,4.383259911894273,19.9,4.54,1194.0,19 m 54 s
152627,81785282,Nico Boketta,12988101787,Morning Run,nan,2024-11-26 08:42:52+00:00,1846,Run,"Tlokwe Local Municipality, RSA",0.0,4.383259911894273,19.9,4.54,1194.0,19 m 54 s
152590,81785282,Nico Boketta,12988102208,Lunch Run,nan,2024-11-26 09:33:41+00:00,290,Run,nan,0.0,150.0,3.0,0.02,180.0,3 m 0 s
152626,81785282,Nico Boketta,12988102208,Lunch Run,nan,2024-11-26 09:33:41+00:00,290,Run,nan,0.0,150.0,3.0,0.02,180.0,3 m 0 s
152148,83232940,Molly Grabill,12988121131,Morning Run,nan,2024-11-26 15:17:45+00:00,2926,Run,"Boulder, USA",0.0,5.138121546961326,37.2,7.24,2232.0,37 m 12 s
152189,83232940,Molly Grabill,12988121131,Morning Run,nan,2024-11-26 15:17:45+00:00,2926,Run,"Boulder, USA",0.0,5.138121546961326,37.2,7.24,2232.0,37 m 12 s
153693,78680893,Gracelyn Larkin,12988321313,Morning Run,nan,2024-11-26 16:11:29+00:00,918,Run,"Coconino County, USA",0.0,4.666666666666666,15.12,3.24,907.2,15 m 7 s
152984,69143721,Jonathan Grahn,12988341043,Afternoon Run,nan,2024-11-26 15:43:12+00:00,3332,Run,"Mölndals kommun, Sweden",0.0,4.3125,51.75,12.0,3105.0,51 m 45 s
151733,79030752,Jack Salisbury,12988564917,Morning Run,nan,2024-11-26 16:38:07+00:00,1391,Run,"Flagstaff, USA",0.0,4.535123966942149,21.95,4.84,1317.0,21 m 57 s
153064,81506583,Victor Kimutai,12988610510,Lunch Run,nan,2024-11-26 16:17:56+00:00,3289,Run,"Albemarle County, USA",0.0,4.488536155202822,50.9,11.34,3054.0,50 m 54 s
153077,81506583,Victor Kimutai,12988610510,Lunch Run,nan,2024-11-26 16:17:56+00:00,3289,Run,"Albemarle County, USA",0.0,4.488536155202822,50.9,11.34,3054.0,50 m 54 s
150825,63449551,Olivia Markezich,12988612106,Morning Run,nan,2024-11-26 15:44:10+00:00,4403,Run,"Lagerman Agricultural Preserve, USA",0.0,4.257907542579075,70.0,16.44,4200.0,1 h 10 m
150894,63449551,Olivia Markezich,12988612106,Morning Run,nan,2024-11-26 15:44:10+00:00,4403,Run,"Lagerman Agricultural Preserve, USA",0.0,4.257907542579075,70.0,16.44,4200.0,1 h 10 m
150963,63449551,Olivia Markezich,12988612106,Morning Run,nan,2024-11-26 15:44:10+00:00,4403,Run,"Lagerman Agricultural Preserve, USA",0.0,4.257907542579075,70.0,16.44,4200.0,1 h 10 m
151257,83372861,Kristian Uldbjerg Hansen,12988620445,Grasstrack 🤌🏻,"20x400m / 30s 73 avg (3.3 | 4.1) Utroligt hvad en uge kan gøre, langt bedre session. Hense er ankommet 🔝",2024-11-26 15:07:32+00:00,5277,Run,"Emakhazeni Local Municipality, RSA",0.0,4.183535762483131,62.0,14.82,3720.0,1 h 2 m
153692,78680893,Gracelyn Larkin,12988790487,Morning T,5x2k,2024-11-26 16:55:39+00:00,2503,Run,"Coconino County, USA",0.0,3.5375494071146245,35.8,10.12,2148.0,35 m 48 s
153691,78680893,Gracelyn Larkin,12988906870,Morning Run,nan,2024-11-26 17:39:03+00:00,932,Run,"Coconino County, USA",0.0,5.174418604651163,8.9,1.72,534.0,8 m 54 s
151732,79030752,Jack Salisbury,12988988438,Morning Run,nan,2024-11-26 17:31:09+00:00,1375,Run,"Flagstaff, USA",0.0,3.921985815602837,22.12,5.64,1327.2,22 m 7 s
152526,91049781,Hanna Hermansson,12989012282,Morning Run,nan,2024-11-26 17:21:11+00:00,2769,Run,"Los Angeles, USA",0.0,4.72680412371134,45.85,9.7,2751.0,45 m 51 s
153791,66783639,Duncan Perrillat,12989390127,Course à pied le midi,nan,2024-11-25 10:41:28+00:00,2863,Run,"Saint-Martin-le-Vinoux, France",0.0,5.577992744860944,46.13,8.27,2767.8,46 m 8 s
153790,66783639,Duncan Perrillat,12989390217,Course à pied dans l'après-midi,nan,2024-11-25 16:30:56+00:00,4086,Run,"Grenoble, France",0.0,4.891485809682805,58.6,11.98,3516.0,58 m 36 s
153788,66783639,Duncan Perrillat,12989390281,6*2km,nan,2024-11-26 16:31:40+00:00,6418,Run,"Grenoble, France",0.0,3.695652173913043,85.0,23.0,5100.0,1 h 25 m
151353,64360338,Hamza Sahli,12989419440,Evening Swim,nan,2024-11-26 18:09:18+00:00,2167,Swim,nan,0.0,0.0,0.0,36.0,0.0,149 bpm
151352,64360338,Hamza Sahli,12989439322,Natation le soir,nan,2024-11-26 18:23:56+00:00,1975,Swim,nan,0.0,0.0,0.0,1.0,0.0,2:11 /100m
152738,69562064,José Carlos Pinto,12989878725,3km warmup,nan,2024-11-26 18:08:36+00:00,823,Run,"Oeiras, Portugal",0.0,4.573333333333333,13.72,3.0,823.2,13 m 43 s
152737,69562064,José Carlos Pinto,12989881173,Threshold 5x1600 1’rc,Avg 4:41,2024-11-26 18:47:23+00:00,1649,Run,"Oeiras, Portugal",0.0,3.2190132370637783,26.75,8.31,1605.0,26 m 45 s
152736,69562064,José Carlos Pinto,12989881810,2km cooldown,nan,2024-11-26 19:23:09+00:00,638,Run,"Oeiras, Portugal",0.0,5.315,10.63,2.0,637.8000000000001,10 m 38 s
153387,61783860,Shane Streich,12990340396,Warm Up,Post team pics,2024-11-26 14:32:43+00:00,1273,Run,"Atlanta, USA",0.0,4.370860927152318,19.8,4.53,1188.0,19 m 48 s
153498,61783860,Shane Streich,12990340396,Warm Up,Post team pics,2024-11-26 14:32:43+00:00,1273,Run,"Atlanta, USA",0.0,4.370860927152318,19.8,4.53,1188.0,19 m 48 s
153385,61783860,Shane Streich,12990341949,Post TT Workout,"3x (4x400s) Set 1: 80/74/77/77 Set 2: 76/75/76/76 Set 3: 74/74/74/74 RC 30” w/in, 90” b/w Chillin with the gents",2024-11-26 15:52:51+00:00,2755,Run,"Atlanta, USA",0.0,4.461883408071749,29.85,6.69,1791.0,29 m 51 s
153496,61783860,Shane Streich,12990341949,Post TT Workout,"3x (4x400s) Set 1: 80/74/77/77 Set 2: 76/75/76/76 Set 3: 74/74/74/74 RC 30” w/in, 90” b/w Chillin with the gents",2024-11-26 15:52:51+00:00,2755,Run,"Atlanta, USA",0.0,4.461883408071749,29.85,6.69,1791.0,29 m 51 s
153384,61783860,Shane Streich,12990343416,Cool Down,💆🏻‍♂️,2024-11-26 16:51:49+00:00,846,Run,"Atlanta, USA",0.0,4.285714285714286,14.1,3.29,846.0,14 m 6 s
153495,61783860,Shane Streich,12990343416,Cool Down,💆🏻‍♂️,2024-11-26 16:51:49+00:00,846,Run,"Atlanta, USA",0.0,4.285714285714286,14.1,3.29,846.0,14 m 6 s
153386,61783860,Shane Streich,12990420578,1000m Time Trial,"2:22.4 Appx. Splits… 26 mid/56 low/1:26 low/1:55 low/2:22.4 Fun little time trial with Sean and Rob to get a stimulus. S/O Eion Nohilly for the pacing duties, got us rolling early. Felt alright for it being November, just stayed connected and kicked hard the last 100m. Good day🫡",2024-11-26 15:30:00+00:00,142,Run,nan,0.0,2.37,2.37,1.0,142.20000000000002,2 m 22 s
153497,61783860,Shane Streich,12990420578,1000m Time Trial,"2:22.4 Appx. Splits… 26 mid/56 low/1:26 low/1:55 low/2:22.4 Fun little time trial with Sean and Rob to get a stimulus. S/O Eion Nohilly for the pacing duties, got us rolling early. Felt alright for it being November, just stayed connected and kicked hard the last 100m. Good day🫡",2024-11-26 15:30:00+00:00,142,Run,nan,0.0,2.37,2.37,1.0,142.20000000000002,2 m 22 s
153595,82013388,Logan Measner,12990455890,Afternoon Run,nan,2024-11-26 19:02:23+00:00,6343,Run,"Madison, USA",0.0,4.610808130887456,93.0,20.17,5580.0,1 h 33 m
154210,74338147,Erin Strzelecki,12990864184,Afternoon Run,nan,2024-11-26 21:47:36+00:00,1608,Run,"Allen County, USA",0.0,4.023255813953488,25.95,6.45,1557.0,25 m 57 s
153156,64218328,Bobby Poynter,12991044756,Afternoon Run,nan,2024-11-26 22:37:40+00:00,720,Run,nan,0.0,4.83402489626556,11.65,2.41,699.0,11 m 39 s
153690,78680893,Gracelyn Larkin,12991096318,Afternoon Run,nan,2024-11-26 22:41:23+00:00,971,Run,"Flagstaff, USA",0.0,4.7433628318584065,16.08,3.39,964.8,16 m 5 s
153155,64218328,Bobby Poynter,12991391877,Afternoon Ride,nan,2024-11-26 22:53:54+00:00,523,Ride,nan,0.0,0.0,0.0,8.0,0.0,137 bpm
153154,64218328,Bobby Poynter,12991392179,Afternoon Ride,nan,2024-11-26 23:18:43+00:00,2178,Ride,nan,0.0,0.0,0.0,36.0,0.0,164 bpm
153688,78680893,Gracelyn Larkin,12991398327,Afternoon T,3x(5x400) 100 jog between 4s,2024-11-26 23:20:01+00:00,2072,Run,"Flagstaff, USA",0.0,3.833943833943834,31.4,8.19,1884.0,31 m 24 s
153153,64218328,Bobby Poynter,12991495072,Afternoon Run,nan,2024-11-27 00:02:55+00:00,577,Run,nan,0.0,4.715686274509803,9.62,2.04,577.1999999999999,9 m 37 s
153689,78680893,Gracelyn Larkin,12991501381,Afternoon Run,nan,2024-11-27 00:02:19+00:00,507,Run,"Flagstaff, USA",0.0,5.216049382716049,8.45,1.62,506.99999999999994,8 m 27 s
150373,98279354,Marco Arop,12991616967,Lunch Run,2 Training Load -- from COROS,2024-11-26 19:53:30+00:00,154,Run,nan,0.0,6.2682926829268295,2.57,0.41,154.2,2 m 34 s
150372,98279354,Marco Arop,12991616999,Lunch Run,26 Training Load -- from COROS,2024-11-26 19:57:51+00:00,3936,Run,nan,0.0,12.162162162162163,63.0,5.18,3780.0,1 h 3 m
150371,98279354,Marco Arop,12991617046,Afternoon Run,5 Training Load -- from COROS,2024-11-26 21:10:27+00:00,317,Run,nan,0.0,6.361445783132531,5.28,0.83,316.8,5 m 17 s
150374,98279354,Marco Arop,12991617048,Lunch Workout,nan,2024-11-26 19:03:52+00:00,1872,Workout,nan,0.0,0.0,0.0,31.0,0.0,nan
150375,98279354,Marco Arop,12991617503,Lunch Run,18 Training Load -- from COROS,2024-11-26 18:31:52+00:00,1309,Run,nan,0.0,6.48036253776435,21.45,3.31,1287.0,21 m 27 s
153152,64218328,Bobby Poynter,12991634933,Afternoon Ride,nan,2024-11-27 00:15:37+00:00,600,Ride,nan,0.0,0.0,0.0,10.0,0.0,135 bpm
150370,98279354,Marco Arop,12991895092,Afternoon Weight Training,nan,2024-11-27 00:53:15+00:00,3445,WeightTraining,nan,0.0,0.0,0.0,57.0,0.0,nan
151731,79030752,Jack Salisbury,12991981976,Evening Workout,nan,2024-11-27 01:07:05+00:00,3975,Workout,nan,0.0,0.0,0.0,1.0,0.0,844 Cal
151816,61174400,Jack Higgins,12992257039,45 on Bike,nan,2024-11-27 03:26:10+00:00,2711,Ride,nan,0.0,1.847097301717089,45.18,24.46,2710.8,45 m 11 s
153383,61783860,Shane Streich,12992343241,Double,Motivation was low but got it done,2024-11-26 22:37:24+00:00,1485,Run,"Cobb County, USA",0.0,4.979253112033195,24.0,4.82,1440.0,24 m 0 s
153494,61783860,Shane Streich,12992343241,Double,Motivation was low but got it done,2024-11-26 22:37:24+00:00,1485,Run,"Cobb County, USA",0.0,4.979253112033195,24.0,4.82,1440.0,24 m 0 s
151256,83372861,Kristian Uldbjerg Hansen,12993102999,Morning Run,nan,2024-11-27 07:20:11+00:00,4393,Run,"Emakhazeni Local Municipality, RSA",0.0,4.697986577181208,70.0,14.9,4200.0,1 h 10 m
153223,77830180,Keisuke Yokota,12993236088,Afternoon Run,nan,2024-11-27 07:20:58+00:00,6359,Run,"Asaka, Japan",0.0,4.17511147142278,103.0,24.67,6180.0,1 h 43 m
153992,89025421,Ivan Siuris,12993831494,Lunch Run,nan,2024-11-27 09:42:29+00:00,4928,Run,"Chișinau, Moldova",0.0,4.613466334164589,74.0,16.04,4440.0,1 h 14 m
153301,71517556,Mehdi Kadri,12993942066,10k récup,nan,2024-11-26 17:38:39+00:00,2999,Run,"Le Grand-Quevilly, France",0.0,4.9720207253886,47.98,9.65,2878.7999999999997,47 m 59 s
153300,71517556,Mehdi Kadri,12993944665,1k actif // 8x150 + 10x100m côtes // 1k rapide,Peut être un peu trop rapide le dernier kilo,2024-11-27 10:14:27+00:00,4313,Run,"Le Grand-Quevilly, France",0.0,4.384816753926701,67.0,15.28,4020.0,1 h 7 m
151461,60508941,Boniface Kibiwott,12993975741,Morning Run,nan,2024-11-27 08:16:00+00:00,1028,Run,"Thônex, Switzerland",0.0,6.124497991967871,15.25,2.49,915.0,15 m 15 s
151547,60508941,Boniface Kibiwott,12993975741,Morning Run,nan,2024-11-27 08:16:00+00:00,1028,Run,"Thônex, Switzerland",0.0,6.124497991967871,15.25,2.49,915.0,15 m 15 s
151633,60508941,Boniface Kibiwott,12993975741,Morning Run,nan,2024-11-27 08:16:00+00:00,1028,Run,"Thônex, Switzerland",0.0,6.124497991967871,15.25,2.49,915.0,15 m 15 s
151462,60508941,Boniface Kibiwott,12993975985,Morning Run,nan,2024-11-27 07:30:57+00:00,368,Run,"Thônex, Switzerland",0.0,2.931372549019608,5.98,2.04,358.8,5 m 59 s
151548,60508941,Boniface Kibiwott,12993975985,Morning Run,nan,2024-11-27 07:30:57+00:00,368,Run,"Thônex, Switzerland",0.0,2.931372549019608,5.98,2.04,358.8,5 m 59 s
151634,60508941,Boniface Kibiwott,12993975985,Morning Run,nan,2024-11-27 07:30:57+00:00,368,Run,"Thônex, Switzerland",0.0,2.931372549019608,5.98,2.04,358.8,5 m 59 s
151463,60508941,Boniface Kibiwott,12993976051,Morning Run,nan,2024-11-27 07:12:16+00:00,980,Run,"Puplinge, Switzerland",0.0,3.3443983402489628,16.12,4.82,967.2,16 m 7 s
151549,60508941,Boniface Kibiwott,12993976051,Morning Run,nan,2024-11-27 07:12:16+00:00,980,Run,"Puplinge, Switzerland",0.0,3.3443983402489628,16.12,4.82,967.2,16 m 7 s
151635,60508941,Boniface Kibiwott,12993976051,Morning Run,nan,2024-11-27 07:12:16+00:00,980,Run,"Puplinge, Switzerland",0.0,3.3443983402489628,16.12,4.82,967.2,16 m 7 s
151464,60508941,Boniface Kibiwott,12993976088,Morning Run,nan,2024-11-27 06:46:32+00:00,1040,Run,"Thônex, Switzerland",0.0,3.776523702031603,16.73,4.43,1003.8,16 m 44 s
151550,60508941,Boniface Kibiwott,12993976088,Morning Run,nan,2024-11-27 06:46:32+00:00,1040,Run,"Thônex, Switzerland",0.0,3.776523702031603,16.73,4.43,1003.8,16 m 44 s
151636,60508941,Boniface Kibiwott,12993976088,Morning Run,nan,2024-11-27 06:46:32+00:00,1040,Run,"Thônex, Switzerland",0.0,3.776523702031603,16.73,4.43,1003.8,16 m 44 s
154108,82077769,Leonid Latsepov,12994052567,Night Run,nan,2024-11-27 09:29:56+00:00,2773,Run,nan,0.0,4.829676071055381,46.22,9.57,2773.2,46 m 13 s
154109,82077769,Leonid Latsepov,12994053257,Night Run,nan,2024-11-27 09:06:08+00:00,950,Run,nan,0.0,5.458620689655173,15.83,2.9,949.8,15 m 50 s
154078,82077769,Leonid Latsepov,12994055981,Morning Run,nan,2024-11-25 06:12:12+00:00,2983,Run,"Tilburg, Netherlands",0.0,4.725759059745347,48.25,10.21,2895.0,48 m 15 s
151351,64360338,Hamza Sahli,12994146872,Morning Walk,nan,2024-11-27 07:56:47+00:00,14797,Walk,"Saint-Sulpice-et-Cameyrac, France",0.0,16.356877323420075,132.0,8.07,7920.0,2 h 12 m
153382,61783860,Shane Streich,12995328327,Heat Training,…is not fun😵‍💫,2024-11-27 14:05:28+00:00,4277,Run,"Cobb County, USA",0.0,4.2678923177938275,65.0,15.23,3900.0,1 h 5 m
153493,61783860,Shane Streich,12995328327,Heat Training,…is not fun😵‍💫,2024-11-27 14:05:28+00:00,4277,Run,"Cobb County, USA",0.0,4.2678923177938275,65.0,15.23,3900.0,1 h 5 m
151255,83372861,Kristian Uldbjerg Hansen,12995644764,Afternoon Run,nan,2024-11-27 14:44:39+00:00,1649,Run,"Emakhazeni Local Municipality, RSA",0.0,4.740942028985508,26.17,5.52,1570.2,26 m 10 s
151254,83372861,Kristian Uldbjerg Hansen,12995645289,Afternoon Weight Training,nan,2024-11-27 15:14:46+00:00,3018,WeightTraining,nan,0.0,0.0,0.0,50.0,0.0,nan
151460,60508941,Boniface Kibiwott,12995781027,Afternoon Run,nan,2024-11-27 14:36:42+00:00,2993,Run,"Ville-la-Grand, France",0.0,5.192513368983957,48.55,9.35,2913.0,48 m 33 s
151546,60508941,Boniface Kibiwott,12995781027,Afternoon Run,nan,2024-11-27 14:36:42+00:00,2993,Run,"Ville-la-Grand, France",0.0,5.192513368983957,48.55,9.35,2913.0,48 m 33 s
151632,60508941,Boniface Kibiwott,12995781027,Afternoon Run,nan,2024-11-27 14:36:42+00:00,2993,Run,"Ville-la-Grand, France",0.0,5.192513368983957,48.55,9.35,2913.0,48 m 33 s
153787,66783639,Duncan Perrillat,12995802932,Course à pied le midi,nan,2024-11-27 10:26:18+00:00,3264,Run,"Saint-Martin-le-Vinoux, France",0.0,5.332335329341317,53.43,10.02,3205.8,53 m 26 s
153687,78680893,Gracelyn Larkin,12996080884,Morning Run,nan,2024-11-27 15:41:08+00:00,4930,Run,"Flagstaff, USA",0.0,4.655493482309125,75.0,16.11,4500.0,1 h 15 m
153786,66783639,Duncan Perrillat,12996347591,Course à pied dans l'après-midi,nan,2024-11-27 16:40:59+00:00,3923,Run,"Saint-Martin-d'Hères, France",0.0,3.764705882352941,64.0,17.0,3840.0,1 h 4 m
153991,89025421,Ivan Siuris,12996815651,Evening Run,nan,2024-11-27 18:08:11+00:00,2171,Run,nan,0.0,4.5225,36.18,8.0,2170.8,36 m 11 s
152525,91049781,Hanna Hermansson,12996833115,Morning Run,nan,2024-11-27 17:49:30+00:00,3419,Run,"Los Angeles, USA",0.0,4.6248715313463515,45.0,9.73,2700.0,45 m 0 s
150824,63449551,Olivia Markezich,12997026700,Lunch Run,nan,2024-11-27 18:17:43+00:00,3198,Run,"Bellevue, USA",0.0,4.440993788819876,50.05,11.27,3003.0,50 m 3 s
150893,63449551,Olivia Markezich,12997026700,Lunch Run,nan,2024-11-27 18:17:43+00:00,3198,Run,"Bellevue, USA",0.0,4.440993788819876,50.05,11.27,3003.0,50 m 3 s
150962,63449551,Olivia Markezich,12997026700,Lunch Run,nan,2024-11-27 18:17:43+00:00,3198,Run,"Bellevue, USA",0.0,4.440993788819876,50.05,11.27,3003.0,50 m 3 s
153151,64218328,Bobby Poynter,12997127666,Lunch Run,nan,2024-11-27 19:11:02+00:00,755,Run,nan,0.0,4.875968992248062,12.58,2.58,754.8,12 m 35 s
151730,79030752,Jack Salisbury,12997132126,"75 min, 137 avg hr",aquajogging with some bathroom breaks,2024-11-27 17:53:38+00:00,5340,Workout,nan,0.0,0.0,0.0,1.0,0.0,730 Cal
153594,82013388,Logan Measner,12997267484,Lunch Run,nan,2024-11-27 18:28:50+00:00,3939,Run,"Madison, USA",0.0,4.02975821450713,65.0,16.13,3900.0,1 h 5 m
152265,60155357,Youssef Benzamia,12997324009,Evening Run,nan,2024-11-27 18:47:25+00:00,1581,Run,nan,0.0,5.016,25.08,5.0,1504.8,25 m 5 s
152399,60155357,Youssef Benzamia,12997324009,Evening Run,nan,2024-11-27 18:47:25+00:00,1581,Run,nan,0.0,5.016,25.08,5.0,1504.8,25 m 5 s
153150,64218328,Bobby Poynter,12997402633,Lunch Elliptical,nan,2024-11-27 19:26:12+00:00,2031,Elliptical,nan,0.0,0.0,0.0,33.0,0.0,140 bpm
151350,64360338,Hamza Sahli,12997417435,Evening Run,nan,2024-11-27 19:03:35+00:00,3507,Run,"Bordeaux, France",0.0,5.782522343594835,58.23,10.07,3493.7999999999997,58 m 14 s
150823,63449551,Olivia Markezich,12997428353,Lunch Run,NM drills + 1 mi cool down,2024-11-27 19:55:52+00:00,457,Run,"Medina, USA",0.0,4.732919254658385,7.62,1.61,457.2,7 m 37 s
150892,63449551,Olivia Markezich,12997428353,Lunch Run,NM drills + 1 mi cool down,2024-11-27 19:55:52+00:00,457,Run,"Medina, USA",0.0,4.732919254658385,7.62,1.61,457.2,7 m 37 s
150961,63449551,Olivia Markezich,12997428353,Lunch Run,NM drills + 1 mi cool down,2024-11-27 19:55:52+00:00,457,Run,"Medina, USA",0.0,4.732919254658385,7.62,1.61,457.2,7 m 37 s
154209,74338147,Erin Strzelecki,12998112883,Afternoon Run,nan,2024-11-27 21:08:51+00:00,2897,Run,nan,0.0,4.6328852119958635,44.8,9.67,2688.0,44 m 48 s
150822,63449551,Olivia Markezich,12999046536,Afternoon Ride,xt double,2024-11-28 00:55:00+00:00,2084,Ride,"Medina, USA",0.0,2.613343442001516,34.47,13.19,2068.2,34 m 28 s
150891,63449551,Olivia Markezich,12999046536,Afternoon Ride,xt double,2024-11-28 00:55:00+00:00,2084,Ride,"Medina, USA",0.0,2.613343442001516,34.47,13.19,2068.2,34 m 28 s
150960,63449551,Olivia Markezich,12999046536,Afternoon Ride,xt double,2024-11-28 00:55:00+00:00,2084,Ride,"Medina, USA",0.0,2.613343442001516,34.47,13.19,2068.2,34 m 28 s
151729,79030752,Jack Salisbury,12999186077,30 min bike,quick switch into 15 min elliptical,2024-11-28 01:24:21+00:00,2898,Workout,nan,0.0,0.0,0.0,48.0,0.0,516 Cal
153149,64218328,Bobby Poynter,12999250935,Afternoon Elliptical,nan,2024-11-28 01:59:17+00:00,2881,Elliptical,nan,0.0,0.0,0.0,48.0,0.0,139 bpm
152848,87287379,Carson Williams,12999488076,Afternoon Run,nan,2024-11-27 22:13:40+00:00,1706,Run,"Warren County, USA",0.0,4.4145962732919255,28.43,6.44,1705.8,28 m 26 s
152906,87287379,Carson Williams,12999488076,Afternoon Run,nan,2024-11-27 22:13:40+00:00,1706,Run,"Warren County, USA",0.0,4.4145962732919255,28.43,6.44,1705.8,28 m 26 s
151459,60508941,Boniface Kibiwott,13000222196,Morning Run,nan,2024-11-28 06:41:11+00:00,3392,Run,"Ville-la-Grand, France",0.0,4.262757044935262,55.97,13.13,3358.2,55 m 58 s
151545,60508941,Boniface Kibiwott,13000222196,Morning Run,nan,2024-11-28 06:41:11+00:00,3392,Run,"Ville-la-Grand, France",0.0,4.262757044935262,55.97,13.13,3358.2,55 m 58 s
151631,60508941,Boniface Kibiwott,13000222196,Morning Run,nan,2024-11-28 06:41:11+00:00,3392,Run,"Ville-la-Grand, France",0.0,4.262757044935262,55.97,13.13,3358.2,55 m 58 s
151253,83372861,Kristian Uldbjerg Hansen,13000370661,Morning Run🌫️,4x8min / 2min 3:29/30(2.4)/29/30(2.4) Another one in the 99’s 🚫Carbon,2024-11-28 07:05:12+00:00,5366,Run,"Emakhazeni Local Municipality, RSA",0.0,4.280397022332506,69.0,16.12,4140.0,1 h 9 m
152735,69562064,José Carlos Pinto,13001386569,Corrida matinal,nan,2024-11-27 10:12:07+00:00,2804,Run,"Oeiras, Portugal",0.0,3.8941666666666666,46.73,12.0,2803.7999999999997,46 m 44 s
152734,69562064,José Carlos Pinto,13001387995,Corrida ao entardecer,nan,2024-11-27 18:06:45+00:00,2658,Run,"Oeiras, Portugal",0.0,4.43,44.3,10.0,2658.0,44 m 18 s
152733,69562064,José Carlos Pinto,13001388635,4km warmup,nan,2024-11-28 09:55:49+00:00,1020,Run,"Oeiras, Portugal",0.0,4.239401496259352,17.0,4.01,1020.0,17 m 0 s
152732,69562064,José Carlos Pinto,13001390986,6x1000 3’rc,Avg 2:37 Last 2:30 (didn’t stop watch in time),2024-11-28 11:17:50+00:00,1899,Run,"Oeiras, Portugal",0.0,3.7367088607594936,29.52,7.9,1771.2,29 m 31 s
152731,69562064,José Carlos Pinto,13001391409,Volta de bicicleta à hora do almoço,nan,2024-11-28 12:02:50+00:00,619,Ride,"Oeiras, Portugal",0.0,16.57894736842105,3.15,0.19,189.0,3 m 9 s
152524,91049781,Hanna Hermansson,13002768957,Morning Run,nan,2024-11-28 14:13:39+00:00,2297,Run,"Dana Point, USA",0.0,4.574999999999999,16.47,3.6,988.2,16 m 28 s
152523,91049781,Hanna Hermansson,13002771329,Dana point TT,I’m gonna go by my gps watch and call this a sub 35min 10k pr 😆,2024-11-28 15:00:25+00:00,2113,Run,"Dana Point, USA",0.0,3.4768015794669296,35.22,10.13,2113.2,35 m 13 s
152847,87287379,Carson Williams,13002824148,Morning Run,"Spotty gps, solid effort",2024-11-28 14:18:23+00:00,4974,Run,"Warren County, USA",0.0,3.95738203957382,78.0,19.71,4680.0,1 h 18 m
152905,87287379,Carson Williams,13002824148,Morning Run,"Spotty gps, solid effort",2024-11-28 14:18:23+00:00,4974,Run,"Warren County, USA",0.0,3.95738203957382,78.0,19.71,4680.0,1 h 18 m
153593,82013388,Logan Measner,13002930601,Morning Run,nan,2024-11-28 15:06:48+00:00,1571,Run,"West Bend, USA",0.0,3.809663250366032,26.02,6.83,1561.2,26 m 1 s
151879,67065684,Hicham Ouladha,13002959273,Morning Run,nan,2024-11-28 09:34:25+00:00,1103,Run,"Ameur عامر, Morocco",0.0,4.5721393034825875,18.38,4.02,1102.8,18 m 23 s
151994,67065684,Hicham Ouladha,13002959273,Morning Run,nan,2024-11-28 09:34:25+00:00,1103,Run,"Ameur عامر, Morocco",0.0,4.5721393034825875,18.38,4.02,1102.8,18 m 23 s
151878,67065684,Hicham Ouladha,13002962584,Morning Run,nan,2024-11-28 09:57:35+00:00,2342,Run,"Bouknadel, Morocco",0.0,3.724236641221374,39.03,10.48,2341.8,39 m 2 s
151993,67065684,Hicham Ouladha,13002962584,Morning Run,nan,2024-11-28 09:57:35+00:00,2342,Run,"Bouknadel, Morocco",0.0,3.724236641221374,39.03,10.48,2341.8,39 m 2 s
151877,67065684,Hicham Ouladha,13002963004,Lunch Run,nan,2024-11-28 10:36:59+00:00,615,Run,"Ameur عامر, Morocco",0.0,4.529680365296803,9.92,2.19,595.2,9 m 55 s
151992,67065684,Hicham Ouladha,13002963004,Lunch Run,nan,2024-11-28 10:36:59+00:00,615,Run,"Ameur عامر, Morocco",0.0,4.529680365296803,9.92,2.19,595.2,9 m 55 s
153381,61783860,Shane Streich,13003085831,Family Turkey Day Trot🦃,"Hit the windy countryside w/ Cole Streich and Ryan Newton . Can tell ya I didn’t miss this weather, but vibes were good. Last 2 around the house and woods",2024-11-28 15:34:17+00:00,2853,Run,"Waseca County, USA",0.0,4.922360248447204,47.55,9.66,2853.0,47 m 33 s
153492,61783860,Shane Streich,13003085831,Family Turkey Day Trot🦃,"Hit the windy countryside w/ Cole Streich and Ryan Newton . Can tell ya I didn’t miss this weather, but vibes were good. Last 2 around the house and woods",2024-11-28 15:34:17+00:00,2853,Run,"Waseca County, USA",0.0,4.922360248447204,47.55,9.66,2853.0,47 m 33 s
151252,83372861,Kristian Uldbjerg Hansen,13003246588,Afternoon Run📈,8x1k /60s 3:17 -> 3:14 | 3:15 avg (2.3 | 2.8),2024-11-28 15:00:20+00:00,4642,Run,"Emakhazeni Local Municipality, RSA",0.0,4.263824117255163,64.0,15.01,3840.0,1 h 4 m
153063,81506583,Victor Kimutai,13003332008,Afternoon Run,nan,2024-11-27 18:03:27+00:00,2711,Run,"Charlottesville, USA",0.0,4.507494646680942,42.1,9.34,2526.0,42 m 6 s
153076,81506583,Victor Kimutai,13003332008,Afternoon Run,nan,2024-11-27 18:03:27+00:00,2711,Run,"Charlottesville, USA",0.0,4.507494646680942,42.1,9.34,2526.0,42 m 6 s
153062,81506583,Victor Kimutai,13003333404,Morning Run,nan,2024-11-28 15:34:47+00:00,3314,Run,"Chesapeake and Ohio Canal National Historical Park, USA",0.0,4.385964912280701,50.0,11.4,3000.0,50 m 0 s
153075,81506583,Victor Kimutai,13003333404,Morning Run,nan,2024-11-28 15:34:47+00:00,3314,Run,"Chesapeake and Ohio Canal National Historical Park, USA",0.0,4.385964912280701,50.0,11.4,3000.0,50 m 0 s
151728,79030752,Jack Salisbury,13003536568,Morning Workout,nan,2024-11-28 15:14:25+00:00,5771,Workout,nan,0.0,0.0,0.0,1.0,0.0,"1,133 Cal"
152730,69562064,José Carlos Pinto,13003773644,Warmup,nan,2024-11-28 16:23:46+00:00,698,Run,"Oeiras, Portugal",0.0,4.652,11.63,2.5,697.8000000000001,11 m 38 s
152729,69562064,José Carlos Pinto,13003776319,Threshold 4x2000 1’rc,W/ João Santos Avg 6:08 4° - 2.1 mmol,2024-11-28 16:49:40+00:00,1738,Run,"Oeiras, Portugal",0.0,3.2014563106796112,26.38,8.24,1582.8,26 m 23 s
152728,69562064,José Carlos Pinto,13003776769,Cooldown,nan,2024-11-28 17:23:03+00:00,596,Run,"Oeiras, Portugal",0.0,4.965,9.93,2.0,595.8,9 m 56 s
153686,78680893,Gracelyn Larkin,13004131632,Morning Run,nan,2024-11-28 17:32:10+00:00,3146,Run,"Flagstaff, USA",0.0,4.669079627714581,45.15,9.67,2709.0,45 m 9 s
154105,82077769,Leonid Latsepov,13004589659,Evening Run,nan,2024-11-27 17:45:09+00:00,4019,Run,"Tallinn, Estonia",0.0,5.221938775510204,20.47,3.92,1228.1999999999998,20 m 28 s
154106,82077769,Leonid Latsepov,13004590906,Morning Run,nan,2024-11-27 16:56:40+00:00,2695,Run,nan,0.0,4.5465587044534415,44.92,9.88,2695.2000000000003,44 m 55 s
154107,82077769,Leonid Latsepov,13004591773,Evening Run,nan,2024-11-27 16:12:28+00:00,978,Run,"Tallinn, Estonia",0.0,4.558641975308642,14.77,3.24,886.1999999999999,14 m 46 s
152522,91049781,Hanna Hermansson,13005342815,Morning Run,nan,2024-11-28 15:57:23+00:00,998,Run,"Dana Point, USA",0.0,5.148606811145511,16.63,3.23,997.8,16 m 38 s
150821,63449551,Olivia Markezich,13005442336,Thanksgiving fartlek!,"8, 8, 6, 5, 4, 3 w/ 2 min rest between each",2024-11-28 19:35:53+00:00,5374,Run,"Bellevue, USA",0.0,3.793266951161688,80.0,21.09,4800.0,1 h 20 m
150890,63449551,Olivia Markezich,13005442336,Thanksgiving fartlek!,"8, 8, 6, 5, 4, 3 w/ 2 min rest between each",2024-11-28 19:35:53+00:00,5374,Run,"Bellevue, USA",0.0,3.793266951161688,80.0,21.09,4800.0,1 h 20 m
150959,63449551,Olivia Markezich,13005442336,Thanksgiving fartlek!,"8, 8, 6, 5, 4, 3 w/ 2 min rest between each",2024-11-28 19:35:53+00:00,5374,Run,"Bellevue, USA",0.0,3.793266951161688,80.0,21.09,4800.0,1 h 20 m
153299,71517556,Mehdi Kadri,13005520631,Trop tôt et j'en fais trop,nan,2024-11-28 06:14:05+00:00,2214,Run,"Le Grand-Quevilly, France",0.0,5.1504922644163145,36.62,7.11,2197.2,36 m 37 s
153298,71517556,Mehdi Kadri,13005521173,8x1000m récup 1' autour de 3'13 au kil,nan,2024-11-28 17:30:00+00:00,2000,Run,"Rouen, France",0.0,3.6489479512735334,32.95,9.03,1977.0,32 m 57 s
152521,91049781,Hanna Hermansson,13005659922,Afternoon Weight Training,nan,2024-11-28 21:45:28+00:00,3062,WeightTraining,nan,0.0,0.0,0.0,51.0,0.0,284 Cal
153685,78680893,Gracelyn Larkin,13005844496,Afternoon Run,nan,2024-11-28 22:40:26+00:00,2457,Run,"Flagstaff, USA",0.0,4.615384615384616,34.2,7.41,2052.0,34 m 12 s
153592,82013388,Logan Measner,13005856230,Afternoon Run,nan,2024-11-28 22:36:06+00:00,2842,Run,"Town of Farmington, USA",0.0,4.293621013133208,45.77,10.66,2746.2000000000003,45 m 46 s
151251,83372861,Kristian Uldbjerg Hansen,13007686256,Morning Run,Stoooooor episode på Sidelinjen incoming👀,2024-11-29 07:38:37+00:00,3583,Run,"Emakhazeni Local Municipality, RSA",0.0,4.80849292256453,57.75,12.01,3465.0,57 m 45 s
151250,83372861,Kristian Uldbjerg Hansen,13007719789,Morning Weight Training,nan,2024-11-29 08:40:57+00:00,2340,WeightTraining,nan,0.0,0.0,0.0,39.0,0.0,nan
151349,64360338,Hamza Sahli,13007850410,Lunch Run,nan,2024-11-29 10:11:01+00:00,2005,Run,"Louviers, France",0.0,5.505766062602966,33.42,6.07,2005.2,33 m 25 s
154104,82077769,Leonid Latsepov,13008198968,Morning Run,nan,2024-11-29 04:59:11+00:00,4200,Run,"Anija vald, Estonia",0.0,4.627766599597585,69.0,14.91,4140.0,1 h 9 m
152846,87287379,Carson Williams,13009133100,Morning Run,nan,2024-11-29 13:59:09+00:00,2536,Run,"Warren County, USA",0.0,4.219689119170984,40.72,9.65,2443.2,40 m 43 s
152904,87287379,Carson Williams,13009133100,Morning Run,nan,2024-11-29 13:59:09+00:00,2536,Run,"Warren County, USA",0.0,4.219689119170984,40.72,9.65,2443.2,40 m 43 s
153990,89025421,Ivan Siuris,13009163871,6x6’/1.30’,@3.13/4.30,2024-11-29 13:12:41+00:00,5439,Run,nan,0.0,4.07911001236094,66.0,16.18,3960.0,1 h 6 m
152727,69562064,José Carlos Pinto,13009215194,12km recovery,nan,2024-11-29 10:04:37+00:00,3215,Run,"Oeiras, Portugal",0.0,4.380833333333333,52.57,12.0,3154.2,52 m 34 s
152726,69562064,José Carlos Pinto,13009215489,Gym,nan,2024-11-29 11:06:19+00:00,1707,WeightTraining,nan,0.0,0.0,0.0,28.0,0.0,154 Cal
151249,83372861,Kristian Uldbjerg Hansen,13009356023,Afternoon Run,Med OAC gutta boys☁️,2024-11-29 14:26:47+00:00,3043,Run,"Emakhazeni Local Municipality, RSA",0.0,4.639359698681734,49.27,10.62,2956.2000000000003,49 m 16 s
153684,78680893,Gracelyn Larkin,13009956822,Morning Run,nan,2024-11-29 16:17:38+00:00,1567,Run,"Coconino National Forest, USA",0.0,4.69753086419753,22.83,4.86,1369.8,22 m 50 s
151456,60508941,Boniface Kibiwott,13010131503,Morning Run,nan,2024-11-29 06:19:01+00:00,3155,Run,"Ville-la-Grand, France",0.0,4.800751879699248,51.08,10.64,3064.7999999999997,51 m 5 s
151542,60508941,Boniface Kibiwott,13010131503,Morning Run,nan,2024-11-29 06:19:01+00:00,3155,Run,"Ville-la-Grand, France",0.0,4.800751879699248,51.08,10.64,3064.7999999999997,51 m 5 s
151628,60508941,Boniface Kibiwott,13010131503,Morning Run,nan,2024-11-29 06:19:01+00:00,3155,Run,"Ville-la-Grand, France",0.0,4.800751879699248,51.08,10.64,3064.7999999999997,51 m 5 s
151457,60508941,Boniface Kibiwott,13010131718,Evening Run,nan,2024-11-28 18:12:38+00:00,849,Run,"Lancy, Switzerland",0.0,6.870786516853933,12.23,1.78,733.8000000000001,12 m 14 s
151543,60508941,Boniface Kibiwott,13010131718,Evening Run,nan,2024-11-28 18:12:38+00:00,849,Run,"Lancy, Switzerland",0.0,6.870786516853933,12.23,1.78,733.8000000000001,12 m 14 s
151629,60508941,Boniface Kibiwott,13010131718,Evening Run,nan,2024-11-28 18:12:38+00:00,849,Run,"Lancy, Switzerland",0.0,6.870786516853933,12.23,1.78,733.8000000000001,12 m 14 s
151458,60508941,Boniface Kibiwott,13010132121,Evening Run,nan,2024-11-28 17:38:49+00:00,1259,Run,"Lancy, Switzerland",0.0,6.38768115942029,17.63,2.76,1057.8,17 m 38 s
151544,60508941,Boniface Kibiwott,13010132121,Evening Run,nan,2024-11-28 17:38:49+00:00,1259,Run,"Lancy, Switzerland",0.0,6.38768115942029,17.63,2.76,1057.8,17 m 38 s
151630,60508941,Boniface Kibiwott,13010132121,Evening Run,nan,2024-11-28 17:38:49+00:00,1259,Run,"Lancy, Switzerland",0.0,6.38768115942029,17.63,2.76,1057.8,17 m 38 s
151876,67065684,Hicham Ouladha,13010410266,Lunch Run,nan,2024-11-29 10:14:15+00:00,4519,Run,"Ameur عامر, Morocco",0.0,4.1019955654102,74.0,18.04,4440.0,1 h 14 m
151991,67065684,Hicham Ouladha,13010410266,Lunch Run,nan,2024-11-29 10:14:15+00:00,4519,Run,"Ameur عامر, Morocco",0.0,4.1019955654102,74.0,18.04,4440.0,1 h 14 m
153785,66783639,Duncan Perrillat,13010418463,Course à pied en soirée,nan,2024-11-29 17:00:32+00:00,3897,Run,"Valencia, Spain",0.0,4.803843074459568,60.0,12.49,3600.0,1 h 0 m
152983,69143721,Jonathan Grahn,13010423792,Evening Run,nan,2024-11-29 17:44:28+00:00,1299,Run,"Mölndals kommun, Sweden",0.0,4.7374179431072205,21.65,4.57,1299.0,21 m 39 s
153683,78680893,Gracelyn Larkin,13010541710,Morning Run,"mile, 4 x 400/300/200, mile",2024-11-29 17:07:39+00:00,4118,Run,"Coconino National Forest, USA",0.0,4.984177215189873,63.0,12.64,3780.0,1 h 3 m
154200,74338147,Erin Strzelecki,13010555730,Morning Run,nan,2024-11-21 13:25:53+00:00,1800,Run,"Saint Joseph County, USA",0.0,4.512605042016807,26.85,5.95,1611.0,26 m 51 s
154199,74338147,Erin Strzelecki,13010555888,Morning Run,nan,2024-11-21 14:08:00+00:00,198,Run,nan,0.0,5.053571428571428,2.83,0.56,169.8,2 m 50 s
154198,74338147,Erin Strzelecki,13010556111,Morning Run,nan,2024-11-21 14:25:31+00:00,663,Run,"Saint Joseph County, USA",0.0,4.5850622406639,11.05,2.41,663.0,11 m 3 s
151348,64360338,Hamza Sahli,13010673792,Evening Swim,nan,2024-11-29 18:38:09+00:00,675,Swim,nan,0.0,0.0,0.0,11.0,0.0,149 bpm
153682,78680893,Gracelyn Larkin,13010713931,Lunch Run,nan,2024-11-29 18:17:36+00:00,2100,Run,"Coconino National Forest, USA",0.0,5.385567010309279,26.12,4.85,1567.2,26 m 7 s
151727,79030752,Jack Salisbury,13010823103,Afternoon Workout,nan,2024-11-28 23:19:53+00:00,1253,Workout,nan,0.0,0.0,0.0,20.0,0.0,173 Cal
151726,79030752,Jack Salisbury,13010823819,aqua jog warmup,nan,2024-11-29 18:08:01+00:00,937,Run,"Flagstaff, USA",0.0,6.036144578313253,15.03,2.49,901.8,15 m 2 s
151725,79030752,Jack Salisbury,13010825212,12x 3 min on/1 off,"aqua jog. regular run feature because the garmin ""cardio"" option doesnt have the option to see splits. this was hard. lower hr than id want for threshold though",2024-11-29 18:30:42+00:00,2908,Run,"Flagstaff, USA",0.0,5.481185860889396,48.07,8.77,2884.2,48 m 4 s
151347,64360338,Hamza Sahli,13010889478,Natation le soir,nan,2024-11-29 19:11:45+00:00,1310,Swim,nan,0.0,0.0,0.0,1.0,0.0,2:11 /100m
152264,60155357,Youssef Benzamia,13010894555,Evening Run,nan,2024-11-29 18:24:44+00:00,1801,Run,"Nice, France",0.0,4.921311475409836,30.02,6.1,1801.2,30 m 1 s
152398,60155357,Youssef Benzamia,13010894555,Evening Run,nan,2024-11-29 18:24:44+00:00,1801,Run,"Nice, France",0.0,4.921311475409836,30.02,6.1,1801.2,30 m 1 s
151724,79030752,Jack Salisbury,13010908890,cooldown,nan,2024-11-29 19:32:13+00:00,334,Workout,nan,0.0,0.0,0.0,5.0,0.0,49 Cal
154208,74338147,Erin Strzelecki,13010983864,Afternoon Run,nan,2024-11-29 18:46:11+00:00,1228,Run,"Allen County, USA",0.0,4.142561983471075,20.05,4.84,1203.0,20 m 3 s
154207,74338147,Erin Strzelecki,13010984061,Afternoon Run,nan,2024-11-29 19:12:52+00:00,1025,Run,"Allen County, USA",0.0,3.4648760330578514,16.77,4.84,1006.2,16 m 46 s
154206,74338147,Erin Strzelecki,13010984641,Afternoon Run,nan,2024-11-29 19:32:40+00:00,1199,Run,"Allen County, USA",0.0,4.090909090909091,19.8,4.84,1188.0,19 m 48 s
152725,69562064,José Carlos Pinto,13011003727,8km recovery,nan,2024-11-29 19:19:20+00:00,2122,Run,"Oeiras, Portugal",0.0,4.415730337078651,35.37,8.01,2122.2,35 m 22 s
153380,61783860,Shane Streich,13011025714,Warm Up,Got into Planet Fitness for today’s sesh. -7°F wind chill wouldn’t do it for working out outside,2024-11-29 17:04:30+00:00,1201,Run,nan,0.0,4.468749999999999,20.02,4.48,1201.2,20 m 1 s
153491,61783860,Shane Streich,13011025714,Warm Up,Got into Planet Fitness for today’s sesh. -7°F wind chill wouldn’t do it for working out outside,2024-11-29 17:04:30+00:00,1201,Run,nan,0.0,4.468749999999999,20.02,4.48,1201.2,20 m 1 s
153379,61783860,Shane Streich,13011026764,2x 2 Mile @ T + 4x35-45” Hills,"2x 2 Mile @ 10:35/10:30 w/ 3’ RC 5’ RC Hills @ 5:00pace on 5.5% incline w/ 60” RC Maxed out the treadmill’s capabilities for the hills and got about as good of an effort as I was going to get today. Long threshold reps felt alright on the first one, better on the second one. Good sesh",2024-11-29 17:50:54+00:00,2195,Run,nan,0.0,4.537313432835821,36.48,8.04,2188.7999999999997,36 m 29 s
153490,61783860,Shane Streich,13011026764,2x 2 Mile @ T + 4x35-45” Hills,"2x 2 Mile @ 10:35/10:30 w/ 3’ RC 5’ RC Hills @ 5:00pace on 5.5% incline w/ 60” RC Maxed out the treadmill’s capabilities for the hills and got about as good of an effort as I was going to get today. Long threshold reps felt alright on the first one, better on the second one. Good sesh",2024-11-29 17:50:54+00:00,2195,Run,nan,0.0,4.537313432835821,36.48,8.04,2188.7999999999997,36 m 29 s
153378,61783860,Shane Streich,13011083266,Cool down,nan,2024-11-29 19:00:00+00:00,870,Run,nan,0.0,4.517133956386293,14.5,3.21,870.0,14 m 30 s
153489,61783860,Shane Streich,13011083266,Cool down,nan,2024-11-29 19:00:00+00:00,870,Run,nan,0.0,4.517133956386293,14.5,3.21,870.0,14 m 30 s
150820,63449551,Olivia Markezich,13011141888,Lunch Ride,nan,2024-11-29 19:10:14+00:00,4697,Ride,"Medina, USA",0.0,2.5888850535036245,75.0,28.97,4500.0,1 h 15 m
150889,63449551,Olivia Markezich,13011141888,Lunch Ride,nan,2024-11-29 19:10:14+00:00,4697,Ride,"Medina, USA",0.0,2.5888850535036245,75.0,28.97,4500.0,1 h 15 m
150958,63449551,Olivia Markezich,13011141888,Lunch Ride,nan,2024-11-29 19:10:14+00:00,4697,Ride,"Medina, USA",0.0,2.5888850535036245,75.0,28.97,4500.0,1 h 15 m
153591,82013388,Logan Measner,13011327961,Afternoon Run,nan,2024-11-29 19:47:59+00:00,4859,Run,"Kewaskum, USA",0.0,3.5830618892508146,77.0,21.49,4620.0,1 h 17 m
152845,87287379,Carson Williams,13011904855,Afternoon Run,Tread,2024-11-29 22:45:00+00:00,1700,Run,nan,0.0,4.405909797822706,28.33,6.43,1699.8,28 m 20 s
152903,87287379,Carson Williams,13011904855,Afternoon Run,Tread,2024-11-29 22:45:00+00:00,1700,Run,nan,0.0,4.405909797822706,28.33,6.43,1699.8,28 m 20 s
152520,91049781,Hanna Hermansson,13012097120,Afternoon Run,😴😴😴,2024-11-29 22:55:57+00:00,3973,Run,"Los Angeles, USA",0.0,4.736024844720497,61.0,12.88,3660.0,1 h 1 m
151723,79030752,Jack Salisbury,13012445500,Afternoon Workout,nan,2024-11-30 00:36:16+00:00,1201,Workout,nan,0.0,0.0,0.0,20.0,0.0,254 Cal
151722,79030752,Jack Salisbury,13012445906,20x 1 min on/30 seconds off,"double t, double xt(?). on the ""open stride"" elliptical. similar to arc trainer",2024-11-30 00:58:53+00:00,1832,Workout,nan,0.0,0.0,0.0,30.0,0.0,499 Cal
151721,79030752,Jack Salisbury,13012480832,Evening Workout,nan,2024-11-30 01:37:20+00:00,601,Workout,nan,0.0,0.0,0.0,10.0,0.0,122 Cal
153377,61783860,Shane Streich,13012561421,Evening Treadmill Double,nan,2024-11-30 01:34:00+00:00,1744,Run,nan,0.0,4.506976744186046,29.07,6.45,1744.2,29 m 4 s
153488,61783860,Shane Streich,13012561421,Evening Treadmill Double,nan,2024-11-30 01:34:00+00:00,1744,Run,nan,0.0,4.506976744186046,29.07,6.45,1744.2,29 m 4 s
151455,60508941,Boniface Kibiwott,13013672547,Morning Run,nan,2024-11-30 06:32:53+00:00,1828,Run,"Ville-la-Grand, France",0.0,4.684129429892141,30.4,6.49,1824.0,30 m 24 s
151541,60508941,Boniface Kibiwott,13013672547,Morning Run,nan,2024-11-30 06:32:53+00:00,1828,Run,"Ville-la-Grand, France",0.0,4.684129429892141,30.4,6.49,1824.0,30 m 24 s
151627,60508941,Boniface Kibiwott,13013672547,Morning Run,nan,2024-11-30 06:32:53+00:00,1828,Run,"Ville-la-Grand, France",0.0,4.684129429892141,30.4,6.49,1824.0,30 m 24 s
151248,83372861,Kristian Uldbjerg Hansen,13014084264,Morning Run⚰️🧱,6x40s Hills / jog ned  + 10x200m p90s 40s ~ 240-250m (16.6) 200 ~ 28.9 avg (12.1) Presset i bund af Sømmet på hills og Mills med i Sidelinjen = God dag på campen🔒,2024-11-30 07:33:01+00:00,6283,Run,"Emakhazeni Local Municipality, RSA",0.0,5.895196506550218,81.0,13.74,4860.0,1 h 21 m
152982,69143721,Jonathan Grahn,13014355380,Hästhagen,Tillbaka från sjukdom👌🏼.,2024-11-30 09:03:53+00:00,5610,Run,"Göteborgs Stad, Sweden",0.0,4.133180252583237,72.0,17.42,4320.0,1 h 12 m
154098,82077769,Leonid Latsepov,13014429072,Night Run,nan,2024-11-30 08:53:42+00:00,997,Run,nan,0.0,5.242902208201893,16.62,3.17,997.2,16 m 37 s
154099,82077769,Leonid Latsepov,13014430219,Night Run,nan,2024-11-30 08:21:53+00:00,1499,Run,nan,0.0,4.329289428076257,24.98,5.77,1498.8,24 m 59 s
154100,82077769,Leonid Latsepov,13014430811,Night Run,nan,2024-11-30 07:38:10+00:00,908,Run,nan,0.0,5.060200668896321,15.13,2.99,907.8,15 m 8 s
154101,82077769,Leonid Latsepov,13014431512,Morning Weight Training,nan,2024-11-29 17:44:38+00:00,1314,WeightTraining,nan,0.0,0.0,0.0,21.0,0.0,74 Cal
154102,82077769,Leonid Latsepov,13014432434,Morning Weight Training,nan,2024-11-29 17:17:20+00:00,1330,WeightTraining,nan,0.0,0.0,0.0,22.0,0.0,103 Cal
154103,82077769,Leonid Latsepov,13014434189,Afternoon Run,nan,2024-11-29 15:03:47+00:00,2962,Run,"Tallinn, Estonia",0.0,4.7176470588235295,48.12,10.2,2887.2,48 m 7 s
152263,60155357,Youssef Benzamia,13014988967,Lunch Run,nan,2024-11-30 10:38:52+00:00,2739,Run,"Nice, France",0.0,4.517,45.17,10.0,2710.2000000000003,45 m 10 s
152397,60155357,Youssef Benzamia,13014988967,Lunch Run,nan,2024-11-30 10:38:52+00:00,2739,Run,"Nice, France",0.0,4.517,45.17,10.0,2710.2000000000003,45 m 10 s
153784,66783639,Duncan Perrillat,13015317623,Course à pied le midi,nan,2024-11-30 10:26:49+00:00,7731,Run,"Valencia, Spain",0.0,4.71264367816092,82.0,17.4,4920.0,1 h 22 m
154033,81890092,Christian Jackson,13015551579,Lunch Run,nan,2024-11-30 12:35:51+00:00,1364,Run,"Leeds, United Kingdom",0.0,6.406832298136646,20.63,3.22,1237.8,20 m 38 s
151346,64360338,Hamza Sahli,13015626091,Lunch Run,nan,2024-11-30 11:18:32+00:00,4059,Run,"Louviers, France",0.0,6.693306693306694,67.0,10.01,4020.0,1 h 7 m
152589,81785282,Nico Boketta,13015831121,Morning Run,nan,2024-11-27 08:18:12+00:00,3589,Run,"Tlokwe Local Municipality, RSA",0.0,4.91,58.92,12.0,3535.2000000000003,58 m 55 s
152625,81785282,Nico Boketta,13015831121,Morning Run,nan,2024-11-27 08:18:12+00:00,3589,Run,"Tlokwe Local Municipality, RSA",0.0,4.91,58.92,12.0,3535.2000000000003,58 m 55 s
152588,81785282,Nico Boketta,13015832362,Lunch Run,nan,2024-11-29 10:02:48+00:00,982,Run,"Tlokwe Local Municipality, RSA",0.0,4.647564469914039,16.22,3.49,973.2,16 m 13 s
152624,81785282,Nico Boketta,13015832362,Lunch Run,nan,2024-11-29 10:02:48+00:00,982,Run,"Tlokwe Local Municipality, RSA",0.0,4.647564469914039,16.22,3.49,973.2,16 m 13 s
152587,81785282,Nico Boketta,13015835758,Afternoon Run,nan,2024-11-29 14:57:36+00:00,2854,Run,"Tlokwe Local Municipality, RSA",0.0,4.643,46.43,10.0,2785.8,46 m 26 s
152623,81785282,Nico Boketta,13015835758,Afternoon Run,nan,2024-11-29 14:57:36+00:00,2854,Run,"Tlokwe Local Municipality, RSA",0.0,4.643,46.43,10.0,2785.8,46 m 26 s
151247,83372861,Kristian Uldbjerg Hansen,13016322411,Afternoon Ride,Restitution + bevægelse💆🏻‍♂️,2024-11-30 14:02:38+00:00,2702,Ride,nan,0.0,0.0,0.0,45.0,0.0,nan
153989,89025421,Ivan Siuris,13016976881,Afternoon Run,nan,2024-11-30 14:54:57+00:00,4104,Run,"Chișinau, Moldova",0.0,5.091185410334346,67.0,13.16,4020.0,1 h 7 m
153297,71517556,Mehdi Kadri,13017063040,"1300/1100/900
1300/1100/1000",Récup 1’10 tout le temps Allure 2’57,2024-11-30 10:36:23+00:00,1620,Run,"Rouen, France",0.0,3.3312577833125783,26.75,8.03,1605.0,26 m 45 s
152519,91049781,Hanna Hermansson,13017404627,Morning Run,nan,2024-11-30 15:21:10+00:00,6019,Run,"Fullerton, USA",0.0,4.813664596273291,62.0,12.88,3720.0,1 h 2 m
152724,69562064,José Carlos Pinto,13017506235,4km warmup,nan,2024-11-30 09:27:16+00:00,1010,Run,"Oeiras, Portugal",0.0,4.2075,16.83,4.0,1009.8,16 m 50 s
152723,69562064,José Carlos Pinto,13017508162,Hill Session 2x(9x200m),"avg 30,2",2024-11-30 11:09:09+00:00,2657,Run,"Oeiras, Portugal",0.0,4.577027027027026,33.87,7.4,2032.2,33 m 52 s
152722,69562064,José Carlos Pinto,13017508791,2km cooldown,nan,2024-11-30 12:00:19+00:00,583,Run,"Oeiras, Portugal",0.0,4.86,9.72,2.0,583.2,9 m 43 s
153098,73659831,Evan Jenkins,13017574864,Lunch Run,nan,2024-11-22 18:05:16+00:00,1764,Run,"Madison, USA",0.0,5.7184265010351965,27.62,4.83,1657.2,27 m 37 s
153100,73659831,Evan Jenkins,13017580144,Morning Run,nan,2024-11-18 17:41:23+00:00,2546,Run,"Seattle, USA",0.0,4.229591836734694,41.45,9.8,2487.0,41 m 27 s
153099,73659831,Evan Jenkins,13017580724,Afternoon Run,nan,2024-11-19 00:55:32+00:00,1657,Run,"Seattle, USA",0.0,4.204968944099378,27.08,6.44,1624.8,27 m 5 s
151720,79030752,Jack Salisbury,13017866073,Morning Workout,nan,2024-11-30 16:49:54+00:00,5808,Workout,nan,0.0,0.0,0.0,1.0,0.0,"1,044 Cal"
152721,69562064,José Carlos Pinto,13017914780,10km recovery,nan,2024-11-30 17:48:08+00:00,2812,Run,"Oeiras, Portugal",0.0,4.413,44.13,10.0,2647.8,44 m 8 s
150819,63449551,Olivia Markezich,13018082825,Run,Last run in wa🫶,2024-11-30 18:16:13+00:00,3448,Run,"Bellevue, USA",0.0,4.410590943975442,57.47,13.03,3448.2,57 m 28 s
150888,63449551,Olivia Markezich,13018082825,Run,Last run in wa🫶,2024-11-30 18:16:13+00:00,3448,Run,"Bellevue, USA",0.0,4.410590943975442,57.47,13.03,3448.2,57 m 28 s
150957,63449551,Olivia Markezich,13018082825,Run,Last run in wa🫶,2024-11-30 18:16:13+00:00,3448,Run,"Bellevue, USA",0.0,4.410590943975442,57.47,13.03,3448.2,57 m 28 s
151453,60508941,Boniface Kibiwott,13018440243,Afternoon Run,nan,2024-11-30 15:00:01+00:00,1789,Run,"Meyrin, Switzerland",0.0,3.0274111675126907,29.82,9.85,1789.2,29 m 49 s
151539,60508941,Boniface Kibiwott,13018440243,Afternoon Run,nan,2024-11-30 15:00:01+00:00,1789,Run,"Meyrin, Switzerland",0.0,3.0274111675126907,29.82,9.85,1789.2,29 m 49 s
151625,60508941,Boniface Kibiwott,13018440243,Afternoon Run,nan,2024-11-30 15:00:01+00:00,1789,Run,"Meyrin, Switzerland",0.0,3.0274111675126907,29.82,9.85,1789.2,29 m 49 s
151454,60508941,Boniface Kibiwott,13018440279,Afternoon Run,nan,2024-11-30 14:15:26+00:00,1193,Run,"Meyrin, Switzerland",0.0,5.287234042553192,19.88,3.76,1192.8,19 m 53 s
151540,60508941,Boniface Kibiwott,13018440279,Afternoon Run,nan,2024-11-30 14:15:26+00:00,1193,Run,"Meyrin, Switzerland",0.0,5.287234042553192,19.88,3.76,1192.8,19 m 53 s
151626,60508941,Boniface Kibiwott,13018440279,Afternoon Run,nan,2024-11-30 14:15:26+00:00,1193,Run,"Meyrin, Switzerland",0.0,5.287234042553192,19.88,3.76,1192.8,19 m 53 s
153376,61783860,Shane Streich,13018473693,"Post-Zoo, Post-Meal, Pre-Travel Miles","Bundled up, took it easy. Day well spent with the fam, now time to head back to the ATL.",2024-11-30 19:57:26+00:00,2663,Run,"Saint Paul, USA",0.0,4.4757481940144475,43.37,9.69,2602.2,43 m 22 s
153487,61783860,Shane Streich,13018473693,"Post-Zoo, Post-Meal, Pre-Travel Miles","Bundled up, took it easy. Day well spent with the fam, now time to head back to the ATL.",2024-11-30 19:57:26+00:00,2663,Run,"Saint Paul, USA",0.0,4.4757481940144475,43.37,9.69,2602.2,43 m 22 s
152844,87287379,Carson Williams,13018584082,Afternoon Run,nan,2024-11-30 19:20:39+00:00,6123,Run,"Travelers Rest, USA",0.0,4.421397379912664,81.0,18.32,4860.0,1 h 21 m
152902,87287379,Carson Williams,13018584082,Afternoon Run,nan,2024-11-30 19:20:39+00:00,6123,Run,"Travelers Rest, USA",0.0,4.421397379912664,81.0,18.32,4860.0,1 h 21 m
151719,79030752,Jack Salisbury,13018714829,Afternoon Workout,nan,2024-11-30 21:00:34+00:00,1803,Workout,nan,0.0,0.0,0.0,30.0,0.0,411 Cal
153590,82013388,Logan Measner,13019266711,Afternoon Run,nan,2024-11-30 21:43:09+00:00,2596,Run,nan,0.0,4.158653846153846,43.25,10.4,2595.0,43 m 15 s
153148,64218328,Bobby Poynter,13019299099,Afternoon Ride,nan,2024-11-28 22:50:39+00:00,1393,Ride,nan,0.0,0.0,0.0,23.0,0.0,129 bpm
153147,64218328,Bobby Poynter,13019299263,Afternoon Ride,nan,2024-11-28 23:29:31+00:00,2151,Ride,nan,0.0,0.0,0.0,35.0,0.0,156 bpm
153146,64218328,Bobby Poynter,13019299270,Afternoon Ride,nan,2024-11-29 21:16:39+00:00,2943,Ride,nan,0.0,0.0,0.0,49.0,0.0,136 bpm
153145,64218328,Bobby Poynter,13019299273,Afternoon Elliptical,nan,2024-11-30 22:31:23+00:00,3487,Elliptical,nan,0.0,0.0,0.0,58.0,0.0,141 bpm
152518,91049781,Hanna Hermansson,13019601866,Afternoon Run,nan,2024-12-01 00:25:09+00:00,2321,Run,"Los Angeles, USA",0.0,4.722981366459627,38.02,8.05,2281.2000000000003,38 m 1 s
152080,68238567,Takashi Soma,13021165993,午後のランニング,nan,2024-12-01 08:33:41+00:00,4170,Run,"Nasushiobara, Japan",0.0,5.299539170506913,69.0,13.02,4140.0,1 h 9 m
152101,68238567,Takashi Soma,13021165993,午後のランニング,nan,2024-12-01 08:33:41+00:00,4170,Run,"Nasushiobara, Japan",0.0,5.299539170506913,69.0,13.02,4140.0,1 h 9 m
151246,83372861,Kristian Uldbjerg Hansen,13021313692,SLR🎄,"Sidste langtur i denne camp, tungt i carbs undervejs🥤 Rigtig fin uge, og et generelt løft i niveau uden nogle crazy pas. Der ligges på..🧱📈",2024-12-01 07:29:53+00:00,6916,Run,"Emakhazeni Local Municipality, RSA",0.0,4.556354916067146,114.0,25.02,6840.0,1 h 54 m
153783,66783639,Duncan Perrillat,13021380557,Course à pied le matin,🐇,2024-12-01 07:15:01+00:00,8550,Run,"Valencia, Spain",0.0,3.345900094250707,142.0,42.44,8520.0,2 h 22 m
153988,89025421,Ivan Siuris,13021385352,Long run,nan,2024-12-01 08:06:44+00:00,5087,Run,"Chișinau, Moldova",0.0,4.105571847507331,84.0,20.46,5040.0,1 h 24 m
152147,83232940,Molly Grabill,13021782607,Afternoon Run,nan,2024-11-29 13:35:09+00:00,3592,Run,"Valencia, Spain",0.0,4.9335695305580165,55.7,11.29,3342.0,55 m 42 s
152188,83232940,Molly Grabill,13021782607,Afternoon Run,nan,2024-11-29 13:35:09+00:00,3592,Run,"Valencia, Spain",0.0,4.9335695305580165,55.7,11.29,3342.0,55 m 42 s
152145,83232940,Molly Grabill,13021783749,Morning Run,nan,2024-12-01 06:26:24+00:00,533,Run,nan,0.0,4.852459016393443,8.88,1.83,532.8000000000001,8 m 53 s
152186,83232940,Molly Grabill,13021783749,Morning Run,nan,2024-12-01 06:26:24+00:00,533,Run,nan,0.0,4.852459016393443,8.88,1.83,532.8000000000001,8 m 53 s
152146,83232940,Molly Grabill,13021784521,Morning Run,nan,2024-11-30 07:59:31+00:00,3381,Run,"Valencia, Spain",0.0,4.753561253561253,33.37,7.02,2002.2,33 m 22 s
152187,83232940,Molly Grabill,13021784521,Morning Run,nan,2024-11-30 07:59:31+00:00,3381,Run,"Valencia, Spain",0.0,4.753561253561253,33.37,7.02,2002.2,33 m 22 s
152144,83232940,Molly Grabill,13021793233,Morning Run,nan,2024-12-01 07:15:03+00:00,8807,Run,"Valencia, Spain",0.0,3.438530381535563,146.0,42.46,8760.0,2 h 26 m
152185,83232940,Molly Grabill,13021793233,Morning Run,nan,2024-12-01 07:15:03+00:00,8807,Run,"Valencia, Spain",0.0,3.438530381535563,146.0,42.46,8760.0,2 h 26 m
151345,64360338,Hamza Sahli,13021977853,Lunch Run,nan,2024-12-01 10:22:57+00:00,2401,Run,"Louviers, France",0.0,5.668555240793202,40.02,7.06,2401.2000000000003,40 m 1 s
153296,71517556,Mehdi Kadri,13022167262,Sortie longue légère,nan,2024-12-01 09:44:47+00:00,4397,Run,"Rouen, France",0.0,4.188790560471976,71.0,16.95,4260.0,1 h 11 m
152720,69562064,José Carlos Pinto,13022302163,2k + 5k z2 + 1k + 5k z3 + 1k,Pace 5k z2 - 3:39 Pace 5k z3 - 3:24,2024-12-01 10:26:42+00:00,3163,Run,"Oeiras, Portugal",0.0,3.7469793887704337,52.72,14.07,3163.2,52 m 43 s
152262,60155357,Youssef Benzamia,13022682583,Lunch Run,nan,2024-12-01 10:38:16+00:00,3598,Run,"Nice, France",0.0,4.129166666666666,49.55,12.0,2973.0,49 m 33 s
152396,60155357,Youssef Benzamia,13022682583,Lunch Run,nan,2024-12-01 10:38:16+00:00,3598,Run,"Nice, France",0.0,4.129166666666666,49.55,12.0,2973.0,49 m 33 s
152981,69143721,Jonathan Grahn,13024225940,Afternoon Run,nan,2024-12-01 13:12:59+00:00,6697,Run,"Mölndals kommun, Sweden",0.0,4.647519582245431,89.0,19.15,5340.0,1 h 29 m
152843,87287379,Carson Williams,13024443489,Morning Run,nan,2024-12-01 14:40:48+00:00,2907,Run,"Travelers Rest, USA",0.0,4.2229129662522205,47.55,11.26,2853.0,47 m 33 s
152901,87287379,Carson Williams,13024443489,Morning Run,nan,2024-12-01 14:40:48+00:00,2907,Run,"Travelers Rest, USA",0.0,4.2229129662522205,47.55,11.26,2853.0,47 m 33 s
152517,91049781,Hanna Hermansson,13024593583,Morning Run,nan,2024-12-01 14:58:42+00:00,3004,Run,nan,0.0,4.7868068833652,50.07,10.46,3004.2,50 m 4 s
152516,91049781,Hanna Hermansson,13024877505,Morning Weight Training,nan,2024-12-01 15:59:01+00:00,1560,WeightTraining,nan,0.0,0.0,0.0,26.0,0.0,158 Cal
151875,67065684,Hicham Ouladha,13024970104,Morning Run,nan,2024-11-30 09:43:30+00:00,2503,Run,"Ameur عامر, Morocco",0.0,4.314374353671147,41.72,9.67,2503.2,41 m 43 s
151990,67065684,Hicham Ouladha,13024970104,Morning Run,nan,2024-11-30 09:43:30+00:00,2503,Run,"Ameur عامر, Morocco",0.0,4.314374353671147,41.72,9.67,2503.2,41 m 43 s
151874,67065684,Hicham Ouladha,13024970927,Lunch Run,nan,2024-11-30 10:47:23+00:00,856,Run,"Salé, Morocco",0.0,4.008426966292134,14.27,3.56,856.1999999999999,14 m 16 s
151989,67065684,Hicham Ouladha,13024970927,Lunch Run,nan,2024-11-30 10:47:23+00:00,856,Run,"Salé, Morocco",0.0,4.008426966292134,14.27,3.56,856.1999999999999,14 m 16 s
151873,67065684,Hicham Ouladha,13024971925,Lunch Run,nan,2024-12-01 10:11:53+00:00,1056,Run,"Ameur عامر, Morocco",0.0,4.4110275689223055,17.6,3.99,1056.0,17 m 36 s
151988,67065684,Hicham Ouladha,13024971925,Lunch Run,nan,2024-12-01 10:11:53+00:00,1056,Run,"Ameur عامر, Morocco",0.0,4.4110275689223055,17.6,3.99,1056.0,17 m 36 s
151872,67065684,Hicham Ouladha,13024974391,Lunch Run,nan,2024-12-01 10:32:53+00:00,2488,Run,"Ameur عامر, Morocco",0.0,3.8103130755064463,41.38,10.86,2482.8,41 m 23 s
151987,67065684,Hicham Ouladha,13024974391,Lunch Run,nan,2024-12-01 10:32:53+00:00,2488,Run,"Ameur عامر, Morocco",0.0,3.8103130755064463,41.38,10.86,2482.8,41 m 23 s
151871,67065684,Hicham Ouladha,13024974914,Lunch Run,nan,2024-12-01 11:15:00+00:00,350,Run,"Ameur عامر, Morocco",0.0,4.798245614035088,5.47,1.14,328.2,5 m 28 s
151986,67065684,Hicham Ouladha,13024974914,Lunch Run,nan,2024-12-01 11:15:00+00:00,350,Run,"Ameur عامر, Morocco",0.0,4.798245614035088,5.47,1.14,328.2,5 m 28 s
154205,74338147,Erin Strzelecki,13025074297,Morning Run,nan,2024-12-01 15:26:34+00:00,4965,Run,nan,0.0,4.3478260869565215,70.0,16.1,4200.0,1 h 10 m
153681,78680893,Gracelyn Larkin,13025608065,Morning Run,nan,2024-12-01 15:46:15+00:00,7862,Run,"Coconino National Forest, USA",0.0,4.423748544819557,114.0,25.77,6840.0,1 h 54 m
153987,89025421,Ivan Siuris,13025776150,Evening Weight Training,nan,2024-12-01 17:46:38+00:00,3501,WeightTraining,nan,0.0,0.0,0.0,58.0,0.0,318 Cal
154095,82077769,Leonid Latsepov,13025849056,Night Weight Training,nan,2024-12-01 09:53:42+00:00,3036,WeightTraining,nan,0.0,0.0,0.0,50.0,0.0,174 Cal
154096,82077769,Leonid Latsepov,13025850779,Morning Run,nan,2024-12-01 08:01:22+00:00,5372,Run,"Tallinn, Estonia",0.0,4.005400540054006,89.0,22.22,5340.0,1 h 29 m
154097,82077769,Leonid Latsepov,13025852795,Afternoon Run,nan,2024-11-30 13:10:00+00:00,2189,Run,"Tallinn, Estonia",0.0,4.92877492877493,34.6,7.02,2076.0,34 m 36 s
150818,63449551,Olivia Markezich,13026166432,Back in boco!,"3x2miles w/ 2 min rest, 4x200",2024-12-01 16:20:13+00:00,7867,Run,"Longmont, USA",0.0,4.2959427207637235,90.0,20.95,5400.0,1 h 30 m
150887,63449551,Olivia Markezich,13026166432,Back in boco!,"3x2miles w/ 2 min rest, 4x200",2024-12-01 16:20:13+00:00,7867,Run,"Longmont, USA",0.0,4.2959427207637235,90.0,20.95,5400.0,1 h 30 m
150956,63449551,Olivia Markezich,13026166432,Back in boco!,"3x2miles w/ 2 min rest, 4x200",2024-12-01 16:20:13+00:00,7867,Run,"Longmont, USA",0.0,4.2959427207637235,90.0,20.95,5400.0,1 h 30 m
153144,64218328,Bobby Poynter,13026585524,Lunch Ride,nan,2024-12-01 20:00:41+00:00,1382,Ride,nan,0.0,0.0,0.0,23.0,0.0,128 bpm
153143,64218328,Bobby Poynter,13026587327,Lunch Ride,nan,2024-12-01 20:42:01+00:00,2130,Ride,nan,0.0,0.0,0.0,35.0,0.0,162 bpm
153142,64218328,Bobby Poynter,13026588329,Afternoon Ride,nan,2024-12-01 21:21:18+00:00,421,Ride,nan,0.0,0.0,0.0,7.0,0.0,133 bpm
153589,82013388,Logan Measner,13026849672,Afternoon Run,nan,2024-12-01 20:48:13+00:00,5826,Run,"West Bend, USA",0.0,3.930492345883326,95.0,24.17,5700.0,1 h 35 m
150365,98279354,Marco Arop,13027161247,Afternoon Weight Training,nan,2024-11-29 23:00:29+00:00,3106,WeightTraining,nan,0.0,0.0,0.0,51.0,0.0,nan
150364,98279354,Marco Arop,13027161283,Lunch Run,157 Training Load -- from COROS,2024-12-01 18:49:38+00:00,4315,Run,"Park City, USA",0.0,4.288377874456184,69.0,16.09,4140.0,1 h 9 m
150369,98279354,Marco Arop,13027161787,Morning Swim,nan,2024-11-27 17:46:56+00:00,3089,Swim,nan,0.0,0.0,0.0,975.0,0.0,2:32 /100m
150366,98279354,Marco Arop,13027161794,Afternoon Run,35 Training Load -- from COROS,2024-11-29 21:44:45+00:00,2118,Run,"South Snyderville Basin, USA",0.0,5.776293823038397,34.6,5.99,2076.0,34 m 36 s
150367,98279354,Marco Arop,13027161795,Morning Run,80 Training Load -- from COROS,2024-11-29 17:12:11+00:00,1712,Run,"Park City, USA",0.0,4.367029548989113,28.08,6.43,1684.8,28 m 5 s
150368,98279354,Marco Arop,13027161828,Morning Run,37 Training Load -- from COROS,2024-11-28 17:53:07+00:00,5855,Run,"Park City, USA",0.0,14.720812182741115,87.0,5.91,5220.0,1 h 27 m
151718,79030752,Jack Salisbury,13027188788,Lunch Workout,nan,2024-12-01 18:09:09+00:00,1802,Workout,nan,0.0,0.0,0.0,30.0,0.0,303 Cal
151717,79030752,Jack Salisbury,13027190451,Afternoon Workout,35 min at 170 hr in the middle. lackluster 30 min this morning so made it an uptempo lr effort,2024-12-01 22:02:04+00:00,6590,Workout,nan,0.0,0.0,0.0,1.0,0.0,"1,539 Cal"
153375,61783860,Shane Streich,13027711134,Semi-long to Cap Off the Week,A little tired but just chilled.,2024-12-01 15:22:11+00:00,4133,Run,"Cobb County, USA",0.0,4.158907510862818,67.0,16.11,4020.0,1 h 7 m
153486,61783860,Shane Streich,13027711134,Semi-long to Cap Off the Week,A little tired but just chilled.,2024-12-01 15:22:11+00:00,4133,Run,"Cobb County, USA",0.0,4.158907510862818,67.0,16.11,4020.0,1 h 7 m
151273,83372861,Kristian Uldbjerg Hansen,13028575692,Morning Run,Solo 🚂loop incl 5x50m bakkespurt,2024-12-02 07:38:20+00:00,4284,Run,"Emakhazeni Local Municipality, RSA",0.0,4.636288998357964,56.47,12.18,3388.2,56 m 28 s
152586,81785282,Nico Boketta,13028682943,Morning Run,nan,2024-12-01 06:14:23+00:00,4208,Run,"Tlokwe Local Municipality, RSA",0.0,4.6,69.0,15.0,4140.0,1 h 9 m
152622,81785282,Nico Boketta,13028682943,Morning Run,nan,2024-12-01 06:14:23+00:00,4208,Run,"Tlokwe Local Municipality, RSA",0.0,4.6,69.0,15.0,4140.0,1 h 9 m
152597,81785282,Nico Boketta,13028683442,Morning Run,nan,2024-12-02 08:59:51+00:00,750,Run,"Tlokwe Local Municipality, RSA",0.0,6.25,12.5,2.0,750.0,12 m 30 s
152633,81785282,Nico Boketta,13028683442,Morning Run,nan,2024-12-02 08:59:51+00:00,750,Run,"Tlokwe Local Municipality, RSA",0.0,6.25,12.5,2.0,750.0,12 m 30 s
153009,69143721,Jonathan Grahn,13029176346,Lunch Run,nan,2024-12-02 10:04:06+00:00,2999,Run,"Mölndals kommun, Sweden",0.0,4.327538883806039,47.3,10.93,2838.0,47 m 18 s
153804,66783639,Duncan Perrillat,13029289271,Course à pied le matin,nan,2024-12-02 09:41:47+00:00,5501,Run,"Valencia, Spain",0.0,4.501424501424501,79.0,17.55,4740.0,1 h 19 m
151486,60508941,Boniface Kibiwott,13029353568,Morning Run,nan,2024-12-02 06:42:45+00:00,2189,Run,"Puplinge, Switzerland",0.0,3.1475409836065573,36.48,11.59,2188.7999999999997,36 m 29 s
151572,60508941,Boniface Kibiwott,13029353568,Morning Run,nan,2024-12-02 06:42:45+00:00,2189,Run,"Puplinge, Switzerland",0.0,3.1475409836065573,36.48,11.59,2188.7999999999997,36 m 29 s
151658,60508941,Boniface Kibiwott,13029353568,Morning Run,nan,2024-12-02 06:42:45+00:00,2189,Run,"Puplinge, Switzerland",0.0,3.1475409836065573,36.48,11.59,2188.7999999999997,36 m 29 s
151487,60508941,Boniface Kibiwott,13029353812,Morning Run,nan,2024-12-02 06:16:32+00:00,1217,Run,"Ville-la-Grand, France",0.0,4.247685185185185,18.35,4.32,1101.0,18 m 21 s
151573,60508941,Boniface Kibiwott,13029353812,Morning Run,nan,2024-12-02 06:16:32+00:00,1217,Run,"Ville-la-Grand, France",0.0,4.247685185185185,18.35,4.32,1101.0,18 m 21 s
151659,60508941,Boniface Kibiwott,13029353812,Morning Run,nan,2024-12-02 06:16:32+00:00,1217,Run,"Ville-la-Grand, France",0.0,4.247685185185185,18.35,4.32,1101.0,18 m 21 s
154036,81890092,Christian Jackson,13029997906,Lunch Run,nan,2024-12-02 12:37:13+00:00,1637,Run,"Leeds, United Kingdom",0.0,6.4318766066838045,25.02,3.89,1501.2,25 m 1 s
152859,87287379,Carson Williams,13030244524,Morning Run,nan,2024-12-02 12:50:06+00:00,3303,Run,"Travelers Rest, USA",0.0,4.244755244755245,54.63,12.87,3277.8,54 m 38 s
152917,87287379,Carson Williams,13030244524,Morning Run,nan,2024-12-02 12:50:06+00:00,3303,Run,"Travelers Rest, USA",0.0,4.244755244755245,54.63,12.87,3277.8,54 m 38 s
151821,61174400,Jack Higgins,13030760739,Morning Swim,nan,2024-12-02 14:31:25+00:00,2754,Swim,nan,0.0,0.0,0.0,1.0,0.0,1:40 /100m
153008,69143721,Jonathan Grahn,13030817971,Afternoon Run,nan,2024-12-02 14:43:34+00:00,2670,Run,"Mölndals kommun, Sweden",0.0,4.194414607948442,39.05,9.31,2343.0,39 m 3 s
153311,71517556,Mehdi Kadri,13031043305,1k actif // 12x150m + 8x100m en côtes // 1k actif,nan,2024-12-02 06:55:34+00:00,4367,Run,"Le Grand-Quevilly, France",0.0,4.54254638515675,71.0,15.63,4260.0,1 h 11 m
153405,61783860,Shane Streich,13031114682,Post Speed D,First 2 w/ Yolanda. Enjoying the sun today☀️,2024-12-02 15:36:11+00:00,2584,Run,"Atlanta, USA",0.0,4.338860103626943,41.87,9.65,2512.2,41 m 52 s
153516,61783860,Shane Streich,13031114682,Post Speed D,First 2 w/ Yolanda. Enjoying the sun today☀️,2024-12-02 15:36:11+00:00,2584,Run,"Atlanta, USA",0.0,4.338860103626943,41.87,9.65,2512.2,41 m 52 s
153007,69143721,Jonathan Grahn,13031205912,Afternoon Run,nan,2024-12-02 15:58:16+00:00,1980,Run,nan,0.0,14.732142857142856,33.0,2.24,1980.0,33 m 0 s
151272,83372861,Kristian Uldbjerg Hansen,13031225150,Morning Weight Training,nan,2024-12-02 08:44:00+00:00,3063,WeightTraining,nan,0.0,0.0,0.0,51.0,0.0,nan
153611,82013388,Logan Measner,13031234157,Morning Run,nan,2024-12-02 16:10:31+00:00,1573,Run,nan,0.0,4.0588235294117645,26.22,6.46,1573.1999999999998,26 m 13 s
151271,83372861,Kristian Uldbjerg Hansen,13031234229,Afternoon Run🌄,nan,2024-12-02 15:43:20+00:00,2936,Run,"Emakhazeni Local Municipality, RSA",0.0,4.680232558139535,48.3,10.32,2898.0,48 m 18 s
151895,67065684,Hicham Ouladha,13031295180,Morning Run,nan,2024-12-02 09:49:09+00:00,5557,Run,"Ameur عامر, Morocco",0.0,4.273029966703663,77.0,18.02,4620.0,1 h 17 m
152010,67065684,Hicham Ouladha,13031295180,Morning Run,nan,2024-12-02 09:49:09+00:00,5557,Run,"Ameur عامر, Morocco",0.0,4.273029966703663,77.0,18.02,4620.0,1 h 17 m
150835,63449551,Olivia Markezich,13031338175,Morning Run,nan,2024-12-02 16:16:39+00:00,2304,Run,"Boulder, USA",0.0,4.686346863468635,38.1,8.13,2286.0,38 m 6 s
150904,63449551,Olivia Markezich,13031338175,Morning Run,nan,2024-12-02 16:16:39+00:00,2304,Run,"Boulder, USA",0.0,4.686346863468635,38.1,8.13,2286.0,38 m 6 s
150973,63449551,Olivia Markezich,13031338175,Morning Run,nan,2024-12-02 16:16:39+00:00,2304,Run,"Boulder, USA",0.0,4.686346863468635,38.1,8.13,2286.0,38 m 6 s
151746,79030752,Jack Salisbury,13031348125,Morning Workout,nan,2024-12-02 15:31:50+00:00,5110,Workout,nan,0.0,0.0,0.0,1.0,0.0,714 Cal
152763,69562064,José Carlos Pinto,13031501070,6km warmup at 1800 meters,Altitude training room,2024-12-02 10:28:18+00:00,1639,Run,nan,0.0,4.005865102639296,27.32,6.82,1639.2,27 m 19 s
152762,69562064,José Carlos Pinto,13031503063,3x(4x200) 40”/4’,Avg 26.6,2024-12-02 11:51:46+00:00,1272,Run,"Oeiras, Portugal",0.0,3.774193548387097,12.87,3.41,772.1999999999999,12 m 52 s
152761,69562064,José Carlos Pinto,13031503379,2km cooldown,nan,2024-12-02 12:27:02+00:00,637,Run,"Oeiras, Portugal",0.0,5.31,10.62,2.0,637.1999999999999,10 m 37 s
151485,60508941,Boniface Kibiwott,13031537144,Afternoon Run,nan,2024-12-02 14:28:57+00:00,3364,Run,"Ville-la-Grand, France",0.0,5.319884726224784,55.38,10.41,3322.8,55 m 23 s
151571,60508941,Boniface Kibiwott,13031537144,Afternoon Run,nan,2024-12-02 14:28:57+00:00,3364,Run,"Ville-la-Grand, France",0.0,5.319884726224784,55.38,10.41,3322.8,55 m 23 s
151657,60508941,Boniface Kibiwott,13031537144,Afternoon Run,nan,2024-12-02 14:28:57+00:00,3364,Run,"Ville-la-Grand, France",0.0,5.319884726224784,55.38,10.41,3322.8,55 m 23 s
153006,69143721,Jonathan Grahn,13031709651,Evening Run,nan,2024-12-02 17:27:08+00:00,1449,Run,"Göteborgs Stad, Sweden",0.0,4.544554455445544,22.95,5.05,1377.0,22 m 57 s
151364,64360338,Hamza Sahli,13031823602,Evening Run,nan,2024-12-02 17:02:47+00:00,3786,Run,"Paris, France",0.0,5.5805580558055805,62.0,11.11,3720.0,1 h 2 m
153708,78680893,Gracelyn Larkin,13031979232,Morning Run,nan,2024-12-02 17:13:18+00:00,3523,Run,"Flagstaff, USA",0.0,4.716312056737589,53.2,11.28,3192.0,53 m 12 s
152760,69562064,José Carlos Pinto,13032190498,Corrida ao entardecer,nan,2024-12-02 18:02:10+00:00,2743,Run,"Oeiras, Portugal",0.0,4.472527472527473,44.77,10.01,2686.2000000000003,44 m 46 s
154005,89025421,Ivan Siuris,13032335549,Evening Run,nan,2024-12-02 18:09:04+00:00,3632,Run,nan,0.0,4.437869822485207,60.0,13.52,3600.0,1 h 0 m
152285,60155357,Youssef Benzamia,13032413588,Evening Run,nan,2024-12-02 17:20:17+00:00,1841,Run,"Nice, France",0.0,4.555386949924127,30.02,6.59,1801.2,30 m 1 s
152419,60155357,Youssef Benzamia,13032413588,Evening Run,nan,2024-12-02 17:20:17+00:00,1841,Run,"Nice, France",0.0,4.555386949924127,30.02,6.59,1801.2,30 m 1 s
152283,60155357,Youssef Benzamia,13032414044,Evening Run,nan,2024-12-02 18:11:56+00:00,15,Run,nan,0.0,2.5,0.25,0.1,15.0,15 s
152417,60155357,Youssef Benzamia,13032414044,Evening Run,nan,2024-12-02 18:11:56+00:00,15,Run,nan,0.0,2.5,0.25,0.1,15.0,15 s
152284,60155357,Youssef Benzamia,13032414303,Evening Run,nan,2024-12-02 18:11:12+00:00,16,Run,nan,0.0,3.0000000000000004,0.27,0.09,16.200000000000003,16 s
152418,60155357,Youssef Benzamia,13032414303,Evening Run,nan,2024-12-02 18:11:12+00:00,16,Run,nan,0.0,3.0000000000000004,0.27,0.09,16.200000000000003,16 s
152282,60155357,Youssef Benzamia,13032416104,Evening Run,nan,2024-12-02 18:13:46+00:00,937,Run,nan,0.0,3.98005698005698,13.97,3.51,838.2,13 m 58 s
152416,60155357,Youssef Benzamia,13032416104,Evening Run,nan,2024-12-02 18:13:46+00:00,937,Run,nan,0.0,3.98005698005698,13.97,3.51,838.2,13 m 58 s
152281,60155357,Youssef Benzamia,13032416521,Evening Run,nan,2024-12-02 18:31:49+00:00,138,Run,"Nice, France",0.0,4.6,2.3,0.5,138.0,2 m 18 s
152415,60155357,Youssef Benzamia,13032416521,Evening Run,nan,2024-12-02 18:31:49+00:00,138,Run,"Nice, France",0.0,4.6,2.3,0.5,138.0,2 m 18 s
153917,99038751,Salim Keddar,13033141150,Morning Run,nan,2024-11-20 09:04:47+00:00,2342,Run,"Marly-le-Roi, France",0.0,4.390326209223847,39.03,8.89,2341.8,39 m 2 s
153916,99038751,Salim Keddar,13033143150,Morning Run,nan,2024-11-20 09:57:00+00:00,33390,Run,nan,0.0,9.214501510574015,61.0,6.62,3660.0,1 h 1 m
153915,99038751,Salim Keddar,13033144035,Afternoon Run,nan,2024-11-22 16:01:27+00:00,1244,Run,"Ain Defla, Algeria",0.0,4.707920792079208,19.02,4.04,1141.2,19 m 1 s
153914,99038751,Salim Keddar,13033144843,Afternoon Run,nan,2024-11-22 16:27:44+00:00,747,Run,"Ain Defla, Algeria",0.0,3.1047381546134662,12.45,4.01,747.0,12 m 27 s
153913,99038751,Salim Keddar,13033145737,Afternoon Run,nan,2024-11-22 16:46:13+00:00,575,Run,"Arib, Algeria",0.0,3.193333333333334,9.58,3.0,574.8,9 m 35 s
153912,99038751,Salim Keddar,13033147606,Morning Run,nan,2024-11-23 08:54:17+00:00,2419,Run,"Ain Defla, Algeria",0.0,3.82,38.2,10.0,2292.0,38 m 12 s
153930,99038751,Salim Keddar,13033149522,Lunch Run,nan,2024-11-25 10:28:58+00:00,2333,Run,"Ain Defla, Algeria",0.0,3.884115884115885,38.88,10.01,2332.8,38 m 53 s
153929,99038751,Salim Keddar,13033152565,Morning Run,nan,2024-11-26 09:55:59+00:00,3372,Run,"Ain Defla, Algeria",0.0,3.685333333333334,55.28,15.0,3316.8,55 m 17 s
153928,99038751,Salim Keddar,13033153064,Lunch Run,nan,2024-11-29 10:02:04+00:00,1219,Run,nan,0.0,4.4943820224719095,20.0,4.45,1200.0,20 m 0 s
153927,99038751,Salim Keddar,13033153881,Lunch Run,nan,2024-11-29 11:02:47+00:00,78,Run,"Montesson, France",0.0,2.549019607843137,1.3,0.51,78.0,1 m 18 s
153926,99038751,Salim Keddar,13033155488,Morning Run,nan,2024-11-30 09:04:38+00:00,2184,Run,"Marly-le-Roi, France",0.0,4.012208657047725,36.15,9.01,2169.0,36 m 9 s
153925,99038751,Salim Keddar,13033158363,Lunch Run,nan,2024-12-01 11:05:12+00:00,3631,Run,"Marly-le-Roi, France",0.0,3.6540803897685743,60.0,16.42,3600.0,1 h 0 m
153924,99038751,Salim Keddar,13033158588,Afternoon Run,nan,2024-12-01 12:16:26+00:00,19,Run,nan,0.0,2.666666666666667,0.32,0.12,19.2,19 s
153935,99038751,Salim Keddar,13033160206,Lunch Run,nan,2024-12-02 10:00:32+00:00,2182,Run,"Marly-le-Roi, France",0.0,4.04111111111111,36.37,9.0,2182.2,36 m 22 s
152537,91049781,Hanna Hermansson,13034091287,Evening Run,Felt good to move the body after a long day of travel yesterday and a full day of job training today,2024-12-02 23:05:11+00:00,3911,Run,"Philadelphia, USA",0.0,4.627329192546584,59.6,12.88,3576.0,59 m 36 s
153707,78680893,Gracelyn Larkin,13034199671,Afternoon Run,nan,2024-12-02 23:38:28+00:00,1497,Run,"Flagstaff, USA",0.0,4.995901639344262,24.38,4.88,1462.8,24 m 23 s
153610,82013388,Logan Measner,13034536158,Evening Run,nan,2024-12-03 01:00:16+00:00,2592,Run,nan,0.0,3.867735470941884,38.6,9.98,2316.0,38 m 36 s
151270,83372861,Kristian Uldbjerg Hansen,13035771073,Morning Run,4x8min /2min🌬️ 3.30 avg (2.5|2.8) Kan mærkes at det er start på uge 4,2024-12-03 06:49:38+00:00,4961,Run,"Emakhazeni Local Municipality, RSA",0.0,4.26479949077021,67.0,15.71,4020.0,1 h 7 m
153222,77830180,Keisuke Yokota,13035950662,Afternoon Run,nan,2024-11-28 06:54:45+00:00,1466,Run,"Asaka, Japan",0.0,4.632211538461538,19.27,4.16,1156.2,19 m 16 s
153220,77830180,Keisuke Yokota,13035950797,Afternoon Run,nan,2024-11-28 08:02:53+00:00,1986,Run,"Nerima, Japan",0.0,5.629166666666666,27.02,4.8,1621.2,27 m 1 s
153221,77830180,Keisuke Yokota,13035950814,Afternoon Run,nan,2024-11-28 07:30:35+00:00,1127,Run,"Nerima, Japan",0.0,3.243523316062176,18.78,5.79,1126.8000000000002,18 m 47 s
153241,77830180,Keisuke Yokota,13035951037,Afternoon Run,nan,2024-12-03 08:40:40+00:00,2491,Run,"Asaka, Japan",0.0,4.764565992865636,40.07,8.41,2404.2,40 m 4 s
151484,60508941,Boniface Kibiwott,13036336391,Morning Run,nan,2024-12-03 06:33:35+00:00,3658,Run,"Ville-la-Grand, France",0.0,4.428044280442804,60.0,13.55,3600.0,1 h 0 m
151570,60508941,Boniface Kibiwott,13036336391,Morning Run,nan,2024-12-03 06:33:35+00:00,3658,Run,"Ville-la-Grand, France",0.0,4.428044280442804,60.0,13.55,3600.0,1 h 0 m
151656,60508941,Boniface Kibiwott,13036336391,Morning Run,nan,2024-12-03 06:33:35+00:00,3658,Run,"Ville-la-Grand, France",0.0,4.428044280442804,60.0,13.55,3600.0,1 h 0 m
153005,69143721,Jonathan Grahn,13036340385,Lunch Run,nan,2024-12-03 10:25:52+00:00,678,Run,"Mölndals kommun, Sweden",0.0,4.02135231316726,11.3,2.81,678.0,11 m 18 s
153004,69143721,Jonathan Grahn,13036986402,Tröskel,3x15min + 5min tröskel.,2024-12-03 10:53:02+00:00,4943,Run,nan,0.0,3.4901599015990157,56.75,16.26,3405.0,56 m 45 s
153003,69143721,Jonathan Grahn,13037168913,Afternoon Run,nan,2024-12-03 12:31:32+00:00,725,Run,"Mölndals kommun, Sweden",0.0,4.71875,12.08,2.56,724.8,12 m 5 s
153802,66783639,Duncan Perrillat,13037332839,Course à pied dans l'après-midi,nan,2024-12-03 12:05:56+00:00,1921,Run,"Valencia, Spain",0.0,4.6608187134502925,31.88,6.84,1912.8,31 m 53 s
153803,66783639,Duncan Perrillat,13037334204,Course à pied dans l'après-midi,nan,2024-12-02 16:08:27+00:00,3005,Run,"Valencia, Spain",0.0,4.956749672346003,37.82,7.63,2269.2,37 m 49 s
152759,69562064,José Carlos Pinto,13037367498,"6km warmup, 1800 meters altitude",nan,2024-12-03 09:41:28+00:00,1552,Run,nan,0.0,4.3116666666666665,25.87,6.0,1552.2,25 m 52 s
152758,69562064,José Carlos Pinto,13037370364,Threshold 20x400 30”rc,"Avg 66.8 W/ Tiago Sabino Strange max bpm, can’t find that peak",2024-12-03 11:00:08+00:00,2046,Run,"Oeiras, Portugal",0.0,3.6215316315205337,32.63,9.01,1957.8,32 m 38 s
152757,69562064,José Carlos Pinto,13037371120,2km cooldown,nan,2024-12-03 11:46:50+00:00,603,Run,"Oeiras, Portugal",0.0,5.025,10.05,2.0,603.0,10 m 3 s
154004,89025421,Ivan Siuris,13037409846,Afternoon Run,nan,2024-12-03 12:05:48+00:00,4203,Run,"Chișinau, Moldova",0.0,4.697508896797153,66.0,14.05,3960.0,1 h 6 m
152858,87287379,Carson Williams,13038066064,Morning Run,nan,2024-12-03 13:17:27+00:00,5449,Run,"Travelers Rest, USA",0.0,3.853325046612803,62.0,16.09,3720.0,1 h 2 m
152916,87287379,Carson Williams,13038066064,Morning Run,nan,2024-12-03 13:17:27+00:00,5449,Run,"Travelers Rest, USA",0.0,3.853325046612803,62.0,16.09,3720.0,1 h 2 m
153706,78680893,Gracelyn Larkin,13038645553,Morning Run,nan,2024-12-03 16:16:26+00:00,1509,Run,"Flagstaff, USA",0.0,4.798767967145791,23.37,4.87,1402.2,23 m 22 s
151269,83372861,Kristian Uldbjerg Hansen,13038784431,Last dance🤑,"20x400m /30s på grasstrack. 73 avg, 3.5|4.4 Pulsmåleren siger vidst det hele..🫠",2024-12-03 14:42:48+00:00,5246,Run,"Emakhazeni Local Municipality, RSA",0.0,4.330446369087276,65.0,15.01,3900.0,1 h 5 m
153404,61783860,Shane Streich,13038893081,WU,nan,2024-12-03 14:55:35+00:00,1282,Run,"Atlanta, USA",0.0,4.359139784946236,20.27,4.65,1216.2,20 m 16 s
153515,61783860,Shane Streich,13038893081,WU,nan,2024-12-03 14:55:35+00:00,1282,Run,"Atlanta, USA",0.0,4.359139784946236,20.27,4.65,1216.2,20 m 16 s
153403,61783860,Shane Streich,13038893084,6x400m + 4x200m,400s @ 67/65/66/66/67/67 w/ 60” RC 6’ RC 200s @ 27.9/28.1/27.5/28.0 w/ 200 jog,2024-12-03 15:49:08+00:00,1440,Run,"Atlanta, USA",0.0,3.6440677966101696,17.2,4.72,1032.0,17 m 12 s
153514,61783860,Shane Streich,13038893084,6x400m + 4x200m,400s @ 67/65/66/66/67/67 w/ 60” RC 6’ RC 200s @ 27.9/28.1/27.5/28.0 w/ 200 jog,2024-12-03 15:49:08+00:00,1440,Run,"Atlanta, USA",0.0,3.6440677966101696,17.2,4.72,1032.0,17 m 12 s
153402,61783860,Shane Streich,13038893382,CD,nan,2024-12-03 16:21:10+00:00,877,Run,"Atlanta, USA",0.0,4.430303030303031,14.62,3.3,877.1999999999999,14 m 37 s
153513,61783860,Shane Streich,13038893382,CD,nan,2024-12-03 16:21:10+00:00,877,Run,"Atlanta, USA",0.0,4.430303030303031,14.62,3.3,877.1999999999999,14 m 37 s
153705,78680893,Gracelyn Larkin,13039302274,Morning Run,3(8x300) w 100 float mile @ t,2024-12-03 17:14:11+00:00,3130,Run,"Flagstaff, USA",0.0,4.278052805280528,51.85,12.12,3111.0,51 m 51 s
150834,63449551,Olivia Markezich,13039386687,Morning Run,"Another week, another longest long run😮‍💨",2024-12-03 16:16:00+00:00,6245,Run,"Boulder County, USA",0.0,4.1010770505385254,99.0,24.14,5940.0,1 h 39 m
150903,63449551,Olivia Markezich,13039386687,Morning Run,"Another week, another longest long run😮‍💨",2024-12-03 16:16:00+00:00,6245,Run,"Boulder County, USA",0.0,4.1010770505385254,99.0,24.14,5940.0,1 h 39 m
150972,63449551,Olivia Markezich,13039386687,Morning Run,"Another week, another longest long run😮‍💨",2024-12-03 16:16:00+00:00,6245,Run,"Boulder County, USA",0.0,4.1010770505385254,99.0,24.14,5940.0,1 h 39 m
151745,79030752,Jack Salisbury,13039545232,Morning Run,nan,2024-12-03 17:06:38+00:00,771,Run,nan,0.0,5.0,12.85,2.57,771.0,12 m 51 s
151744,79030752,Jack Salisbury,13039547195,Morning Workout,nan,2024-12-03 17:37:38+00:00,3604,Workout,nan,0.0,0.0,0.0,1.0,0.0,780 Cal
152756,69562064,José Carlos Pinto,13039811099,2km warmup,nan,2024-12-03 18:01:11+00:00,508,Run,"Oeiras, Portugal",0.0,4.213930348258708,8.47,2.01,508.2000000000001,8 m 28 s
152755,69562064,José Carlos Pinto,13039814048,Threshold 8x1000 50”rc,Avg 2:56,2024-12-03 18:31:27+00:00,1780,Run,"Oeiras, Portugal",0.0,3.498229043683589,29.63,8.47,1777.8,29 m 38 s
153801,66783639,Duncan Perrillat,13039917977,Course à pied en soirée,nan,2024-12-03 17:41:51+00:00,5116,Run,"Valencia, Spain",0.0,4.177545691906006,80.0,19.15,4800.0,1 h 20 m
152754,69562064,José Carlos Pinto,13039931637,2km cooldown,nan,2024-12-03 19:14:46+00:00,619,Run,"Oeiras, Portugal",0.0,5.134328358208956,10.32,2.01,619.2,10 m 19 s
153002,69143721,Jonathan Grahn,13039944346,Evening Run,nan,2024-12-03 18:37:21+00:00,2642,Run,"Mölndals kommun, Sweden",0.0,4.852767962308598,41.2,8.49,2472.0,41 m 12 s
152280,60155357,Youssef Benzamia,13039985111,Evening Run,nan,2024-12-03 17:26:37+00:00,3828,Run,"Nice, France",0.0,4.2,63.0,15.0,3780.0,1 h 3 m
152414,60155357,Youssef Benzamia,13039985111,Evening Run,nan,2024-12-03 17:26:37+00:00,3828,Run,"Nice, France",0.0,4.2,63.0,15.0,3780.0,1 h 3 m
153310,71517556,Mehdi Kadri,13040293745,8k avant muscu,nan,2024-12-02 17:16:30+00:00,2600,Run,"Le Petit-Quevilly, France",0.0,5.03955500618047,40.77,8.09,2446.2000000000003,40 m 46 s
153309,71517556,Mehdi Kadri,13040298017,4x7’30 récup 1’30,nan,2024-12-03 18:21:13+00:00,2091,Run,"Rouen, France",0.0,3.5294117647058822,34.8,9.86,2088.0,34 m 48 s
151483,60508941,Boniface Kibiwott,13040418766,Afternoon Run,nan,2024-12-03 14:38:17+00:00,2525,Run,"Ville-la-Grand, France",0.0,5.114532019704434,41.53,8.12,2491.8,41 m 32 s
151569,60508941,Boniface Kibiwott,13040418766,Afternoon Run,nan,2024-12-03 14:38:17+00:00,2525,Run,"Ville-la-Grand, France",0.0,5.114532019704434,41.53,8.12,2491.8,41 m 32 s
151655,60508941,Boniface Kibiwott,13040418766,Afternoon Run,nan,2024-12-03 14:38:17+00:00,2525,Run,"Ville-la-Grand, France",0.0,5.114532019704434,41.53,8.12,2491.8,41 m 32 s
153704,78680893,Gracelyn Larkin,13040925418,Lunch Run,nan,2024-12-03 18:17:04+00:00,1622,Run,"Flagstaff, USA",0.0,5.161157024793389,24.98,4.84,1498.8,24 m 59 s
153609,82013388,Logan Measner,13041094531,Afternoon Run,nan,2024-12-03 20:47:33+00:00,3393,Run,"Madison, USA",0.0,4.120751341681574,46.07,11.18,2764.2,46 m 4 s
153608,82013388,Logan Measner,13041096024,Afternoon Run,nan,2024-12-03 21:54:04+00:00,1238,Run,"Madison, USA",0.0,3.6324582338902145,15.22,4.19,913.2,15 m 13 s
153401,61783860,Shane Streich,13041356699,Double w/ Sean @ Dusk,Per usual,2024-12-03 22:27:43+00:00,1886,Run,"Cobb County, USA",0.0,4.546583850931677,29.28,6.44,1756.8000000000002,29 m 17 s
153512,61783860,Shane Streich,13041356699,Double w/ Sean @ Dusk,Per usual,2024-12-03 22:27:43+00:00,1886,Run,"Cobb County, USA",0.0,4.546583850931677,29.28,6.44,1756.8000000000002,29 m 17 s
152536,91049781,Hanna Hermansson,13041834754,20x400 /100m jog,With PRTC,2024-12-03 22:56:32+00:00,6394,Run,"Philadelphia, USA",0.0,4.132231404958677,70.0,16.94,4200.0,1 h 10 m
151743,79030752,Jack Salisbury,13041895518,Afternoon Workout,nan,2024-12-03 23:38:59+00:00,3604,Workout,nan,0.0,0.0,0.0,1.0,0.0,837 Cal
150389,98279354,Marco Arop,13041903137,Afternoon Run,5 Training Load -- from COROS,2024-12-03 21:35:21+00:00,690,Run,nan,0.0,6.70886075949367,5.3,0.79,318.0,5 m 18 s
150393,98279354,Marco Arop,13041903193,Afternoon Run,nan,2024-12-02 21:48:05+00:00,118,Run,"Park City, USA",0.0,15.555555555555555,1.4,0.09,84.0,1 m 24 s
150391,98279354,Marco Arop,13041903214,Lunch Run,32 Training Load -- from COROS,2024-12-03 19:18:03+00:00,1701,Run,"Kearns, USA",0.0,5.0602409638554215,25.2,4.98,1512.0,25 m 12 s
150392,98279354,Marco Arop,13041903242,Afternoon Run,90 Training Load -- from COROS,2024-12-02 21:50:22+00:00,2175,Run,"Park City, USA",0.0,4.3003663003663,35.22,8.19,2113.2,35 m 13 s
150390,98279354,Marco Arop,13041903249,Afternoon Run,17 Training Load -- from COROS,2024-12-03 20:48:40+00:00,2466,Run,"Kearns, USA",0.0,10.5,39.9,3.8,2394.0,39 m 54 s
153240,77830180,Keisuke Yokota,13042116943,Morning Run,nan,2024-12-03 22:08:46+00:00,6029,Run,"Wako, Japan",0.0,4.3,86.0,20.0,5160.0,1 h 26 m
150388,98279354,Marco Arop,13042287585,Evening Run,35 Training Load -- from COROS,2024-12-04 02:30:19+00:00,1357,Run,nan,0.0,4.398039215686275,22.43,5.1,1345.8,22 m 26 s
150387,98279354,Marco Arop,13042371292,Evening Weight Training,nan,2024-12-04 03:00:26+00:00,1575,WeightTraining,nan,0.0,0.0,0.0,26.0,0.0,nan
151268,83372861,Kristian Uldbjerg Hansen,13043050562,Morning Run☀️,Pre 🛫 Ses om 3 uger🫡🔒,2024-12-04 06:17:32+00:00,4323,Run,"Emakhazeni Local Municipality, RSA",0.0,4.663557628247835,70.0,15.01,4200.0,1 h 10 m
151894,67065684,Hicham Ouladha,13043085843,Lunch Run,nan,2024-12-03 10:05:18+00:00,4933,Run,"Ameur عامر, Morocco",0.0,3.900732844770153,58.55,15.01,3513.0,58 m 33 s
152009,67065684,Hicham Ouladha,13043085843,Lunch Run,nan,2024-12-03 10:05:18+00:00,4933,Run,"Ameur عامر, Morocco",0.0,3.900732844770153,58.55,15.01,3513.0,58 m 33 s
151893,67065684,Hicham Ouladha,13043086851,Afternoon Run,nan,2024-12-03 16:14:18+00:00,2611,Run,"Ameur عامر, Morocco",0.0,4.347652347652348,43.52,10.01,2611.2000000000003,43 m 31 s
152008,67065684,Hicham Ouladha,13043086851,Afternoon Run,nan,2024-12-03 16:14:18+00:00,2611,Run,"Ameur عامر, Morocco",0.0,4.347652347652348,43.52,10.01,2611.2000000000003,43 m 31 s
152753,69562064,José Carlos Pinto,13043840356,10k at 1800m altitude,nan,2024-12-04 09:38:01+00:00,2527,Run,nan,0.0,4.212,42.12,10.0,2527.2,42 m 7 s
153001,69143721,Jonathan Grahn,13043960134,Lunch Run,nan,2024-12-04 10:20:18+00:00,1327,Run,"Mölndals kommun, Sweden",0.0,3.8280373831775703,20.48,5.35,1228.8,20 m 29 s
154003,89025421,Ivan Siuris,13044437188,Lunch Run,nan,2024-12-04 10:24:34+00:00,5574,Run,"Chișinau, Moldova",0.0,4.548286604361371,73.0,16.05,4380.0,1 h 13 m
153000,69143721,Jonathan Grahn,13044625687,Lunch Run,nan,2024-12-04 11:23:30+00:00,3646,Run,"Göteborgs Stad, Sweden",0.0,4.496514329976762,58.05,12.91,3483.0,58 m 3 s
152278,60155357,Youssef Benzamia,13044777282,Lunch Run,nan,2024-12-04 11:36:44+00:00,15,Run,nan,0.0,2.7777777777777777,0.25,0.09,15.0,15 s
152412,60155357,Youssef Benzamia,13044777282,Lunch Run,nan,2024-12-04 11:36:44+00:00,15,Run,nan,0.0,2.7777777777777777,0.25,0.09,15.0,15 s
152279,60155357,Youssef Benzamia,13044777295,Lunch Run,nan,2024-12-04 10:54:58+00:00,1711,Run,nan,0.0,4.484276729559748,28.52,6.36,1711.2,28 m 31 s
152413,60155357,Youssef Benzamia,13044777295,Lunch Run,nan,2024-12-04 10:54:58+00:00,1711,Run,nan,0.0,4.484276729559748,28.52,6.36,1711.2,28 m 31 s
152277,60155357,Youssef Benzamia,13044777844,Lunch Run,nan,2024-12-04 11:37:38+00:00,15,Run,nan,0.0,2.5,0.25,0.1,15.0,15 s
152411,60155357,Youssef Benzamia,13044777844,Lunch Run,nan,2024-12-04 11:37:38+00:00,15,Run,nan,0.0,2.5,0.25,0.1,15.0,15 s
152276,60155357,Youssef Benzamia,13044778679,Lunch Run,nan,2024-12-04 11:43:05+00:00,17,Run,nan,0.0,3.1111111111111116,0.28,0.09,16.8,17 s
152410,60155357,Youssef Benzamia,13044778679,Lunch Run,nan,2024-12-04 11:43:05+00:00,17,Run,nan,0.0,3.1111111111111116,0.28,0.09,16.8,17 s
152275,60155357,Youssef Benzamia,13044779243,Lunch Run,nan,2024-12-04 11:45:30+00:00,811,Run,nan,0.0,3.5877437325905297,12.88,3.59,772.8000000000001,12 m 53 s
152409,60155357,Youssef Benzamia,13044779243,Lunch Run,nan,2024-12-04 11:45:30+00:00,811,Run,nan,0.0,3.5877437325905297,12.88,3.59,772.8000000000001,12 m 53 s
152274,60155357,Youssef Benzamia,13044780021,Afternoon Run,nan,2024-12-04 12:05:27+00:00,272,Run,"Nice, France",0.0,4.53,4.53,1.0,271.8,4 m 32 s
152408,60155357,Youssef Benzamia,13044780021,Afternoon Run,nan,2024-12-04 12:05:27+00:00,272,Run,"Nice, France",0.0,4.53,4.53,1.0,271.8,4 m 32 s
152857,87287379,Carson Williams,13045312202,Tread,nan,2024-12-04 13:25:19+00:00,2711,Run,nan,0.0,4.185840707964601,42.57,10.17,2554.2,42 m 34 s
152915,87287379,Carson Williams,13045312202,Tread,nan,2024-12-04 13:25:19+00:00,2711,Run,nan,0.0,4.185840707964601,42.57,10.17,2554.2,42 m 34 s
151012,99220051,Athanas Kioko,13045365019,Afternoon Run,14 Training Load -- from COROS,2024-12-03 21:18:53+00:00,635,Run,"Winston-Salem, USA",0.0,4.399159663865547,10.47,2.38,628.2,10 m 28 s
151059,99220051,Athanas Kioko,13045365019,Afternoon Run,14 Training Load -- from COROS,2024-12-03 21:18:53+00:00,635,Run,"Winston-Salem, USA",0.0,4.399159663865547,10.47,2.38,628.2,10 m 28 s
151015,99220051,Athanas Kioko,13045365179,Lunch Run,87 Training Load -- from COROS,2024-12-02 17:42:28+00:00,1721,Run,nan,0.0,3.2591093117408905,24.15,7.41,1449.0,24 m 9 s
151062,99220051,Athanas Kioko,13045365179,Lunch Run,87 Training Load -- from COROS,2024-12-02 17:42:28+00:00,1721,Run,nan,0.0,3.2591093117408905,24.15,7.41,1449.0,24 m 9 s
151002,99220051,Athanas Kioko,13045365444,Afternoon Run,38 Training Load -- from COROS,2024-11-29 20:13:57+00:00,1622,Run,"Winston-Salem, USA",0.0,4.012012012012012,26.72,6.66,1603.1999999999998,26 m 43 s
151049,99220051,Athanas Kioko,13045365444,Afternoon Run,38 Training Load -- from COROS,2024-11-29 20:13:57+00:00,1622,Run,"Winston-Salem, USA",0.0,4.012012012012012,26.72,6.66,1603.1999999999998,26 m 43 s
151001,99220051,Athanas Kioko,13045365486,Afternoon Run,4 Training Load -- from COROS,2024-11-29 20:42:19+00:00,186,Run,"Winston-Salem, USA",0.0,3.775,3.02,0.8,181.2,3 m 1 s
151048,99220051,Athanas Kioko,13045365486,Afternoon Run,4 Training Load -- from COROS,2024-11-29 20:42:19+00:00,186,Run,"Winston-Salem, USA",0.0,3.775,3.02,0.8,181.2,3 m 1 s
151013,99220051,Athanas Kioko,13045365510,Afternoon Run,13 Training Load -- from COROS,2024-12-03 20:42:10+00:00,883,Run,"Winston-Salem, USA",0.0,4.802631578947368,14.6,3.04,876.0,14 m 36 s
151060,99220051,Athanas Kioko,13045365510,Afternoon Run,13 Training Load -- from COROS,2024-12-03 20:42:10+00:00,883,Run,"Winston-Salem, USA",0.0,4.802631578947368,14.6,3.04,876.0,14 m 36 s
151016,99220051,Athanas Kioko,13045365569,Lunch Run,5 Training Load -- from COROS,2024-12-02 17:22:25+00:00,1132,Run,nan,0.0,5.153374233128835,8.4,1.63,504.0,8 m 24 s
151063,99220051,Athanas Kioko,13045365569,Lunch Run,5 Training Load -- from COROS,2024-12-02 17:22:25+00:00,1132,Run,nan,0.0,5.153374233128835,8.4,1.63,504.0,8 m 24 s
151014,99220051,Athanas Kioko,13045365586,Morning Run,137 Training Load -- from COROS,2024-12-03 13:37:45+00:00,4283,Run,"Winston-Salem, USA",0.0,3.674948240165631,71.0,19.32,4260.0,1 h 11 m
151061,99220051,Athanas Kioko,13045365586,Morning Run,137 Training Load -- from COROS,2024-12-03 13:37:45+00:00,4283,Run,"Winston-Salem, USA",0.0,3.674948240165631,71.0,19.32,4260.0,1 h 11 m
151017,99220051,Athanas Kioko,13045365765,Morning Run,48 Training Load -- from COROS,2024-12-02 11:07:21+00:00,3213,Run,"Winston-Salem, USA",0.0,4.73581560283688,53.42,11.28,3205.2000000000003,53 m 25 s
151064,99220051,Athanas Kioko,13045365765,Morning Run,48 Training Load -- from COROS,2024-12-02 11:07:21+00:00,3213,Run,"Winston-Salem, USA",0.0,4.73581560283688,53.42,11.28,3205.2000000000003,53 m 25 s
151003,99220051,Athanas Kioko,13045365792,Morning Run,54 Training Load -- from COROS,2024-11-29 13:05:27+00:00,2791,Run,"Winston-Salem, USA",0.0,4.344308560677328,46.18,10.63,2770.8,46 m 11 s
151050,99220051,Athanas Kioko,13045365792,Morning Run,54 Training Load -- from COROS,2024-11-29 13:05:27+00:00,2791,Run,"Winston-Salem, USA",0.0,4.344308560677328,46.18,10.63,2770.8,46 m 11 s
153607,82013388,Logan Measner,13046228681,Morning Run,nan,2024-12-04 15:57:39+00:00,2431,Run,nan,0.0,4.0351966873706,38.98,9.66,2338.7999999999997,38 m 59 s
153800,66783639,Duncan Perrillat,13046256276,Course à pied le midi,nan,2024-12-04 10:39:17+00:00,2961,Run,"Valencia, Spain",0.0,4.776470588235294,48.72,10.2,2923.2,48 m 43 s
153703,78680893,Gracelyn Larkin,13046709712,Morning Run,nan,2024-12-04 16:33:35+00:00,4209,Run,"Flagstaff, USA",0.0,4.729214340198322,62.0,13.11,3720.0,1 h 2 m
150833,63449551,Olivia Markezich,13046805493,Morning Run,+NM drills,2024-12-04 16:14:41+00:00,6500,Run,"Boulder County, USA",0.0,4.385964912280702,60.0,13.68,3600.0,1 h 0 m
150902,63449551,Olivia Markezich,13046805493,Morning Run,+NM drills,2024-12-04 16:14:41+00:00,6500,Run,"Boulder County, USA",0.0,4.385964912280702,60.0,13.68,3600.0,1 h 0 m
150971,63449551,Olivia Markezich,13046805493,Morning Run,+NM drills,2024-12-04 16:14:41+00:00,6500,Run,"Boulder County, USA",0.0,4.385964912280702,60.0,13.68,3600.0,1 h 0 m
152999,69143721,Jonathan Grahn,13046833045,Evening Elliptical,nan,2024-12-04 17:57:44+00:00,705,Elliptical,nan,0.0,0.0,0.0,11.0,0.0,115 bpm
151363,64360338,Hamza Sahli,13046856437,Evening Swim,nan,2024-12-04 17:23:11+00:00,1974,Swim,nan,0.0,0.0,0.0,32.0,0.0,141 bpm
153798,66783639,Duncan Perrillat,13046961740,Course à pied en soirée,nan,2024-12-04 17:03:52+00:00,4939,Run,"Valencia, Spain",0.0,4.190675746464118,80.0,19.09,4800.0,1 h 20 m
151892,67065684,Hicham Ouladha,13046965893,Afternoon Run,nan,2024-12-04 15:56:43+00:00,2112,Run,"Ameur عامر, Morocco",0.0,4.394506866416979,35.2,8.01,2112.0,35 m 12 s
152007,67065684,Hicham Ouladha,13046965893,Afternoon Run,nan,2024-12-04 15:56:43+00:00,2112,Run,"Ameur عامر, Morocco",0.0,4.394506866416979,35.2,8.01,2112.0,35 m 12 s
151742,79030752,Jack Salisbury,13047035596,be good or be good at it,"20 min into 40 min of 90 seconds on/30 off, 4 min easy spin then 10x 40 seconds on/20 off. 15 min easy down. lungs aint burn like this since track",2024-12-04 17:00:33+00:00,5707,Workout,nan,0.0,0.0,0.0,1.0,0.0,"1,124 Cal"
151362,64360338,Hamza Sahli,13047048376,Natation le soir,nan,2024-12-04 18:09:20+00:00,1730,Swim,nan,0.0,0.0,0.0,1.0,0.0,2:13 /100m
151010,99220051,Athanas Kioko,13047556561,Afternoon Run,74 Training Load -- from COROS,2024-12-04 19:16:24+00:00,964,Run,nan,0.0,3.36283185840708,15.2,4.52,912.0,15 m 12 s
151057,99220051,Athanas Kioko,13047556561,Afternoon Run,74 Training Load -- from COROS,2024-12-04 19:16:24+00:00,964,Run,nan,0.0,3.36283185840708,15.2,4.52,912.0,15 m 12 s
151011,99220051,Athanas Kioko,13047556565,Afternoon Run,16 Training Load -- from COROS,2024-12-04 18:49:26+00:00,991,Run,"Winston-Salem, USA",0.0,4.6,16.33,3.55,979.8,16 m 20 s
151058,99220051,Athanas Kioko,13047556565,Afternoon Run,16 Training Load -- from COROS,2024-12-04 18:49:26+00:00,991,Run,"Winston-Salem, USA",0.0,4.6,16.33,3.55,979.8,16 m 20 s
154002,89025421,Ivan Siuris,13047559901,Night Run,nan,2024-12-04 19:11:41+00:00,1929,Run,nan,0.0,4.5928571428571425,32.15,7.0,1929.0,32 m 9 s
154220,74338147,Erin Strzelecki,13047654936,Afternoon Run,nan,2024-12-02 21:04:05+00:00,3167,Run,"Saint Joseph County, USA",0.0,4.570545829042224,44.38,9.71,2662.8,44 m 23 s
154219,74338147,Erin Strzelecki,13047655311,Afternoon Run,nan,2024-12-02 22:00:11+00:00,204,Run,nan,0.0,4.732142857142857,2.65,0.56,159.0,2 m 39 s
154218,74338147,Erin Strzelecki,13047655947,Afternoon Run,nan,2024-12-03 20:35:17+00:00,1106,Run,"Saint Joseph County, USA",0.0,4.5,15.75,3.5,945.0,15 m 45 s
154217,74338147,Erin Strzelecki,13047657119,Afternoon Run,nan,2024-12-03 21:16:29+00:00,1701,Run,nan,0.0,4.060165975103734,19.57,4.82,1174.2,19 m 34 s
154216,74338147,Erin Strzelecki,13047658123,Afternoon Run,nan,2024-12-03 21:53:57+00:00,3022,Run,"Saint Joseph County, USA",0.0,5.774122807017544,26.33,4.56,1579.8,26 m 20 s
152752,69562064,José Carlos Pinto,13047697628,Chill 10k,nan,2024-12-04 18:33:42+00:00,2774,Run,"Oeiras, Portugal",0.0,4.372,43.72,10.0,2623.2,43 m 43 s
152856,87287379,Carson Williams,13048504472,Tread 2,It’s too cold,2024-12-04 22:02:43+00:00,1651,Run,nan,0.0,4.16338880484115,27.52,6.61,1651.2,27 m 31 s
152914,87287379,Carson Williams,13048504472,Tread 2,It’s too cold,2024-12-04 22:02:43+00:00,1651,Run,nan,0.0,4.16338880484115,27.52,6.61,1651.2,27 m 31 s
151009,99220051,Athanas Kioko,13048580003,Afternoon Run,49 Training Load -- from COROS,2024-12-04 21:53:09+00:00,2474,Run,"Winston-Salem, USA",0.0,4.263702171664943,41.23,9.67,2473.7999999999997,41 m 14 s
151056,99220051,Athanas Kioko,13048580003,Afternoon Run,49 Training Load -- from COROS,2024-12-04 21:53:09+00:00,2474,Run,"Winston-Salem, USA",0.0,4.263702171664943,41.23,9.67,2473.7999999999997,41 m 14 s
153400,61783860,Shane Streich,13048673384,Heat Training,On the tready.,2024-12-04 20:21:52+00:00,3758,Run,nan,0.0,4.681504221028396,61.0,13.03,3660.0,1 h 1 m
153511,61783860,Shane Streich,13048673384,Heat Training,On the tready.,2024-12-04 20:21:52+00:00,3758,Run,nan,0.0,4.681504221028396,61.0,13.03,3660.0,1 h 1 m
150832,63449551,Olivia Markezich,13048953779,Double,nan,2024-12-04 23:32:56+00:00,1380,Run,"Boulder, USA",0.0,4.603305785123967,22.28,4.84,1336.8000000000002,22 m 17 s
150901,63449551,Olivia Markezich,13048953779,Double,nan,2024-12-04 23:32:56+00:00,1380,Run,"Boulder, USA",0.0,4.603305785123967,22.28,4.84,1336.8000000000002,22 m 17 s
150970,63449551,Olivia Markezich,13048953779,Double,nan,2024-12-04 23:32:56+00:00,1380,Run,"Boulder, USA",0.0,4.603305785123967,22.28,4.84,1336.8000000000002,22 m 17 s
151741,79030752,Jack Salisbury,13049195741,Afternoon Workout,nan,2024-12-05 00:27:25+00:00,1810,Workout,nan,0.0,0.0,0.0,30.0,0.0,411 Cal
153606,82013388,Logan Measner,13049281434,Evening Run,nan,2024-12-05 00:38:54+00:00,2175,Run,nan,0.0,3.7525879917184266,36.25,9.66,2175.0,36 m 15 s
153239,77830180,Keisuke Yokota,13049357683,Morning Run,nan,2024-12-05 01:15:23+00:00,1313,Run,"Asaka, Japan",0.0,4.505307855626326,21.22,4.71,1273.1999999999998,21 m 13 s
153238,77830180,Keisuke Yokota,13049410390,Morning Run,nan,2024-12-05 01:54:28+00:00,81,Run,"Nerima, Japan",0.0,3.375,1.35,0.4,81.0,1 m 21 s
153237,77830180,Keisuke Yokota,13049444720,Lunch Run,nan,2024-12-05 02:01:19+00:00,392,Run,"Nerima, Japan",0.0,3.248756218905473,6.53,2.01,391.8,6 m 32 s
153236,77830180,Keisuke Yokota,13049480481,Lunch Run,nan,2024-12-05 02:11:01+00:00,450,Run,"Nerima, Japan",0.0,3.4246575342465753,7.5,2.19,450.0,7 m 30 s
153235,77830180,Keisuke Yokota,13049654654,Lunch Run,nan,2024-12-05 02:59:08+00:00,1340,Run,"Wako, Japan",0.0,4.842818428184282,17.87,3.69,1072.2,17 m 52 s
153799,66783639,Duncan Perrillat,13049670556,Course à pied en soirée,nan,2024-12-04 17:03:51+00:00,2123,Run,"Valencia, Spain",0.0,5.196969696969697,34.3,6.6,2058.0,34 m 18 s
152998,69143721,Jonathan Grahn,13050503750,Morning Run,nan,2024-12-05 08:16:36+00:00,722,Run,"Mölndals kommun, Sweden",0.0,4.26595744680851,12.03,2.82,721.8,12 m 2 s
152997,69143721,Jonathan Grahn,13050817816,Morgontröskel,2x15min Väldigt givmild fart. Minus 2 km om vi ska vara ärliga.,2024-12-05 08:44:41+00:00,2841,Run,nan,0.0,2.9503205128205128,36.82,12.48,2209.2,36 m 49 s
152996,69143721,Jonathan Grahn,13050915612,Morning Run,nan,2024-12-05 09:54:46+00:00,708,Run,"Mölndals kommun, Sweden",0.0,4.609375,11.8,2.56,708.0,11 m 48 s
154001,89025421,Ivan Siuris,13051208350,Lunch Run,nan,2024-12-05 10:06:32+00:00,3371,Run,"Chișinau, Moldova",0.0,4.805194805194805,48.1,10.01,2886.0,48 m 6 s
153234,77830180,Keisuke Yokota,13051278675,Evening Run,nan,2024-12-05 10:10:43+00:00,3527,Run,"Asaka, Japan",0.0,4.424980959634425,58.1,13.13,3486.0,58 m 6 s
151361,64360338,Hamza Sahli,13051354638,Lunch Run,nan,2024-12-05 10:20:46+00:00,3536,Run,"Louviers, France",0.0,6.514983351831299,58.7,9.01,3522.0,58 m 42 s
152596,81785282,Nico Boketta,13051768137,Morning Run,nan,2024-12-04 08:20:05+00:00,3777,Run,"Tlokwe Local Municipality, RSA",0.0,5.083333333333333,61.0,12.0,3660.0,1 h 1 m
152632,81785282,Nico Boketta,13051768137,Morning Run,nan,2024-12-04 08:20:05+00:00,3777,Run,"Tlokwe Local Municipality, RSA",0.0,5.083333333333333,61.0,12.0,3660.0,1 h 1 m
152595,81785282,Nico Boketta,13051768889,Morning Run,nan,2024-12-05 08:21:06+00:00,777,Run,"Tlokwe Local Municipality, RSA",0.0,4.316666666666666,12.95,3.0,777.0,12 m 57 s
152631,81785282,Nico Boketta,13051768889,Morning Run,nan,2024-12-05 08:21:06+00:00,777,Run,"Tlokwe Local Municipality, RSA",0.0,4.316666666666666,12.95,3.0,777.0,12 m 57 s
153797,66783639,Duncan Perrillat,13052127362,Course à pied le midi,nan,2024-12-05 11:52:09+00:00,2518,Run,"Valencia, Spain",0.0,4.343717549325025,41.83,9.63,2509.7999999999997,41 m 50 s
152751,69562064,José Carlos Pinto,13052562164,6k at 1800 meters,nan,2024-12-05 09:43:12+00:00,1598,Run,nan,0.0,4.4383333333333335,26.63,6.0,1597.8,26 m 38 s
152750,69562064,José Carlos Pinto,13052563684,💩 day,"Planned - 2000/1600/1200/800/400 Reality - 2000/1600/400 Bad feelings, body and mind didn’t wanted to cooperate",2024-12-05 11:26:02+00:00,1875,Run,"Oeiras, Portugal",0.0,6.813186813186814,31.0,4.55,1860.0,31 m 0 s
152749,69562064,José Carlos Pinto,13052564122,2km cooldown,nan,2024-12-05 12:06:35+00:00,551,Run,"Oeiras, Portugal",0.0,4.59,9.18,2.0,550.8,9 m 11 s
152594,81785282,Nico Boketta,13052748074,Afternoon Run,nan,2024-12-05 14:51:57+00:00,2007,Run,"Tlokwe Local Municipality, RSA",0.0,4.09375,32.75,8.0,1965.0,32 m 45 s
152630,81785282,Nico Boketta,13052748074,Afternoon Run,nan,2024-12-05 14:51:57+00:00,2007,Run,"Tlokwe Local Municipality, RSA",0.0,4.09375,32.75,8.0,1965.0,32 m 45 s
152535,91049781,Hanna Hermansson,13053516765,Morning Run,nan,2024-12-05 17:15:02+00:00,1429,Run,nan,0.0,4.854771784232365,23.4,4.82,1404.0,23 m 24 s
151267,83372861,Kristian Uldbjerg Hansen,13053523294,Afternoon Run🇩🇰,"4x2k/60s 3:19/17/19/17 Lidt doms efter rejsen, ellers god følelse og dejligt med GF igen 🫡",2024-12-05 16:19:45+00:00,5134,Run,"Aarhus Municipality, Denmark",0.0,4.199475065616798,64.0,15.24,3840.0,1 h 4 m
153702,78680893,Gracelyn Larkin,13053584575,Morning Run,nan,2024-12-05 16:27:49+00:00,2892,Run,"Flagstaff, USA",0.0,4.514750762970499,44.38,9.83,2662.8,44 m 23 s
150831,63449551,Olivia Markezich,13053741574,200s and hills,nan,2024-12-05 16:14:26+00:00,7286,Run,"Boulder County, USA",0.0,4.862907397827212,94.0,19.33,5640.0,1 h 34 m
150900,63449551,Olivia Markezich,13053741574,200s and hills,nan,2024-12-05 16:14:26+00:00,7286,Run,"Boulder County, USA",0.0,4.862907397827212,94.0,19.33,5640.0,1 h 34 m
150969,63449551,Olivia Markezich,13053741574,200s and hills,nan,2024-12-05 16:14:26+00:00,7286,Run,"Boulder County, USA",0.0,4.862907397827212,94.0,19.33,5640.0,1 h 34 m
152273,60155357,Youssef Benzamia,13054089985,Evening Run,nan,2024-12-05 17:10:53+00:00,2673,Run,nan,0.0,4.459459459459459,44.55,9.99,2673.0,44 m 33 s
152407,60155357,Youssef Benzamia,13054089985,Evening Run,nan,2024-12-05 17:10:53+00:00,2673,Run,nan,0.0,4.459459459459459,44.55,9.99,2673.0,44 m 33 s
152995,69143721,Jonathan Grahn,13054178030,Eftermiddagströskel,800:ingar och 300:ingar,2024-12-05 16:07:59+00:00,6649,Run,"Mölndals kommun, Sweden",0.0,4.2105263157894735,76.0,18.05,4560.0,1 h 16 m
152994,69143721,Jonathan Grahn,13054178660,Efter styrka nerjogg,nan,2024-12-05 19:07:49+00:00,736,Run,"Mölndals kommun, Sweden",0.0,4.755813953488372,12.27,2.58,736.1999999999999,12 m 16 s
153108,73659831,Evan Jenkins,13054212906,Afternoon Run,nan,2024-12-03 22:05:21+00:00,375,Run,"Seattle, USA",0.0,3.881987577639751,6.25,1.61,375.0,6 m 15 s
153109,73659831,Evan Jenkins,13054214092,Afternoon Run,nan,2024-12-03 21:13:35+00:00,2263,Run,"Seattle, USA",0.0,3.868393782383419,37.33,9.65,2239.7999999999997,37 m 20 s
153101,73659831,Evan Jenkins,13054214094,Afternoon Run,nan,2024-11-30 21:25:08+00:00,2769,Run,"Eugene, USA",0.0,4.505175983436853,43.52,9.66,2611.2000000000003,43 m 31 s
153107,73659831,Evan Jenkins,13054214152,Afternoon Run,nan,2024-12-04 22:44:37+00:00,4555,Run,"Seattle, USA",0.0,4.037267080745341,65.0,16.1,3900.0,1 h 5 m
153106,73659831,Evan Jenkins,13054214260,Morning Run,nan,2024-12-05 18:11:22+00:00,3896,Run,"Seattle, USA",0.0,3.915475450590429,63.0,16.09,3780.0,1 h 3 m
151008,99220051,Athanas Kioko,13054315371,Lunch Run,104 Training Load -- from COROS,2024-12-05 16:49:51+00:00,5355,Run,"Winston-Salem, USA",0.0,4.322200392927309,88.0,20.36,5280.0,1 h 28 m
151055,99220051,Athanas Kioko,13054315371,Lunch Run,104 Training Load -- from COROS,2024-12-05 16:49:51+00:00,5355,Run,"Winston-Salem, USA",0.0,4.322200392927309,88.0,20.36,5280.0,1 h 28 m
153308,71517556,Mehdi Kadri,13054418484,30x30/30 cool avec Flav,nan,2024-12-04 09:44:59+00:00,4048,Run,"Saint-Étienne-du-Rouvray, France",0.0,4.710920770877944,66.0,14.01,3960.0,1 h 6 m
153307,71517556,Mehdi Kadri,13054419528,"Les ganglions, le nez, les jambes chargées on s’en fout on borne quand même",nan,2024-12-05 09:49:37+00:00,4371,Run,"Le Grand-Quevilly, France",0.0,4.825174825174825,48.3,10.01,2898.0,48 m 18 s
153306,71517556,Mehdi Kadri,13054420265,La spéciale MK mais allure Khaled,10k en 33’33,2024-12-05 18:06:18+00:00,2014,Run,"Sotteville-lès-Rouen, France",0.0,3.3977732793522266,33.57,9.88,2014.2,33 m 34 s
152748,69562064,José Carlos Pinto,13054520105,Corrida ao entardecer,nan,2024-12-05 18:11:50+00:00,1875,Run,"Oeiras, Portugal",0.0,3.786516853932584,30.33,8.01,1819.8,30 m 20 s
150385,98279354,Marco Arop,13054845818,Afternoon Run,39 Training Load -- from COROS,2024-12-05 20:46:09+00:00,1224,Run,"South Snyderville Basin, USA",0.0,4.693735498839907,20.23,4.31,1213.8,20 m 14 s
150386,98279354,Marco Arop,13054850208,Evening Run,68 Training Load -- from COROS,2024-12-05 01:45:59+00:00,2724,Run,nan,0.0,4.2754036087369425,45.02,10.53,2701.2000000000003,45 m 1 s
153701,78680893,Gracelyn Larkin,13055203157,Afternoon Run,nan,2024-12-05 22:01:24+00:00,2034,Run,"Flagstaff, USA",0.0,4.554347826086956,29.33,6.44,1759.8,29 m 20 s
152855,87287379,Carson Williams,13055222103,Afternoon Run,nan,2024-12-05 20:58:30+00:00,3375,Run,"Cambridge, USA",0.0,4.136328427575522,53.4,12.91,3204.0,53 m 24 s
152913,87287379,Carson Williams,13055222103,Afternoon Run,nan,2024-12-05 20:58:30+00:00,3375,Run,"Cambridge, USA",0.0,4.136328427575522,53.4,12.91,3204.0,53 m 24 s
153604,82013388,Logan Measner,13055234261,Afternoon Run,nan,2024-12-05 20:58:42+00:00,2117,Run,"Madison, USA",0.0,4.115246098439376,34.28,8.33,2056.8,34 m 17 s
153605,82013388,Logan Measner,13055234526,Afternoon Run,nan,2024-12-05 21:38:01+00:00,506,Run,nan,0.0,3.7466666666666666,8.43,2.25,505.7999999999999,8 m 26 s
153233,77830180,Keisuke Yokota,13055857418,Morning Run,nan,2024-12-05 21:48:15+00:00,6207,Run,"Asaka, Japan",0.0,4.643370033508856,97.0,20.89,5820.0,1 h 37 m
153232,77830180,Keisuke Yokota,13055858104,Morning Run,nan,2024-12-06 00:41:48+00:00,722,Run,"Asaka, Japan",0.0,5.816993464052287,8.9,1.53,534.0,8 m 54 s
152534,91049781,Hanna Hermansson,13055919623,Warm-up in the last light,nan,2024-12-06 00:53:07+00:00,1375,Run,"Los Angeles, USA",0.0,4.72463768115942,22.82,4.83,1369.2,22 m 49 s
152533,91049781,Hanna Hermansson,13056140745,Treadmill threshold + cd,"10-8-6-4-2min /1min 6:00-5:52-5:42-5:36-5:27pace 1.5, 1.5, 2.0 mml after 10’, 8’ and 2’.",2024-12-06 01:32:53+00:00,3289,Run,nan,0.0,4.131438721136767,46.52,11.26,2791.2000000000003,46 m 31 s
150384,98279354,Marco Arop,13056200161,Evening Run,60 Training Load -- from COROS,2024-12-06 02:19:07+00:00,1855,Run,"Park City, USA",0.0,4.8462757527733755,30.58,6.31,1834.8,30 m 35 s
151477,60508941,Boniface Kibiwott,13056898015,Morning Run,nan,2024-12-06 06:31:14+00:00,3397,Run,"Ville-la-Grand, France",0.0,4.2166416791604195,56.25,13.34,3375.0,56 m 15 s
151563,60508941,Boniface Kibiwott,13056898015,Morning Run,nan,2024-12-06 06:31:14+00:00,3397,Run,"Ville-la-Grand, France",0.0,4.2166416791604195,56.25,13.34,3375.0,56 m 15 s
151649,60508941,Boniface Kibiwott,13056898015,Morning Run,nan,2024-12-06 06:31:14+00:00,3397,Run,"Ville-la-Grand, France",0.0,4.2166416791604195,56.25,13.34,3375.0,56 m 15 s
151478,60508941,Boniface Kibiwott,13056898205,Afternoon Run,nan,2024-12-05 14:36:43+00:00,2808,Run,"Ville-la-Grand, France",0.0,4.6177644710578845,46.27,10.02,2776.2000000000003,46 m 16 s
151564,60508941,Boniface Kibiwott,13056898205,Afternoon Run,nan,2024-12-05 14:36:43+00:00,2808,Run,"Ville-la-Grand, France",0.0,4.6177644710578845,46.27,10.02,2776.2000000000003,46 m 16 s
151650,60508941,Boniface Kibiwott,13056898205,Afternoon Run,nan,2024-12-05 14:36:43+00:00,2808,Run,"Ville-la-Grand, France",0.0,4.6177644710578845,46.27,10.02,2776.2000000000003,46 m 16 s
151479,60508941,Boniface Kibiwott,13056898401,Morning Run,nan,2024-12-05 06:46:46+00:00,2862,Run,"Ville-la-Grand, France",0.0,5.222587719298247,47.63,9.12,2857.8,47 m 38 s
151565,60508941,Boniface Kibiwott,13056898401,Morning Run,nan,2024-12-05 06:46:46+00:00,2862,Run,"Ville-la-Grand, France",0.0,5.222587719298247,47.63,9.12,2857.8,47 m 38 s
151651,60508941,Boniface Kibiwott,13056898401,Morning Run,nan,2024-12-05 06:46:46+00:00,2862,Run,"Ville-la-Grand, France",0.0,5.222587719298247,47.63,9.12,2857.8,47 m 38 s
151480,60508941,Boniface Kibiwott,13056898592,Evening Run,nan,2024-12-04 18:01:54+00:00,2376,Run,"Geneva, Switzerland",0.0,5.028213166144201,32.08,6.38,1924.8,32 m 5 s
151566,60508941,Boniface Kibiwott,13056898592,Evening Run,nan,2024-12-04 18:01:54+00:00,2376,Run,"Geneva, Switzerland",0.0,5.028213166144201,32.08,6.38,1924.8,32 m 5 s
151652,60508941,Boniface Kibiwott,13056898592,Evening Run,nan,2024-12-04 18:01:54+00:00,2376,Run,"Geneva, Switzerland",0.0,5.028213166144201,32.08,6.38,1924.8,32 m 5 s
151481,60508941,Boniface Kibiwott,13056898847,Evening Run,nan,2024-12-04 17:12:27+00:00,1701,Run,"Geneva, Switzerland",0.0,4.484126984126984,28.25,6.3,1695.0,28 m 15 s
151567,60508941,Boniface Kibiwott,13056898847,Evening Run,nan,2024-12-04 17:12:27+00:00,1701,Run,"Geneva, Switzerland",0.0,4.484126984126984,28.25,6.3,1695.0,28 m 15 s
151653,60508941,Boniface Kibiwott,13056898847,Evening Run,nan,2024-12-04 17:12:27+00:00,1701,Run,"Geneva, Switzerland",0.0,4.484126984126984,28.25,6.3,1695.0,28 m 15 s
151482,60508941,Boniface Kibiwott,13056899076,Morning Run,nan,2024-12-04 06:32:02+00:00,2556,Run,"Ville-la-Grand, France",0.0,4.161417322834645,42.28,10.16,2536.8,42 m 17 s
151568,60508941,Boniface Kibiwott,13056899076,Morning Run,nan,2024-12-04 06:32:02+00:00,2556,Run,"Ville-la-Grand, France",0.0,4.161417322834645,42.28,10.16,2536.8,42 m 17 s
151654,60508941,Boniface Kibiwott,13056899076,Morning Run,nan,2024-12-04 06:32:02+00:00,2556,Run,"Ville-la-Grand, France",0.0,4.161417322834645,42.28,10.16,2536.8,42 m 17 s
151266,83372861,Kristian Uldbjerg Hansen,13057532287,Morning Run,Med Andy❤️,2024-12-06 09:17:30+00:00,3098,Run,"Aarhus Municipality, Denmark",0.0,4.70059880239521,47.1,10.02,2826.0,47 m 6 s
152993,69143721,Jonathan Grahn,13059020859,Afternoon Run,nan,2024-12-06 13:47:12+00:00,955,Run,"Mölndals kommun, Sweden",0.0,4.627976190476191,15.55,3.36,933.0,15 m 33 s
154000,89025421,Ivan Siuris,13059067790,Lunch Weight Training,nan,2024-12-06 10:16:26+00:00,4878,WeightTraining,nan,0.0,0.0,0.0,1.0,0.0,594 Cal
151891,67065684,Hicham Ouladha,13059287868,Afternoon Run,nan,2024-12-05 15:44:03+00:00,1329,Run,"Salé, Morocco",0.0,4.782222222222222,21.52,4.5,1291.2,21 m 31 s
152006,67065684,Hicham Ouladha,13059287868,Afternoon Run,nan,2024-12-05 15:44:03+00:00,1329,Run,"Salé, Morocco",0.0,4.782222222222222,21.52,4.5,1291.2,21 m 31 s
151890,67065684,Hicham Ouladha,13059292452,Afternoon Run,nan,2024-12-05 16:20:44+00:00,5859,Run,"Salé, Morocco",0.0,3.1939413895291406,97.0,30.37,5820.0,1 h 37 m
152005,67065684,Hicham Ouladha,13059292452,Afternoon Run,nan,2024-12-05 16:20:44+00:00,5859,Run,"Salé, Morocco",0.0,3.1939413895291406,97.0,30.37,5820.0,1 h 37 m
151889,67065684,Hicham Ouladha,13059293579,Morning Run,nan,2024-12-06 09:57:02+00:00,3561,Run,"Tabriquet تابريكت, Morocco",0.0,4.7463999999999995,59.33,12.5,3559.7999999999997,59 m 20 s
152004,67065684,Hicham Ouladha,13059293579,Morning Run,nan,2024-12-06 09:57:02+00:00,3561,Run,"Tabriquet تابريكت, Morocco",0.0,4.7463999999999995,59.33,12.5,3559.7999999999997,59 m 20 s
152992,69143721,Jonathan Grahn,13059623236,Afternoon Run,nan,2024-12-06 15:39:13+00:00,850,Run,"Mölndals kommun, Sweden",0.0,4.69205298013245,14.17,3.02,850.2,14 m 10 s
152532,91049781,Hanna Hermansson,13059721543,Morning Run,nan,2024-12-06 15:10:52+00:00,3635,Run,"Los Angeles, USA",0.0,4.658385093167702,60.0,12.88,3600.0,1 h 0 m
151819,61174400,Jack Higgins,13059805839,Bike,nan,2024-12-06 15:09:28+00:00,4620,Ride,nan,0.0,2.9718255499807023,77.0,25.91,4620.0,1 h 17 m
151265,83372861,Kristian Uldbjerg Hansen,13059980522,Afternoon Run,♨️,2024-12-06 15:57:26+00:00,2821,Run,nan,0.0,4.419172932330827,47.02,10.64,2821.2000000000003,47 m 1 s
153305,71517556,Mehdi Kadri,13060155203,10k,nan,2024-12-06 16:43:33+00:00,2680,Run,"Le Grand-Quevilly, France",0.0,4.442424242424242,43.98,9.9,2638.7999999999997,43 m 59 s
150830,63449551,Olivia Markezich,13060328680,Morning Run,nan,2024-12-06 16:44:59+00:00,3515,Run,"Boulder, USA",0.0,4.404503105590061,56.73,12.88,3403.7999999999997,56 m 44 s
150899,63449551,Olivia Markezich,13060328680,Morning Run,nan,2024-12-06 16:44:59+00:00,3515,Run,"Boulder, USA",0.0,4.404503105590061,56.73,12.88,3403.7999999999997,56 m 44 s
150968,63449551,Olivia Markezich,13060328680,Morning Run,nan,2024-12-06 16:44:59+00:00,3515,Run,"Boulder, USA",0.0,4.404503105590061,56.73,12.88,3403.7999999999997,56 m 44 s
153999,89025421,Ivan Siuris,13060371631,Evening Run,nan,2024-12-06 17:17:09+00:00,2810,Run,nan,0.0,3.9025,46.83,12.0,2809.7999999999997,46 m 50 s
151476,60508941,Boniface Kibiwott,13060456327,Afternoon Run,nan,2024-12-06 14:36:46+00:00,2666,Run,"Ville-la-Grand, France",0.0,5.483790523690773,43.98,8.02,2638.7999999999997,43 m 59 s
151562,60508941,Boniface Kibiwott,13060456327,Afternoon Run,nan,2024-12-06 14:36:46+00:00,2666,Run,"Ville-la-Grand, France",0.0,5.483790523690773,43.98,8.02,2638.7999999999997,43 m 59 s
151648,60508941,Boniface Kibiwott,13060456327,Afternoon Run,nan,2024-12-06 14:36:46+00:00,2666,Run,"Ville-la-Grand, France",0.0,5.483790523690773,43.98,8.02,2638.7999999999997,43 m 59 s
151360,64360338,Hamza Sahli,13060579875,Evening Swim,nan,2024-12-06 18:07:36+00:00,2207,Swim,nan,0.0,0.0,0.0,36.0,0.0,149 bpm
151359,64360338,Hamza Sahli,13060721993,Natation le soir,nan,2024-12-06 18:19:58+00:00,2060,Swim,nan,0.0,0.0,0.0,1.0,0.0,2:17 /100m
151740,79030752,Jack Salisbury,13060851898,Morning Swim,i swear this was 127 avg hr not 117. 117 elapsed hr with a bathroom break in the middle,2024-12-06 17:53:03+00:00,4879,Swim,nan,0.0,0.0,0.0,3.0,0.0,1:53 /100m
153603,82013388,Logan Measner,13061198586,Afternoon Run,nan,2024-12-06 20:57:32+00:00,436,Run,"Chicago, USA",0.0,4.3273809523809526,7.27,1.68,436.2,7 m 16 s
154215,74338147,Erin Strzelecki,13061242491,Afternoon Run,nan,2024-12-06 20:41:05+00:00,2237,Run,"Boston, USA",0.0,4.488833746898263,36.18,8.06,2170.8,36 m 11 s
153399,61783860,Shane Streich,13061379380,Warm Up,nan,2024-12-05 14:25:30+00:00,1542,Run,"Atlanta, USA",0.0,4.587155963302752,20.0,4.36,1200.0,20 m 0 s
153510,61783860,Shane Streich,13061379380,Warm Up,nan,2024-12-05 14:25:30+00:00,1542,Run,"Atlanta, USA",0.0,4.587155963302752,20.0,4.36,1200.0,20 m 0 s
153398,61783860,Shane Streich,13061380190,Tune Up,2x400m @ 69/71 w/ 60” RC 4’ RC 300m @ 43.3 3’ RC 2x200m @ 26.5/26.9 w/ 200 jog Really light sesh prepping for Saturday. Chilly day but still spun the legs,2024-12-05 15:32:38+00:00,843,Run,"Atlanta, USA",0.0,4.1020408163265305,10.05,2.45,603.0,10 m 3 s
153509,61783860,Shane Streich,13061380190,Tune Up,2x400m @ 69/71 w/ 60” RC 4’ RC 300m @ 43.3 3’ RC 2x200m @ 26.5/26.9 w/ 200 jog Really light sesh prepping for Saturday. Chilly day but still spun the legs,2024-12-05 15:32:38+00:00,843,Run,"Atlanta, USA",0.0,4.1020408163265305,10.05,2.45,603.0,10 m 3 s
153397,61783860,Shane Streich,13061381211,Cool Down,nan,2024-12-05 15:55:59+00:00,621,Run,"Atlanta, USA",0.0,4.683720930232559,10.07,2.15,604.2,10 m 4 s
153508,61783860,Shane Streich,13061381211,Cool Down,nan,2024-12-05 15:55:59+00:00,621,Run,"Atlanta, USA",0.0,4.683720930232559,10.07,2.15,604.2,10 m 4 s
153396,61783860,Shane Streich,13061381984,Double,nan,2024-12-05 22:33:06+00:00,1426,Run,"Cobb County, USA",0.0,4.40618556701031,21.37,4.85,1282.2,21 m 22 s
153507,61783860,Shane Streich,13061381984,Double,nan,2024-12-05 22:33:06+00:00,1426,Run,"Cobb County, USA",0.0,4.40618556701031,21.37,4.85,1282.2,21 m 22 s
153395,61783860,Shane Streich,13061383130,Pre Meet,15’ wu 2x400 @ 78/75 2x200 @ 28.5/28.5 2x100 @ the Ott Center in Philly post travel,2024-12-06 19:53:21+00:00,3154,Run,"Philadelphia, USA",0.0,4.282051282051282,23.38,5.46,1402.8,23 m 23 s
153506,61783860,Shane Streich,13061383130,Pre Meet,15’ wu 2x400 @ 78/75 2x200 @ 28.5/28.5 2x100 @ the Ott Center in Philly post travel,2024-12-06 19:53:21+00:00,3154,Run,"Philadelphia, USA",0.0,4.282051282051282,23.38,5.46,1402.8,23 m 23 s
152854,87287379,Carson Williams,13061443747,Afternoon Run,nan,2024-12-06 20:56:01+00:00,3217,Run,"Cambridge, USA",0.0,4.526372443487621,42.05,9.29,2523.0,42 m 3 s
152912,87287379,Carson Williams,13061443747,Afternoon Run,nan,2024-12-06 20:56:01+00:00,3217,Run,"Cambridge, USA",0.0,4.526372443487621,42.05,9.29,2523.0,42 m 3 s
154214,74338147,Erin Strzelecki,13061451575,Afternoon Run,nan,2024-12-06 21:45:19+00:00,149,Run,nan,0.0,5.342105263157894,2.03,0.38,121.79999999999998,2 m 2 s
150380,98279354,Marco Arop,13061487010,Afternoon Run,13 Training Load -- from COROS,2024-12-06 21:54:37+00:00,925,Run,nan,0.0,10.692857142857145,14.97,1.4,898.2,14 m 58 s
150382,98279354,Marco Arop,13061487013,Afternoon Run,2 Training Load -- from COROS,2024-12-06 21:47:46+00:00,109,Run,nan,0.0,6.583333333333334,1.58,0.24,94.8,1 m 35 s
150381,98279354,Marco Arop,13061487058,Afternoon Run,3 Training Load -- from COROS,2024-12-06 21:50:59+00:00,194,Run,nan,0.0,9.787878787878787,3.23,0.33,193.8,3 m 14 s
150383,98279354,Marco Arop,13061487064,Afternoon Run,3 Training Load -- from COROS,2024-12-06 21:41:31+00:00,303,Run,nan,0.0,8.859649122807017,5.05,0.57,303.0,5 m 3 s
151007,99220051,Athanas Kioko,13061700183,Afternoon Run,29 Training Load -- from COROS,2024-12-06 21:18:29+00:00,1876,Run,nan,0.0,4.709876543209877,30.52,6.48,1831.2,30 m 31 s
151054,99220051,Athanas Kioko,13061700183,Afternoon Run,29 Training Load -- from COROS,2024-12-06 21:18:29+00:00,1876,Run,nan,0.0,4.709876543209877,30.52,6.48,1831.2,30 m 31 s
152531,91049781,Hanna Hermansson,13062253485,Afternoon Run,nan,2024-12-07 00:33:43+00:00,1824,Run,"Los Angeles, USA",0.0,4.838709677419355,30.0,6.2,1800.0,30 m 0 s
153602,82013388,Logan Measner,13062424239,Evening Run,nan,2024-12-07 01:28:26+00:00,1304,Run,nan,0.0,4.05410447761194,21.73,5.36,1303.8,21 m 44 s
150379,98279354,Marco Arop,13062488513,Evening Weight Training,nan,2024-12-07 01:48:48+00:00,1764,WeightTraining,nan,0.0,0.0,0.0,29.0,0.0,nan
151739,79030752,Jack Salisbury,13062516232,Evening Swim,nan,2024-12-07 01:15:44+00:00,4141,Swim,nan,0.0,0.0,0.0,2.0,0.0,2:07 /100m
153601,82013388,Logan Measner,13062612987,Evening Run,nan,2024-12-07 02:47:31+00:00,1186,Run,nan,0.0,3.977867203219316,19.77,4.97,1186.2,19 m 46 s
153231,77830180,Keisuke Yokota,13062658874,Morning Run,nan,2024-12-07 00:52:58+00:00,1552,Run,"Toda, Japan",0.0,4.223776223776224,18.12,4.29,1087.2,18 m 7 s
153230,77830180,Keisuke Yokota,13062660177,Morning Run,nan,2024-12-07 01:35:01+00:00,5164,Run,"Toda, Japan",0.0,3.427660422479075,86.0,25.09,5160.0,1 h 26 m
153229,77830180,Keisuke Yokota,13062717206,Lunch Run,nan,2024-12-07 03:02:30+00:00,1582,Run,"Saitama, Japan",0.0,5.465934065934066,24.87,4.55,1492.2,24 m 52 s
153700,78680893,Gracelyn Larkin,13062866520,Evening Run,nan,2024-12-07 04:28:19+00:00,2180,Run,"Honolulu, USA",0.0,5.069767441860465,32.7,6.45,1962.0,32 m 42 s
152747,69562064,José Carlos Pinto,13063508147,European Cross Country + small park,nan,2024-12-07 07:38:35+00:00,2701,Run,"Fabrikalar Mahallesi, Turkey",0.0,4.428,44.28,10.0,2656.8,44 m 17 s
152746,69562064,José Carlos Pinto,13063508978,Pre meet,Testing the course with spikes,2024-12-07 08:34:19+00:00,546,Run,"Fabrikalar Mahallesi, Turkey",0.0,4.165094339622641,8.83,2.12,529.8,8 m 50 s
151264,83372861,Kristian Uldbjerg Hansen,13063782145,Morning indoors,8x400 p45s + 4x400 p60s 1-8: 64.3s avg | 9-12 59.2s avg,2024-12-07 08:20:28+00:00,4954,Run,nan,0.0,4.586206896551724,53.2,11.6,3192.0,53 m 12 s
151358,64360338,Hamza Sahli,13064191671,Morning Run,nan,2024-12-07 09:41:58+00:00,3920,Run,"Louviers, France",0.0,5.610859728506787,62.0,11.05,3720.0,1 h 2 m
152991,69143721,Jonathan Grahn,13064288313,600:ingar i hästhagen,nan,2024-12-07 09:02:51+00:00,5227,Run,"Göteborgs Stad, Sweden",0.0,4.216040462427745,58.35,13.84,3501.0,58 m 21 s
153998,89025421,Ivan Siuris,13064928981,Morning Run,nan,2024-12-07 07:00:43+00:00,3866,Run,nan,0.0,5.120967741935484,44.45,8.68,2667.0,44 m 27 s
152271,60155357,Youssef Benzamia,13065037389,Lunch Run,nan,2024-12-07 11:29:34+00:00,18,Run,nan,0.0,2.9999999999999996,0.3,0.1,18.0,18 s
152405,60155357,Youssef Benzamia,13065037389,Lunch Run,nan,2024-12-07 11:29:34+00:00,18,Run,nan,0.0,2.9999999999999996,0.3,0.1,18.0,18 s
152272,60155357,Youssef Benzamia,13065037521,Lunch Run,nan,2024-12-07 10:45:09+00:00,1731,Run,"Nice, France",0.0,4.601275917065391,28.85,6.27,1731.0,28 m 51 s
152406,60155357,Youssef Benzamia,13065037521,Lunch Run,nan,2024-12-07 10:45:09+00:00,1731,Run,"Nice, France",0.0,4.601275917065391,28.85,6.27,1731.0,28 m 51 s
152270,60155357,Youssef Benzamia,13065038214,Lunch Run,nan,2024-12-07 11:34:16+00:00,1861,Run,nan,0.0,3.4726426076833525,29.83,8.59,1789.8,29 m 50 s
152404,60155357,Youssef Benzamia,13065038214,Lunch Run,nan,2024-12-07 11:34:16+00:00,1861,Run,nan,0.0,3.4726426076833525,29.83,8.59,1789.8,29 m 50 s
152269,60155357,Youssef Benzamia,13065038637,Afternoon Run,nan,2024-12-07 12:08:45+00:00,288,Run,"Nice, France",0.0,4.683168316831684,4.73,1.01,283.8,4 m 44 s
152403,60155357,Youssef Benzamia,13065038637,Afternoon Run,nan,2024-12-07 12:08:45+00:00,288,Run,"Nice, France",0.0,4.683168316831684,4.73,1.01,283.8,4 m 44 s
154113,82077769,Leonid Latsepov,13065391181,Lunch Run,nan,2024-12-07 08:14:15+00:00,3544,Run,"Fabrikalar Mahallesi, Turkey",0.0,4.37359900373599,35.12,8.03,2107.2,35 m 7 s
154114,82077769,Leonid Latsepov,13065392194,Morning Run,nan,2024-12-06 06:33:56+00:00,2864,Run,"Tallinn, Estonia",0.0,4.733532934131737,47.43,10.02,2845.8,47 m 26 s
154115,82077769,Leonid Latsepov,13065393011,Night Run,nan,2024-12-05 09:33:28+00:00,4193,Run,nan,0.0,5.203619909502263,69.0,13.26,4140.0,1 h 9 m
154116,82077769,Leonid Latsepov,13065394214,Evening Run,nan,2024-12-04 17:44:38+00:00,2930,Run,"Tallinn, Estonia",0.0,5.845,23.38,4.0,1402.8,23 m 23 s
154117,82077769,Leonid Latsepov,13065395222,Morning Run,nan,2024-12-04 17:06:27+00:00,1736,Run,nan,0.0,4.248164464023495,28.93,6.81,1735.8,28 m 56 s
154118,82077769,Leonid Latsepov,13065395966,Afternoon Run,nan,2024-12-04 15:59:55+00:00,1845,Run,"Tallinn, Estonia",0.0,4.97029702970297,20.08,4.04,1204.8,20 m 5 s
154119,82077769,Leonid Latsepov,13065396780,Morning Run,nan,2024-12-03 18:01:42+00:00,1460,Run,nan,0.0,5.418708240534521,24.33,4.49,1459.8,24 m 20 s
154120,82077769,Leonid Latsepov,13065397849,Morning HIIT,nan,2024-12-03 17:00:43+00:00,3299,HighIntensityIntervalTraining,nan,0.0,0.0,0.0,54.0,0.0,434 Cal
154121,82077769,Leonid Latsepov,13065398791,Morning Run,nan,2024-12-02 16:34:23+00:00,3373,Run,nan,0.0,5.555335968379447,56.22,10.12,3373.2,56 m 13 s
154094,82077769,Leonid Latsepov,13065399690,Morning Run,nan,2024-12-02 06:14:06+00:00,2858,Run,"Tallinn, Estonia",0.0,4.734328358208955,47.58,10.05,2854.7999999999997,47 m 35 s
153394,61783860,Shane Streich,13065641000,Shakeout,Tour w/ Sean,2024-12-07 13:39:14+00:00,1010,Run,"Philadelphia, USA",0.0,4.546827794561934,15.05,3.31,903.0,15 m 3 s
153505,61783860,Shane Streich,13065641000,Shakeout,Tour w/ Sean,2024-12-07 13:39:14+00:00,1010,Run,"Philadelphia, USA",0.0,4.546827794561934,15.05,3.31,903.0,15 m 3 s
151263,83372861,Kristian Uldbjerg Hansen,13066875721,Afternoon Run,nan,2024-12-07 16:17:30+00:00,2047,Run,"Aarhus Municipality, Denmark",0.0,4.908485856905158,29.5,6.01,1770.0,29 m 30 s
153393,61783860,Shane Streich,13067108719,Warm Up,nan,2024-12-07 17:39:14+00:00,1089,Run,"Philadelphia, USA",0.0,4.311163895486936,18.15,4.21,1089.0,18 m 9 s
153504,61783860,Shane Streich,13067108719,Warm Up,nan,2024-12-07 17:39:14+00:00,1089,Run,"Philadelphia, USA",0.0,4.311163895486936,18.15,4.21,1089.0,18 m 9 s
153600,82013388,Logan Measner,13067205743,Lunch Run,nan,2024-12-07 17:38:07+00:00,2252,Run,"Port Washington, USA",0.0,4.369458128078818,35.48,8.12,2128.7999999999997,35 m 29 s
150829,63449551,Olivia Markezich,13067331607,Morning Run,nan,2024-12-07 17:36:13+00:00,3610,Run,"Boulder, USA",0.0,4.323121808898614,59.27,13.71,3556.2000000000003,59 m 16 s
150898,63449551,Olivia Markezich,13067331607,Morning Run,nan,2024-12-07 17:36:13+00:00,3610,Run,"Boulder, USA",0.0,4.323121808898614,59.27,13.71,3556.2000000000003,59 m 16 s
150967,63449551,Olivia Markezich,13067331607,Morning Run,nan,2024-12-07 17:36:13+00:00,3610,Run,"Boulder, USA",0.0,4.323121808898614,59.27,13.71,3556.2000000000003,59 m 16 s
152853,87287379,Carson Williams,13067346339,Lunch Run,nan,2024-12-07 17:44:33+00:00,657,Run,"Cambridge, USA",0.0,4.4642857142857135,10.0,2.24,600.0,10 m 0 s
152911,87287379,Carson Williams,13067346339,Lunch Run,nan,2024-12-07 17:44:33+00:00,657,Run,"Cambridge, USA",0.0,4.4642857142857135,10.0,2.24,600.0,10 m 0 s
153699,78680893,Gracelyn Larkin,13067472071,Morning Run,Annika getting some good content,2024-12-07 16:50:05+00:00,3346,Run,"Honolulu, USA",0.0,4.884177869700103,47.23,9.67,2833.7999999999997,47 m 14 s
152530,91049781,Hanna Hermansson,13067493210,Getting back to faster work,"Mile @ 5:40, 3min rest 5x200m off 200m jog in 65s @ 33-32, 3min 5x200m off 200m jog in 90s @ 31-30, 5min 6x200m hills off 80-90s jog down @ 39",2024-12-07 16:50:22+00:00,6643,Run,"Palos Verdes Estates, USA",0.0,4.905437352245863,83.0,16.92,4980.0,1 h 23 m
153391,61783860,Shane Streich,13067676106,Post Race Workout,1mi jog 12x45” on/30” off @ T (4:45-4:55 pace) Chillin’ on the river.,2024-12-07 19:15:43+00:00,1496,Run,"Philadelphia, USA",0.0,4.37984496124031,22.6,5.16,1356.0,22 m 36 s
153502,61783860,Shane Streich,13067676106,Post Race Workout,1mi jog 12x45” on/30” off @ T (4:45-4:55 pace) Chillin’ on the river.,2024-12-07 19:15:43+00:00,1496,Run,"Philadelphia, USA",0.0,4.37984496124031,22.6,5.16,1356.0,22 m 36 s
153390,61783860,Shane Streich,13067677322,Cool Down,nan,2024-12-07 19:42:16+00:00,1027,Run,"Philadelphia, USA",0.0,4.1968749999999995,13.43,3.2,805.8,13 m 26 s
153501,61783860,Shane Streich,13067677322,Cool Down,nan,2024-12-07 19:42:16+00:00,1027,Run,"Philadelphia, USA",0.0,4.1968749999999995,13.43,3.2,805.8,13 m 26 s
150378,98279354,Marco Arop,13067780029,Lunch Run,45 Training Load -- from COROS,2024-12-07 18:26:45+00:00,2411,Run,"Summit County, USA",0.0,5.1500904159132,28.48,5.53,1708.8,28 m 29 s
151738,79030752,Jack Salisbury,13067793867,Im fly as a son of a gun,son of stunna,2024-12-07 18:59:53+00:00,4734,Workout,nan,0.0,0.0,0.0,1.0,0.0,759 Cal
153228,77830180,Keisuke Yokota,13068382458,Morning Run,nan,2024-12-07 22:26:06+00:00,916,Run,"Kofu, Japan",0.0,5.8984375,7.55,1.28,453.0,7 m 33 s
151005,99220051,Athanas Kioko,13068441620,Post DNF run,"got some headache problem during my race at BU, 3k. very disappointed to end the year in my first career dnf but had to get some painkillers and keep the grind going. January is not far guys",2024-12-07 22:10:51+00:00,2703,Run,nan,0.0,4.473684210526315,45.05,10.07,2703.0,45 m 3 s
151052,99220051,Athanas Kioko,13068441620,Post DNF run,"got some headache problem during my race at BU, 3k. very disappointed to end the year in my first career dnf but had to get some painkillers and keep the grind going. January is not far guys",2024-12-07 22:10:51+00:00,2703,Run,nan,0.0,4.473684210526315,45.05,10.07,2703.0,45 m 3 s
151006,99220051,Athanas Kioko,13068441644,Afternoon Run,21 Training Load -- from COROS,2024-12-07 19:24:37+00:00,910,Run,"Boston, USA",0.0,4.109589041095891,15.0,3.65,900.0,15 m 0 s
151053,99220051,Athanas Kioko,13068441644,Afternoon Run,21 Training Load -- from COROS,2024-12-07 19:24:37+00:00,910,Run,"Boston, USA",0.0,4.109589041095891,15.0,3.65,900.0,15 m 0 s
150828,63449551,Olivia Markezich,13068579464,Afternoon Run,nan,2024-12-07 23:07:17+00:00,1412,Run,"Boulder, USA",0.0,4.662525879917184,22.52,4.83,1351.2,22 m 31 s
150897,63449551,Olivia Markezich,13068579464,Afternoon Run,nan,2024-12-07 23:07:17+00:00,1412,Run,"Boulder, USA",0.0,4.662525879917184,22.52,4.83,1351.2,22 m 31 s
150966,63449551,Olivia Markezich,13068579464,Afternoon Run,nan,2024-12-07 23:07:17+00:00,1412,Run,"Boulder, USA",0.0,4.662525879917184,22.52,4.83,1351.2,22 m 31 s
152852,87287379,Carson Williams,13068737556,Evening Run,nan,2024-12-07 23:07:59+00:00,1985,Run,"Boston, USA",0.0,4.227799227799228,21.9,5.18,1314.0,21 m 54 s
152910,87287379,Carson Williams,13068737556,Evening Run,nan,2024-12-07 23:07:59+00:00,1985,Run,"Boston, USA",0.0,4.227799227799228,21.9,5.18,1314.0,21 m 54 s
152529,91049781,Hanna Hermansson,13068865925,Afternoon Weight Training,nan,2024-12-07 23:46:36+00:00,3505,WeightTraining,nan,0.0,0.0,0.0,58.0,0.0,289 Cal
152851,87287379,Carson Williams,13069068192,Evening Run,nan,2024-12-08 00:39:32+00:00,603,Run,"Boston, USA",0.0,4.855072463768117,10.05,2.07,603.0,10 m 3 s
152909,87287379,Carson Williams,13069068192,Evening Run,nan,2024-12-08 00:39:32+00:00,603,Run,"Boston, USA",0.0,4.855072463768117,10.05,2.07,603.0,10 m 3 s
151737,79030752,Jack Salisbury,13069115291,Evening Workout,nan,2024-12-08 01:00:18+00:00,3603,Workout,nan,0.0,0.0,0.0,1.0,0.0,910 Cal
153392,61783860,Shane Streich,13069174485,Soft Opener at the Penn Opener,"Mile in 3:59.13 and the W Splits… 58.7 (through 409m)/1:59.5 (60.8)/2:59.0 (59.5)/3:59.1 (60.1) Out a little hot the first quarter and felt it the rest of the way, but fought through the discomfort and just kept clicking along. Happy with the effort given this is the earliest I’ve ever raced in a season! Back to work.",2024-12-07 18:43:14+00:00,239,Run,nan,0.0,2.472049689440994,3.98,1.61,238.8,3 m 59 s
153503,61783860,Shane Streich,13069174485,Soft Opener at the Penn Opener,"Mile in 3:59.13 and the W Splits… 58.7 (through 409m)/1:59.5 (60.8)/2:59.0 (59.5)/3:59.1 (60.1) Out a little hot the first quarter and felt it the rest of the way, but fought through the discomfort and just kept clicking along. Happy with the effort given this is the earliest I’ve ever raced in a season! Back to work.",2024-12-07 18:43:14+00:00,239,Run,nan,0.0,2.472049689440994,3.98,1.61,238.8,3 m 59 s
153227,77830180,Keisuke Yokota,13069177732,Morning Run,nan,2024-12-07 23:00:02+00:00,10092,Run,"Kofu, Japan",0.0,5.555555555555555,164.0,29.52,9840.0,2 h 44 m
153599,82013388,Logan Measner,13069299341,Evening Run,nan,2024-12-08 02:41:41+00:00,1829,Run,nan,0.0,3.781637717121588,30.48,8.06,1828.8,30 m 29 s
152081,68238567,Takashi Soma,13069865221,午後のランニング,nan,2024-12-08 06:21:41+00:00,5616,Run,"Nasu, Japan",0.0,5.924339757316202,83.0,14.01,4980.0,1 h 23 m
152102,68238567,Takashi Soma,13069865221,午後のランニング,nan,2024-12-08 06:21:41+00:00,5616,Run,"Nasu, Japan",0.0,5.924339757316202,83.0,14.01,4980.0,1 h 23 m
152990,69143721,Jonathan Grahn,13069881880,Morning Run,nan,2024-12-08 07:32:12+00:00,1638,Run,"Mölndals kommun, Sweden",0.0,4.044444444444444,27.3,6.75,1638.0,27 m 18 s
153795,66783639,Duncan Perrillat,13070120549,Course à pied en soirée,nan,2024-12-06 18:24:06+00:00,2878,Run,"Paris, France",0.0,5.118662351672061,47.45,9.27,2847.0,47 m 27 s
153793,66783639,Duncan Perrillat,13070128636,Course à pied dans l'après-midi,nan,2024-12-07 15:46:58+00:00,1883,Run,"Paris, France",0.0,5.221297836938436,31.38,6.01,1882.8,31 m 23 s
153794,66783639,Duncan Perrillat,13070128657,Course à pied le midi,nan,2024-12-07 10:01:31+00:00,1697,Run,"Paris, France",0.0,4.115835777126099,28.07,6.82,1684.2,28 m 4 s
153796,66783639,Duncan Perrillat,13070287918,Course à pied le midi,nan,2024-12-06 11:01:28+00:00,4025,Run,"Valencia, Spain",0.0,5.475,21.9,4.0,1314.0,21 m 54 s
153997,89025421,Ivan Siuris,13070360951,Morning Run,nan,2024-12-08 07:17:43+00:00,5377,Run,"Chișinau, Moldova",0.0,4.236078058067586,89.0,21.01,5340.0,1 h 29 m
152744,69562064,José Carlos Pinto,13070703097,Pós prova,nan,2024-12-08 09:47:26+00:00,2015,Run,"Fabrikalar Mahallesi, Turkey",0.0,4.085158150851581,33.58,8.22,2014.8,33 m 35 s
152745,69562064,José Carlos Pinto,13070837683,Corrida matinal,nan,2024-12-08 07:58:10+00:00,782,Run,"Fabrikalar Mahallesi, Turkey",0.0,4.32890365448505,13.03,3.01,781.8,13 m 2 s
153792,66783639,Duncan Perrillat,13070916709,Course à pied le midi,nan,2024-12-08 10:09:55+00:00,1870,Run,"Paris, France",0.0,4.421276595744681,31.17,7.05,1870.2,31 m 10 s
151262,83372861,Kristian Uldbjerg Hansen,13072211967,Afternoon Run,♨️,2024-12-08 12:17:23+00:00,2828,Run,"Aarhus Municipality, Denmark",0.0,4.266789328426864,46.38,10.87,2782.8,46 m 23 s
152989,69143721,Jonathan Grahn,13072896903,Afternoon Run,nan,2024-12-08 13:51:14+00:00,3410,Run,"Mölndals kommun, Sweden",0.0,4.607392607392607,46.12,10.01,2767.2,46 m 7 s
151357,64360338,Hamza Sahli,13073736069,Afternoon Swim,nan,2024-12-08 15:29:06+00:00,1971,Swim,nan,0.0,0.0,0.0,32.0,0.0,150 bpm
151356,64360338,Hamza Sahli,13073741243,Natation dans l'après-midi,nan,2024-12-08 15:44:00+00:00,1480,Swim,nan,0.0,0.0,0.0,1.0,0.0,2:14 /100m
153996,89025421,Ivan Siuris,13074056140,Afternoon Weight Training,nan,2024-12-08 15:27:52+00:00,4897,WeightTraining,nan,0.0,0.0,0.0,1.0,0.0,441 Cal
153696,78680893,Gracelyn Larkin,13074062566,Morning Run,nan,2024-12-08 15:00:03+00:00,2010,Run,"Honolulu, USA",0.0,3.377016129032258,33.5,9.92,2010.0,33 m 30 s
153697,78680893,Gracelyn Larkin,13074065014,CD,nan,2024-12-08 15:57:07+00:00,3502,Run,"Honolulu, USA",0.0,5.423343224530169,54.83,10.11,3289.7999999999997,54 m 50 s
153698,78680893,Gracelyn Larkin,13074091649,Night Run,warmup “night run”,2024-12-08 13:54:38+00:00,1693,Run,"Honolulu, USA",0.0,5.565217391304348,19.2,3.45,1152.0,19 m 12 s
153598,82013388,Logan Measner,13074224611,Morning Run,nan,2024-12-08 16:18:14+00:00,6177,Run,"Madison, USA",0.0,4.06669377795852,100.0,24.59,6000.0,1 h 40 m
150827,63449551,Olivia Markezich,13074298675,Sunday workout,"Cute lil warm up at Davidson Mesa… wayyy too windy so pulled an audible and went to Walden pond for the workout 3mi, 3 min rest, 2mi, 2 min rest, 2x1mi, 1 mi rest",2024-12-08 15:39:17+00:00,9252,Run,"Louisville, USA",0.0,4.295051353874883,92.0,21.42,5520.0,1 h 32 m
150896,63449551,Olivia Markezich,13074298675,Sunday workout,"Cute lil warm up at Davidson Mesa… wayyy too windy so pulled an audible and went to Walden pond for the workout 3mi, 3 min rest, 2mi, 2 min rest, 2x1mi, 1 mi rest",2024-12-08 15:39:17+00:00,9252,Run,"Louisville, USA",0.0,4.295051353874883,92.0,21.42,5520.0,1 h 32 m
150965,63449551,Olivia Markezich,13074298675,Sunday workout,"Cute lil warm up at Davidson Mesa… wayyy too windy so pulled an audible and went to Walden pond for the workout 3mi, 3 min rest, 2mi, 2 min rest, 2x1mi, 1 mi rest",2024-12-08 15:39:17+00:00,9252,Run,"Louisville, USA",0.0,4.295051353874883,92.0,21.42,5520.0,1 h 32 m
152268,60155357,Youssef Benzamia,13074601684,Evening Run,nan,2024-12-08 17:38:06+00:00,1501,Run,"Nice, France",0.0,5.004,25.02,5.0,1501.2,25 m 1 s
152402,60155357,Youssef Benzamia,13074601684,Evening Run,nan,2024-12-08 17:38:06+00:00,1501,Run,"Nice, France",0.0,5.004,25.02,5.0,1501.2,25 m 1 s
152267,60155357,Youssef Benzamia,13074602264,Evening Run,nan,2024-12-08 18:11:32+00:00,1232,Run,nan,0.0,5.012886597938144,19.45,3.88,1167.0,19 m 27 s
152401,60155357,Youssef Benzamia,13074602264,Evening Run,nan,2024-12-08 18:11:32+00:00,1232,Run,nan,0.0,5.012886597938144,19.45,3.88,1167.0,19 m 27 s
152266,60155357,Youssef Benzamia,13074602698,Evening Run,nan,2024-12-08 18:33:39+00:00,363,Run,"Nice, France",0.0,5.4017857142857135,6.05,1.12,363.0,6 m 3 s
152400,60155357,Youssef Benzamia,13074602698,Evening Run,nan,2024-12-08 18:33:39+00:00,363,Run,"Nice, France",0.0,5.4017857142857135,6.05,1.12,363.0,6 m 3 s
152528,91049781,Hanna Hermansson,13074969986,What a week,"50+ hours work, incl. a trip to the east coast and back, and 66 miles run, incl. 3 workouts. Happy, healthy and thriving! 😊",2024-12-08 18:27:54+00:00,5414,Run,"Rancho Palos Verdes, USA",0.0,4.589495155532892,90.0,19.61,5400.0,1 h 30 m
151736,79030752,Jack Salisbury,13075015161,Lunch Workout,nan,2024-12-08 18:14:10+00:00,7522,Workout,nan,0.0,0.0,0.0,2.0,0.0,"1,505 Cal"
151004,99220051,Athanas Kioko,13075434000,Afternoon Run,117 Training Load -- from COROS,2024-12-08 20:21:12+00:00,5549,Run,"Winston-Salem, USA",0.0,4.231830726770929,92.0,21.74,5520.0,1 h 32 m
151051,99220051,Athanas Kioko,13075434000,Afternoon Run,117 Training Load -- from COROS,2024-12-08 20:21:12+00:00,5549,Run,"Winston-Salem, USA",0.0,4.231830726770929,92.0,21.74,5520.0,1 h 32 m
153257,77830180,Keisuke Yokota,13075479366,Morning Run,nan,2024-12-08 21:02:52+00:00,3222,Run,"Asaka, Japan",0.0,5.365,53.65,10.0,3219.0,53 m 39 s
151888,67065684,Hicham Ouladha,13075500500,Morning Run,nan,2024-12-07 09:15:09+00:00,4912,Run,"Ifrane, Morocco",0.0,4.5,81.0,18.0,4860.0,1 h 21 m
152003,67065684,Hicham Ouladha,13075500500,Morning Run,nan,2024-12-07 09:15:09+00:00,4912,Run,"Ifrane, Morocco",0.0,4.5,81.0,18.0,4860.0,1 h 21 m
151887,67065684,Hicham Ouladha,13075501534,Afternoon Run,nan,2024-12-07 16:39:50+00:00,2977,Run,"Ifrane, Morocco",0.0,4.815399802566634,48.78,10.13,2926.8,48 m 47 s
152002,67065684,Hicham Ouladha,13075501534,Afternoon Run,nan,2024-12-07 16:39:50+00:00,2977,Run,"Ifrane, Morocco",0.0,4.815399802566634,48.78,10.13,2926.8,48 m 47 s
151886,67065684,Hicham Ouladha,13075502565,Evening Run,nan,2024-12-07 17:58:08+00:00,1110,Run,"Ifrane, Morocco",0.0,7.482758620689656,2.17,0.29,130.2,2 m 10 s
152001,67065684,Hicham Ouladha,13075502565,Evening Run,nan,2024-12-07 17:58:08+00:00,1110,Run,"Ifrane, Morocco",0.0,7.482758620689656,2.17,0.29,130.2,2 m 10 s
151885,67065684,Hicham Ouladha,13075503818,Morning Run,nan,2024-12-08 09:04:49+00:00,2850,Run,"Ifrane, Morocco",0.0,4.672,46.72,10.0,2803.2,46 m 43 s
152000,67065684,Hicham Ouladha,13075503818,Morning Run,nan,2024-12-08 09:04:49+00:00,2850,Run,"Ifrane, Morocco",0.0,4.672,46.72,10.0,2803.2,46 m 43 s
151884,67065684,Hicham Ouladha,13075504264,Lunch Run,nan,2024-12-08 11:15:43+00:00,736,Run,"Ifrane, Morocco",0.0,4.062913907284768,12.27,3.02,736.1999999999999,12 m 16 s
151999,67065684,Hicham Ouladha,13075504264,Lunch Run,nan,2024-12-08 11:15:43+00:00,736,Run,"Ifrane, Morocco",0.0,4.062913907284768,12.27,3.02,736.1999999999999,12 m 16 s
151883,67065684,Hicham Ouladha,13075505457,Afternoon Run,nan,2024-12-08 16:35:10+00:00,3721,Run,"Ifrane, Morocco",0.0,4.688700999231361,61.0,13.01,3660.0,1 h 1 m
151998,67065684,Hicham Ouladha,13075505457,Afternoon Run,nan,2024-12-08 16:35:10+00:00,3721,Run,"Ifrane, Morocco",0.0,4.688700999231361,61.0,13.01,3660.0,1 h 1 m
153105,73659831,Evan Jenkins,13075560237,Lunch Run,nan,2024-12-06 19:59:00+00:00,2686,Run,"Seattle, USA",0.0,3.9023957409050576,43.98,11.27,2638.7999999999997,43 m 59 s
153103,73659831,Evan Jenkins,13075560311,Morning Run,nan,2024-12-07 18:48:10+00:00,4308,Run,"Seattle, USA",0.0,4.09683426443203,66.0,16.11,3960.0,1 h 6 m
153104,73659831,Evan Jenkins,13075560923,Lunch Run,nan,2024-12-06 20:59:55+00:00,398,Run,"Seattle, USA",0.0,4.118012422360248,6.63,1.61,397.8,6 m 38 s
153102,73659831,Evan Jenkins,13075561117,Morning Run,nan,2024-12-08 18:53:39+00:00,5810,Run,"Bellevue, USA",0.0,3.6438923395445135,88.0,24.15,5280.0,1 h 28 m
153389,61783860,Shane Streich,13075695565,Survive and Advance,"Post travel long run. Pretty tired, hit the runner’s high early on and tried to hang on. w/ Sean Dolan Luciano Fiore Clay Pender .",2024-12-08 21:17:31+00:00,6191,Run,"Cobb County, USA",0.0,4.318936877076412,91.0,21.07,5460.0,1 h 31 m
153500,61783860,Shane Streich,13075695565,Survive and Advance,"Post travel long run. Pretty tired, hit the runner’s high early on and tried to hang on. w/ Sean Dolan Luciano Fiore Clay Pender .",2024-12-08 21:17:31+00:00,6191,Run,"Cobb County, USA",0.0,4.318936877076412,91.0,21.07,5460.0,1 h 31 m
154213,74338147,Erin Strzelecki,13076076061,Afternoon Run,nan,2024-12-07 20:32:22+00:00,904,Run,"Boston, USA",0.0,4.635514018691589,14.88,3.21,892.8000000000001,14 m 53 s
154212,74338147,Erin Strzelecki,13076076280,Afternoon Run,nan,2024-12-07 22:03:21+00:00,521,Run,"Boston, USA",0.0,4.836363636363637,7.98,1.65,478.8,7 m 59 s
151762,79030752,Jack Salisbury,13076095286,Afternoon Workout,nan,2024-12-09 00:34:50+00:00,2703,Workout,nan,0.0,0.0,0.0,45.0,0.0,536 Cal
151289,83372861,Kristian Uldbjerg Hansen,13076859454,Morning Run,nan,2024-12-09 06:29:31+00:00,2839,Run,"Aarhus Municipality, Denmark",0.0,4.58125,43.98,9.6,2638.7999999999997,43 m 59 s
153025,69143721,Jonathan Grahn,13077557314,Morning Run,nan,2024-12-09 09:56:45+00:00,795,Run,"Mölndals kommun, Sweden",0.0,4.260450160771704,13.25,3.11,795.0,13 m 15 s
153024,69143721,Jonathan Grahn,13077721888,Lunch Elliptical,nan,2024-12-09 10:22:47+00:00,1200,Elliptical,nan,0.0,0.0,0.0,20.0,0.0,107 bpm
152085,68238567,Takashi Soma,13077896872,夕方のランニング,nan,2024-12-09 10:17:11+00:00,3507,Run,"Nasushiobara, Japan",0.0,5.489572989076465,55.28,10.07,3316.8,55 m 17 s
152106,68238567,Takashi Soma,13077896872,夕方のランニング,nan,2024-12-09 10:17:11+00:00,3507,Run,"Nasushiobara, Japan",0.0,5.489572989076465,55.28,10.07,3316.8,55 m 17 s
151374,64360338,Hamza Sahli,13077941589,Lunch Run,nan,2024-12-09 10:45:17+00:00,2298,Run,"Louviers, France",0.0,5.429587482219061,38.17,7.03,2290.2000000000003,38 m 10 s
153023,69143721,Jonathan Grahn,13078103816,Lunch Run,nan,2024-12-09 11:41:07+00:00,655,Run,"Mölndals kommun, Sweden",0.0,4.385542168674698,10.92,2.49,655.2,10 m 55 s
153022,69143721,Jonathan Grahn,13079064673,Afternoon Run,nan,2024-12-09 14:14:42+00:00,1379,Run,"Mölndals kommun, Sweden",0.0,4.240556660039761,21.33,5.03,1279.8,21 m 20 s
151288,83372861,Kristian Uldbjerg Hansen,13079096140,Afternoon Weight Training,nan,2024-12-09 14:02:00+00:00,2528,WeightTraining,nan,0.0,0.0,0.0,42.0,0.0,nan
152552,91049781,Hanna Hermansson,13079334104,Morning Run,nan,2024-12-09 14:58:20+00:00,1893,Run,"Los Angeles, USA",0.0,4.857364341085271,31.33,6.45,1879.8,31 m 20 s
153021,69143721,Jonathan Grahn,13079341820,Afternoon Run,nan,2024-12-09 15:10:00+00:00,1198,Run,"Göteborgs Stad, Sweden",0.0,4.6013824884792625,19.97,4.34,1198.1999999999998,19 m 58 s
153020,69143721,Jonathan Grahn,13079573814,Afternoon Run,nan,2024-12-09 15:52:17+00:00,21,Run,nan,0.0,1.8421052631578947,0.35,0.19,21.0,21 s
153418,61783860,Shane Streich,13079582729,Speed D,2x(4x100m) @  w/ 30”/5’ RC,2024-12-09 16:03:06+00:00,624,Run,"Atlanta, USA",0.0,3.84251968503937,4.88,1.27,292.8,4 m 53 s
153529,61783860,Shane Streich,13079582729,Speed D,2x(4x100m) @  w/ 30”/5’ RC,2024-12-09 16:03:06+00:00,624,Run,"Atlanta, USA",0.0,3.84251968503937,4.88,1.27,292.8,4 m 53 s
153019,69143721,Jonathan Grahn,13079658236,Afternoon Run,nan,2024-12-09 15:54:14+00:00,1972,Run,nan,0.0,24.296296296296298,32.8,1.35,1968.0,32 m 48 s
151827,61174400,Jack Higgins,13079894915,Morning Ride,nan,2024-12-09 15:52:39+00:00,4500,Ride,nan,0.0,2.1186440677966103,75.0,35.4,4500.0,1 h 15 m
153417,61783860,Shane Streich,13079937031,😴😴😴,Post Speed Dev. Still feelin’ tired and sore from the weekend. Time to get recovered,2024-12-09 16:23:44+00:00,3032,Run,"Atlanta, USA",0.0,4.311722912966252,48.55,11.26,2913.0,48 m 33 s
153528,61783860,Shane Streich,13079937031,😴😴😴,Post Speed Dev. Still feelin’ tired and sore from the weekend. Time to get recovered,2024-12-09 16:23:44+00:00,3032,Run,"Atlanta, USA",0.0,4.311722912966252,48.55,11.26,2913.0,48 m 33 s
150845,63449551,Olivia Markezich,13079957373,Morning Ride,nan,2024-12-09 16:37:01+00:00,2402,Ride,nan,0.0,0.0,0.0,40.0,0.0,113 bpm
150914,63449551,Olivia Markezich,13079957373,Morning Ride,nan,2024-12-09 16:37:01+00:00,2402,Ride,nan,0.0,0.0,0.0,40.0,0.0,113 bpm
150983,63449551,Olivia Markezich,13079957373,Morning Ride,nan,2024-12-09 16:37:01+00:00,2402,Ride,nan,0.0,0.0,0.0,40.0,0.0,113 bpm
152865,87287379,Carson Williams,13080290450,Lunch Ride,nan,2024-12-09 17:09:58+00:00,3010,Ride,"Greenville County, USA",0.0,2.240073026015518,49.08,21.91,2944.7999999999997,49 m 5 s
152923,87287379,Carson Williams,13080290450,Lunch Ride,nan,2024-12-09 17:09:58+00:00,3010,Ride,"Greenville County, USA",0.0,2.240073026015518,49.08,21.91,2944.7999999999997,49 m 5 s
152551,91049781,Hanna Hermansson,13080605813,Morning Weight Training,nan,2024-12-09 18:09:23+00:00,2289,WeightTraining,nan,0.0,0.0,0.0,38.0,0.0,179 Cal
151761,79030752,Jack Salisbury,13080689900,Morning Workout,nan,2024-12-09 17:34:34+00:00,3603,Workout,nan,0.0,0.0,0.0,1.0,0.0,794 Cal
151026,99220051,Athanas Kioko,13080963640,Some 2ks around the oval,131 Training Load -- from COROS,2024-12-09 18:51:18+00:00,2767,Run,nan,0.0,3.2771084337349397,40.8,12.45,2448.0,40 m 48 s
151073,99220051,Athanas Kioko,13080963640,Some 2ks around the oval,131 Training Load -- from COROS,2024-12-09 18:51:18+00:00,2767,Run,nan,0.0,3.2771084337349397,40.8,12.45,2448.0,40 m 48 s
153721,78680893,Gracelyn Larkin,13081212072,Morning Run,nan,2024-12-09 18:39:12+00:00,5139,Run,"Honolulu, USA",0.0,4.715248009797919,77.0,16.33,4620.0,1 h 17 m
151913,67065684,Hicham Ouladha,13081786703,Morning Run,nan,2024-12-09 09:20:51+00:00,1246,Run,"Ifrane, Morocco",0.0,5.0375,20.15,4.0,1209.0,20 m 9 s
152028,67065684,Hicham Ouladha,13081786703,Morning Run,nan,2024-12-09 09:20:51+00:00,1246,Run,"Ifrane, Morocco",0.0,5.0375,20.15,4.0,1209.0,20 m 9 s
151912,67065684,Hicham Ouladha,13081789677,Morning Run,nan,2024-12-09 09:59:49+00:00,4687,Run,"Ifrane, Morocco",0.0,3.5358114233907525,78.0,22.06,4680.0,1 h 18 m
152027,67065684,Hicham Ouladha,13081789677,Morning Run,nan,2024-12-09 09:59:49+00:00,4687,Run,"Ifrane, Morocco",0.0,3.5358114233907525,78.0,22.06,4680.0,1 h 18 m
151911,67065684,Hicham Ouladha,13081790896,Afternoon Run,nan,2024-12-09 16:33:23+00:00,2914,Run,"Ifrane, Morocco",0.0,4.777222777222778,47.82,10.01,2869.2,47 m 49 s
152026,67065684,Hicham Ouladha,13081790896,Afternoon Run,nan,2024-12-09 16:33:23+00:00,2914,Run,"Ifrane, Morocco",0.0,4.777222777222778,47.82,10.01,2869.2,47 m 49 s
153256,77830180,Keisuke Yokota,13082561014,Morning Run,nan,2024-12-09 22:43:32+00:00,1535,Run,"Wako, Japan",0.0,8.052631578947368,13.77,1.71,826.1999999999999,13 m 46 s
152550,91049781,Hanna Hermansson,13082742805,Afternoon Run,nan,2024-12-10 00:03:12+00:00,4297,Run,"Los Angeles, USA",0.0,4.769230769230769,62.0,13.0,3720.0,1 h 2 m
153621,82013388,Logan Measner,13082869145,Evening Run,nan,2024-12-10 00:21:29+00:00,3619,Run,nan,0.0,3.734989648033126,54.12,14.49,3247.2,54 m 7 s
151471,60508941,Boniface Kibiwott,13083857507,Afternoon Run,nan,2024-12-08 14:15:04+00:00,1528,Run,"Geneva, Switzerland",0.0,2.946099290780142,20.77,7.05,1246.2,20 m 46 s
151557,60508941,Boniface Kibiwott,13083857507,Afternoon Run,nan,2024-12-08 14:15:04+00:00,1528,Run,"Geneva, Switzerland",0.0,2.946099290780142,20.77,7.05,1246.2,20 m 46 s
151643,60508941,Boniface Kibiwott,13083857507,Afternoon Run,nan,2024-12-08 14:15:04+00:00,1528,Run,"Geneva, Switzerland",0.0,2.946099290780142,20.77,7.05,1246.2,20 m 46 s
151472,60508941,Boniface Kibiwott,13083857606,Afternoon Run,nan,2024-12-08 13:16:06+00:00,1121,Run,"Geneva, Switzerland",0.0,4.389952153110048,18.35,4.18,1101.0,18 m 21 s
151558,60508941,Boniface Kibiwott,13083857606,Afternoon Run,nan,2024-12-08 13:16:06+00:00,1121,Run,"Geneva, Switzerland",0.0,4.389952153110048,18.35,4.18,1101.0,18 m 21 s
151644,60508941,Boniface Kibiwott,13083857606,Afternoon Run,nan,2024-12-08 13:16:06+00:00,1121,Run,"Geneva, Switzerland",0.0,4.389952153110048,18.35,4.18,1101.0,18 m 21 s
151499,60508941,Boniface Kibiwott,13083857614,Morning Run,nan,2024-12-09 06:36:49+00:00,3626,Run,"Ville-la-Grand, France",0.0,4.451038575667655,60.0,13.48,3600.0,1 h 0 m
151585,60508941,Boniface Kibiwott,13083857614,Morning Run,nan,2024-12-09 06:36:49+00:00,3626,Run,"Ville-la-Grand, France",0.0,4.451038575667655,60.0,13.48,3600.0,1 h 0 m
151671,60508941,Boniface Kibiwott,13083857614,Morning Run,nan,2024-12-09 06:36:49+00:00,3626,Run,"Ville-la-Grand, France",0.0,4.451038575667655,60.0,13.48,3600.0,1 h 0 m
151473,60508941,Boniface Kibiwott,13083857683,Morning Run,nan,2024-12-08 06:11:59+00:00,1772,Run,"Ville-la-Grand, France",0.0,4.444780635400908,29.38,6.61,1762.8,29 m 23 s
151559,60508941,Boniface Kibiwott,13083857683,Morning Run,nan,2024-12-08 06:11:59+00:00,1772,Run,"Ville-la-Grand, France",0.0,4.444780635400908,29.38,6.61,1762.8,29 m 23 s
151645,60508941,Boniface Kibiwott,13083857683,Morning Run,nan,2024-12-08 06:11:59+00:00,1772,Run,"Ville-la-Grand, France",0.0,4.444780635400908,29.38,6.61,1762.8,29 m 23 s
151498,60508941,Boniface Kibiwott,13083857704,Afternoon Run,nan,2024-12-09 14:33:38+00:00,2786,Run,"Ville-la-Grand, France",0.0,4.859852476290832,46.12,9.49,2767.2,46 m 7 s
151584,60508941,Boniface Kibiwott,13083857704,Afternoon Run,nan,2024-12-09 14:33:38+00:00,2786,Run,"Ville-la-Grand, France",0.0,4.859852476290832,46.12,9.49,2767.2,46 m 7 s
151670,60508941,Boniface Kibiwott,13083857704,Afternoon Run,nan,2024-12-09 14:33:38+00:00,2786,Run,"Ville-la-Grand, France",0.0,4.859852476290832,46.12,9.49,2767.2,46 m 7 s
151475,60508941,Boniface Kibiwott,13083857890,Morning Run,nan,2024-12-07 06:33:32+00:00,2735,Run,"Ville-la-Grand, France",0.0,4.336206896551725,45.27,10.44,2716.2000000000003,45 m 16 s
151561,60508941,Boniface Kibiwott,13083857890,Morning Run,nan,2024-12-07 06:33:32+00:00,2735,Run,"Ville-la-Grand, France",0.0,4.336206896551725,45.27,10.44,2716.2000000000003,45 m 16 s
151647,60508941,Boniface Kibiwott,13083857890,Morning Run,nan,2024-12-07 06:33:32+00:00,2735,Run,"Ville-la-Grand, France",0.0,4.336206896551725,45.27,10.44,2716.2000000000003,45 m 16 s
151474,60508941,Boniface Kibiwott,13083858102,Morning Run,nan,2024-12-07 09:38:30+00:00,1219,Run,"Ville-la-Grand, France",0.0,16.0,0.48,0.03,28.799999999999997,29 s
151560,60508941,Boniface Kibiwott,13083858102,Morning Run,nan,2024-12-07 09:38:30+00:00,1219,Run,"Ville-la-Grand, France",0.0,16.0,0.48,0.03,28.799999999999997,29 s
151646,60508941,Boniface Kibiwott,13083858102,Morning Run,nan,2024-12-07 09:38:30+00:00,1219,Run,"Ville-la-Grand, France",0.0,16.0,0.48,0.03,28.799999999999997,29 s
151497,60508941,Boniface Kibiwott,13083863792,Morning Run,nan,2024-12-10 06:34:17+00:00,3508,Run,"Ville-la-Grand, France",0.0,3.622899813316739,58.22,16.07,3493.2,58 m 13 s
151583,60508941,Boniface Kibiwott,13083863792,Morning Run,nan,2024-12-10 06:34:17+00:00,3508,Run,"Ville-la-Grand, France",0.0,3.622899813316739,58.22,16.07,3493.2,58 m 13 s
151669,60508941,Boniface Kibiwott,13083863792,Morning Run,nan,2024-12-10 06:34:17+00:00,3508,Run,"Ville-la-Grand, France",0.0,3.622899813316739,58.22,16.07,3493.2,58 m 13 s
151287,83372861,Kristian Uldbjerg Hansen,13083978630,Morning Run,4x8min/2min på den danske troutfarm🌾 3:23/22(2.0)/19/18(2.2),2024-12-10 06:46:40+00:00,4894,Run,"Aarhus Municipality, Denmark",0.0,4.216867469879518,63.0,14.94,3780.0,1 h 3 m
154172,86896701,Michaela Oosthuizen,13084226108,Evening Run,nan,2024-12-09 16:12:54+00:00,185,Run,"Bitou Local Municipality, RSA",0.0,4.052631578947368,3.08,0.76,184.8,3 m 5 s
154171,86896701,Michaela Oosthuizen,13084226402,Evening Run,nan,2024-12-09 16:17:55+00:00,178,Run,"Bitou Local Municipality, RSA",0.0,3.807692307692308,2.97,0.78,178.20000000000002,2 m 58 s
154170,86896701,Michaela Oosthuizen,13084226499,Evening Run,nan,2024-12-09 16:25:14+00:00,184,Run,"Bitou Local Municipality, RSA",0.0,3.837499999999999,3.07,0.8,184.2,3 m 4 s
154169,86896701,Michaela Oosthuizen,13084226770,Evening Run,nan,2024-12-09 16:29:58+00:00,181,Run,"Bitou Local Municipality, RSA",0.0,3.7125,2.97,0.8,178.20000000000002,2 m 58 s
154168,86896701,Michaela Oosthuizen,13084227056,Evening Run,nan,2024-12-09 16:37:12+00:00,189,Run,"Bitou Local Municipality, RSA",0.0,3.75,3.15,0.84,189.0,3 m 9 s
154167,86896701,Michaela Oosthuizen,13084227300,Evening Run,nan,2024-12-09 16:42:02+00:00,185,Run,"Bitou Local Municipality, RSA",0.0,3.85,3.08,0.8,184.8,3 m 5 s
154166,86896701,Michaela Oosthuizen,13084227892,Evening Run,nan,2024-12-09 16:49:12+00:00,180,Run,"Bitou Local Municipality, RSA",0.0,3.797468354430379,3.0,0.79,180.0,3 m 0 s
154165,86896701,Michaela Oosthuizen,13084229669,Evening Run,nan,2024-12-09 16:54:09+00:00,178,Run,"Bitou Local Municipality, RSA",0.0,3.5783132530120487,2.97,0.83,178.20000000000002,2 m 58 s
151373,64360338,Hamza Sahli,13084793246,Lunch Swim,nan,2024-12-10 10:37:38+00:00,1454,Swim,nan,0.0,0.0,0.0,24.0,0.0,146 bpm
151372,64360338,Hamza Sahli,13084825744,Natation le midi,nan,2024-12-10 10:42:00+00:00,1310,Swim,nan,0.0,0.0,0.0,1.0,0.0,2:11 /100m
152293,60155357,Youssef Benzamia,13084871368,Evening Run,nan,2024-12-09 18:32:18+00:00,3261,Run,"Nice, France",0.0,4.5183333333333335,54.22,12.0,3253.2,54 m 13 s
152427,60155357,Youssef Benzamia,13084871368,Evening Run,nan,2024-12-09 18:32:18+00:00,3261,Run,"Nice, France",0.0,4.5183333333333335,54.22,12.0,3253.2,54 m 13 s
151496,60508941,Boniface Kibiwott,13085146647,Lunch Run,nan,2024-12-10 10:38:10+00:00,1278,Run,"Ville-la-Grand, France",0.0,15.285714285714285,1.07,0.07,64.2,1 m 4 s
151582,60508941,Boniface Kibiwott,13085146647,Lunch Run,nan,2024-12-10 10:38:10+00:00,1278,Run,"Ville-la-Grand, France",0.0,15.285714285714285,1.07,0.07,64.2,1 m 4 s
151668,60508941,Boniface Kibiwott,13085146647,Lunch Run,nan,2024-12-10 10:38:10+00:00,1278,Run,"Ville-la-Grand, France",0.0,15.285714285714285,1.07,0.07,64.2,1 m 4 s
153018,69143721,Jonathan Grahn,13085170219,Lunch Run,nan,2024-12-10 11:16:45+00:00,2822,Run,"Mölndals kommun, Sweden",0.0,4.743852459016393,46.3,9.76,2778.0,46 m 18 s
152784,69562064,José Carlos Pinto,13085227960,6km warmup,nan,2024-12-10 09:20:14+00:00,1663,Run,"Oeiras, Portugal",0.0,4.575707154742097,27.5,6.01,1650.0,27 m 30 s
152783,69562064,José Carlos Pinto,13085231381,10x400 + 5x200,10x400 avg 60.1 5x200 avg 26.6 last 24.5 1’/5’ rc,2024-12-10 10:38:56+00:00,1891,Run,"Oeiras, Portugal",0.0,3.851688693098385,26.23,6.81,1573.8,26 m 14 s
152782,69562064,José Carlos Pinto,13085231825,2km cooldown,nan,2024-12-10 11:18:33+00:00,585,Run,"Oeiras, Portugal",0.0,4.875,9.75,2.0,585.0,9 m 45 s
154013,89025421,Ivan Siuris,13086224474,Afternoon Run,nan,2024-12-10 13:30:14+00:00,4152,Run,nan,0.0,4.3125,69.0,16.0,4140.0,1 h 9 m
151371,64360338,Hamza Sahli,13086428498,Afternoon Run,nan,2024-12-10 14:52:20+00:00,2285,Run,"Louviers, France",0.0,5.402560455192034,37.98,7.03,2278.7999999999997,37 m 59 s
153620,82013388,Logan Measner,13086872745,Morning Run,nan,2024-12-10 16:22:00+00:00,1146,Run,nan,0.0,3.9462809917355375,19.1,4.84,1146.0,19 m 6 s
151286,83372861,Kristian Uldbjerg Hansen,13086889602,Afternoon Run,8x1k/60s 3:05/03/03/04(3.0)/02/01/01/00(3.9),2024-12-10 14:59:18+00:00,6377,Run,"Aarhus Municipality, Denmark",0.0,4.393564356435643,71.0,16.16,4260.0,1 h 11 m
152603,81785282,Nico Boketta,13086900374,Morning Run,nan,2024-12-10 08:55:58+00:00,2133,Run,nan,0.0,3.243101182654402,24.68,7.61,1480.8,24 m 41 s
152639,81785282,Nico Boketta,13086900374,Morning Run,nan,2024-12-10 08:55:58+00:00,2133,Run,nan,0.0,3.243101182654402,24.68,7.61,1480.8,24 m 41 s
152602,81785282,Nico Boketta,13086903155,Evening Run,nan,2024-12-10 16:05:10+00:00,2473,Run,"Tlokwe Local Municipality, RSA",0.0,5.1525,41.22,8.0,2473.2,41 m 13 s
152638,81785282,Nico Boketta,13086903155,Evening Run,nan,2024-12-10 16:05:10+00:00,2473,Run,"Tlokwe Local Municipality, RSA",0.0,5.1525,41.22,8.0,2473.2,41 m 13 s
151495,60508941,Boniface Kibiwott,13087223548,Afternoon Run,nan,2024-12-10 15:02:31+00:00,1834,Run,"Ville-la-Grand, France",0.0,5.632270168855535,30.02,5.33,1801.2,30 m 1 s
151581,60508941,Boniface Kibiwott,13087223548,Afternoon Run,nan,2024-12-10 15:02:31+00:00,1834,Run,"Ville-la-Grand, France",0.0,5.632270168855535,30.02,5.33,1801.2,30 m 1 s
151667,60508941,Boniface Kibiwott,13087223548,Afternoon Run,nan,2024-12-10 15:02:31+00:00,1834,Run,"Ville-la-Grand, France",0.0,5.632270168855535,30.02,5.33,1801.2,30 m 1 s
151760,79030752,Jack Salisbury,13087394044,Afternoon Workout,nan,2024-12-10 00:15:39+00:00,3602,Workout,nan,0.0,0.0,0.0,1.0,0.0,804 Cal
150844,63449551,Olivia Markezich,13087432741,Morning Run,Last uphill long run!!,2024-12-10 15:45:28+00:00,5774,Run,"Boulder County, USA",0.0,4.124168514412417,93.0,22.55,5580.0,1 h 33 m
150913,63449551,Olivia Markezich,13087432741,Morning Run,Last uphill long run!!,2024-12-10 15:45:28+00:00,5774,Run,"Boulder County, USA",0.0,4.124168514412417,93.0,22.55,5580.0,1 h 33 m
150982,63449551,Olivia Markezich,13087432741,Morning Run,Last uphill long run!!,2024-12-10 15:45:28+00:00,5774,Run,"Boulder County, USA",0.0,4.124168514412417,93.0,22.55,5580.0,1 h 33 m
152781,69562064,José Carlos Pinto,13087912313,10K recovery,nan,2024-12-10 18:07:04+00:00,2802,Run,"Oeiras, Portugal",0.0,4.510489510489511,45.15,10.01,2709.0,45 m 9 s
153320,71517556,Mehdi Kadri,13088130127,Muscu renfo,nan,2024-12-09 07:40:08+00:00,2348,Run,"Le Grand-Quevilly, France",0.0,4.8648989898989905,38.53,7.92,2311.8,38 m 32 s
153319,71517556,Mehdi Kadri,13088131851,10k récup,nan,2024-12-09 17:44:45+00:00,2891,Run,"Le Grand-Quevilly, France",0.0,4.780808080808081,47.33,9.9,2839.7999999999997,47 m 20 s
153318,71517556,Mehdi Kadri,13088132483,8k tac tac,nan,2024-12-10 11:30:20+00:00,872,Run,"Mont-Saint-Aignan, France",0.0,4.0366197183098596,14.33,3.55,859.8,14 m 20 s
153317,71517556,Mehdi Kadri,13088135752,4x8’ autour de 3’18,nan,2024-12-10 17:44:36+00:00,5502,Run,"Rouen, France",0.0,4.110275689223058,82.0,19.95,4920.0,1 h 22 m
153720,78680893,Gracelyn Larkin,13088780675,Morning Run,nan,2024-12-10 18:34:25+00:00,1548,Run,"Honolulu, USA",0.0,5.014084507042254,24.92,4.97,1495.2,24 m 55 s
153718,78680893,Gracelyn Larkin,13088781523,Morning Run,nan,2024-12-10 20:46:50+00:00,1001,Run,"Honolulu, USA",0.0,5.0,16.25,3.25,975.0,16 m 15 s
151025,99220051,Athanas Kioko,13088785320,Afternoon Run,84 Training Load -- from COROS,2024-12-10 20:13:48+00:00,3073,Run,"Winston-Salem, USA",0.0,3.973622963537626,51.22,12.89,3073.2,51 m 13 s
151072,99220051,Athanas Kioko,13088785320,Afternoon Run,84 Training Load -- from COROS,2024-12-10 20:13:48+00:00,3073,Run,"Winston-Salem, USA",0.0,3.973622963537626,51.22,12.89,3073.2,51 m 13 s
154031,95191578,Andrew Casey,13088858835,Afternoon Run,nan,2024-12-10 20:49:43+00:00,1705,Run,"Madison, USA",0.0,4.328100470957613,27.57,6.37,1654.2,27 m 34 s
153416,61783860,Shane Streich,13088949787,Warm Up,nan,2024-12-10 14:08:57+00:00,1427,Run,"Atlanta, USA",0.0,4.583524027459954,20.03,4.37,1201.8000000000002,20 m 2 s
153527,61783860,Shane Streich,13088949787,Warm Up,nan,2024-12-10 14:08:57+00:00,1427,Run,"Atlanta, USA",0.0,4.583524027459954,20.03,4.37,1201.8000000000002,20 m 2 s
153413,61783860,Shane Streich,13088949921,Warm Up,nan,2024-12-10 21:28:52+00:00,570,Run,"Atlanta, USA",0.0,4.523809523809524,9.5,2.1,570.0,9 m 30 s
153524,61783860,Shane Streich,13088949921,Warm Up,nan,2024-12-10 21:28:52+00:00,570,Run,"Atlanta, USA",0.0,4.523809523809524,9.5,2.1,570.0,9 m 30 s
153414,61783860,Shane Streich,13088950127,Cool Down,nan,2024-12-10 15:49:56+00:00,436,Run,"Atlanta, USA",0.0,4.572327044025156,7.27,1.59,436.2,7 m 16 s
153525,61783860,Shane Streich,13088950127,Cool Down,nan,2024-12-10 15:49:56+00:00,436,Run,"Atlanta, USA",0.0,4.572327044025156,7.27,1.59,436.2,7 m 16 s
153415,61783860,Shane Streich,13088950143,4x(2k On/1k Float),"2ks @ 6:50s avg. 1k float @ 3:50-4:05 Continuous 12k worth of work. Didn’t feel great, but slowed the paces down to what was threshold for today. Onto the next.",2024-12-10 15:00:30+00:00,2605,Run,"Atlanta, USA",0.0,3.4979789814066296,43.27,12.37,2596.2000000000003,43 m 16 s
153526,61783860,Shane Streich,13088950143,4x(2k On/1k Float),"2ks @ 6:50s avg. 1k float @ 3:50-4:05 Continuous 12k worth of work. Didn’t feel great, but slowed the paces down to what was threshold for today. Onto the next.",2024-12-10 15:00:30+00:00,2605,Run,"Atlanta, USA",0.0,3.4979789814066296,43.27,12.37,2596.2000000000003,43 m 16 s
153412,61783860,Shane Streich,13089131082,12xT400s,"@ 71-74s w/ 30” RC Sesh 2. Didn’t feel great on this one, either, but checked the box. Time to sleep😴",2024-12-10 21:50:04+00:00,1213,Run,"Atlanta, USA",0.0,3.352059925093633,17.9,5.34,1074.0,17 m 54 s
153523,61783860,Shane Streich,13089131082,12xT400s,"@ 71-74s w/ 30” RC Sesh 2. Didn’t feel great on this one, either, but checked the box. Time to sleep😴",2024-12-10 21:50:04+00:00,1213,Run,"Atlanta, USA",0.0,3.352059925093633,17.9,5.34,1074.0,17 m 54 s
153619,82013388,Logan Measner,13089254981,Afternoon Run,nan,2024-12-10 20:57:27+00:00,5581,Run,"Madison, USA",0.0,4.09441233140655,85.0,20.76,5100.0,1 h 25 m
153719,78680893,Gracelyn Larkin,13089368867,Morning Run,treadmill T 6xmile,2024-12-10 20:23:44+00:00,1980,Run,nan,0.0,3.419689119170984,33.0,9.65,1980.0,33 m 0 s
153119,73659831,Evan Jenkins,13089519442,Afternoon Run,nan,2024-12-10 21:32:48+00:00,1167,Run,"Seattle, USA",0.0,3.913043478260869,18.9,4.83,1134.0,18 m 54 s
153120,73659831,Evan Jenkins,13089519792,Morning Run,nan,2024-12-09 18:24:33+00:00,4267,Run,"Seattle, USA",0.0,4.034761018001242,65.0,16.11,3900.0,1 h 5 m
153117,73659831,Evan Jenkins,13089520575,Afternoon Run,nan,2024-12-10 22:34:02+00:00,759,Run,"Seattle, USA",0.0,4.161764705882352,11.32,2.72,679.2,11 m 19 s
153118,73659831,Evan Jenkins,13089520645,Afternoon Run,nan,2024-12-10 22:02:12+00:00,1754,Run,"Seattle, USA",0.0,3.025879917184265,29.23,9.66,1753.8,29 m 14 s
153255,77830180,Keisuke Yokota,13090475413,Lunch Run,nan,2024-12-11 03:44:09+00:00,897,Run,"Nerima, Japan",0.0,4.596273291925466,14.8,3.22,888.0,14 m 48 s
152549,91049781,Hanna Hermansson,13090477049,6x1200 + 4x200,4:05 - 3:52 off 90s 36-32-33-32 off 200 jog,2024-12-11 01:56:58+00:00,6782,Run,"Irvine, USA",0.0,4.293785310734464,76.0,17.7,4560.0,1 h 16 m
153254,77830180,Keisuke Yokota,13090540176,Afternoon Run,nan,2024-12-11 04:10:51+00:00,963,Run,"Nerima, Japan",0.0,3.4891304347826093,16.05,4.6,963.0,16 m 3 s
153253,77830180,Keisuke Yokota,13090669666,Afternoon Run,nan,2024-12-11 04:48:19+00:00,696,Run,"Nerima, Japan",0.0,11.906666666666666,8.93,0.75,535.8,8 m 56 s
153017,69143721,Jonathan Grahn,13090789198,Morning Run,nan,2024-12-11 05:53:40+00:00,1253,Run,"Mölndals kommun, Sweden",0.0,4.296536796536797,19.85,4.62,1191.0,19 m 51 s
153411,61783860,Shane Streich,13090845588,Cool Down,nan,2024-12-10 22:17:36+00:00,448,Run,"Atlanta, USA",0.0,4.368421052631579,7.47,1.71,448.2,7 m 28 s
153522,61783860,Shane Streich,13090845588,Cool Down,nan,2024-12-10 22:17:36+00:00,448,Run,"Atlanta, USA",0.0,4.368421052631579,7.47,1.71,448.2,7 m 28 s
154133,82077769,Leonid Latsepov,13091073528,Evening Run,nan,2024-12-10 17:05:11+00:00,2909,Run,"Tallinn, Estonia",0.0,4.636722606120434,46.97,10.13,2818.2,46 m 58 s
154134,82077769,Leonid Latsepov,13091074091,Afternoon Run,nan,2024-12-09 15:08:38+00:00,2961,Run,"Tallinn, Estonia",0.0,4.916161616161616,48.67,9.9,2920.2000000000003,48 m 40 s
154110,82077769,Leonid Latsepov,13091074589,Afternoon Run,nan,2024-12-08 12:00:11+00:00,1112,Run,"Fabrikalar Mahallesi, Turkey",0.0,5.910596026490067,17.85,3.02,1071.0,17 m 51 s
154111,82077769,Leonid Latsepov,13091075148,Afternoon Run,nan,2024-12-08 10:09:54+00:00,877,Run,"Fabrikalar Mahallesi, Turkey",0.0,4.874576271186441,14.38,2.95,862.8000000000001,14 m 23 s
154112,82077769,Leonid Latsepov,13091075644,Morning Run,nan,2024-12-08 05:38:50+00:00,1299,Run,"Altınkum Mahallesi, Turkey",0.0,4.890243902439025,20.05,4.1,1203.0,20 m 3 s
151285,83372861,Kristian Uldbjerg Hansen,13091681586,Morning Run,nan,2024-12-11 08:55:03+00:00,3603,Run,"Aarhus Municipality, Denmark",0.0,4.755516328331862,53.88,11.33,3232.8,53 m 53 s
153016,69143721,Jonathan Grahn,13092155660,Tröskel+VO2 max test,Betydligt bättre tröskel än för 2 år sedan men precis som då klarar jag inte av att ta ut mig tillräckligt med VO2 masken på.,2024-12-11 08:00:00+00:00,3600,Run,nan,0.0,4.615384615384615,60.0,13.0,3600.0,1 h 0 m
152780,69562064,José Carlos Pinto,13092160879,4k warmup,nan,2024-12-11 09:43:17+00:00,1023,Run,nan,0.0,4.2625,17.05,4.0,1023.0,17 m 3 s
152779,69562064,José Carlos Pinto,13092161569,Threshold 15x1’,5 - 20km/h (1’12 400m) 5 - 21km/h (68” 400m) 3 - 21.5km/h (66” 400m) 2 - 22km/h (65” 400m),2024-12-11 10:07:10+00:00,1368,Run,nan,0.0,2.783882783882784,22.8,8.19,1368.0,22 m 48 s
152778,69562064,José Carlos Pinto,13092162783,2km cooldown,nan,2024-12-11 10:32:48+00:00,582,Run,nan,0.0,4.85,9.7,2.0,582.0,9 m 42 s
154012,89025421,Ivan Siuris,13092399202,Afternoon Run,nan,2024-12-11 11:43:34+00:00,1182,Run,"Chișinau, Moldova",0.0,4.816625916870415,19.7,4.09,1182.0,19 m 42 s
154011,89025421,Ivan Siuris,13092728164,Afternoon Run,nan,2024-12-11 12:08:48+00:00,1154,Run,"Chișinau, Moldova",0.0,4.6075,18.43,4.0,1105.8,18 m 26 s
154130,82077769,Leonid Latsepov,13093049801,Night Run,nan,2024-12-11 11:10:05+00:00,1041,Run,nan,0.0,5.614886731391587,17.35,3.09,1041.0,17 m 21 s
154131,82077769,Leonid Latsepov,13093050314,Night Run,nan,2024-12-11 10:38:37+00:00,1677,Run,nan,0.0,4.415481832543444,27.95,6.33,1677.0,27 m 57 s
154132,82077769,Leonid Latsepov,13093050685,Night Run,nan,2024-12-11 09:52:44+00:00,907,Run,nan,0.0,5.342756183745583,15.12,2.83,907.2,15 m 7 s
151284,83372861,Kristian Uldbjerg Hansen,13093910906,Afternoon Weight Training,nan,2024-12-11 15:33:33+00:00,2862,WeightTraining,nan,0.0,0.0,0.0,47.0,0.0,nan
153015,69143721,Jonathan Grahn,13094071746,Afternoon Run,nan,2024-12-11 15:51:23+00:00,3357,Run,"Mölndals kommun, Sweden",0.0,4.520963425512934,50.68,11.21,3040.8,50 m 41 s
151283,83372861,Kristian Uldbjerg Hansen,13094206728,Afternoon Ride,♨️,2024-12-11 16:21:40+00:00,2761,Ride,nan,0.0,0.0,0.0,46.0,0.0,nan
151825,61174400,Jack Higgins,13094238476,Lunch Ride,nan,2024-12-11 16:14:27+00:00,3600,Ride,nan,0.0,2.1802325581395348,60.0,27.52,3600.0,1 h 0 m
152548,91049781,Hanna Hermansson,13094384947,Morning Run,nan,2024-12-11 16:33:20+00:00,3650,Run,"Los Angeles, USA",0.0,4.651162790697675,60.0,12.9,3600.0,1 h 0 m
154010,89025421,Ivan Siuris,13094616892,Evening Weight Training,nan,2024-12-11 17:18:37+00:00,2878,WeightTraining,nan,0.0,0.0,0.0,47.0,0.0,426 Cal
150843,63449551,Olivia Markezich,13094642769,Wednesday run,+ NM drills and the beginning of steeple drills!!!!!🥳,2024-12-11 16:15:00+00:00,3360,Run,nan,0.0,4.351204351204352,56.0,12.87,3360.0,56 m 0 s
150912,63449551,Olivia Markezich,13094642769,Wednesday run,+ NM drills and the beginning of steeple drills!!!!!🥳,2024-12-11 16:15:00+00:00,3360,Run,nan,0.0,4.351204351204352,56.0,12.87,3360.0,56 m 0 s
150981,63449551,Olivia Markezich,13094642769,Wednesday run,+ NM drills and the beginning of steeple drills!!!!!🥳,2024-12-11 16:15:00+00:00,3360,Run,nan,0.0,4.351204351204352,56.0,12.87,3360.0,56 m 0 s
151370,64360338,Hamza Sahli,13094727009,Evening Run,nan,2024-12-11 17:17:48+00:00,3956,Run,"Paris, France",0.0,5.613126079447323,65.0,11.58,3900.0,1 h 5 m
151024,99220051,Athanas Kioko,13094941622,Afternoon Run,11 Training Load -- from COROS,2024-12-11 18:31:09+00:00,896,Run,"Winston-Salem, USA",0.0,4.717488789237668,10.52,2.23,631.1999999999999,10 m 31 s
151071,99220051,Athanas Kioko,13094941622,Afternoon Run,11 Training Load -- from COROS,2024-12-11 18:31:09+00:00,896,Run,"Winston-Salem, USA",0.0,4.717488789237668,10.52,2.23,631.1999999999999,10 m 31 s
153618,82013388,Logan Measner,13095011301,Lunch Run,nan,2024-12-11 18:38:58+00:00,1132,Run,nan,0.0,3.898760330578513,18.87,4.84,1132.2,18 m 52 s
151023,99220051,Athanas Kioko,13095204519,Afternoon Run,214 Training Load -- from COROS,2024-12-11 18:53:36+00:00,1972,Run,nan,0.0,3.3202020202020197,32.87,9.9,1972.2,32 m 52 s
151070,99220051,Athanas Kioko,13095204519,Afternoon Run,214 Training Load -- from COROS,2024-12-11 18:53:36+00:00,1972,Run,nan,0.0,3.3202020202020197,32.87,9.9,1972.2,32 m 52 s
152777,69562064,José Carlos Pinto,13095260897,2km warmup,nan,2024-12-11 18:23:53+00:00,478,Run,"Oeiras, Portugal",0.0,3.985,7.97,2.0,478.2,7 m 58 s
152776,69562064,José Carlos Pinto,13095263942,Threshold 7x1200 1’rc,Avg 3:31,2024-12-11 18:58:51+00:00,1871,Run,"Oeiras, Portugal",0.0,3.1975446428571423,28.65,8.96,1719.0,28 m 39 s
152775,69562064,José Carlos Pinto,13095322837,2km cooldown,nan,2024-12-11 19:35:09+00:00,586,Run,nan,0.0,4.885,9.77,2.0,586.1999999999999,9 m 46 s
151759,79030752,Jack Salisbury,13095977957,Lunch Workout,nan,2024-12-11 19:49:06+00:00,3625,Workout,nan,0.0,0.0,0.0,1.0,0.0,597 Cal
153717,78680893,Gracelyn Larkin,13096159784,Morning Run,"got scared, had to change location lol",2024-12-11 20:19:29+00:00,364,Run,"Waianae Kai Forest Reserve, USA",0.0,6.153061224489797,6.03,0.98,361.8,6 m 2 s
153716,78680893,Gracelyn Larkin,13096167885,Lunch Run,nan,2024-12-11 21:04:48+00:00,3205,Run,"Honolulu County, USA",0.0,4.804453049370765,49.63,10.33,2977.8,49 m 38 s
152547,91049781,Hanna Hermansson,13096395180,Afternoon Weight Training,nan,2024-12-11 21:58:16+00:00,3589,WeightTraining,nan,0.0,0.0,0.0,59.0,0.0,216 Cal
150842,63449551,Olivia Markezich,13096738417,Double,nan,2024-12-11 23:36:22+00:00,1835,Run,"Boulder, USA",0.0,4.630434782608695,29.82,6.44,1789.2,29 m 49 s
150911,63449551,Olivia Markezich,13096738417,Double,nan,2024-12-11 23:36:22+00:00,1835,Run,"Boulder, USA",0.0,4.630434782608695,29.82,6.44,1789.2,29 m 49 s
150980,63449551,Olivia Markezich,13096738417,Double,nan,2024-12-11 23:36:22+00:00,1835,Run,"Boulder, USA",0.0,4.630434782608695,29.82,6.44,1789.2,29 m 49 s
152546,91049781,Hanna Hermansson,13097081815,Afternoon Run,nan,2024-12-12 01:02:06+00:00,1885,Run,nan,0.0,4.8864696734059105,31.42,6.43,1885.2,31 m 25 s
153617,82013388,Logan Measner,13097248279,Evening Run,nan,2024-12-12 01:34:11+00:00,2193,Run,nan,0.0,3.779731127197518,36.55,9.67,2193.0,36 m 33 s
153715,78680893,Gracelyn Larkin,13097433123,Afternoon Run,nan,2024-12-12 03:06:35+00:00,1446,Run,"Honolulu County, USA",0.0,4.8615702479338845,23.53,4.84,1411.8000000000002,23 m 32 s
151758,79030752,Jack Salisbury,13097491435,Evening Workout,nan,2024-12-12 02:24:07+00:00,3603,Workout,nan,0.0,0.0,0.0,1.0,0.0,801 Cal
153251,77830180,Keisuke Yokota,13097876814,Afternoon Run,nan,2024-12-12 05:37:15+00:00,612,Run,"Asaka, Japan",0.0,5.408536585365853,8.87,1.64,532.1999999999999,8 m 52 s
153252,77830180,Keisuke Yokota,13097876844,Morning Run,nan,2024-12-12 01:43:49+00:00,5087,Run,"Asaka, Japan",0.0,6.165651644336174,50.62,8.21,3037.2,50 m 37 s
151494,60508941,Boniface Kibiwott,13098067311,Morning Run,nan,2024-12-12 06:32:23+00:00,2911,Run,"Ville-la-Grand, France",0.0,4.023275145469659,48.4,12.03,2904.0,48 m 24 s
151580,60508941,Boniface Kibiwott,13098067311,Morning Run,nan,2024-12-12 06:32:23+00:00,2911,Run,"Ville-la-Grand, France",0.0,4.023275145469659,48.4,12.03,2904.0,48 m 24 s
151666,60508941,Boniface Kibiwott,13098067311,Morning Run,nan,2024-12-12 06:32:23+00:00,2911,Run,"Ville-la-Grand, France",0.0,4.023275145469659,48.4,12.03,2904.0,48 m 24 s
151282,83372861,Kristian Uldbjerg Hansen,13098222168,Morning Run,3x2k/60s 3:22/17/18(1.9),2024-12-12 06:45:48+00:00,4161,Run,"Aarhus Municipality, Denmark",0.0,4.1154903758020165,44.9,10.91,2694.0,44 m 54 s
150406,93170673,Stefan Nillessen,13098757044,Morning Run,nan,2024-12-12 08:52:30+00:00,4823,Run,"Arnhem, Netherlands",0.0,4.87012987012987,75.0,15.4,4500.0,1 h 15 m
153014,69143721,Jonathan Grahn,13098800245,Morning Run,nan,2024-12-12 09:44:20+00:00,2469,Run,"Mölndals kommun, Sweden",0.0,4.679945054945055,34.07,7.28,2044.2,34 m 4 s
152774,69562064,José Carlos Pinto,13098885370,10k at 1800m altitude,nan,2024-12-12 09:37:51+00:00,2377,Run,nan,0.0,3.962,39.62,10.0,2377.2,39 m 37 s
154129,82077769,Leonid Latsepov,13100277156,Lunch Run,nan,2024-12-12 09:39:33+00:00,3994,Run,"Tallinn, Estonia",0.0,4.1042345276872965,63.0,15.35,3780.0,1 h 3 m
152864,87287379,Carson Williams,13100612371,Morning Run,nan,2024-12-12 14:31:18+00:00,1648,Run,"Travelers Rest, USA",0.0,4.265527950310559,27.47,6.44,1648.1999999999998,27 m 28 s
152922,87287379,Carson Williams,13100612371,Morning Run,nan,2024-12-12 14:31:18+00:00,1648,Run,"Travelers Rest, USA",0.0,4.265527950310559,27.47,6.44,1648.1999999999998,27 m 28 s
153013,69143721,Jonathan Grahn,13101104252,Afternoon Run,nan,2024-12-12 16:11:35+00:00,3147,Run,"Mölndals kommun, Sweden",0.0,4.751677852348993,28.32,5.96,1699.2,28 m 19 s
151281,83372861,Kristian Uldbjerg Hansen,13101131281,Afternoon Run,nan,2024-12-12 16:21:43+00:00,2781,Run,"Aarhus Municipality, Denmark",0.0,4.893249607535322,31.17,6.37,1870.2,31 m 10 s
152601,81785282,Nico Boketta,13101165664,Morning Run,nan,2024-12-12 08:10:32+00:00,2929,Run,nan,0.0,4.547788873038517,31.88,7.01,1912.8,31 m 53 s
152637,81785282,Nico Boketta,13101165664,Morning Run,nan,2024-12-12 08:10:32+00:00,2929,Run,nan,0.0,4.547788873038517,31.88,7.01,1912.8,31 m 53 s
153012,69143721,Jonathan Grahn,13101276392,Evening Run,nan,2024-12-12 17:15:05+00:00,973,Run,"Mölndals kommun, Sweden",0.0,5.006172839506172,16.22,3.24,973.2,16 m 13 s
152545,91049781,Hanna Hermansson,13101479686,Morning Run,nan,2024-12-12 17:38:01+00:00,1436,Run,"Los Angeles, USA",0.0,4.718253968253968,23.78,5.04,1426.8000000000002,23 m 47 s
150841,63449551,Olivia Markezich,13101558981,Thursday fartlek,"1,2,3,2,1,2,3,2,1, 6x30 w/ equal rest",2024-12-12 16:15:36+00:00,7036,Run,"Louisville, USA",0.0,4.064272211720227,86.0,21.16,5160.0,1 h 26 m
150910,63449551,Olivia Markezich,13101558981,Thursday fartlek,"1,2,3,2,1,2,3,2,1, 6x30 w/ equal rest",2024-12-12 16:15:36+00:00,7036,Run,"Louisville, USA",0.0,4.064272211720227,86.0,21.16,5160.0,1 h 26 m
150979,63449551,Olivia Markezich,13101558981,Thursday fartlek,"1,2,3,2,1,2,3,2,1, 6x30 w/ equal rest",2024-12-12 16:15:36+00:00,7036,Run,"Louisville, USA",0.0,4.064272211720227,86.0,21.16,5160.0,1 h 26 m
151369,64360338,Hamza Sahli,13101661108,Evening Swim,nan,2024-12-12 17:57:48+00:00,1330,Swim,nan,0.0,0.0,0.0,22.0,0.0,151 bpm
151368,64360338,Hamza Sahli,13101671289,Natation le soir,nan,2024-12-12 18:08:45+00:00,1280,Swim,nan,0.0,0.0,0.0,1.0,0.0,2:08 /100m
152544,91049781,Hanna Hermansson,13101940590,Thursday threshold,"4x8min off 90s 5:52 (2.2), 5:52 (1.9), 5:49 (2.0), 5:46 (2.4)",2024-12-12 18:27:58+00:00,2200,Run,nan,0.0,4.06992230854606,36.67,9.01,2200.2000000000003,36 m 40 s
152543,91049781,Hanna Hermansson,13102096541,Lunch Run,nan,2024-12-12 19:13:16+00:00,927,Run,nan,0.0,4.813084112149532,15.45,3.21,927.0,15 m 27 s
151022,99220051,Athanas Kioko,13102330605,Morning Ride,28 Training Load -- from COROS,2024-12-12 14:52:03+00:00,4844,Ride,"B. Everett Jordan Project, USA",0.0,3.80536494073612,61.0,16.03,3660.0,1 h 1 m
151069,99220051,Athanas Kioko,13102330605,Morning Ride,28 Training Load -- from COROS,2024-12-12 14:52:03+00:00,4844,Ride,"B. Everett Jordan Project, USA",0.0,3.80536494073612,61.0,16.03,3660.0,1 h 1 m
151021,99220051,Athanas Kioko,13102331017,Lunch Run,256 Training Load -- from COROS,2024-12-12 16:22:05+00:00,5588,Run,"B. Everett Jordan Project, USA",0.0,3.2858707557502735,90.0,27.39,5400.0,1 h 30 m
151068,99220051,Athanas Kioko,13102331017,Lunch Run,256 Training Load -- from COROS,2024-12-12 16:22:05+00:00,5588,Run,"B. Everett Jordan Project, USA",0.0,3.2858707557502735,90.0,27.39,5400.0,1 h 30 m
153714,78680893,Gracelyn Larkin,13102472319,Morning Run,nan,2024-12-12 18:59:26+00:00,3256,Run,"Honolulu County, USA",0.0,4.857290589451913,46.97,9.67,2818.2,46 m 58 s
151493,60508941,Boniface Kibiwott,13102664910,Afternoon Run,nan,2024-12-12 15:08:38+00:00,2683,Run,"Ville-la-Grand, France",0.0,4.564366632337796,44.32,9.71,2659.2,44 m 19 s
151579,60508941,Boniface Kibiwott,13102664910,Afternoon Run,nan,2024-12-12 15:08:38+00:00,2683,Run,"Ville-la-Grand, France",0.0,4.564366632337796,44.32,9.71,2659.2,44 m 19 s
151665,60508941,Boniface Kibiwott,13102664910,Afternoon Run,nan,2024-12-12 15:08:38+00:00,2683,Run,"Ville-la-Grand, France",0.0,4.564366632337796,44.32,9.71,2659.2,44 m 19 s
154222,74338147,Erin Strzelecki,13102798921,Afternoon Run,nan,2024-12-12 20:47:22+00:00,1918,Run,"Saint Joseph County, USA",0.0,4.685358255451713,30.08,6.42,1804.8,30 m 5 s
153115,73659831,Evan Jenkins,13102833638,Morning Run,nan,2024-12-12 18:36:33+00:00,5115,Run,"Seattle, USA",0.0,4.4126786824114355,71.0,16.09,4260.0,1 h 11 m
153116,73659831,Evan Jenkins,13102834323,Lunch Run,nan,2024-12-11 20:39:19+00:00,4101,Run,"Seattle, USA",0.0,4.161490683229813,67.0,16.1,4020.0,1 h 7 m
153316,71517556,Mehdi Kadri,13102860855,8k le midi avant le seuil sur tapis le soir,8x1000m récup 1’ à 12km/h De 3’04 à 2’57,2024-12-11 11:16:16+00:00,2187,Run,"Mont-Saint-Aignan, France",0.0,4.552896725440806,36.15,7.94,2169.0,36 m 9 s
153315,71517556,Mehdi Kadri,13102861562,100km un jeudi soir c’est pas raisonnable,10x400 récup 200m trot en 55-1’ 5x200 récup 200 trot en 1’ 64 et 29,2024-12-12 17:41:57+00:00,1483,Run,"Val-de-Reuil, France",0.0,4.721774193548388,23.42,4.96,1405.2,23 m 25 s
153314,71517556,Mehdi Kadri,13102862199,Merci la ville de VDR j’ai pas payé l’entrée,nan,2024-12-12 18:34:09+00:00,1251,Run,"Val-de-Reuil, France",0.0,3.2605965463108317,20.77,6.37,1246.2,20 m 46 s
153410,61783860,Shane Streich,13103222794,Afternoon Run,nan,2024-12-12 21:53:29+00:00,2721,Run,nan,0.0,4.621761658031088,44.6,9.65,2676.0,44 m 36 s
153521,61783860,Shane Streich,13103222794,Afternoon Run,nan,2024-12-12 21:53:29+00:00,2721,Run,nan,0.0,4.621761658031088,44.6,9.65,2676.0,44 m 36 s
151757,79030752,Jack Salisbury,13103288424,👍🏼👍🏼,nan,2024-12-12 22:16:20+00:00,1897,Run,nan,0.0,4.712286158631415,30.3,6.43,1818.0,30 m 18 s
153616,82013388,Logan Measner,13103326605,Afternoon Run,nan,2024-12-12 21:39:36+00:00,4200,Run,"Madison, USA",0.0,4.154124021673691,69.0,16.61,4140.0,1 h 9 m
153250,77830180,Keisuke Yokota,13105366092,Afternoon Run,nan,2024-12-13 08:00:57+00:00,3887,Run,"Asaka, Japan",0.0,5.80179282868526,58.25,10.04,3495.0,58 m 15 s
152084,68238567,Takashi Soma,13105918440,夕方のランニング,nan,2024-12-13 09:56:25+00:00,3572,Run,"Nasushiobara, Japan",0.0,5.394711992445703,57.13,10.59,3427.8,57 m 8 s
152105,68238567,Takashi Soma,13105918440,夕方のランニング,nan,2024-12-13 09:56:25+00:00,3572,Run,"Nasushiobara, Japan",0.0,5.394711992445703,57.13,10.59,3427.8,57 m 8 s
152773,69562064,José Carlos Pinto,13106360628,Corrida ao entardecer,nan,2024-12-12 18:06:40+00:00,2641,Run,"Oeiras, Portugal",0.0,4.397602397602398,44.02,10.01,2641.2000000000003,44 m 1 s
152772,69562064,José Carlos Pinto,13106361438,4km warmup,nan,2024-12-13 10:42:45+00:00,1050,Run,"Oeiras, Portugal",0.0,4.325,17.3,4.0,1038.0,17 m 18 s
152771,69562064,José Carlos Pinto,13106364253,Circuito Oregon 2.000/1.000/1.000,2.000 - 5:20 1.000 - 2:37 1.000 - 2:31,2024-12-13 11:33:56+00:00,1518,Run,"Oeiras, Portugal",0.0,3.725190839694657,19.52,5.24,1171.2,19 m 31 s
151280,83372861,Kristian Uldbjerg Hansen,13106413454,Pre race,"Easy + drills og strides i Dev 5👀. Billede fra sidste 3k til DMU i 2012. Nr 4 i 9.23, spændende at se hvor meget der ryger af tiden imorgen 😅 Forøvrigt lige efter en træningssamling i Gøteborg, med en legendarisk gruppe. Hvor mange OL/VM deltagere kan i spotte?",2024-12-13 10:43:02+00:00,5525,Run,"Aarhus Municipality, Denmark",0.0,4.7216248506571095,39.52,8.37,2371.2000000000003,39 m 31 s
151020,99220051,Athanas Kioko,13106545490,Morning Run,87 Training Load -- from COROS,2024-12-13 11:20:06+00:00,4513,Run,"Winston-Salem, USA",0.0,4.658385093167701,75.0,16.1,4500.0,1 h 15 m
151067,99220051,Athanas Kioko,13106545490,Morning Run,87 Training Load -- from COROS,2024-12-13 11:20:06+00:00,4513,Run,"Winston-Salem, USA",0.0,4.658385093167701,75.0,16.1,4500.0,1 h 15 m
152770,69562064,José Carlos Pinto,13106579607,10 minutes cooldown 🚲,nan,2024-12-13 12:10:38+00:00,665,Ride,"Oeiras, Portugal",0.0,16.16417910447761,10.83,0.67,649.8,10 m 50 s
154009,89025421,Ivan Siuris,13106800024,Afternoon Run,nan,2024-12-13 12:19:27+00:00,3607,Run,nan,0.0,4.418262150220913,60.0,13.58,3600.0,1 h 0 m
152292,60155357,Youssef Benzamia,13107602561,Evening Run,nan,2024-12-13 15:05:36+00:00,1864,Run,"Elgeyo-Marakwet County, Kenya",0.0,5.1033333333333335,30.62,6.0,1837.2,30 m 37 s
152426,60155357,Youssef Benzamia,13107602561,Evening Run,nan,2024-12-13 15:05:36+00:00,1864,Run,"Elgeyo-Marakwet County, Kenya",0.0,5.1033333333333335,30.62,6.0,1837.2,30 m 37 s
150840,63449551,Olivia Markezich,13108246046,Morning Run,nan,2024-12-13 16:25:51+00:00,3516,Run,"Boulder, USA",0.0,4.422839506172839,57.32,12.96,3439.2,57 m 19 s
150909,63449551,Olivia Markezich,13108246046,Morning Run,nan,2024-12-13 16:25:51+00:00,3516,Run,"Boulder, USA",0.0,4.422839506172839,57.32,12.96,3439.2,57 m 19 s
150978,63449551,Olivia Markezich,13108246046,Morning Run,nan,2024-12-13 16:25:51+00:00,3516,Run,"Boulder, USA",0.0,4.422839506172839,57.32,12.96,3439.2,57 m 19 s
152863,87287379,Carson Williams,13108362545,Lunch Ride,nan,2024-12-13 16:48:10+00:00,554,Ride,"Greenville County, USA",0.0,2.319095477386935,9.23,3.98,553.8000000000001,9 m 14 s
152921,87287379,Carson Williams,13108362545,Lunch Ride,nan,2024-12-13 16:48:10+00:00,554,Ride,"Greenville County, USA",0.0,2.319095477386935,9.23,3.98,553.8000000000001,9 m 14 s
152862,87287379,Carson Williams,13108369796,Lunch Ride,nan,2024-12-13 17:01:03+00:00,2675,Ride,"Travelers Rest, USA",0.0,2.412054794520548,44.02,18.25,2641.2000000000003,44 m 1 s
152920,87287379,Carson Williams,13108369796,Lunch Ride,nan,2024-12-13 17:01:03+00:00,2675,Ride,"Travelers Rest, USA",0.0,2.412054794520548,44.02,18.25,2641.2000000000003,44 m 1 s
153409,61783860,Shane Streich,13108387904,WU,nan,2024-12-13 15:06:05+00:00,1197,Run,"Atlanta, USA",0.0,4.513574660633484,19.95,4.42,1197.0,19 m 57 s
153520,61783860,Shane Streich,13108387904,WU,nan,2024-12-13 15:06:05+00:00,1197,Run,"Atlanta, USA",0.0,4.513574660633484,19.95,4.42,1197.0,19 m 57 s
153408,61783860,Shane Streich,13108388236,Short CD,nan,2024-12-13 16:48:25+00:00,108,Run,"Atlanta, USA",0.0,5.4,1.62,0.3,97.2,1 m 37 s
153519,61783860,Shane Streich,13108388236,Short CD,nan,2024-12-13 16:48:25+00:00,108,Run,"Atlanta, USA",0.0,5.4,1.62,0.3,97.2,1 m 37 s
153407,61783860,Shane Streich,13108388269,4x (400/300/200) Hills,"Set 1-3: 77-78/54-55/33-34 Set 4: 76/51/31 RC 300/200/400m jog down 2x 3’ @ T (5:25) w/ 60” RC Hard hard harddddd workout today. Been a while since I’ve done hills that long and being sick didn’t help with things. Was very much a grind by the end, but I survived by the skin of my teeth lol. Would run it back again sometime though🤷🏻‍♂️",2024-12-13 15:58:06+00:00,2788,Run,"Atlanta, USA",0.0,4.594217347956132,46.08,10.03,2764.7999999999997,46 m 5 s
153518,61783860,Shane Streich,13108388269,4x (400/300/200) Hills,"Set 1-3: 77-78/54-55/33-34 Set 4: 76/51/31 RC 300/200/400m jog down 2x 3’ @ T (5:25) w/ 60” RC Hard hard harddddd workout today. Been a while since I’ve done hills that long and being sick didn’t help with things. Was very much a grind by the end, but I survived by the skin of my teeth lol. Would run it back again sometime though🤷🏻‍♂️",2024-12-13 15:58:06+00:00,2788,Run,"Atlanta, USA",0.0,4.594217347956132,46.08,10.03,2764.7999999999997,46 m 5 s
151756,79030752,Jack Salisbury,13108584089,Afternoon Workout,nan,2024-12-12 23:09:18+00:00,1268,Workout,nan,0.0,0.0,0.0,21.0,0.0,210 Cal
151755,79030752,Jack Salisbury,13108585593,Evening Workout,nan,2024-12-13 03:00:42+00:00,2703,Workout,nan,0.0,0.0,0.0,45.0,0.0,461 Cal
152769,69562064,José Carlos Pinto,13108783187,10k recovery,nan,2024-12-13 18:12:14+00:00,2743,Run,"Oeiras, Portugal",0.0,4.388611388611388,43.93,10.01,2635.8,43 m 56 s
151820,61174400,Jack Higgins,13109140001,Afternoon Swim,nan,2024-12-02 21:52:28+00:00,2888,Swim,nan,0.0,0.0,0.0,1.0,0.0,1:52 /100m
151826,61174400,Jack Higgins,13109140186,Afternoon Swim,nan,2024-12-09 22:41:59+00:00,1063,Swim,nan,0.0,0.0,0.0,325.0,0.0,1:37 /100m
151824,61174400,Jack Higgins,13109140531,Evening Swim,nan,2024-12-13 00:08:36+00:00,3123,Swim,nan,0.0,0.0,0.0,1.0,0.0,1:41 /100m
151823,61174400,Jack Higgins,13109140680,Afternoon Swim,nan,2024-12-13 19:13:35+00:00,1476,Swim,nan,0.0,0.0,0.0,875.0,0.0,1:34 /100m
153713,78680893,Gracelyn Larkin,13109456398,Afternoon Run,nan,2024-12-13 20:41:11+00:00,2311,Run,"Seguin Township, Canada",0.0,4.656327543424317,37.53,8.06,2251.8,37 m 32 s
151754,79030752,Jack Salisbury,13109792742,Lunch Run,nan,2024-12-13 19:16:37+00:00,2138,Run,"Flagstaff, USA",0.0,4.738058551617874,30.75,6.49,1845.0,30 m 45 s
151753,79030752,Jack Salisbury,13109793768,Afternoon Workout,nan,2024-12-13 20:57:52+00:00,3602,Workout,nan,0.0,0.0,0.0,1.0,0.0,701 Cal
152600,81785282,Nico Boketta,13109992586,Afternoon Run,nan,2024-12-13 14:42:26+00:00,2202,Run,"Tlokwe Local Municipality, RSA",0.0,4.51,36.08,8.0,2164.7999999999997,36 m 5 s
152636,81785282,Nico Boketta,13109992586,Afternoon Run,nan,2024-12-13 14:42:26+00:00,2202,Run,"Tlokwe Local Municipality, RSA",0.0,4.51,36.08,8.0,2164.7999999999997,36 m 5 s
151910,67065684,Hicham Ouladha,13109996527,Morning Run,nan,2024-12-10 09:08:02+00:00,5133,Run,"Ifrane, Morocco",0.0,4.421052631578948,84.0,19.0,5040.0,1 h 24 m
152025,67065684,Hicham Ouladha,13109996527,Morning Run,nan,2024-12-10 09:08:02+00:00,5133,Run,"Ifrane, Morocco",0.0,4.421052631578948,84.0,19.0,5040.0,1 h 24 m
151909,67065684,Hicham Ouladha,13109998105,Afternoon Run,nan,2024-12-10 16:43:43+00:00,3807,Run,"Ifrane, Morocco",0.0,4.765564950038432,62.0,13.01,3720.0,1 h 2 m
152024,67065684,Hicham Ouladha,13109998105,Afternoon Run,nan,2024-12-10 16:43:43+00:00,3807,Run,"Ifrane, Morocco",0.0,4.765564950038432,62.0,13.01,3720.0,1 h 2 m
151908,67065684,Hicham Ouladha,13109999935,Morning Run,nan,2024-12-11 09:06:49+00:00,5409,Run,"Ifrane, Morocco",0.0,3.824424163407214,88.0,23.01,5280.0,1 h 28 m
152023,67065684,Hicham Ouladha,13109999935,Morning Run,nan,2024-12-11 09:06:49+00:00,5409,Run,"Ifrane, Morocco",0.0,3.824424163407214,88.0,23.01,5280.0,1 h 28 m
151907,67065684,Hicham Ouladha,13110000458,Afternoon Run,nan,2024-12-11 16:05:23+00:00,2286,Run,"Ifrane, Morocco",0.0,4.756554307116105,38.1,8.01,2286.0,38 m 6 s
152022,67065684,Hicham Ouladha,13110000458,Afternoon Run,nan,2024-12-11 16:05:23+00:00,2286,Run,"Ifrane, Morocco",0.0,4.756554307116105,38.1,8.01,2286.0,38 m 6 s
151906,67065684,Hicham Ouladha,13110001618,Morning Run,nan,2024-12-12 09:03:09+00:00,2770,Run,"Ifrane, Morocco",0.0,4.497999999999999,44.98,10.0,2698.7999999999997,44 m 59 s
152021,67065684,Hicham Ouladha,13110001618,Morning Run,nan,2024-12-12 09:03:09+00:00,2770,Run,"Ifrane, Morocco",0.0,4.497999999999999,44.98,10.0,2698.7999999999997,44 m 59 s
151905,67065684,Hicham Ouladha,13110002013,Lunch Run,nan,2024-12-12 10:39:44+00:00,755,Run,"Ifrane, Morocco",0.0,4.193333333333333,12.58,3.0,754.8,12 m 35 s
152020,67065684,Hicham Ouladha,13110002013,Lunch Run,nan,2024-12-12 10:39:44+00:00,755,Run,"Ifrane, Morocco",0.0,4.193333333333333,12.58,3.0,754.8,12 m 35 s
151904,67065684,Hicham Ouladha,13110002892,Afternoon Run,nan,2024-12-12 16:01:38+00:00,3788,Run,"Ifrane, Morocco",0.0,4.688700999231361,61.0,13.01,3660.0,1 h 1 m
152019,67065684,Hicham Ouladha,13110002892,Afternoon Run,nan,2024-12-12 16:01:38+00:00,3788,Run,"Ifrane, Morocco",0.0,4.688700999231361,61.0,13.01,3660.0,1 h 1 m
151903,67065684,Hicham Ouladha,13110003391,Morning Run,nan,2024-12-13 09:08:45+00:00,1474,Run,"Ifrane, Morocco",0.0,4.766,23.83,5.0,1429.8,23 m 50 s
152018,67065684,Hicham Ouladha,13110003391,Morning Run,nan,2024-12-13 09:08:45+00:00,1474,Run,"Ifrane, Morocco",0.0,4.766,23.83,5.0,1429.8,23 m 50 s
151902,67065684,Hicham Ouladha,13110005208,Morning Run,nan,2024-12-13 09:56:10+00:00,5762,Run,"Ifrane, Morocco",0.0,3.9949537426408743,95.0,23.78,5700.0,1 h 35 m
152017,67065684,Hicham Ouladha,13110005208,Morning Run,nan,2024-12-13 09:56:10+00:00,5762,Run,"Ifrane, Morocco",0.0,3.9949537426408743,95.0,23.78,5700.0,1 h 35 m
151901,67065684,Hicham Ouladha,13110005471,Lunch Run,nan,2024-12-13 11:33:57+00:00,370,Run,"Ifrane, Morocco",0.0,5.922330097087378,6.1,1.03,366.0,6 m 6 s
152016,67065684,Hicham Ouladha,13110005471,Lunch Run,nan,2024-12-13 11:33:57+00:00,370,Run,"Ifrane, Morocco",0.0,5.922330097087378,6.1,1.03,366.0,6 m 6 s
151900,67065684,Hicham Ouladha,13110006177,Afternoon Run,nan,2024-12-13 16:31:56+00:00,3225,Run,"Ifrane, Morocco",0.0,5.295,52.95,10.0,3177.0,52 m 57 s
152015,67065684,Hicham Ouladha,13110006177,Afternoon Run,nan,2024-12-13 16:31:56+00:00,3225,Run,"Ifrane, Morocco",0.0,5.295,52.95,10.0,3177.0,52 m 57 s
153249,77830180,Keisuke Yokota,13110380903,Morning Run,nan,2024-12-14 00:40:39+00:00,727,Run,"Asaka, Japan",0.0,4.04,12.12,3.0,727.1999999999999,12 m 7 s
152542,91049781,Hanna Hermansson,13110410418,Afternoon Run,nan,2024-12-13 22:54:56+00:00,2892,Run,"Los Angeles, USA",0.0,4.75879917184265,45.97,9.66,2758.2,45 m 58 s
153113,73659831,Evan Jenkins,13110539996,Lunch Run,nan,2024-12-13 19:15:25+00:00,680,Run,"Seattle, USA",0.0,4.586854460093897,9.77,2.13,586.1999999999999,9 m 46 s
153112,73659831,Evan Jenkins,13110540011,Afternoon Run,nan,2024-12-14 00:19:21+00:00,2445,Run,"Seattle, USA",0.0,4.6464019851116625,37.45,8.06,2247.0,37 m 27 s
153114,73659831,Evan Jenkins,13110540843,Morning Run,nan,2024-12-13 17:59:04+00:00,2407,Run,"Seattle, USA",0.0,4.354954954954955,24.17,5.55,1450.2,24 m 10 s
153248,77830180,Keisuke Yokota,13110610752,Morning Run,nan,2024-12-14 01:07:13+00:00,2955,Run,"Asaka, Japan",0.0,3.28552368245497,49.25,14.99,2955.0,49 m 15 s
153247,77830180,Keisuke Yokota,13110714404,Lunch Run,nan,2024-12-14 02:14:35+00:00,1226,Run,"Asaka, Japan",0.0,3.534602076124567,20.43,5.78,1225.8,20 m 26 s
153615,82013388,Logan Measner,13110742825,Evening Run,nan,2024-12-14 02:10:05+00:00,2235,Run,nan,0.0,3.848140495867769,37.25,9.68,2235.0,37 m 15 s
153614,82013388,Logan Measner,13110803693,Evening Elliptical,nan,2024-12-14 02:53:34+00:00,1431,Elliptical,nan,0.0,0.0,0.0,23.0,0.0,142 bpm
153246,77830180,Keisuke Yokota,13110832196,Lunch Run,nan,2024-12-14 02:48:59+00:00,26,Run,"Asaka, Japan",0.0,3.5833333333333335,0.43,0.12,25.8,26 s
153245,77830180,Keisuke Yokota,13110832815,Lunch Run,nan,2024-12-14 02:51:23+00:00,1388,Run,"Asaka, Japan",0.0,4.001730103806228,23.13,5.78,1387.8,23 m 8 s
153244,77830180,Keisuke Yokota,13110833036,Lunch Run,nan,2024-12-14 03:17:56+00:00,240,Run,"Asaka, Japan",0.0,4.0,4.0,1.0,240.0,4 m 0 s
153243,77830180,Keisuke Yokota,13110898730,Lunch Run,nan,2024-12-14 03:38:29+00:00,1647,Run,"Asaka, Japan",0.0,6.271461716937356,27.03,4.31,1621.8000000000002,27 m 2 s
151279,83372861,Kristian Uldbjerg Hansen,13111330208,Morning Run,nan,2024-12-14 07:22:36+00:00,645,Run,"Aarhus Municipality, Denmark",0.0,4.864253393665159,10.75,2.21,645.0,10 m 45 s
151492,60508941,Boniface Kibiwott,13111420746,Morning Run,nan,2024-12-14 06:35:24+00:00,1795,Run,"Ville-la-Grand, France",0.0,4.5672782874617734,29.87,6.54,1792.2,29 m 52 s
151578,60508941,Boniface Kibiwott,13111420746,Morning Run,nan,2024-12-14 06:35:24+00:00,1795,Run,"Ville-la-Grand, France",0.0,4.5672782874617734,29.87,6.54,1792.2,29 m 52 s
151664,60508941,Boniface Kibiwott,13111420746,Morning Run,nan,2024-12-14 06:35:24+00:00,1795,Run,"Ville-la-Grand, France",0.0,4.5672782874617734,29.87,6.54,1792.2,29 m 52 s
153011,69143721,Jonathan Grahn,13112544261,10x1km,nan,2024-12-14 09:04:24+00:00,7001,Run,"Göteborgs Stad, Sweden",0.0,4.393505253104107,92.0,20.94,5520.0,1 h 32 m
151367,64360338,Hamza Sahli,13112788465,Lunch Run,nan,2024-12-14 10:39:39+00:00,2550,Run,"Louviers, France",0.0,6.877022653721683,42.5,6.18,2550.0,42 m 30 s
152291,60155357,Youssef Benzamia,13112970226,Lunch Run,nan,2024-12-14 08:44:16+00:00,2767,Run,"Elgeyo-Marakwet County, Kenya",0.0,5.08,45.72,9.0,2743.2,45 m 43 s
152425,60155357,Youssef Benzamia,13112970226,Lunch Run,nan,2024-12-14 08:44:16+00:00,2767,Run,"Elgeyo-Marakwet County, Kenya",0.0,5.08,45.72,9.0,2743.2,45 m 43 s
153934,99038751,Salim Keddar,13113036873,Lunch Run,nan,2024-12-03 10:59:36+00:00,1146,Run,nan,0.0,4.526066350710901,19.1,4.22,1146.0,19 m 6 s
153933,99038751,Salim Keddar,13113039607,Lunch Run,nan,2024-12-04 10:23:16+00:00,2353,Run,"Louveciennes, France",0.0,4.27,38.43,9.0,2305.8,38 m 26 s
153932,99038751,Salim Keddar,13113040410,Evening Run,nan,2024-12-05 17:26:25+00:00,1222,Run,"Montesson, France",0.0,4.088300220750551,18.52,4.53,1111.2,18 m 31 s
153931,99038751,Salim Keddar,13113042728,Lunch Run,nan,2024-12-06 10:29:57+00:00,2575,Run,"Louveciennes, France",0.0,4.463541666666667,42.85,9.6,2571.0,42 m 51 s
153941,99038751,Salim Keddar,13113044172,Lunch Run,nan,2024-12-09 10:32:49+00:00,2018,Run,"Marly-le-Roi, France",0.0,3.3270000000000004,33.27,10.0,1996.2000000000005,33 m 16 s
153940,99038751,Salim Keddar,13113045235,Lunch Run,nan,2024-12-10 10:36:20+00:00,1298,Run,"Montesson, France",0.0,4.331858407079646,19.58,4.52,1174.8,19 m 35 s
153938,99038751,Salim Keddar,13113049027,Afternoon Run,nan,2024-12-12 14:16:56+00:00,2503,Run,"Marly-le-Roi, France",0.0,3.792727272727273,41.72,11.0,2503.2,41 m 43 s
153937,99038751,Salim Keddar,13113050284,Lunch Run,nan,2024-12-14 10:54:14+00:00,1803,Run,"Marly-le-Roi, France",0.0,3.6225,28.98,8.0,1738.8,28 m 59 s
153939,99038751,Salim Keddar,13113050547,Lunch Run,nan,2024-12-11 11:04:08+00:00,2532,Run,"Montesson, France",0.0,4.154999999999999,41.55,10.0,2493.0,41 m 33 s
154008,89025421,Ivan Siuris,13113169268,Afternoon Run,nan,2024-12-14 11:17:19+00:00,3908,Run,"Chișinau, Moldova",0.0,4.56490727532097,64.0,14.02,3840.0,1 h 4 m
151278,83372861,Kristian Uldbjerg Hansen,13113456687,Lunch Run,nan,2024-12-14 11:10:30+00:00,2366,Run,"Skive Municipality, Denmark",0.0,4.505747126436781,15.68,3.48,940.8,15 m 41 s
151277,83372861,Kristian Uldbjerg Hansen,13113458186,Afternoon Run,Post race ♨️,2024-12-14 12:21:37+00:00,2246,Run,"Skive Municipality, Denmark",0.0,5.191717791411043,33.85,6.52,2031.0,33 m 51 s
151276,83372861,Kristian Uldbjerg Hansen,13113665145,3000m,"7.57 P1. Fin tester, skud ud til Jeppe Risvig  ₉⁹₉ og NXT level for at lave det hårde arbejde. God blok done, klar til næste fase. 2 uger indtil højden igen🫡",2024-12-14 13:24:47+00:00,477,Run,nan,0.0,2.65,7.95,3.0,477.0,7 m 57 s
152599,81785282,Nico Boketta,13114042243,Lunch Run,nan,2024-12-14 09:00:03+00:00,1866,Run,"Tlokwe Local Municipality, RSA",0.0,3.80625,30.45,8.0,1827.0,30 m 27 s
152635,81785282,Nico Boketta,13114042243,Lunch Run,nan,2024-12-14 09:00:03+00:00,1866,Run,"Tlokwe Local Municipality, RSA",0.0,3.80625,30.45,8.0,1827.0,30 m 27 s
151752,79030752,Jack Salisbury,13114624730,Evening Workout,nan,2024-12-14 01:50:30+00:00,3525,Workout,nan,0.0,0.0,0.0,58.0,0.0,468 Cal
153712,78680893,Gracelyn Larkin,13114903749,Morning Run,nan,2024-12-14 15:52:47+00:00,1357,Run,"Seguin Township, Canada",0.0,4.613168724279835,22.42,4.86,1345.2,22 m 25 s
151751,79030752,Jack Salisbury,13115237887,Morning Run,nan,2024-12-14 16:18:19+00:00,2921,Run,"Flagstaff, USA",0.0,4.46535677352637,43.18,9.67,2590.8,43 m 11 s
150839,63449551,Olivia Markezich,13115290725,Morning Run,nan,2024-12-14 16:13:20+00:00,3742,Run,"Boulder, USA",0.0,4.332602339181287,59.27,13.68,3556.2000000000003,59 m 16 s
150908,63449551,Olivia Markezich,13115290725,Morning Run,nan,2024-12-14 16:13:20+00:00,3742,Run,"Boulder, USA",0.0,4.332602339181287,59.27,13.68,3556.2000000000003,59 m 16 s
150977,63449551,Olivia Markezich,13115290725,Morning Run,nan,2024-12-14 16:13:20+00:00,3742,Run,"Boulder, USA",0.0,4.332602339181287,59.27,13.68,3556.2000000000003,59 m 16 s
151019,99220051,Athanas Kioko,13115547438,Chasing greatness,Don't be fooled guys. A marathon is a super long distance,2024-12-14 15:18:17+00:00,9410,Run,"B. Everett Jordan Project, USA",0.0,3.3782187573824713,143.0,42.33,8580.0,2 h 23 m
151066,99220051,Athanas Kioko,13115547438,Chasing greatness,Don't be fooled guys. A marathon is a super long distance,2024-12-14 15:18:17+00:00,9410,Run,"B. Everett Jordan Project, USA",0.0,3.3782187573824713,143.0,42.33,8580.0,2 h 23 m
153710,78680893,Gracelyn Larkin,13115627559,Lunch Run,nan,2024-12-14 17:48:41+00:00,1411,Run,"Seguin Township, Canada",0.0,4.824380165289257,23.35,4.84,1401.0,23 m 21 s
153711,78680893,Gracelyn Larkin,13115674411,Lunch Run,tread,2024-12-14 16:39:00+00:00,2705,Run,nan,0.0,4.24482109227872,45.08,10.62,2704.7999999999997,45 m 5 s
151750,79030752,Jack Salisbury,13115900642,45 min of 90/30,5 up/10 down on the open stride elliptical,2024-12-14 18:05:48+00:00,3603,Workout,nan,0.0,0.0,0.0,1.0,0.0,870 Cal
152541,91049781,Hanna Hermansson,13115987144,Morning Run,nan,2024-12-14 17:34:25+00:00,3598,Run,"Palos Verdes Estates, USA",0.0,4.852713178294573,31.3,6.45,1878.0,31 m 18 s
152861,87287379,Carson Williams,13116509254,Afternoon Ride,"Easy loop, hard loop, easy loop I need a faster bike",2024-12-14 20:46:13+00:00,2166,Ride,"Greenville County, USA",0.0,2.089274643521389,33.7,16.13,2022.0,33 m 42 s
152919,87287379,Carson Williams,13116509254,Afternoon Ride,"Easy loop, hard loop, easy loop I need a faster bike",2024-12-14 20:46:13+00:00,2166,Ride,"Greenville County, USA",0.0,2.089274643521389,33.7,16.13,2022.0,33 m 42 s
151490,60508941,Boniface Kibiwott,13116874435,Afternoon Run,nan,2024-12-14 16:20:02+00:00,1371,Run,"Sion, Switzerland",0.0,3.263865546218488,19.42,5.95,1165.2,19 m 25 s
151576,60508941,Boniface Kibiwott,13116874435,Afternoon Run,nan,2024-12-14 16:20:02+00:00,1371,Run,"Sion, Switzerland",0.0,3.263865546218488,19.42,5.95,1165.2,19 m 25 s
151662,60508941,Boniface Kibiwott,13116874435,Afternoon Run,nan,2024-12-14 16:20:02+00:00,1371,Run,"Sion, Switzerland",0.0,3.263865546218488,19.42,5.95,1165.2,19 m 25 s
153813,66783639,Duncan Perrillat,13116931966,Course à pied le midi,nan,2024-12-13 11:04:15+00:00,4336,Run,"Grenoble, France",0.0,4.705073086844368,54.72,11.63,3283.2,54 m 43 s
153811,66783639,Duncan Perrillat,13116932308,Course à pied le matin,nan,2024-12-14 09:38:56+00:00,1859,Run,"Grenoble, France",0.0,4.38122332859175,30.8,7.03,1848.0,30 m 48 s
153807,66783639,Duncan Perrillat,13116932821,Course à pied en soirée,nan,2024-12-14 18:15:18+00:00,736,Run,"Voiron, France",0.0,4.969432314410481,11.38,2.29,682.8000000000001,11 m 23 s
153808,66783639,Duncan Perrillat,13116932829,Course à pied en soirée,nan,2024-12-14 17:50:00+00:00,505,Run,"Voiron, France",0.0,5.8604651162790695,2.52,0.43,151.2,2 m 31 s
153815,66783639,Duncan Perrillat,13116932865,Course à pied le midi,nan,2024-12-11 10:57:03+00:00,5031,Run,"Grenoble, France",0.0,4.0733197556008145,80.0,19.64,4800.0,1 h 20 m
153812,66783639,Duncan Perrillat,13116932886,Course à pied dans l'après-midi,nan,2024-12-13 16:15:05+00:00,2976,Run,"Grenoble, France",0.0,6.836974789915966,40.68,5.95,2440.8,40 m 41 s
153809,66783639,Duncan Perrillat,13116932894,Course à pied en soirée,nan,2024-12-14 17:01:23+00:00,1437,Run,"Voiron, France",0.0,2.99375,23.95,8.0,1437.0,23 m 57 s
153810,66783639,Duncan Perrillat,13116932925,Course à pied dans l'après-midi,nan,2024-12-14 15:58:32+00:00,3153,Run,"Voiron, France",0.0,4.75,28.5,6.0,1710.0,28 m 30 s
153814,66783639,Duncan Perrillat,13116933043,Course à pied en soirée,nan,2024-12-12 18:00:42+00:00,3645,Run,"Grenoble, France",0.0,4.351204351204352,56.0,12.87,3360.0,56 m 0 s
150838,63449551,Olivia Markezich,13117055122,Afternoon Run,nan,2024-12-14 23:06:29+00:00,1561,Run,"Boulder, USA",0.0,4.44973544973545,25.23,5.67,1513.8,25 m 14 s
150907,63449551,Olivia Markezich,13117055122,Afternoon Run,nan,2024-12-14 23:06:29+00:00,1561,Run,"Boulder, USA",0.0,4.44973544973545,25.23,5.67,1513.8,25 m 14 s
150976,63449551,Olivia Markezich,13117055122,Afternoon Run,nan,2024-12-14 23:06:29+00:00,1561,Run,"Boulder, USA",0.0,4.44973544973545,25.23,5.67,1513.8,25 m 14 s
151491,60508941,Boniface Kibiwott,13117133806,Afternoon Run,nan,2024-12-14 15:25:28+00:00,1276,Run,"Sion, Switzerland",0.0,4.865196078431373,19.85,4.08,1191.0,19 m 51 s
151577,60508941,Boniface Kibiwott,13117133806,Afternoon Run,nan,2024-12-14 15:25:28+00:00,1276,Run,"Sion, Switzerland",0.0,4.865196078431373,19.85,4.08,1191.0,19 m 51 s
151663,60508941,Boniface Kibiwott,13117133806,Afternoon Run,nan,2024-12-14 15:25:28+00:00,1276,Run,"Sion, Switzerland",0.0,4.865196078431373,19.85,4.08,1191.0,19 m 51 s
151749,79030752,Jack Salisbury,13117596549,Evening Workout,nan,2024-12-15 01:15:15+00:00,2119,Workout,nan,0.0,0.0,0.0,35.0,0.0,437 Cal
153111,73659831,Evan Jenkins,13117678230,Afternoon Run,nan,2024-12-14 22:48:04+00:00,1787,Run,"Seattle, USA",0.0,4.472049689440993,28.8,6.44,1728.0,28 m 48 s
152083,68238567,Takashi Soma,13117771592,ランチタイム ランニング,nan,2024-12-15 02:11:26+00:00,3643,Run,"Nasushiobara, Japan",0.0,6.288598574821853,52.95,8.42,3177.0,52 m 57 s
152104,68238567,Takashi Soma,13117771592,ランチタイム ランニング,nan,2024-12-15 02:11:26+00:00,3643,Run,"Nasushiobara, Japan",0.0,6.288598574821853,52.95,8.42,3177.0,52 m 57 s
153613,82013388,Logan Measner,13117836443,Evening Run,nan,2024-12-15 02:09:50+00:00,2859,Run,nan,0.0,3.7914818101153505,42.73,11.27,2563.7999999999997,42 m 44 s
152598,81785282,Nico Boketta,13118412258,Morning Run,nan,2024-12-15 07:23:34+00:00,3099,Run,"Tlokwe Local Municipality, RSA",0.0,5.1530000000000005,51.53,10.0,3091.8,51 m 32 s
152634,81785282,Nico Boketta,13118412258,Morning Run,nan,2024-12-15 07:23:34+00:00,3099,Run,"Tlokwe Local Municipality, RSA",0.0,5.1530000000000005,51.53,10.0,3091.8,51 m 32 s
152082,68238567,Takashi Soma,13118600821,午後のランニング,nan,2024-12-15 08:35:34+00:00,1451,Run,"Takanezawa, Japan",0.0,6.078313253012048,20.18,3.32,1210.8,20 m 11 s
152103,68238567,Takashi Soma,13118600821,午後のランニング,nan,2024-12-15 08:35:34+00:00,1451,Run,"Takanezawa, Japan",0.0,6.078313253012048,20.18,3.32,1210.8,20 m 11 s
154007,89025421,Ivan Siuris,13118793482,Morning Run,nan,2024-12-15 07:10:59+00:00,5307,Run,"Chișinau, Moldova",0.0,4.397801099450274,88.0,20.01,5280.0,1 h 28 m
153242,77830180,Keisuke Yokota,13118920529,Afternoon Run,nan,2024-12-15 07:38:48+00:00,7500,Run,"Asaka, Japan",0.0,5.154639175257732,115.0,22.31,6900.0,1 h 55 m
152290,60155357,Youssef Benzamia,13118933405,Morning Run,nan,2024-12-15 07:07:29+00:00,2441,Run,"Elgeyo-Marakwet County, Kenya",0.0,5.2272727272727275,40.25,7.7,2415.0,40 m 15 s
152424,60155357,Youssef Benzamia,13118933405,Morning Run,nan,2024-12-15 07:07:29+00:00,2441,Run,"Elgeyo-Marakwet County, Kenya",0.0,5.2272727272727275,40.25,7.7,2415.0,40 m 15 s
151274,83372861,Kristian Uldbjerg Hansen,13119387385,SLR 1/2,nan,2024-12-15 08:28:51+00:00,5227,Run,"Aarhus Municipality, Denmark",0.0,4.5175683212493025,81.0,17.93,4860.0,1 h 21 m
151275,83372861,Kristian Uldbjerg Hansen,13119387774,SLR 2/2,"Gode ben, så let progressivt mod slutningen🤝🏼",2024-12-15 09:56:23+00:00,1937,Run,"Aarhus Municipality, Denmark",0.0,3.865361077111383,31.58,8.17,1894.8,31 m 35 s
153010,69143721,Jonathan Grahn,13119410653,Långpass,Jag trodde jag joggade,2024-12-15 08:38:45+00:00,6793,Run,"Mölndals kommun, Sweden",0.0,3.638253638253638,105.0,28.86,6300.0,1 h 45 m
151365,64360338,Hamza Sahli,13120363798,Lunch Swim,nan,2024-12-15 11:26:29+00:00,1856,Swim,nan,0.0,0.0,0.0,30.0,0.0,150 bpm
151366,64360338,Hamza Sahli,13120373375,Natation le midi,nan,2024-12-15 11:08:00+00:00,1590,Swim,nan,0.0,0.0,0.0,1.0,0.0,2:12 /100m
153806,66783639,Duncan Perrillat,13120613330,Course à pied le midi,nan,2024-12-15 11:34:31+00:00,3603,Run,"Grenoble, France",0.0,4.524886877828054,60.0,13.26,3600.0,1 h 0 m
150405,93170673,Stefan Nillessen,13120717599,NK lange cross 6de,1/2,2024-12-15 11:59:56+00:00,1792,Run,"Eersel, Netherlands",0.0,3.1017653167185877,29.87,9.63,1792.2,29 m 52 s
150404,93170673,Stefan Nillessen,13121483528,NK korte cross🥈,Race 2/2,2024-12-15 13:59:55+00:00,452,Run,"Eersel, Netherlands",0.0,2.988095238095238,7.53,2.52,451.8,7 m 32 s
152767,69562064,José Carlos Pinto,13121916373,Pre race shake out,nan,2024-12-15 12:16:09+00:00,1456,Run,"Oeiras, Portugal",0.0,3.938333333333333,23.63,6.0,1417.8,23 m 38 s
152768,69562064,José Carlos Pinto,13121916415,Corrida da hora do almoço,nan,2024-12-14 11:17:29+00:00,2135,Run,"Oeiras, Portugal",0.0,4.2525,34.02,8.0,2041.2000000000005,34 m 1 s
152860,87287379,Carson Williams,13121955910,Morning Run,nan,2024-12-15 14:54:02+00:00,1688,Run,"Travelers Rest, USA",0.0,4.368012422360248,28.13,6.44,1687.8,28 m 8 s
152918,87287379,Carson Williams,13121955910,Morning Run,nan,2024-12-15 14:54:02+00:00,1688,Run,"Travelers Rest, USA",0.0,4.368012422360248,28.13,6.44,1687.8,28 m 8 s
153406,61783860,Shane Streich,13122239682,Morning Run,nan,2024-12-15 14:32:19+00:00,4995,Run,"Smyrna, USA",0.0,4.132231404958678,80.0,19.36,4800.0,1 h 20 m
153517,61783860,Shane Streich,13122239682,Morning Run,nan,2024-12-15 14:32:19+00:00,4995,Run,"Smyrna, USA",0.0,4.132231404958678,80.0,19.36,4800.0,1 h 20 m
154221,74338147,Erin Strzelecki,13122297621,Morning Run,nan,2024-12-15 15:35:37+00:00,1729,Run,"Saint Joseph County, USA",0.0,4.5007874015748035,28.58,6.35,1714.8,28 m 35 s
151018,99220051,Athanas Kioko,13122742649,Morning Run,173 Training Load -- from COROS,2024-12-15 15:17:54+00:00,4903,Run,"Habersham County, USA",0.0,4.29927414852038,77.0,17.91,4620.0,1 h 17 m
151065,99220051,Athanas Kioko,13122742649,Morning Run,173 Training Load -- from COROS,2024-12-15 15:17:54+00:00,4903,Run,"Habersham County, USA",0.0,4.29927414852038,77.0,17.91,4620.0,1 h 17 m
154006,89025421,Ivan Siuris,13122810820,Afternoon Weight Training,nan,2024-12-15 15:34:41+00:00,6421,WeightTraining,nan,0.0,0.0,0.0,1.0,0.0,717 Cal
150396,98279354,Marco Arop,13123176435,Lunch Run,43 Training Load -- from COROS,2024-12-09 17:15:32+00:00,1742,Run,"Oktibbeha County, USA",0.0,4.610766045548654,22.27,4.83,1336.2,22 m 16 s
150395,98279354,Marco Arop,13123178212,Lunch Run,193 Training Load -- from COROS,2024-12-12 18:36:37+00:00,1351,Run,"Oktibbeha County, USA",0.0,4.148362235067437,21.53,5.19,1291.8000000000002,21 m 32 s
150394,98279354,Marco Arop,13123178633,Rocket City Back Half Marathon,First half marathon. Felt great!,2024-12-15 15:00:02+00:00,4275,Run,"Huntsville, USA",0.0,3.328645100797,71.0,21.33,4260.0,1 h 11 m
153709,78680893,Gracelyn Larkin,13123514011,Lunch Run,nan,2024-12-15 17:14:06+00:00,7796,Run,"Huntsville, Canada",0.0,4.617772603802871,119.0,25.77,7140.0,1 h 59 m
150836,63449551,Olivia Markezich,13123532548,Workout,"Wu, cd outside. 7xmile on the treadmill (So mileage off— 13 total)",2024-12-15 16:46:10+00:00,8575,Run,"Boulder, USA",0.0,4.791995787256451,91.0,18.99,5460.0,1 h 31 m
150905,63449551,Olivia Markezich,13123532548,Workout,"Wu, cd outside. 7xmile on the treadmill (So mileage off— 13 total)",2024-12-15 16:46:10+00:00,8575,Run,"Boulder, USA",0.0,4.791995787256451,91.0,18.99,5460.0,1 h 31 m
150974,63449551,Olivia Markezich,13123532548,Workout,"Wu, cd outside. 7xmile on the treadmill (So mileage off— 13 total)",2024-12-15 16:46:10+00:00,8575,Run,"Boulder, USA",0.0,4.791995787256451,91.0,18.99,5460.0,1 h 31 m
150837,63449551,Olivia Markezich,13123551096,Missed mileage,From treadmill workout,2024-12-15 17:00:00+00:00,0,Run,nan,0.0,0.0,0.0,1.93,0.0,0 h 0 m
150906,63449551,Olivia Markezich,13123551096,Missed mileage,From treadmill workout,2024-12-15 17:00:00+00:00,0,Run,nan,0.0,0.0,0.0,1.93,0.0,0 h 0 m
150975,63449551,Olivia Markezich,13123551096,Missed mileage,From treadmill workout,2024-12-15 17:00:00+00:00,0,Run,nan,0.0,0.0,0.0,1.93,0.0,0 h 0 m
151748,79030752,Jack Salisbury,13123596322,Lunch Run,nan,2024-12-15 18:18:43+00:00,2731,Run,"Flagstaff, USA",0.0,4.589690721649485,44.52,9.7,2671.2000000000003,44 m 31 s
153110,73659831,Evan Jenkins,13123655583,Morning Run,nan,2024-12-15 17:47:19+00:00,5251,Run,"Seattle, USA",0.0,3.818827708703375,86.0,22.52,5160.0,1 h 26 m
152766,69562064,José Carlos Pinto,13123751107,4km warmup,nan,2024-12-15 18:02:43+00:00,1024,Run,"Lisbon, Portugal",0.0,4.1895261845386536,16.8,4.01,1008.0,16 m 48 s
152765,69562064,José Carlos Pinto,13123751821,10km - São Silvestre El Corte Ingles,nan,2024-12-15 19:06:48+00:00,1751,Run,"Lisbon, Portugal",0.0,2.9238476953907813,29.18,9.98,1750.8,29 m 11 s
152764,69562064,José Carlos Pinto,13123752541,5’ cooldown,nan,2024-12-15 20:01:57+00:00,306,Run,"Lisbon, Portugal",0.0,8.528301886792452,4.52,0.53,271.2,4 m 31 s
151747,79030752,Jack Salisbury,13123999440,Afternoon Workout,nan,2024-12-15 20:01:35+00:00,2999,Workout,nan,0.0,0.0,0.0,49.0,0.0,550 Cal
151822,61174400,Jack Higgins,13124128345,Morning Run,50 on bike,2024-12-15 09:04:04+00:00,3000,Ride,nan,0.0,2.071251035625518,50.0,24.14,3000.0,50 m 0 s
153612,82013388,Logan Measner,13124552103,Afternoon Run,nan,2024-12-15 21:44:58+00:00,5546,Run,"Madison, USA",0.0,3.633360858794385,88.0,24.22,5280.0,1 h 28 m
152539,91049781,Hanna Hermansson,13124984501,Afternoon Weight Training,nan,2024-12-16 00:37:57+00:00,1369,WeightTraining,nan,0.0,0.0,0.0,22.0,0.0,86 Cal
152540,91049781,Hanna Hermansson,13124984502,Afternoon Ride,nan,2024-12-15 23:55:11+00:00,1860,Ride,nan,0.0,0.0,0.0,31.0,0.0,119 bpm
152538,91049781,Hanna Hermansson,13124984680,Afternoon Elliptical,nan,2024-12-16 01:04:08+00:00,1831,Elliptical,nan,0.0,0.0,0.0,30.0,0.0,130 bpm
152289,60155357,Youssef Benzamia,13125258313,Afternoon Run,nan,2024-12-15 14:20:55+00:00,1188,Run,"Elgeyo-Marakwet County, Kenya",0.0,4.937655860349127,19.8,4.01,1188.0,19 m 48 s
152423,60155357,Youssef Benzamia,13125258313,Afternoon Run,nan,2024-12-15 14:20:55+00:00,1188,Run,"Elgeyo-Marakwet County, Kenya",0.0,4.937655860349127,19.8,4.01,1188.0,19 m 48 s
152288,60155357,Youssef Benzamia,13125258373,Afternoon Run,nan,2024-12-15 14:56:17+00:00,18,Run,nan,0.0,2.727272727272727,0.3,0.11,18.0,18 s
152422,60155357,Youssef Benzamia,13125258373,Afternoon Run,nan,2024-12-15 14:56:17+00:00,18,Run,nan,0.0,2.727272727272727,0.3,0.11,18.0,18 s
152287,60155357,Youssef Benzamia,13125258577,Afternoon Run,nan,2024-12-15 14:58:27+00:00,1730,Run,nan,0.0,7.682389937106918,24.43,3.18,1465.8,24 m 26 s
152421,60155357,Youssef Benzamia,13125258577,Afternoon Run,nan,2024-12-15 14:58:27+00:00,1730,Run,nan,0.0,7.682389937106918,24.43,3.18,1465.8,24 m 26 s
152286,60155357,Youssef Benzamia,13125258605,Evening Run,nan,2024-12-15 15:28:06+00:00,162,Run,nan,0.0,4.909090909090909,2.7,0.55,162.0,2 m 42 s
152420,60155357,Youssef Benzamia,13125258605,Evening Run,nan,2024-12-15 15:28:06+00:00,162,Run,nan,0.0,4.909090909090909,2.7,0.55,162.0,2 m 42 s
151314,83372861,Kristian Uldbjerg Hansen,13125892092,Morning Run,nan,2024-12-16 07:57:31+00:00,1853,Run,"Aarhus Municipality, Denmark",0.0,4.8390804597701145,29.47,6.09,1768.1999999999998,29 m 28 s
151313,83372861,Kristian Uldbjerg Hansen,13126163889,Morning Weight Training,nan,2024-12-16 08:31:00+00:00,4094,WeightTraining,nan,0.0,0.0,0.0,1.0,0.0,nan
151312,83372861,Kristian Uldbjerg Hansen,13126248135,Morning Run,nan,2024-12-16 09:43:54+00:00,714,Run,"Aarhus Municipality, Denmark",0.0,5.131578947368421,7.8,1.52,468.0,7 m 48 s
151488,60508941,Boniface Kibiwott,13126299659,Afternoon Run,nan,2024-12-15 12:33:20+00:00,778,Run,"Zurich, Switzerland",0.0,3.162849872773537,12.43,3.93,745.8,12 m 26 s
151574,60508941,Boniface Kibiwott,13126299659,Afternoon Run,nan,2024-12-15 12:33:20+00:00,778,Run,"Zurich, Switzerland",0.0,3.162849872773537,12.43,3.93,745.8,12 m 26 s
151660,60508941,Boniface Kibiwott,13126299659,Afternoon Run,nan,2024-12-15 12:33:20+00:00,778,Run,"Zurich, Switzerland",0.0,3.162849872773537,12.43,3.93,745.8,12 m 26 s
151489,60508941,Boniface Kibiwott,13126299923,Lunch Run,nan,2024-12-15 11:36:55+00:00,1151,Run,"Zurich, Switzerland",0.0,5.2555555555555555,18.92,3.6,1135.2,18 m 55 s
151575,60508941,Boniface Kibiwott,13126299923,Lunch Run,nan,2024-12-15 11:36:55+00:00,1151,Run,"Zurich, Switzerland",0.0,5.2555555555555555,18.92,3.6,1135.2,18 m 55 s
151661,60508941,Boniface Kibiwott,13126299923,Lunch Run,nan,2024-12-15 11:36:55+00:00,1151,Run,"Zurich, Switzerland",0.0,5.2555555555555555,18.92,3.6,1135.2,18 m 55 s
151382,64360338,Hamza Sahli,13126818229,Lunch Run,nan,2024-12-16 10:51:57+00:00,3343,Run,"Louviers, France",0.0,5.5213505461767625,55.6,10.07,3336.0,55 m 36 s
154021,89025421,Ivan Siuris,13127145006,Afternoon Run,nan,2024-12-16 11:33:23+00:00,3910,Run,"Chișinau, Moldova",0.0,4.769230769230769,62.0,13.0,3720.0,1 h 2 m
153805,66783639,Duncan Perrillat,13127418271,Course à pied dans l'après-midi,nan,2024-12-15 15:31:33+00:00,3095,Run,"Grenoble, France",0.0,4.582506762849414,50.82,11.09,3049.2,50 m 49 s
153434,61783860,Shane Streich,13127667486,Pre Speed D,Solo😪,2024-12-16 13:43:11+00:00,1750,Run,"Atlanta, USA",0.0,4.309006211180124,27.75,6.44,1665.0,27 m 45 s
153545,61783860,Shane Streich,13127667486,Pre Speed D,Solo😪,2024-12-16 13:43:11+00:00,1750,Run,"Atlanta, USA",0.0,4.309006211180124,27.75,6.44,1665.0,27 m 45 s
152804,69562064,José Carlos Pinto,13127826700,Corrida matinal,nan,2024-12-16 10:19:32+00:00,2626,Run,"Oeiras, Portugal",0.0,4.372627372627373,43.77,10.01,2626.2000000000003,43 m 46 s
151311,83372861,Kristian Uldbjerg Hansen,13128097332,Afternoon Run,nan,2024-12-16 15:22:14+00:00,461,Run,"Aarhus Municipality, Denmark",0.0,4.662337662337662,7.18,1.54,430.7999999999999,7 m 11 s
153043,69143721,Jonathan Grahn,13128183279,Afternoon Run,nan,2024-12-16 15:16:55+00:00,1450,Run,"Mölndals kommun, Sweden",0.0,4.251497005988024,21.3,5.01,1278.0,21 m 18 s
152874,87287379,Carson Williams,13128212503,Morning Run,nan,2024-12-16 14:22:15+00:00,2996,Run,"Travelers Rest, USA",0.0,4.292812777284827,48.38,11.27,2902.8,48 m 23 s
152932,87287379,Carson Williams,13128212503,Morning Run,nan,2024-12-16 14:22:15+00:00,2996,Run,"Travelers Rest, USA",0.0,4.292812777284827,48.38,11.27,2902.8,48 m 23 s
153734,78680893,Gracelyn Larkin,13128311188,Morning Run,nan,2024-12-16 15:09:18+00:00,3539,Run,"Seguin Township, Canada",0.0,4.5655546935609,58.85,12.89,3531.0,58 m 51 s
151310,83372861,Kristian Uldbjerg Hansen,13128380148,Afternoon Run,♨️,2024-12-16 15:39:57+00:00,2133,Run,nan,0.0,4.57516339869281,35.0,7.65,2100.0,35 m 0 s
153433,61783860,Shane Streich,13128413554,Post Speed D,nan,2024-12-16 16:03:55+00:00,1373,Run,"Atlanta, USA",0.0,4.484536082474227,21.75,4.85,1305.0,21 m 45 s
153544,61783860,Shane Streich,13128413554,Post Speed D,nan,2024-12-16 16:03:55+00:00,1373,Run,"Atlanta, USA",0.0,4.484536082474227,21.75,4.85,1305.0,21 m 45 s
151780,79030752,Jack Salisbury,13128510522,didnt realize the gym closed at 8,nan,2024-12-16 02:39:34+00:00,1248,Workout,nan,0.0,0.0,0.0,20.0,0.0,266 Cal
154035,81890092,Christian Jackson,13128511970,Lunch Run,nan,2024-12-04 12:39:29+00:00,1524,Run,"Leeds, United Kingdom",0.0,6.689839572192513,25.02,3.74,1501.2,25 m 1 s
154034,81890092,Christian Jackson,13128512861,Morning Run,nan,2024-12-08 10:51:53+00:00,2004,Run,"Leeds, United Kingdom",0.0,6.349896480331263,30.67,4.83,1840.2,30 m 40 s
151779,79030752,Jack Salisbury,13128512871,Morning Run,nan,2024-12-16 15:36:56+00:00,3731,Run,"Flagstaff, USA",0.0,4.490302560124127,57.88,12.89,3472.8,57 m 53 s
154037,81890092,Christian Jackson,13128514064,Lunch Run,nan,2024-12-15 12:34:51+00:00,1918,Run,"Leeds, United Kingdom",0.0,6.189690721649485,30.02,4.85,1801.2,30 m 1 s
151309,83372861,Kristian Uldbjerg Hansen,13128520171,Afternoon Run,nan,2024-12-16 16:35:45+00:00,490,Run,"Aarhus Municipality, Denmark",0.0,5.012903225806451,7.77,1.55,466.2,7 m 46 s
153042,69143721,Jonathan Grahn,13128570639,Afternoon Run,nan,2024-12-16 16:24:35+00:00,1504,Run,nan,0.0,17.133802816901408,24.33,1.42,1459.8,24 m 20 s
150854,63449551,Olivia Markezich,13128671645,Morning Run,nan,2024-12-16 16:29:03+00:00,2299,Run,"Boulder, USA",0.0,4.680745341614906,37.68,8.05,2260.8,37 m 41 s
150923,63449551,Olivia Markezich,13128671645,Morning Run,nan,2024-12-16 16:29:03+00:00,2299,Run,"Boulder, USA",0.0,4.680745341614906,37.68,8.05,2260.8,37 m 41 s
150992,63449551,Olivia Markezich,13128671645,Morning Run,nan,2024-12-16 16:29:03+00:00,2299,Run,"Boulder, USA",0.0,4.680745341614906,37.68,8.05,2260.8,37 m 41 s
151899,67065684,Hicham Ouladha,13129092501,Morning Run,nan,2024-12-14 09:17:25+00:00,5292,Run,"Ifrane, Morocco",0.0,4.576538663861125,87.0,19.01,5220.0,1 h 27 m
152014,67065684,Hicham Ouladha,13129092501,Morning Run,nan,2024-12-14 09:17:25+00:00,5292,Run,"Ifrane, Morocco",0.0,4.576538663861125,87.0,19.01,5220.0,1 h 27 m
151898,67065684,Hicham Ouladha,13129094931,Afternoon Run,nan,2024-12-14 16:36:33+00:00,3916,Run,"Ifrane, Morocco",0.0,4.868624420401855,63.0,12.94,3780.0,1 h 3 m
152013,67065684,Hicham Ouladha,13129094931,Afternoon Run,nan,2024-12-14 16:36:33+00:00,3916,Run,"Ifrane, Morocco",0.0,4.868624420401855,63.0,12.94,3780.0,1 h 3 m
151897,67065684,Hicham Ouladha,13129096559,Morning Run,nan,2024-12-15 09:34:41+00:00,2807,Run,"Ifrane, Morocco",0.0,4.583665338645419,46.02,10.04,2761.2000000000003,46 m 1 s
152012,67065684,Hicham Ouladha,13129096559,Morning Run,nan,2024-12-15 09:34:41+00:00,2807,Run,"Ifrane, Morocco",0.0,4.583665338645419,46.02,10.04,2761.2000000000003,46 m 1 s
151896,67065684,Hicham Ouladha,13129097641,Lunch Run,nan,2024-12-15 11:07:54+00:00,1257,Run,"Ifrane, Morocco",0.0,4.181636726546906,20.95,5.01,1257.0,20 m 57 s
152011,67065684,Hicham Ouladha,13129097641,Lunch Run,nan,2024-12-15 11:07:54+00:00,1257,Run,"Ifrane, Morocco",0.0,4.181636726546906,20.95,5.01,1257.0,20 m 57 s
151936,67065684,Hicham Ouladha,13129098340,Morning Run,nan,2024-12-16 07:04:03+00:00,1043,Run,"Dayat Aoua ضاية عوا, Morocco",0.0,5.198738170347004,16.48,3.17,988.8,16 m 29 s
152051,67065684,Hicham Ouladha,13129098340,Morning Run,nan,2024-12-16 07:04:03+00:00,1043,Run,"Dayat Aoua ضاية عوا, Morocco",0.0,5.198738170347004,16.48,3.17,988.8,16 m 29 s
151935,67065684,Hicham Ouladha,13129100079,Morning Run,nan,2024-12-16 07:41:45+00:00,1983,Run,"Dayat Aoua ضاية عوا, Morocco",0.0,3.3049999999999997,33.05,10.0,1983.0,33 m 3 s
152050,67065684,Hicham Ouladha,13129100079,Morning Run,nan,2024-12-16 07:41:45+00:00,1983,Run,"Dayat Aoua ضاية عوا, Morocco",0.0,3.3049999999999997,33.05,10.0,1983.0,33 m 3 s
151934,67065684,Hicham Ouladha,13129101769,Morning Run,nan,2024-12-16 08:25:34+00:00,1819,Run,"Dayat Aoua ضاية عوا, Morocco",0.0,3.028971028971029,30.32,10.01,1819.2,30 m 19 s
152049,67065684,Hicham Ouladha,13129101769,Morning Run,nan,2024-12-16 08:25:34+00:00,1819,Run,"Dayat Aoua ضاية عوا, Morocco",0.0,3.028971028971029,30.32,10.01,1819.2,30 m 19 s
151933,67065684,Hicham Ouladha,13129102403,Morning Run,nan,2024-12-16 08:58:27+00:00,519,Run,"Dayat Aoua ضاية عوا, Morocco",0.0,4.325,8.65,2.0,519.0,8 m 39 s
152048,67065684,Hicham Ouladha,13129102403,Morning Run,nan,2024-12-16 08:58:27+00:00,519,Run,"Dayat Aoua ضاية عوا, Morocco",0.0,4.325,8.65,2.0,519.0,8 m 39 s
151932,67065684,Hicham Ouladha,13129103342,Afternoon Run,nan,2024-12-16 15:30:44+00:00,916,Run,"Ifrane, Morocco",0.0,5.073089700996678,15.27,3.01,916.2,15 m 16 s
152047,67065684,Hicham Ouladha,13129103342,Afternoon Run,nan,2024-12-16 15:30:44+00:00,916,Run,"Ifrane, Morocco",0.0,5.073089700996678,15.27,3.01,916.2,15 m 16 s
151931,67065684,Hicham Ouladha,13129105152,Afternoon Run,nan,2024-12-16 16:01:04+00:00,1970,Run,"Ifrane, Morocco",0.0,3.2797202797202796,32.83,10.01,1969.8,32 m 50 s
152046,67065684,Hicham Ouladha,13129105152,Afternoon Run,nan,2024-12-16 16:01:04+00:00,1970,Run,"Ifrane, Morocco",0.0,3.2797202797202796,32.83,10.01,1969.8,32 m 50 s
151930,67065684,Hicham Ouladha,13129108373,Afternoon Run,nan,2024-12-16 16:44:46+00:00,2905,Run,"Ifrane, Morocco",0.0,3.65234375,46.75,12.8,2805.0,46 m 45 s
152045,67065684,Hicham Ouladha,13129108373,Afternoon Run,nan,2024-12-16 16:44:46+00:00,2905,Run,"Ifrane, Morocco",0.0,3.65234375,46.75,12.8,2805.0,46 m 45 s
151929,67065684,Hicham Ouladha,13129109129,Evening Run,nan,2024-12-16 17:36:34+00:00,610,Run,"Ifrane, Morocco",0.0,5.085,10.17,2.0,610.2,10 m 10 s
152044,67065684,Hicham Ouladha,13129109129,Evening Run,nan,2024-12-16 17:36:34+00:00,610,Run,"Ifrane, Morocco",0.0,5.085,10.17,2.0,610.2,10 m 10 s
152803,69562064,José Carlos Pinto,13129114291,10k at 2.000 altitude,nan,2024-12-16 16:33:01+00:00,2687,Run,nan,0.0,4.478,44.78,10.0,2686.8,44 m 47 s
153041,69143721,Jonathan Grahn,13129119257,Evening Run,nan,2024-12-16 17:52:54+00:00,1334,Run,"Göteborgs Stad, Sweden",0.0,4.391836734693877,21.52,4.9,1291.2,21 m 31 s
153174,64218328,Bobby Poynter,13129701431,Morning Elliptical,nan,2024-12-16 18:50:21+00:00,2700,Elliptical,nan,0.0,0.0,0.0,45.0,0.0,141 bpm
153825,66783639,Duncan Perrillat,13129915154,Course à pied de nuit,nan,2024-12-16 19:34:46+00:00,1896,Run,"Grenoble, France",0.0,4.826356589147286,31.13,6.45,1867.8,31 m 8 s
152312,60155357,Youssef Benzamia,13130081431,Morning Run,nan,2024-12-16 07:35:32+00:00,3035,Run,"Elgeyo-Marakwet County, Kenya",0.0,5.0,50.0,10.0,3000.0,50 m 0 s
152446,60155357,Youssef Benzamia,13130081431,Morning Run,nan,2024-12-16 07:35:32+00:00,3035,Run,"Elgeyo-Marakwet County, Kenya",0.0,5.0,50.0,10.0,3000.0,50 m 0 s
152311,60155357,Youssef Benzamia,13130082011,Afternoon Run,nan,2024-12-16 14:17:21+00:00,1233,Run,"Elgeyo-Marakwet County, Kenya",0.0,4.938118811881188,19.95,4.04,1197.0,19 m 57 s
152445,60155357,Youssef Benzamia,13130082011,Afternoon Run,nan,2024-12-16 14:17:21+00:00,1233,Run,"Elgeyo-Marakwet County, Kenya",0.0,4.938118811881188,19.95,4.04,1197.0,19 m 57 s
152310,60155357,Youssef Benzamia,13130082083,Afternoon Run,nan,2024-12-16 14:53:48+00:00,18,Run,nan,0.0,2.9999999999999996,0.3,0.1,18.0,18 s
152444,60155357,Youssef Benzamia,13130082083,Afternoon Run,nan,2024-12-16 14:53:48+00:00,18,Run,nan,0.0,2.9999999999999996,0.3,0.1,18.0,18 s
152309,60155357,Youssef Benzamia,13130083273,Afternoon Run,nan,2024-12-16 14:59:09+00:00,960,Run,"Elgeyo-Marakwet County, Kenya",0.0,4.010075566750629,15.92,3.97,955.2,15 m 55 s
152443,60155357,Youssef Benzamia,13130083273,Afternoon Run,nan,2024-12-16 14:59:09+00:00,960,Run,"Elgeyo-Marakwet County, Kenya",0.0,4.010075566750629,15.92,3.97,955.2,15 m 55 s
152308,60155357,Youssef Benzamia,13130083547,Evening Run,nan,2024-12-16 15:17:38+00:00,305,Run,"Elgeyo-Marakwet County, Kenya",0.0,5.08,5.08,1.0,304.8,5 m 5 s
152442,60155357,Youssef Benzamia,13130083547,Evening Run,nan,2024-12-16 15:17:38+00:00,305,Run,"Elgeyo-Marakwet County, Kenya",0.0,5.08,5.08,1.0,304.8,5 m 5 s
153733,78680893,Gracelyn Larkin,13130236344,Afternoon Run,nan,2024-12-16 20:28:17+00:00,1804,Run,"Seguin Township, Canada",0.0,4.617647058823529,29.83,6.46,1789.8,29 m 50 s
153125,73659831,Evan Jenkins,13130271176,Lunch Run,nan,2024-12-16 19:49:31+00:00,4224,Run,"Clark County, USA",0.0,3.913043478260869,63.0,16.1,3780.0,1 h 3 m
154224,74338147,Erin Strzelecki,13130618834,Afternoon Run,nan,2024-12-16 20:55:59+00:00,3203,Run,"Saint Joseph County, USA",0.0,4.572936660268714,47.65,10.42,2859.0,47 m 39 s
151778,79030752,Jack Salisbury,13131300831,Afternoon Workout,nan,2024-12-16 23:20:21+00:00,3603,Workout,nan,0.0,0.0,0.0,1.0,0.0,885 Cal
153632,82013388,Logan Measner,13131772109,Evening Run,nan,2024-12-17 01:21:21+00:00,2593,Run,nan,0.0,3.7845884413309983,43.22,11.42,2593.2,43 m 13 s
153173,64218328,Bobby Poynter,13131793657,Afternoon Elliptical,nan,2024-12-17 01:59:48+00:00,2702,Elliptical,nan,0.0,0.0,0.0,45.0,0.0,140 bpm
152564,91049781,Hanna Hermansson,13132063369,Evening Weight Training,nan,2024-12-17 02:10:23+00:00,1489,WeightTraining,nan,0.0,0.0,0.0,24.0,0.0,86 Cal
152565,91049781,Hanna Hermansson,13132063546,Afternoon Elliptical,nan,2024-12-17 00:48:55+00:00,4503,Elliptical,nan,0.0,0.0,0.0,1.0,0.0,137 bpm
152307,60155357,Youssef Benzamia,13132685956,Morning Run,nan,2024-12-17 07:30:27+00:00,1800,Run,"Elgeyo-Marakwet County, Kenya",0.0,4.784688995215311,30.0,6.27,1800.0,30 m 0 s
152441,60155357,Youssef Benzamia,13132685956,Morning Run,nan,2024-12-17 07:30:27+00:00,1800,Run,"Elgeyo-Marakwet County, Kenya",0.0,4.784688995215311,30.0,6.27,1800.0,30 m 0 s
151308,83372861,Kristian Uldbjerg Hansen,13132693912,Morning Run,5x2k/60s 6.36/35/35/36/37(2.8),2024-12-17 06:44:03+00:00,4842,Run,"Aarhus Municipality, Denmark",0.0,4.0870138431114045,62.0,15.17,3720.0,1 h 2 m
153040,69143721,Jonathan Grahn,13132816460,Morning Run,nan,2024-12-17 08:18:27+00:00,674,Run,"Mölndals kommun, Sweden",0.0,4.010714285714286,11.23,2.8,673.8000000000001,11 m 14 s
152306,60155357,Youssef Benzamia,13132864268,Lunch Run,nan,2024-12-17 08:13:47+00:00,1859,Run,"Elgeyo-Marakwet County, Kenya",0.0,4.207573632538569,30.0,7.13,1800.0,30 m 0 s
152440,60155357,Youssef Benzamia,13132864268,Lunch Run,nan,2024-12-17 08:13:47+00:00,1859,Run,"Elgeyo-Marakwet County, Kenya",0.0,4.207573632538569,30.0,7.13,1800.0,30 m 0 s
153267,77830180,Keisuke Yokota,13133032495,Afternoon Run,nan,2024-12-17 07:37:45+00:00,6066,Run,"Asaka, Japan",0.0,4.501452081316554,93.0,20.66,5580.0,1 h 33 m
153039,69143721,Jonathan Grahn,13133085991,Morgontröskel,2x15min,2024-12-17 08:49:20+00:00,2557,Run,nan,0.0,3.203984819734346,33.77,10.54,2026.2000000000005,33 m 46 s
153038,69143721,Jonathan Grahn,13133211613,Morning Run,nan,2024-12-17 09:48:15+00:00,743,Run,"Mölndals kommun, Sweden",0.0,4.971887550200803,12.38,2.49,742.8000000000001,12 m 23 s
153313,71517556,Mehdi Kadri,13133439850,Renfo muscu,Ce matin 6x1500m sur tapis recup 1'30/35 en 2'53 de moyenne,2024-12-14 17:16:13+00:00,2233,Run,"Le Petit-Quevilly, France",0.0,4.675471698113208,37.17,7.95,2230.2000000000003,37 m 10 s
153312,71517556,Mehdi Kadri,13133441518,Relais de cross mlih,nan,2024-12-15 12:15:33+00:00,3445,Run,"Ifs, France",0.0,4.627352572145546,36.88,7.97,2212.8,36 m 53 s
153326,71517556,Mehdi Kadri,13133443664,3x11' 3'13/3'10/3'07,11x2' le soir sur tapis 2'55 de moyenne,2024-12-17 09:18:13+00:00,4436,Run,"Rouen, France",0.0,3.705848291835553,64.0,17.27,3840.0,1 h 4 m
152802,69562064,José Carlos Pinto,13133970907,4km warmup,nan,2024-12-17 10:00:24+00:00,1077,Run,"Oeiras, Portugal",0.0,4.4875,17.95,4.0,1077.0,17 m 57 s
152801,69562064,José Carlos Pinto,13133973901,Threshold 20x400 35”rc,Avg 65.5,2024-12-17 10:44:44+00:00,2095,Run,"Oeiras, Portugal",0.0,3.64161220043573,33.43,9.18,2005.8,33 m 26 s
152800,69562064,José Carlos Pinto,13133974708,2km cooldown,nan,2024-12-17 11:33:50+00:00,600,Run,"Oeiras, Portugal",0.0,5.0,10.0,2.0,600.0,10 m 0 s
152873,87287379,Carson Williams,13134821637,Morning Run,nan,2024-12-17 12:50:27+00:00,3941,Run,"Travelers Rest, USA",0.0,4.345220030349014,57.27,13.18,3436.2000000000003,57 m 16 s
152931,87287379,Carson Williams,13134821637,Morning Run,nan,2024-12-17 12:50:27+00:00,3941,Run,"Travelers Rest, USA",0.0,4.345220030349014,57.27,13.18,3436.2000000000003,57 m 16 s
151038,99220051,Athanas Kioko,13134887379,Afternoon Run,28 Training Load -- from COROS,2024-12-16 18:59:01+00:00,2623,Run,"Winston-Salem, USA",0.0,5.4298245614035086,43.33,7.98,2599.7999999999997,43 m 20 s
151085,99220051,Athanas Kioko,13134887379,Afternoon Run,28 Training Load -- from COROS,2024-12-16 18:59:01+00:00,2623,Run,"Winston-Salem, USA",0.0,5.4298245614035086,43.33,7.98,2599.7999999999997,43 m 20 s
154038,81890092,Christian Jackson,13135422105,Afternoon Run,nan,2024-12-17 15:21:59+00:00,1346,Run,"Leeds, United Kingdom",0.0,6.3602484472049685,20.48,3.22,1228.8,20 m 29 s
151307,83372861,Kristian Uldbjerg Hansen,13135636956,Afternoon Run✌🏼👃🏼,6x400/30s +6x200/60s +6x400/45s 68/69/66/67/68/67 31/30/29/29/28/29 64/64/64/64/64/63 (6.9),2024-12-17 14:43:30+00:00,5894,Run,"Aarhus Municipality, Denmark",0.0,4.483007953723789,62.0,13.83,3720.0,1 h 2 m
151037,99220051,Athanas Kioko,13135666992,Morning Run,14 Training Load -- from COROS,2024-12-17 14:36:17+00:00,928,Run,"Winston-Salem, USA",0.0,4.76,15.47,3.25,928.2,15 m 28 s
151084,99220051,Athanas Kioko,13135666992,Morning Run,14 Training Load -- from COROS,2024-12-17 14:36:17+00:00,928,Run,"Winston-Salem, USA",0.0,4.76,15.47,3.25,928.2,15 m 28 s
151036,99220051,Athanas Kioko,13135667028,Morning Run,207 Training Load -- from COROS,2024-12-17 15:03:25+00:00,3199,Run,nan,0.0,3.114638447971781,52.98,17.01,3178.7999999999997,52 m 59 s
151083,99220051,Athanas Kioko,13135667028,Morning Run,207 Training Load -- from COROS,2024-12-17 15:03:25+00:00,3199,Run,nan,0.0,3.114638447971781,52.98,17.01,3178.7999999999997,52 m 59 s
152563,91049781,Hanna Hermansson,13135740450,Touring all the local gyms for free day passes,Very much not my favorite activity but strained my hamstring mid-rep on Saturday so here we are for the foreseeable future 😮‍💨 6x5min threshold,2024-12-17 14:58:33+00:00,4755,Elliptical,nan,0.0,0.0,0.0,1.0,0.0,146 bpm
153732,78680893,Gracelyn Larkin,13136133195,Morning Run,nan,2024-12-17 15:35:34+00:00,1344,Run,"Seguin Township, Canada",0.0,4.618556701030928,22.4,4.85,1344.0,22 m 24 s
153432,61783860,Shane Streich,13136136903,Warm Up,nan,2024-12-17 13:48:06+00:00,1240,Run,"Atlanta, USA",0.0,4.55,20.02,4.4,1201.2,20 m 1 s
153543,61783860,Shane Streich,13136136903,Warm Up,nan,2024-12-17 13:48:06+00:00,1240,Run,"Atlanta, USA",0.0,4.55,20.02,4.4,1201.2,20 m 1 s
153731,78680893,Gracelyn Larkin,13136139061,Lunch Run,Tread,2024-12-17 16:29:00+00:00,2745,Run,nan,0.0,3.554778554778555,45.75,12.87,2745.0,45 m 45 s
153431,61783860,Shane Streich,13136139332,2x(6x800s),"Set 1: 2:38/:39/:38/:35/:36/:35 Set 2: 2:33/:33/:32/:32/:33/:33 w/ 45” RC b/w, 2’ set Good sesh to start the day. Showed up, laced up, ran lots of laps, and executed. Nothing more, nothing less.",2024-12-17 14:36:25+00:00,2476,Run,"Atlanta, USA",0.0,3.5764705882352943,39.52,11.05,2371.2000000000003,39 m 31 s
153542,61783860,Shane Streich,13136139332,2x(6x800s),"Set 1: 2:38/:39/:38/:35/:36/:35 Set 2: 2:33/:33/:32/:32/:33/:33 w/ 45” RC b/w, 2’ set Good sesh to start the day. Showed up, laced up, ran lots of laps, and executed. Nothing more, nothing less.",2024-12-17 14:36:25+00:00,2476,Run,"Atlanta, USA",0.0,3.5764705882352943,39.52,11.05,2371.2000000000003,39 m 31 s
153430,61783860,Shane Streich,13136139872,Cool Down,nan,2024-12-17 15:24:49+00:00,437,Run,"Atlanta, USA",0.0,4.55,7.28,1.6,436.8,7 m 17 s
153541,61783860,Shane Streich,13136139872,Cool Down,nan,2024-12-17 15:24:49+00:00,437,Run,"Atlanta, USA",0.0,4.55,7.28,1.6,436.8,7 m 17 s
151830,61174400,Jack Higgins,13136299521,Lunch Ride,nan,2024-12-17 16:44:56+00:00,4500,Ride,nan,0.0,2.0177562550443904,75.0,37.17,4500.0,1 h 15 m
150853,63449551,Olivia Markezich,13136374051,Morning Run,A comically windy long run😵‍💫🌬️🤪,2024-12-17 15:48:43+00:00,6612,Run,"Boulder County, USA",0.0,4.308202154101077,104.0,24.14,6240.0,1 h 44 m
150922,63449551,Olivia Markezich,13136374051,Morning Run,A comically windy long run😵‍💫🌬️🤪,2024-12-17 15:48:43+00:00,6612,Run,"Boulder County, USA",0.0,4.308202154101077,104.0,24.14,6240.0,1 h 44 m
150991,63449551,Olivia Markezich,13136374051,Morning Run,A comically windy long run😵‍💫🌬️🤪,2024-12-17 15:48:43+00:00,6612,Run,"Boulder County, USA",0.0,4.308202154101077,104.0,24.14,6240.0,1 h 44 m
151777,79030752,Jack Salisbury,13136393045,Morning Run,nan,2024-12-17 16:12:06+00:00,911,Run,"Flagstaff, USA",0.0,4.643962848297214,15.0,3.23,900.0,15 m 0 s
151776,79030752,Jack Salisbury,13136393558,2 x mile on 75',"5:21, 5:22 just something light to test how the calf handles a bit more stress. still feeling it slightly at the end of runs but feeling better everyday",2024-12-17 16:47:19+00:00,729,Run,"Flagstaff, USA",0.0,3.353658536585366,11.0,3.28,660.0,11 m 0 s
151775,79030752,Jack Salisbury,13136395245,Morning Run,nan,2024-12-17 17:14:59+00:00,1958,Run,"Flagstaff, USA",0.0,4.708141321044547,30.65,6.51,1839.0,30 m 39 s
153037,69143721,Jonathan Grahn,13136448406,Tröskel replacement,Coach Nilsson förutspådde det. Risk att jag vaknar sjuk imorgon👎,2024-12-17 17:23:33+00:00,3292,Run,"Mölndals kommun, Sweden",0.0,5.080041580041581,48.87,9.62,2932.2,48 m 52 s
153730,78680893,Gracelyn Larkin,13136480364,Lunch Run,nan,2024-12-17 17:48:43+00:00,1926,Run,"Seguin Township, Canada",0.0,4.842105263157895,31.28,6.46,1876.8,31 m 17 s
153172,64218328,Bobby Poynter,13136826765,Morning Ride,nan,2024-12-17 18:46:18+00:00,1201,Ride,nan,0.0,0.0,0.0,20.0,0.0,134 bpm
152799,69562064,José Carlos Pinto,13136906939,2km warmup,nan,2024-12-17 16:33:20+00:00,518,Run,nan,0.0,4.425641025641026,8.63,1.95,517.8000000000001,8 m 38 s
152797,69562064,José Carlos Pinto,13136907493,2km cooldown,nan,2024-12-17 17:20:59+00:00,542,Run,nan,0.0,4.5606060606060606,9.03,1.98,541.8,9 m 2 s
152798,69562064,José Carlos Pinto,13136907990,Threshold 8x1000 at 2.000 altitude 1’15”rc,3:09 3:09 3:05 3:05 3:00 3:00 3:00 2:55 Avg 3:02,2024-12-17 16:46:41+00:00,2008,Run,nan,0.0,5.4868852459016395,33.47,6.1,2008.2,33 m 28 s
153631,82013388,Logan Measner,13137022615,Lunch Run,nan,2024-12-17 17:41:03+00:00,5764,Run,"Madison, USA",0.0,3.8461538461538463,75.0,19.5,4500.0,1 h 15 m
153171,64218328,Bobby Poynter,13137287248,Lunch Ride,nan,2024-12-17 19:29:31+00:00,2097,Ride,nan,0.0,0.0,0.0,34.0,0.0,161 bpm
153170,64218328,Bobby Poynter,13137394756,Lunch Ride,nan,2024-12-17 20:09:34+00:00,630,Ride,nan,0.0,0.0,0.0,10.0,0.0,132 bpm
153124,73659831,Evan Jenkins,13137540508,Lunch Run,nan,2024-12-17 19:21:42+00:00,1195,Run,"Vancouver, USA",0.0,4.124223602484473,19.92,4.83,1195.2,19 m 55 s
153123,73659831,Evan Jenkins,13137540574,Lunch Run,nan,2024-12-17 20:29:48+00:00,611,Run,"Vancouver, USA",0.0,4.206611570247934,10.18,2.42,610.8,10 m 11 s
151035,99220051,Athanas Kioko,13137617626,Afternoon Run,43 Training Load -- from COROS,2024-12-17 19:10:16+00:00,2759,Run,"Winston-Salem, USA",0.0,4.74870734229576,45.92,9.67,2755.2000000000003,45 m 55 s
151082,99220051,Athanas Kioko,13137617626,Afternoon Run,43 Training Load -- from COROS,2024-12-17 19:10:16+00:00,2759,Run,"Winston-Salem, USA",0.0,4.74870734229576,45.92,9.67,2755.2000000000003,45 m 55 s
153429,61783860,Shane Streich,13138048986,Warm Up,nan,2024-12-17 21:21:30+00:00,559,Run,"Atlanta, USA",0.0,4.39622641509434,9.32,2.12,559.2,9 m 19 s
153540,61783860,Shane Streich,13138048986,Warm Up,nan,2024-12-17 21:21:30+00:00,559,Run,"Atlanta, USA",0.0,4.39622641509434,9.32,2.12,559.2,9 m 19 s
153428,61783860,Shane Streich,13138050289,4xMile,5:13/:13/:13/:10 w/ 60” RC Sesh #2✅  Money.,2024-12-17 21:46:28+00:00,1469,Run,"Atlanta, USA",0.0,3.2850678733031677,21.78,6.63,1306.8000000000002,21 m 47 s
153539,61783860,Shane Streich,13138050289,4xMile,5:13/:13/:13/:10 w/ 60” RC Sesh #2✅  Money.,2024-12-17 21:46:28+00:00,1469,Run,"Atlanta, USA",0.0,3.2850678733031677,21.78,6.63,1306.8000000000002,21 m 47 s
153427,61783860,Shane Streich,13138150792,Cool Down,nan,2024-12-17 22:21:23+00:00,420,Run,"Atlanta, USA",0.0,4.3478260869565215,7.0,1.61,420.0,7 m 0 s
153538,61783860,Shane Streich,13138150792,Cool Down,nan,2024-12-17 22:21:23+00:00,420,Run,"Atlanta, USA",0.0,4.3478260869565215,7.0,1.61,420.0,7 m 0 s
151774,79030752,Jack Salisbury,13138903056,Afternoon Workout,nan,2024-12-17 23:33:30+00:00,4542,Workout,nan,0.0,0.0,0.0,1.0,0.0,966 Cal
153169,64218328,Bobby Poynter,13139205677,Evening Ride,nan,2024-12-18 02:14:00+00:00,1200,Ride,nan,0.0,0.0,0.0,20.0,0.0,132 bpm
153266,77830180,Keisuke Yokota,13139317424,Morning Run,nan,2024-12-18 01:03:40+00:00,1333,Run,"Asaka, Japan",0.0,4.5,20.97,4.66,1258.1999999999998,20 m 58 s
153265,77830180,Keisuke Yokota,13139318674,Morning Run,nan,2024-12-18 01:46:28+00:00,2736,Run,"Nerima, Japan",0.0,3.333065164923572,41.43,12.43,2485.8,41 m 26 s
153168,64218328,Bobby Poynter,13139333573,Evening Ride,nan,2024-12-18 02:48:39+00:00,2252,Ride,nan,0.0,0.0,0.0,37.0,0.0,158 bpm
153264,77830180,Keisuke Yokota,13139437956,Lunch Run,nan,2024-12-18 03:02:13+00:00,4339,Run,"Nerima, Japan",0.0,5.876528117359413,48.07,8.18,2884.2,48 m 4 s
152305,60155357,Youssef Benzamia,13140456336,Lunch Run,nan,2024-12-18 08:13:13+00:00,2814,Run,"Elgeyo-Marakwet County, Kenya",0.0,4.6899999999999995,46.9,10.0,2814.0,46 m 54 s
152439,60155357,Youssef Benzamia,13140456336,Lunch Run,nan,2024-12-18 08:13:13+00:00,2814,Run,"Elgeyo-Marakwet County, Kenya",0.0,4.6899999999999995,46.9,10.0,2814.0,46 m 54 s
151306,83372861,Kristian Uldbjerg Hansen,13140524237,Morning Run,nan,2024-12-18 08:53:12+00:00,3139,Run,"Aarhus Municipality, Denmark",0.0,4.800995024875622,48.25,10.05,2895.0,48 m 15 s
153823,66783639,Duncan Perrillat,13140800543,Course à pied le midi,nan,2024-12-17 11:51:33+00:00,178,Run,"Grenoble, France",0.0,4.367647058823529,2.97,0.68,178.20000000000002,2 m 58 s
153824,66783639,Duncan Perrillat,13140800610,Course à pied le midi,nan,2024-12-17 10:40:02+00:00,4170,Run,"Grenoble, France",0.0,4.049640757674722,62.0,15.31,3720.0,1 h 2 m
153822,66783639,Duncan Perrillat,13140800621,Course à pied en soirée,nan,2024-12-17 18:03:04+00:00,2963,Run,"Grenoble, France",0.0,3.996683250414594,48.2,12.06,2892.0,48 m 12 s
154020,89025421,Ivan Siuris,13141162575,21х300m/30”,~53”,2024-12-18 07:37:49+00:00,5165,Run,nan,0.0,4.2471042471042475,66.0,15.54,3960.0,1 h 6 m
152872,87287379,Carson Williams,13141694822,Morning Ride,nan,2024-12-18 12:08:39+00:00,2881,Ride,"Greenville County, USA",0.0,2.4731563421828913,41.92,16.95,2515.2000000000003,41 m 55 s
152930,87287379,Carson Williams,13141694822,Morning Ride,nan,2024-12-18 12:08:39+00:00,2881,Ride,"Greenville County, USA",0.0,2.4731563421828913,41.92,16.95,2515.2000000000003,41 m 55 s
153821,66783639,Duncan Perrillat,13142086192,Course à pied dans l'après-midi,nan,2024-12-18 12:51:28+00:00,4344,Run,"Grenoble, France",0.0,3.5752979414951245,66.0,18.46,3960.0,1 h 6 m
152796,69562064,José Carlos Pinto,13142151599,12k w/ boyz,nan,2024-12-18 10:08:58+00:00,3024,Run,"Oeiras, Portugal",0.0,4.110833333333333,49.33,12.0,2959.7999999999997,49 m 20 s
153036,69143721,Jonathan Grahn,13142273534,Afternoon Run,nan,2024-12-18 12:25:08+00:00,1303,Run,"Mölndals kommun, Sweden",0.0,4.209302325581395,21.72,5.16,1303.1999999999998,21 m 43 s
153035,69143721,Jonathan Grahn,13142281632,Afternoon Run,nan,2024-12-18 13:22:46+00:00,4221,Run,"Göteborgs Stad, Sweden",0.0,4.9062049062049065,68.0,13.86,4080.0,1 h 8 m
152606,81785282,Nico Boketta,13142378809,Afternoon Run,po přikeletu z Jar protocit nohy na ovále 8x600m 1.40-1.36 / 2 min pauza,2024-12-18 14:15:40+00:00,1615,Run,nan,0.0,3.4924623115577895,20.85,5.97,1251.0,20 m 51 s
152642,81785282,Nico Boketta,13142378809,Afternoon Run,po přikeletu z Jar protocit nohy na ovále 8x600m 1.40-1.36 / 2 min pauza,2024-12-18 14:15:40+00:00,1615,Run,nan,0.0,3.4924623115577895,20.85,5.97,1251.0,20 m 51 s
151305,83372861,Kristian Uldbjerg Hansen,13142394155,Afternoon Run,nan,2024-12-18 14:50:28+00:00,444,Run,"Aarhus Municipality, Denmark",0.0,4.986111111111111,7.18,1.44,430.7999999999999,7 m 11 s
152562,91049781,Hanna Hermansson,13142492278,Afternoon Ride,nan,2024-12-18 00:15:21+00:00,4279,Ride,nan,0.0,0.0,0.0,1.0,0.0,139 bpm
151304,83372861,Kristian Uldbjerg Hansen,13142824250,Afternoon Weight Training,nan,2024-12-18 15:00:46+00:00,1818,WeightTraining,nan,0.0,0.0,0.0,30.0,0.0,nan
151303,83372861,Kristian Uldbjerg Hansen,13142825256,Afternoon Run,♨️,2024-12-18 15:35:35+00:00,2100,Run,nan,0.0,4.527813712807244,35.0,7.73,2100.0,35 m 0 s
151302,83372861,Kristian Uldbjerg Hansen,13142937734,Afternoon Run,nan,2024-12-18 16:22:07+00:00,473,Run,"Aarhus Municipality, Denmark",0.0,5.083870967741936,7.88,1.55,472.8,7 m 53 s
152304,60155357,Youssef Benzamia,13142993920,Afternoon Run,nan,2024-12-18 14:33:57+00:00,1171,Run,"Elgeyo-Marakwet County, Kenya",0.0,4.88,19.52,4.0,1171.2,19 m 31 s
152438,60155357,Youssef Benzamia,13142993920,Afternoon Run,nan,2024-12-18 14:33:57+00:00,1171,Run,"Elgeyo-Marakwet County, Kenya",0.0,4.88,19.52,4.0,1171.2,19 m 31 s
152303,60155357,Youssef Benzamia,13142994619,Evening Run,nan,2024-12-18 15:08:31+00:00,1823,Run,"Elgeyo-Marakwet County, Kenya",0.0,5.446153846153846,28.32,5.2,1699.2,28 m 19 s
152437,60155357,Youssef Benzamia,13142994619,Evening Run,nan,2024-12-18 15:08:31+00:00,1823,Run,"Elgeyo-Marakwet County, Kenya",0.0,5.446153846153846,28.32,5.2,1699.2,28 m 19 s
153426,61783860,Shane Streich,13143156363,Heat Training,On the tready. Cooked💀,2024-12-18 16:07:57+00:00,3099,Run,nan,0.0,4.595216191352346,49.95,10.87,2997.0,49 m 57 s
153537,61783860,Shane Streich,13143156363,Heat Training,On the tready. Cooked💀,2024-12-18 16:07:57+00:00,3099,Run,nan,0.0,4.595216191352346,49.95,10.87,2997.0,49 m 57 s
153729,78680893,Gracelyn Larkin,13143255613,Morning Run,nan,2024-12-18 15:53:04+00:00,5191,Run,"Seguin Township, Canada",0.0,4.77371357718537,77.0,16.13,4620.0,1 h 17 m
152795,69562064,José Carlos Pinto,13143324189,10km recovery at 2.000 altitude,nan,2024-12-18 16:37:26+00:00,2699,Run,nan,0.0,4.497999999999999,44.98,10.0,2698.7999999999997,44 m 59 s
153630,82013388,Logan Measner,13143632981,Lunch Run,nan,2024-12-18 17:21:22+00:00,3279,Run,nan,0.0,3.945003872966693,50.93,12.91,3055.8,50 m 56 s
150852,63449551,Olivia Markezich,13143693858,Morning Run,nan,2024-12-18 16:15:04+00:00,7908,Run,"Boulder, USA",0.0,4.376552795031055,56.37,12.88,3382.2,56 m 22 s
150921,63449551,Olivia Markezich,13143693858,Morning Run,nan,2024-12-18 16:15:04+00:00,7908,Run,"Boulder, USA",0.0,4.376552795031055,56.37,12.88,3382.2,56 m 22 s
150990,63449551,Olivia Markezich,13143693858,Morning Run,nan,2024-12-18 16:15:04+00:00,7908,Run,"Boulder, USA",0.0,4.376552795031055,56.37,12.88,3382.2,56 m 22 s
151773,79030752,Jack Salisbury,13143883013,Morning Run,nan,2024-12-18 16:51:35+00:00,3701,Run,"Coconino County, USA",0.0,4.386046511627907,56.58,12.9,3394.7999999999997,56 m 35 s
154223,74338147,Erin Strzelecki,13143986030,Afternoon Run,nan,2024-12-18 18:18:58+00:00,2894,Run,"Saint Joseph County, USA",0.0,4.477627471383975,43.03,9.61,2581.8,43 m 2 s
153167,64218328,Bobby Poynter,13144360633,Lunch Elliptical,nan,2024-12-18 19:35:57+00:00,1800,Elliptical,nan,0.0,0.0,0.0,30.0,0.0,139 bpm
152871,87287379,Carson Williams,13145212413,Afternoon Ride,"Exploring, lots of short steep hills",2024-12-18 22:08:47+00:00,1892,Ride,"Chapel Hill, USA",0.0,2.2537526804860617,31.53,13.99,1891.8,31 m 32 s
152929,87287379,Carson Williams,13145212413,Afternoon Ride,"Exploring, lots of short steep hills",2024-12-18 22:08:47+00:00,1892,Ride,"Chapel Hill, USA",0.0,2.2537526804860617,31.53,13.99,1891.8,31 m 32 s
152561,91049781,Hanna Hermansson,13145424226,Afternoon Ride,nan,2024-12-18 21:19:30+00:00,7946,Ride,"Lake Forest, USA",0.0,2.4399842581660764,124.0,50.82,7440.0,2 h 4 m
151772,79030752,Jack Salisbury,13145519400,Afternoon Run,nan,2024-12-18 23:02:57+00:00,2798,Run,"Flagstaff, USA",0.0,4.463364293085656,43.25,9.69,2595.0,43 m 15 s
150851,63449551,Olivia Markezich,13145577742,Double,nan,2024-12-18 23:36:18+00:00,1854,Run,"Boulder, USA",0.0,4.627329192546584,29.8,6.44,1788.0,29 m 48 s
150920,63449551,Olivia Markezich,13145577742,Double,nan,2024-12-18 23:36:18+00:00,1854,Run,"Boulder, USA",0.0,4.627329192546584,29.8,6.44,1788.0,29 m 48 s
150989,63449551,Olivia Markezich,13145577742,Double,nan,2024-12-18 23:36:18+00:00,1854,Run,"Boulder, USA",0.0,4.627329192546584,29.8,6.44,1788.0,29 m 48 s
153629,82013388,Logan Measner,13146052237,Evening Run,nan,2024-12-19 01:44:42+00:00,1422,Run,nan,0.0,3.9238938053097345,22.17,5.65,1330.2,22 m 10 s
153166,64218328,Bobby Poynter,13146072683,Afternoon Elliptical,nan,2024-12-19 01:56:20+00:00,1800,Elliptical,nan,0.0,0.0,0.0,30.0,0.0,140 bpm
153263,77830180,Keisuke Yokota,13146322459,Lunch Run,nan,2024-12-19 02:15:34+00:00,7868,Run,"Asaka, Japan",0.0,4.314159292035398,117.0,27.12,7020.0,1 h 57 m
151301,83372861,Kristian Uldbjerg Hansen,13146740255,Morning Run,nan,2024-12-19 06:54:55+00:00,563,Run,"Aarhus Municipality, Denmark",0.0,4.922077922077922,7.58,1.54,454.8,7 m 35 s
151300,83372861,Kristian Uldbjerg Hansen,13146950268,Morning Run📼,4x8min /2min 3.20 (1.9|2.2) På woodway i TD i en motbakke 🥪,2024-12-19 07:08:48+00:00,3365,Run,nan,0.0,3.9188963210702337,46.87,11.96,2812.2,46 m 52 s
153034,69143721,Jonathan Grahn,13147010453,Morning Run,nan,2024-12-19 08:13:33+00:00,701,Run,"Mölndals kommun, Sweden",0.0,4.156583629893238,11.68,2.81,700.8,11 m 41 s
151299,83372861,Kristian Uldbjerg Hansen,13147132368,Morning Run,nan,2024-12-19 08:23:52+00:00,634,Run,"Aarhus Municipality, Denmark",0.0,5.098684210526316,7.75,1.52,465.0,7 m 45 s
153033,69143721,Jonathan Grahn,13147263895,Morning Run,nan,2024-12-19 08:30:53+00:00,3569,Run,nan,0.0,3.1191275167785233,37.18,11.92,2230.8,37 m 11 s
153032,69143721,Jonathan Grahn,13147387800,Morning Run,nan,2024-12-19 09:46:08+00:00,768,Run,"Mölndals kommun, Sweden",0.0,4.491228070175438,12.8,2.85,768.0,12 m 48 s
152302,60155357,Youssef Benzamia,13147461877,Lunch Run,nan,2024-12-19 08:31:31+00:00,4125,Run,"Elgeyo-Marakwet County, Kenya",0.0,4.860614724803431,68.0,13.99,4080.0,1 h 8 m
152436,60155357,Youssef Benzamia,13147461877,Lunch Run,nan,2024-12-19 08:31:31+00:00,4125,Run,"Elgeyo-Marakwet County, Kenya",0.0,4.860614724803431,68.0,13.99,4080.0,1 h 8 m
154019,89025421,Ivan Siuris,13147666765,Lunch Run,nan,2024-12-19 09:34:43+00:00,4677,Run,"Chișinau, Moldova",0.0,4.786545924967658,74.0,15.46,4440.0,1 h 14 m
151380,64360338,Hamza Sahli,13148191572,Lunch Swim,nan,2024-12-19 11:31:25+00:00,1888,Swim,nan,0.0,0.0,0.0,31.0,0.0,151 bpm
151381,64360338,Hamza Sahli,13148198707,Natation le midi,nan,2024-12-19 11:24:00+00:00,1460,Swim,nan,0.0,0.0,0.0,1.0,0.0,2:12 /100m
152794,69562064,José Carlos Pinto,13148428992,4km warmup,nan,2024-12-19 10:11:01+00:00,1047,Run,"Oeiras, Portugal",0.0,4.3625,17.45,4.0,1047.0,17 m 27 s
152793,69562064,José Carlos Pinto,13148431755,2000/1600/1200/800/400,Rc - 5’/4’/3’/2’ 2000 - 5:41 1600 - 4:26 1200 - 3:12 800 - 2:03 400 - 55,2024-12-19 11:08:56+00:00,1845,Run,"Oeiras, Portugal",0.0,3.590778097982709,24.92,6.94,1495.2,24 m 55 s
152792,69562064,José Carlos Pinto,13148432254,2km cooldown,nan,2024-12-19 11:49:25+00:00,577,Run,"Oeiras, Portugal",0.0,4.81,9.62,2.0,577.1999999999999,9 m 37 s
153031,69143721,Jonathan Grahn,13148486154,Lunch Ride,nan,2024-12-19 10:30:00+00:00,2160,Ride,nan,0.0,2.4,36.0,15.0,2160.0,36 m 0 s
153425,61783860,Shane Streich,13149287573,First Run From the New Crib,"w/ Sean, Yolanda, and picked up Luke on the way. Good run to start off the day.",2024-12-19 14:38:50+00:00,3405,Run,"Atlanta, USA",0.0,4.397295012679629,52.02,11.83,3121.2000000000003,52 m 1 s
153536,61783860,Shane Streich,13149287573,First Run From the New Crib,"w/ Sean, Yolanda, and picked up Luke on the way. Good run to start off the day.",2024-12-19 14:38:50+00:00,3405,Run,"Atlanta, USA",0.0,4.397295012679629,52.02,11.83,3121.2000000000003,52 m 1 s
153728,78680893,Gracelyn Larkin,13149317940,Morning Run,sun came out for the first time in days so that was nice,2024-12-19 14:50:18+00:00,3218,Run,"Seguin Township, Canada",0.0,4.720950704225353,53.63,11.36,3217.8,53 m 38 s
152870,87287379,Carson Williams,13149469285,Morning Ride,nan,2024-12-19 14:25:38+00:00,6064,Ride,"Chapel Hill, USA",0.0,2.0774976657329596,89.0,42.84,5340.0,1 h 29 m
152928,87287379,Carson Williams,13149469285,Morning Ride,nan,2024-12-19 14:25:38+00:00,6064,Ride,"Chapel Hill, USA",0.0,2.0774976657329596,89.0,42.84,5340.0,1 h 29 m
151298,83372861,Kristian Uldbjerg Hansen,13149492796,Afternoon Run🔦,"8x1k/60s 3.04 (3.2|3.8), træt krop🫠",2024-12-19 14:59:12+00:00,4591,Run,"Aarhus Municipality, Denmark",0.0,4.2992647058823525,58.47,13.6,3508.2,58 m 28 s
151771,79030752,Jack Salisbury,13149569763,DILR,damn i love running,2024-12-19 15:30:41+00:00,3334,Run,"Flagstaff, USA",0.0,4.298494242692649,48.53,11.29,2911.8,48 m 32 s
153030,69143721,Jonathan Grahn,13150169371,Afternoon Run,nan,2024-12-19 16:08:33+00:00,6503,Run,"Mölndals kommun, Sweden",0.0,4.038004750593824,68.0,16.84,4080.0,1 h 8 m
150850,63449551,Olivia Markezich,13150305482,200s & hills,nan,2024-12-19 16:15:24+00:00,8223,Run,"Boulder County, USA",0.0,4.780114722753345,100.0,20.92,6000.0,1 h 40 m
150919,63449551,Olivia Markezich,13150305482,200s & hills,nan,2024-12-19 16:15:24+00:00,8223,Run,"Boulder County, USA",0.0,4.780114722753345,100.0,20.92,6000.0,1 h 40 m
150988,63449551,Olivia Markezich,13150305482,200s & hills,nan,2024-12-19 16:15:24+00:00,8223,Run,"Boulder County, USA",0.0,4.780114722753345,100.0,20.92,6000.0,1 h 40 m
152560,91049781,Hanna Hermansson,13150848456,Lunch Stair-Stepper,nan,2024-12-19 19:29:39+00:00,1849,StairStepper,nan,0.0,0.0,0.0,30.0,0.0,230 Cal
152791,69562064,José Carlos Pinto,13151059340,10km recovery at 2.000 altitude,nan,2024-12-19 16:37:29+00:00,2696,Run,nan,0.0,4.493,44.93,10.0,2695.8,44 m 56 s
153325,71517556,Mehdi Kadri,13151213863,Footing cool,nan,2024-12-19 07:15:46+00:00,3245,Run,"Le Grand-Quevilly, France",0.0,4.896296296296296,52.88,10.8,3172.8,52 m 53 s
153324,71517556,Mehdi Kadri,13151215198,"8x500
5x200",Récup 200m en 1’ partout 1’21 29,2024-12-19 18:13:19+00:00,2320,Run,nan,0.0,5.755877034358046,31.83,5.53,1909.8,31 m 50 s
153165,64218328,Bobby Poynter,13151319916,Afternoon Ride,nan,2024-12-19 21:07:17+00:00,1201,Ride,nan,0.0,0.0,0.0,20.0,0.0,128 bpm
153164,64218328,Bobby Poynter,13151690280,Afternoon Ride,nan,2024-12-19 21:57:27+00:00,2195,Ride,nan,0.0,0.0,0.0,36.0,0.0,151 bpm
153163,64218328,Bobby Poynter,13151763626,Afternoon Ride,nan,2024-12-19 22:45:31+00:00,601,Ride,nan,0.0,0.0,0.0,10.0,0.0,122 bpm
151770,79030752,Jack Salisbury,13151824140,Afternoon Run,nan,2024-12-19 21:17:29+00:00,5122,Run,"Flagstaff, USA",0.0,4.429964539007092,49.97,11.28,2998.2,49 m 58 s
151033,99220051,Athanas Kioko,13151835651,Morning Run,19 Training Load -- from COROS,2024-12-19 10:41:59+00:00,1090,Run,nan,0.0,4.427518427518427,18.02,4.07,1081.2,18 m 1 s
151080,99220051,Athanas Kioko,13151835651,Morning Run,19 Training Load -- from COROS,2024-12-19 10:41:59+00:00,1090,Run,nan,0.0,4.427518427518427,18.02,4.07,1081.2,18 m 1 s
151034,99220051,Athanas Kioko,13151836772,Afternoon Run,92 Training Load -- from COROS,2024-12-18 20:02:32+00:00,3912,Run,"B. Everett Jordan Project, USA",0.0,4.039776258545681,65.0,16.09,3900.0,1 h 5 m
151081,99220051,Athanas Kioko,13151836772,Afternoon Run,92 Training Load -- from COROS,2024-12-18 20:02:32+00:00,3912,Run,"B. Everett Jordan Project, USA",0.0,4.039776258545681,65.0,16.09,3900.0,1 h 5 m
151031,99220051,Athanas Kioko,13151836785,Lunch Run,124 Training Load -- from COROS,2024-12-19 16:59:15+00:00,3424,Run,"Winston-Salem, USA",0.0,3.75,56.7,15.12,3402.0,56 m 42 s
151078,99220051,Athanas Kioko,13151836785,Lunch Run,124 Training Load -- from COROS,2024-12-19 16:59:15+00:00,3424,Run,"Winston-Salem, USA",0.0,3.75,56.7,15.12,3402.0,56 m 42 s
151032,99220051,Athanas Kioko,13151836921,Morning Run,189 Training Load -- from COROS,2024-12-19 11:12:25+00:00,2618,Run,nan,0.0,3.4375,38.5,11.2,2310.0,38 m 30 s
151079,99220051,Athanas Kioko,13151836921,Morning Run,189 Training Load -- from COROS,2024-12-19 11:12:25+00:00,2618,Run,nan,0.0,3.4375,38.5,11.2,2310.0,38 m 30 s
153628,82013388,Logan Measner,13151999864,Afternoon Run,nan,2024-12-19 20:40:54+00:00,3614,Run,nan,0.0,4.112405757368061,60.0,14.59,3600.0,1 h 0 m
153122,73659831,Evan Jenkins,13152309254,Afternoon Run,nan,2024-12-19 23:51:41+00:00,3769,Run,"Kerr County, USA",0.0,3.853325046612803,62.0,16.09,3720.0,1 h 2 m
153727,78680893,Gracelyn Larkin,13152402635,Afternoon Run,nan,2024-12-19 19:41:41+00:00,1297,Run,"Seguin Township, Canada",0.0,4.40041067761807,21.43,4.87,1285.8,21 m 26 s
152559,91049781,Hanna Hermansson,13152413494,Afternoon Elliptical,nan,2024-12-20 00:21:09+00:00,4520,Elliptical,nan,0.0,0.0,0.0,1.0,0.0,143 bpm
153627,82013388,Logan Measner,13152885266,Night Run,nan,2024-12-20 04:14:51+00:00,757,Run,nan,0.0,3.907120743034055,12.62,3.23,757.1999999999999,12 m 37 s
151297,83372861,Kristian Uldbjerg Hansen,13153323256,Morning Run,nan,2024-12-20 07:50:48+00:00,462,Run,"Aarhus Municipality, Denmark",0.0,4.829931972789115,7.1,1.47,426.0,7 m 6 s
153323,71517556,Mehdi Kadri,13153392423,8k puis 10' d'escalier et 10' de corde à sauter,nan,2024-12-20 07:31:19+00:00,2579,Run,"Le Grand-Quevilly, France",0.0,5.064676616915423,40.72,8.04,2443.2,40 m 43 s
152301,60155357,Youssef Benzamia,13153415621,Morning Run,nan,2024-12-20 07:59:55+00:00,1500,Run,"Elgeyo-Marakwet County, Kenya",0.0,4.743833017077799,25.0,5.27,1500.0,25 m 0 s
152435,60155357,Youssef Benzamia,13153415621,Morning Run,nan,2024-12-20 07:59:55+00:00,1500,Run,"Elgeyo-Marakwet County, Kenya",0.0,4.743833017077799,25.0,5.27,1500.0,25 m 0 s
151296,83372861,Kristian Uldbjerg Hansen,13153478307,Morning Weight Training,nan,2024-12-20 07:59:00+00:00,2460,WeightTraining,nan,0.0,0.0,0.0,41.0,0.0,nan
152300,60155357,Youssef Benzamia,13153478719,Lunch Run,nan,2024-12-20 08:37:48+00:00,16,Run,nan,0.0,2.7,0.27,0.1,16.200000000000003,16 s
152434,60155357,Youssef Benzamia,13153478719,Lunch Run,nan,2024-12-20 08:37:48+00:00,16,Run,nan,0.0,2.7,0.27,0.1,16.200000000000003,16 s
152299,60155357,Youssef Benzamia,13153489567,Lunch Run,nan,2024-12-20 08:44:48+00:00,16,Run,nan,0.0,3.0000000000000004,0.27,0.09,16.200000000000003,16 s
152433,60155357,Youssef Benzamia,13153489567,Lunch Run,nan,2024-12-20 08:44:48+00:00,16,Run,nan,0.0,3.0000000000000004,0.27,0.09,16.200000000000003,16 s
152298,60155357,Youssef Benzamia,13153588781,Lunch Run,nan,2024-12-20 08:46:44+00:00,1127,Run,nan,0.0,3.633266533066132,18.13,4.99,1087.8,18 m 8 s
152432,60155357,Youssef Benzamia,13153588781,Lunch Run,nan,2024-12-20 08:46:44+00:00,1127,Run,nan,0.0,3.633266533066132,18.13,4.99,1087.8,18 m 8 s
152297,60155357,Youssef Benzamia,13153617969,Lunch Run,nan,2024-12-20 09:15:02+00:00,136,Run,"Elgeyo-Marakwet County, Kenya",0.0,5.159090909090909,2.27,0.44,136.2,2 m 16 s
152431,60155357,Youssef Benzamia,13153617969,Lunch Run,nan,2024-12-20 09:15:02+00:00,136,Run,"Elgeyo-Marakwet County, Kenya",0.0,5.159090909090909,2.27,0.44,136.2,2 m 16 s
151295,83372861,Kristian Uldbjerg Hansen,13153621303,Morning Run,♨️,2024-12-20 08:39:10+00:00,2401,Run,nan,0.0,4.547727272727273,40.02,8.8,2401.2000000000003,40 m 1 s
153262,77830180,Keisuke Yokota,13153661871,Afternoon Run,nan,2024-12-20 07:26:06+00:00,7285,Run,"Asaka, Japan",0.0,4.3769716088328074,111.0,25.36,6660.0,1 h 51 m
151294,83372861,Kristian Uldbjerg Hansen,13153683343,Morning Run,nan,2024-12-20 09:25:55+00:00,462,Run,"Aarhus Municipality, Denmark",0.0,5.052980132450331,7.63,1.51,457.8,7 m 38 s
153029,69143721,Jonathan Grahn,13153925071,Morning Run,nan,2024-12-20 09:59:24+00:00,1553,Run,"Mölndals kommun, Sweden",0.0,5.005802707930368,25.88,5.17,1552.8,25 m 53 s
154018,89025421,Ivan Siuris,13154127253,Lunch Weight Training,nan,2024-12-20 10:20:37+00:00,2545,WeightTraining,nan,0.0,0.0,0.0,42.0,0.0,230 Cal
152790,69562064,José Carlos Pinto,13154143170,10k recovery,nan,2024-12-20 10:11:59+00:00,2656,Run,"Oeiras, Portugal",0.0,4.217782217782218,42.22,10.01,2533.2,42 m 13 s
152087,68238567,Takashi Soma,13154422927,夕方のランニング,nan,2024-12-20 11:27:35+00:00,1812,Run,"Nasushiobara, Japan",0.0,5.69811320754717,30.2,5.3,1812.0,30 m 12 s
152108,68238567,Takashi Soma,13154422927,夕方のランニング,nan,2024-12-20 11:27:35+00:00,1812,Run,"Nasushiobara, Japan",0.0,5.69811320754717,30.2,5.3,1812.0,30 m 12 s
153820,66783639,Duncan Perrillat,13154578463,Course à pied le midi,nan,2024-12-20 10:41:06+00:00,4989,Run,"Grenoble, France",0.0,4.143784323514728,83.0,20.03,4980.0,1 h 23 m
153936,99038751,Salim Keddar,13155084557,Afternoon Run,nan,2024-12-15 14:44:27+00:00,1248,Run,"Houilles, France",0.0,2.9714285714285715,20.8,7.0,1248.0,20 m 48 s
153947,99038751,Salim Keddar,13155085053,Afternoon Run,nan,2024-12-16 12:01:07+00:00,2666,Run,"Marly-le-Roi, France",0.0,4.039090909090909,44.43,11.0,2665.8,44 m 26 s
153946,99038751,Salim Keddar,13155085991,Lunch Run,nan,2024-12-18 11:12:12+00:00,2503,Run,"Marly-le-Roi, France",0.0,3.784741144414169,41.67,11.01,2500.2000000000003,41 m 40 s
153945,99038751,Salim Keddar,13155086983,Lunch Run,nan,2024-12-19 11:42:51+00:00,1337,Run,"Montesson, France",0.0,4.405286343612334,20.0,4.54,1200.0,20 m 0 s
153944,99038751,Salim Keddar,13155087704,Afternoon Run,nan,2024-12-20 12:49:49+00:00,1026,Run,nan,0.0,4.273417721518987,16.88,3.95,1012.8,16 m 53 s
153943,99038751,Salim Keddar,13155088998,Afternoon Run,5km échauffement + 10km actif,2024-12-20 13:09:10+00:00,2049,Run,"Bailly, France",0.0,3.25,32.5,10.0,1950.0,32 m 30 s
152605,81785282,Nico Boketta,13155456198,Afternoon Run,Nejaky 300vky za 40-42 asi dobry,2024-12-20 14:25:43+00:00,1846,Run,nan,0.0,3.9719887955182074,14.18,3.57,850.8,14 m 11 s
152641,81785282,Nico Boketta,13155456198,Afternoon Run,Nejaky 300vky za 40-42 asi dobry,2024-12-20 14:25:43+00:00,1846,Run,nan,0.0,3.9719887955182074,14.18,3.57,850.8,14 m 11 s
152296,60155357,Youssef Benzamia,13155637450,Afternoon Run,nan,2024-12-20 14:47:28+00:00,2400,Run,"Elgeyo-Marakwet County, Kenya",0.0,4.842615012106537,40.0,8.26,2400.0,40 m 0 s
152430,60155357,Youssef Benzamia,13155637450,Afternoon Run,nan,2024-12-20 14:47:28+00:00,2400,Run,"Elgeyo-Marakwet County, Kenya",0.0,4.842615012106537,40.0,8.26,2400.0,40 m 0 s
153424,61783860,Shane Streich,13155666811,Warm Up,nan,2024-12-20 15:13:07+00:00,1238,Run,"Atlanta, USA",0.0,4.478651685393258,19.93,4.45,1195.8,19 m 56 s
153535,61783860,Shane Streich,13155666811,Warm Up,nan,2024-12-20 15:13:07+00:00,1238,Run,"Atlanta, USA",0.0,4.478651685393258,19.93,4.45,1195.8,19 m 56 s
151379,64360338,Hamza Sahli,13155700854,Afternoon Run,nan,2024-12-20 14:53:10+00:00,2791,Run,"Louviers, France",0.0,5.449530516431925,46.43,8.52,2785.8,46 m 26 s
152869,87287379,Carson Williams,13155748696,Morning Ride,nan,2024-12-20 14:25:45+00:00,4584,Ride,"Warren County, USA",0.0,2.25609756097561,74.0,32.8,4440.0,1 h 14 m
152927,87287379,Carson Williams,13155748696,Morning Ride,nan,2024-12-20 14:25:45+00:00,4584,Ride,"Warren County, USA",0.0,2.25609756097561,74.0,32.8,4440.0,1 h 14 m
151293,83372861,Kristian Uldbjerg Hansen,13155974842,Afternoon Run,nan,2024-12-20 15:32:29+00:00,2977,Run,"Aarhus Municipality, Denmark",0.0,4.783009211873081,46.73,9.77,2803.7999999999997,46 m 44 s
153859,95919245,Paulo Roberto Paula,13156003229,Morning Run,nan,2024-11-20 10:05:26+00:00,2302,Run,"Dracena, Brazil",0.0,3.732490272373541,38.37,10.28,2302.2,38 m 22 s
153881,95919245,Paulo Roberto Paula,13156003300,Morning Run,nan,2024-12-03 11:05:55+00:00,2466,Run,"Dracena, Brazil",0.0,4.001947419668939,41.1,10.27,2466.0,41 m 6 s
153869,95919245,Paulo Roberto Paula,13156003307,Evening Run,nan,2024-11-27 21:52:37+00:00,2377,Run,"Dracena, Brazil",0.0,3.868035190615835,39.57,10.23,2374.2,39 m 34 s
153876,95919245,Paulo Roberto Paula,13156003308,Evening Run,nan,2024-12-05 21:39:27+00:00,2016,Run,"Dracena, Brazil",0.0,4.043321299638989,33.6,8.31,2016.0,33 m 36 s
153868,95919245,Paulo Roberto Paula,13156003382,Morning Run,nan,2024-11-28 09:33:34+00:00,2533,Run,"Dracena, Brazil",0.0,4.079227053140096,42.22,10.35,2533.2,42 m 13 s
153838,95919245,Paulo Roberto Paula,13156003408,Afternoon Run,nan,2024-11-07 20:59:59+00:00,1159,Run,"Dracena, Brazil",0.0,3.659090909090909,19.32,5.28,1159.2,19 m 19 s
153888,95919245,Paulo Roberto Paula,13156003441,Afternoon Run,nan,2024-12-09 20:53:07+00:00,3405,Run,"Dracena, Brazil",0.0,3.740936058009229,56.75,15.17,3405.0,56 m 45 s
153839,95919245,Paulo Roberto Paula,13156003446,Morning Run,nan,2024-11-07 11:16:43+00:00,3355,Run,"Dracena, Brazil",0.0,3.676528599605523,55.92,15.21,3355.2000000000003,55 m 55 s
153836,95919245,Paulo Roberto Paula,13156003458,Morning Run,nan,2024-11-09 09:16:00+00:00,2340,Run,"Dracena, Brazil",0.0,3.7827352085354025,39.0,10.31,2340.0,39 m 0 s
153862,95919245,Paulo Roberto Paula,13156003486,Evening Run,nan,2024-11-18 21:34:24+00:00,3420,Run,"Dracena, Brazil",0.0,3.725490196078431,57.0,15.3,3420.0,57 m 0 s
153852,95919245,Paulo Roberto Paula,13156003522,Evening Run,nan,2024-11-11 21:49:01+00:00,4836,Run,"Dracena, Brazil",0.0,4.100943396226415,43.47,10.6,2608.2,43 m 28 s
153871,95919245,Paulo Roberto Paula,13156003539,Morning Run,nan,2024-11-26 09:37:56+00:00,3347,Run,"Dracena, Brazil",0.0,3.6721527320605665,55.78,15.19,3346.8,55 m 47 s
153894,95919245,Paulo Roberto Paula,13156003568,Evening Run,nan,2024-12-18 22:07:44+00:00,3064,Run,"Dracena, Brazil",0.0,3.606638418079096,51.07,14.16,3064.2,51 m 4 s
153875,95919245,Paulo Roberto Paula,13156003576,Evening Run,nan,2024-12-06 22:10:09+00:00,3990,Run,"Dracena, Brazil",0.0,5.1465517241379315,59.7,11.6,3582.0,59 m 42 s
153847,95919245,Paulo Roberto Paula,13156003579,Night Run,nan,2024-11-16 00:08:25+00:00,2395,Run,"Dracena, Brazil",0.0,3.9175662414131502,39.92,10.19,2395.2000000000003,39 m 55 s
153897,95919245,Paulo Roberto Paula,13156003615,Morning Run,nan,2024-12-17 09:09:34+00:00,3355,Run,"Dracena, Brazil",0.0,3.66688524590164,55.92,15.25,3355.2000000000003,55 m 55 s
153849,95919245,Paulo Roberto Paula,13156003618,Morning Run,nan,2024-11-13 11:24:02+00:00,3427,Run,"Junqueirópolis, Brazil",0.0,3.7578947368421054,57.12,15.2,3427.2,57 m 7 s
153879,95919245,Paulo Roberto Paula,13156003628,Morning Run,nan,2024-12-04 11:33:53+00:00,5128,Run,"Dracena, Brazil",0.0,3.8185085354896673,85.0,22.26,5100.0,1 h 25 m
153893,95919245,Paulo Roberto Paula,13156003645,Morning Run,nan,2024-12-19 09:30:18+00:00,3723,Run,"Dracena, Brazil",0.0,3.758471965495995,61.0,16.23,3660.0,1 h 1 m
153863,95919245,Paulo Roberto Paula,13156003648,Morning Run,nan,2024-11-18 10:45:33+00:00,3411,Run,"Dracena, Brazil",0.0,3.725425950196593,56.85,15.26,3411.0,56 m 51 s
153896,95919245,Paulo Roberto Paula,13156003672,Evening Run,nan,2024-12-17 21:55:53+00:00,3290,Run,"Dracena, Brazil",0.0,3.619141914191419,54.83,15.15,3289.7999999999997,54 m 50 s
153865,95919245,Paulo Roberto Paula,13156003696,Evening Run,nan,2024-11-30 22:05:46+00:00,2035,Run,"Presidente Epitácio, Brazil",0.0,4.07202881152461,33.92,8.33,2035.2,33 m 55 s
153848,95919245,Paulo Roberto Paula,13156003710,Morning Run,nan,2024-11-14 10:59:34+00:00,2972,Run,"Dracena, Brazil",0.0,3.7494322482967446,49.53,13.21,2971.8,49 m 32 s
153854,95919245,Paulo Roberto Paula,13156003734,Evening Run,nan,2024-11-24 21:16:44+00:00,2326,Run,"Presidente Prudente, Brazil",0.0,3.7750730282375855,38.77,10.27,2326.2000000000003,38 m 46 s
153877,95919245,Paulo Roberto Paula,13156003741,Morning Run,nan,2024-12-05 11:45:29+00:00,2811,Run,"Dracena, Brazil",0.0,3.8401639344262297,46.85,12.2,2811.0,46 m 51 s
153853,95919245,Paulo Roberto Paula,13156003771,Morning Run,nan,2024-11-11 10:33:06+00:00,3550,Run,"Dracena, Brazil",0.0,3.87238219895288,59.17,15.28,3550.2000000000003,59 m 10 s
153878,95919245,Paulo Roberto Paula,13156003799,Evening Run,nan,2024-12-04 21:31:54+00:00,2934,Run,"Dracena, Brazil",0.0,3.685003767897513,48.9,13.27,2934.0,48 m 54 s
153837,95919245,Paulo Roberto Paula,13156003804,Evening Run,nan,2024-11-08 21:31:22+00:00,3396,Run,"Dracena, Brazil",0.0,3.850000000000001,54.67,14.2,3280.2000000000003,54 m 40 s
153851,95919245,Paulo Roberto Paula,13156003813,Morning Run,nan,2024-11-12 10:03:37+00:00,3447,Run,"Dracena, Brazil",0.0,3.72568093385214,57.45,15.42,3447.0,57 m 27 s
153850,95919245,Paulo Roberto Paula,13156003823,Evening Run,nan,2024-11-12 21:47:52+00:00,2400,Run,"Dracena, Brazil",0.0,3.891050583657588,40.0,10.28,2400.0,40 m 0 s
153889,95919245,Paulo Roberto Paula,13156003890,Morning Run,nan,2024-12-09 11:10:57+00:00,3947,Run,"Dracena, Brazil",0.0,3.758552631578948,57.13,15.2,3427.8,57 m 8 s
153842,95919245,Paulo Roberto Paula,13156004016,Morning Run,nan,2024-11-05 10:41:40+00:00,3460,Run,"Dracena, Brazil",0.0,3.77668631303209,57.67,15.27,3460.2000000000003,57 m 40 s
153867,95919245,Paulo Roberto Paula,13156004028,Evening Run,nan,2024-11-28 21:49:59+00:00,1231,Run,"Dracena, Brazil",0.0,3.901140684410646,20.52,5.26,1231.2,20 m 31 s
153874,95919245,Paulo Roberto Paula,13156004038,Morning Run,nan,2024-12-08 09:45:23+00:00,13207,Run,"Dracena, Brazil",0.0,4.006284367635507,102.0,25.46,6120.0,1 h 42 m
153883,95919245,Paulo Roberto Paula,13156004053,Evening Run,nan,2024-12-14 21:17:16+00:00,2529,Run,"Dracena, Brazil",0.0,4.076402321083172,42.15,10.34,2529.0,42 m 9 s
153841,95919245,Paulo Roberto Paula,13156004071,Evening Run,nan,2024-11-05 21:39:19+00:00,1187,Run,"Dracena, Brazil",0.0,3.725047080979285,19.78,5.31,1186.8000000000002,19 m 47 s
153846,95919245,Paulo Roberto Paula,13156004140,Morning Run,nan,2024-11-16 11:26:57+00:00,3494,Run,"Dracena, Brazil",0.0,3.65658475110271,58.03,15.87,3481.8,58 m 2 s
153882,95919245,Paulo Roberto Paula,13156004141,Morning Run,nan,2024-12-15 09:13:40+00:00,6529,Run,"Dracena, Brazil",0.0,3.56788899900892,108.0,30.27,6480.0,1 h 48 m
153843,95919245,Paulo Roberto Paula,13156004187,Evening Run,nan,2024-11-04 21:34:20+00:00,1907,Run,"Dracena, Brazil",0.0,3.8289156626506022,31.78,8.3,1906.8,31 m 47 s
153880,95919245,Paulo Roberto Paula,13156004245,Evening Run,nan,2024-12-03 21:28:48+00:00,2513,Run,"Dracena, Brazil",0.0,4.050290135396518,41.88,10.34,2512.8,41 m 53 s
153861,95919245,Paulo Roberto Paula,13156004280,Morning Run,nan,2024-11-19 09:09:04+00:00,3318,Run,"Dracena, Brazil",0.0,3.619109947643979,55.3,15.28,3318.0,55 m 18 s
153860,95919245,Paulo Roberto Paula,13156004284,Evening Run,nan,2024-11-19 21:41:20+00:00,3369,Run,"Dracena, Brazil",0.0,3.686802363755745,56.15,15.23,3369.0,56 m 9 s
153895,95919245,Paulo Roberto Paula,13156004300,Morning Run,nan,2024-12-18 09:22:55+00:00,3695,Run,"Dracena, Brazil",0.0,3.7492317148125385,61.0,16.27,3660.0,1 h 1 m
153857,95919245,Paulo Roberto Paula,13156004326,Morning Run,nan,2024-11-22 11:16:08+00:00,5034,Run,"Dracena, Brazil",0.0,3.672566371681416,83.0,22.6,4980.0,1 h 23 m
153858,95919245,Paulo Roberto Paula,13156004339,Morning Run,nan,2024-11-21 09:38:34+00:00,4132,Run,"Dracena, Brazil",0.0,3.788442703232125,38.68,10.21,2320.8,38 m 41 s
153864,95919245,Paulo Roberto Paula,13156004350,Morning Run,nan,2024-12-01 10:29:23+00:00,5821,Run,"Dracena, Brazil",0.0,3.6966463414634143,97.0,26.24,5820.0,1 h 37 m
153873,95919245,Paulo Roberto Paula,13156004356,Morning Run,nan,2024-11-25 10:25:56+00:00,3429,Run,"Dracena, Brazil",0.0,3.759868421052632,57.15,15.2,3429.0,57 m 9 s
153887,95919245,Paulo Roberto Paula,13156004368,Morning Run,nan,2024-12-10 10:00:16+00:00,3397,Run,"Dracena, Brazil",0.0,3.720105124835742,56.62,15.22,3397.2,56 m 37 s
153892,95919245,Paulo Roberto Paula,13156004370,Evening Run,nan,2024-12-19 21:43:52+00:00,3326,Run,"Dracena, Brazil",0.0,3.860027855153203,55.43,14.36,3325.8,55 m 26 s
153870,95919245,Paulo Roberto Paula,13156004376,Evening Run,nan,2024-11-26 22:07:37+00:00,3406,Run,"Dracena, Brazil",0.0,3.722622950819672,56.77,15.25,3406.2000000000003,56 m 46 s
153845,95919245,Paulo Roberto Paula,13156004380,Morning Run,nan,2024-11-17 10:00:23+00:00,4353,Run,"Três Lagoas, Brazil",0.0,3.5294117647058827,72.0,20.4,4320.0,1 h 12 m
153885,95919245,Paulo Roberto Paula,13156004385,Morning Run,nan,2024-12-12 11:05:37+00:00,3465,Run,"Dracena, Brazil",0.0,3.7918581746552857,57.75,15.23,3465.0,57 m 45 s
153856,95919245,Paulo Roberto Paula,13156004405,Morning Run,nan,2024-11-23 09:12:19+00:00,2372,Run,"Dracena, Brazil",0.0,3.8230174081237913,39.53,10.34,2371.8,39 m 32 s
153835,95919245,Paulo Roberto Paula,13156004409,Evening Run,nan,2024-11-10 21:17:29+00:00,3246,Run,"Dracena, Brazil",0.0,3.8071780436312457,54.1,14.21,3246.0,54 m 6 s
153840,95919245,Paulo Roberto Paula,13156004545,Morning Run,nan,2024-11-06 11:07:45+00:00,3423,Run,"Dracena, Brazil",0.0,3.736083824492469,57.05,15.27,3423.0,57 m 3 s
153855,95919245,Paulo Roberto Paula,13156004573,Morning Run,nan,2024-11-24 10:05:05+00:00,2553,Run,"Presidente Prudente, Brazil",0.0,3.90567853705486,40.58,10.39,2434.7999999999997,40 m 35 s
153844,95919245,Paulo Roberto Paula,13156004599,Morning Run,nan,2024-11-04 10:25:35+00:00,2787,Run,"Dracena, Brazil",0.0,3.657957244655582,46.2,12.63,2772.0,46 m 12 s
153866,95919245,Paulo Roberto Paula,13156004694,Afternoon Run,nan,2024-11-29 20:22:55+00:00,5384,Run,"Dracena, Brazil",0.0,3.6868268434134217,89.0,24.14,5340.0,1 h 29 m
153886,95919245,Paulo Roberto Paula,13156004699,Evening Run,nan,2024-12-11 22:14:06+00:00,4472,Run,"Dracena, Brazil",0.0,3.6399409739301527,74.0,20.33,4440.0,1 h 14 m
153872,95919245,Paulo Roberto Paula,13156004743,Evening Run,nan,2024-11-25 21:57:04+00:00,3389,Run,"Dracena, Brazil",0.0,3.720685111989459,56.48,15.18,3388.7999999999997,56 m 29 s
153884,95919245,Paulo Roberto Paula,13156004782,Evening Run,nan,2024-12-13 21:54:02+00:00,5195,Run,"Dracena, Brazil",0.0,3.5405516673528203,86.0,24.29,5160.0,1 h 26 m
153898,95919245,Paulo Roberto Paula,13156004794,Evening Run,nan,2024-12-16 21:40:53+00:00,3577,Run,"Dracena, Brazil",0.0,3.891644908616188,59.62,15.32,3577.2,59 m 37 s
151829,61174400,Jack Higgins,13156258509,Lunch Run,Sit down bike,2024-12-20 16:34:10+00:00,2700,Ride,nan,0.0,2.102803738317758,45.0,21.4,2700.0,45 m 0 s
153423,61783860,Shane Streich,13156288028,3x1k + 4x400m + 6x1k 💀,3x1k @ 2:41/:40/:38 w/ 2’ RC 5’ RC 4x400s @ 60/59/58/57.2 w/ 60” RC 15’ RC 6x1k @ 3:27/:13/:16/:14/:14/:15 w/ 60” RC Big sesh today. Lot of VO2 work and then high volume on top of it w/ a little bit of everything mixed in. 3 pairs of shoes for this workout. Tired and hungry now😴,2024-12-20 16:15:53+00:00,3855,Run,"Atlanta, USA",0.0,5.232558139534884,63.0,12.04,3780.0,1 h 3 m
153534,61783860,Shane Streich,13156288028,3x1k + 4x400m + 6x1k 💀,3x1k @ 2:41/:40/:38 w/ 2’ RC 5’ RC 4x400s @ 60/59/58/57.2 w/ 60” RC 15’ RC 6x1k @ 3:27/:13/:16/:14/:14/:15 w/ 60” RC Big sesh today. Lot of VO2 work and then high volume on top of it w/ a little bit of everything mixed in. 3 pairs of shoes for this workout. Tired and hungry now😴,2024-12-20 16:15:53+00:00,3855,Run,"Atlanta, USA",0.0,5.232558139534884,63.0,12.04,3780.0,1 h 3 m
152789,69562064,José Carlos Pinto,13156318188,8km at 2.000 altitude,nan,2024-12-20 16:51:18+00:00,2019,Run,nan,0.0,4.20625,33.65,8.0,2019.0,33 m 39 s
153422,61783860,Shane Streich,13156361434,Cool down,nan,2024-12-20 17:28:47+00:00,496,Run,"Atlanta, USA",0.0,5.073619631901841,8.27,1.63,496.2,8 m 16 s
153533,61783860,Shane Streich,13156361434,Cool down,nan,2024-12-20 17:28:47+00:00,496,Run,"Atlanta, USA",0.0,5.073619631901841,8.27,1.63,496.2,8 m 16 s
151029,99220051,Athanas Kioko,13156426901,Lunch Run,67 Training Load -- from COROS,2024-12-20 16:33:58+00:00,2348,Run,"Winston-Salem, USA",0.0,3.916916916916917,39.13,9.99,2347.8,39 m 8 s
151076,99220051,Athanas Kioko,13156426901,Lunch Run,67 Training Load -- from COROS,2024-12-20 16:33:58+00:00,2348,Run,"Winston-Salem, USA",0.0,3.916916916916917,39.13,9.99,2347.8,39 m 8 s
151030,99220051,Athanas Kioko,13156427044,Morning Ride,73 Training Load -- from COROS,2024-12-20 14:53:46+00:00,5644,Ride,"Winston-Salem, USA",0.0,2.744172322218944,93.0,33.89,5580.0,1 h 33 m
151077,99220051,Athanas Kioko,13156427044,Morning Ride,73 Training Load -- from COROS,2024-12-20 14:53:46+00:00,5644,Ride,"Winston-Salem, USA",0.0,2.744172322218944,93.0,33.89,5580.0,1 h 33 m
154017,89025421,Ivan Siuris,13156442301,Evening Run,nan,2024-12-20 16:53:44+00:00,3646,Run,"Chișinau, Moldova",0.0,4.593846153846154,59.72,13.0,3583.2,59 m 43 s
152558,91049781,Hanna Hermansson,13156558361,Flying!,3x10’ incline (10-8-6) jog down to a whopping 8:30 pace. Feel nothing at all over 9min pace so that’s a win 😊,2024-12-20 17:43:07+00:00,1933,Run,nan,0.0,5.7229129662522205,32.22,5.63,1933.2,32 m 13 s
153726,78680893,Gracelyn Larkin,13156583152,Lunch Run,nan,2024-12-20 16:35:45+00:00,1351,Run,"Seguin Township, Canada",0.0,4.45979381443299,21.63,4.85,1297.8,21 m 38 s
153725,78680893,Gracelyn Larkin,13156583263,Lunch Run,nan,2024-12-20 17:22:30+00:00,2768,Run,nan,0.0,4.787123572170301,46.1,9.63,2766.0,46 m 6 s
151769,79030752,Jack Salisbury,13156889650,Morning Run,nan,2024-12-20 17:58:56+00:00,3470,Run,"Coconino National Forest, USA",0.0,4.246511627906977,54.78,12.9,3286.8,54 m 47 s
152557,91049781,Hanna Hermansson,13157239053,Lunch Weight Training,nan,2024-12-20 20:16:24+00:00,2180,WeightTraining,nan,0.0,0.0,0.0,36.0,0.0,150 Cal
153626,82013388,Logan Measner,13157454152,Afternoon Run,nan,2024-12-20 21:12:09+00:00,1428,Run,"West Bend, USA",0.0,4.021238938053097,22.72,5.65,1363.1999999999998,22 m 43 s
152868,87287379,Carson Williams,13157519659,Afternoon Ride,nan,2024-12-20 20:59:33+00:00,3046,Ride,"Warren County, USA",0.0,2.095336359884441,50.77,24.23,3046.2000000000003,50 m 46 s
152926,87287379,Carson Williams,13157519659,Afternoon Ride,nan,2024-12-20 20:59:33+00:00,3046,Ride,"Warren County, USA",0.0,2.095336359884441,50.77,24.23,3046.2000000000003,50 m 46 s
150849,63449551,Olivia Markezich,13157636665,Afternoon Run,Back in the pnw ☔️🥰,2024-12-20 21:27:13+00:00,3360,Run,"Bellevue, USA",0.0,4.347319347319348,55.95,12.87,3357.0,55 m 57 s
150918,63449551,Olivia Markezich,13157636665,Afternoon Run,Back in the pnw ☔️🥰,2024-12-20 21:27:13+00:00,3360,Run,"Bellevue, USA",0.0,4.347319347319348,55.95,12.87,3357.0,55 m 57 s
150987,63449551,Olivia Markezich,13157636665,Afternoon Run,Back in the pnw ☔️🥰,2024-12-20 21:27:13+00:00,3360,Run,"Bellevue, USA",0.0,4.347319347319348,55.95,12.87,3357.0,55 m 57 s
153625,82013388,Logan Measner,13157724005,Afternoon Run,nan,2024-12-20 21:42:44+00:00,3631,Run,nan,0.0,3.678950655840099,58.9,16.01,3534.0,58 m 54 s
153162,64218328,Bobby Poynter,13157771011,Lunch Run,nan,2024-12-20 20:31:36+00:00,1876,Run,nan,0.0,4.790372670807454,30.85,6.44,1851.0,30 m 51 s
153161,64218328,Bobby Poynter,13157771142,Afternoon Elliptical,nan,2024-12-20 21:10:50+00:00,1800,Elliptical,nan,0.0,0.0,0.0,30.0,0.0,140 bpm
153891,95919245,Paulo Roberto Paula,13157912899,Afternoon Run,nan,2024-12-20 19:02:21+00:00,2369,Run,"Dracena, Brazil",0.0,3.8517073170731706,39.48,10.25,2368.7999999999997,39 m 29 s
151768,79030752,Jack Salisbury,13158023207,Afternoon Run,nan,2024-12-20 23:25:26+00:00,1440,Run,"Flagstaff, USA",0.0,4.6234567901234565,22.47,4.86,1348.1999999999998,22 m 28 s
153421,61783860,Shane Streich,13158054821,Afternoon Run,nan,2024-12-20 22:58:10+00:00,2319,Run,"Atlanta, USA",0.0,4.6816939890710385,34.27,7.32,2056.2000000000003,34 m 16 s
153532,61783860,Shane Streich,13158054821,Afternoon Run,nan,2024-12-20 22:58:10+00:00,2319,Run,"Atlanta, USA",0.0,4.6816939890710385,34.27,7.32,2056.2000000000003,34 m 16 s
153261,77830180,Keisuke Yokota,13158759716,Morning Run,nan,2024-12-21 01:40:42+00:00,1704,Run,"Toda, Japan",0.0,5.732240437158469,20.98,3.66,1258.8,20 m 59 s
153260,77830180,Keisuke Yokota,13158761203,Lunch Run,nan,2024-12-21 02:18:25+00:00,6399,Run,"Toda, Japan",0.0,3.5227650382186773,106.0,30.09,6360.0,1 h 46 m
153259,77830180,Keisuke Yokota,13158816892,Afternoon Run,nan,2024-12-21 04:06:30+00:00,2224,Run,"Saitama, Japan",0.0,5.638297872340425,23.85,4.23,1431.0,23 m 51 s
153322,71517556,Mehdi Kadri,13159082300,Réveil avant séance du soir,5x2k sur tapis 2’57 à 2’52 récup 1’30,2024-12-21 06:34:19+00:00,2327,Run,"Le Grand-Quevilly, France",0.0,5.378531073446327,38.08,7.08,2284.7999999999997,38 m 5 s
151292,83372861,Kristian Uldbjerg Hansen,13159500244,Morning Run,Hills med coach🔑 Ny Sidelinjen ude🙂‍↔️,2024-12-21 07:47:32+00:00,4892,Run,"Aarhus Municipality, Denmark",0.0,4.727427597955707,55.5,11.74,3330.0,55 m 30 s
153028,69143721,Jonathan Grahn,13160384229,5x2km tröskel i Skatås,nan,2024-12-21 09:03:27+00:00,6033,Run,"Göteborgs Stad, Sweden",0.0,3.991596638655462,76.0,19.04,4560.0,1 h 16 m
152604,81785282,Nico Boketta,13160555363,Lunch Run,nan,2024-12-21 10:56:57+00:00,1497,Run,nan,0.0,3.260614934114202,22.27,6.83,1336.2,22 m 16 s
152640,81785282,Nico Boketta,13160555363,Lunch Run,nan,2024-12-21 10:56:57+00:00,1497,Run,nan,0.0,3.260614934114202,22.27,6.83,1336.2,22 m 16 s
150790,93495409,Andrew Coscoran,13160787146,Howth hill,nan,2024-12-21 10:23:35+00:00,925,Run,"Fingal, Ireland",0.0,3.071713147410359,15.42,5.02,925.2,15 m 25 s
150793,93495409,Andrew Coscoran,13160787146,Howth hill,nan,2024-12-21 10:23:35+00:00,925,Run,"Fingal, Ireland",0.0,3.071713147410359,15.42,5.02,925.2,15 m 25 s
152788,69562064,José Carlos Pinto,13160923440,5km warmup + speed session,nan,2024-12-21 09:03:26+00:00,1152,Run,"Oeiras, Portugal",0.0,3.7984031936127742,19.03,5.01,1141.8000000000002,19 m 2 s
152787,69562064,José Carlos Pinto,13160926734,10x400 + 5x200,1’rc/5’rc/1’rc 400 - 59.2 avg 200 - 26.4 avg last 24.8,2024-12-21 10:13:04+00:00,1942,Run,"Oeiras, Portugal",0.0,3.4402777777777778,24.77,7.2,1486.2,24 m 46 s
152786,69562064,José Carlos Pinto,13160927050,2km cooldown,nan,2024-12-21 10:59:13+00:00,591,Run,"Oeiras, Portugal",0.0,4.7,9.4,2.0,564.0,9 m 24 s
152295,60155357,Youssef Benzamia,13162262587,Afternoon Run,nan,2024-12-21 14:35:58+00:00,3088,Run,"Elgeyo-Marakwet County, Kenya",0.0,4.41696113074205,50.0,11.32,3000.0,50 m 0 s
152429,60155357,Youssef Benzamia,13162262587,Afternoon Run,nan,2024-12-21 14:35:58+00:00,3088,Run,"Elgeyo-Marakwet County, Kenya",0.0,4.41696113074205,50.0,11.32,3000.0,50 m 0 s
151378,64360338,Hamza Sahli,13162365345,Afternoon Run,nan,2024-12-21 15:10:36+00:00,1911,Run,"Louviers, France",0.0,5.27317880794702,31.85,6.04,1911.0,31 m 51 s
152867,87287379,Carson Williams,13162464005,Morning Ride,"Warm up, 10:00 tempo, 8x1min on 2min off, 10:00 tempo, cool down",2024-12-21 13:38:55+00:00,7790,Ride,"Warren County, USA",0.0,2.1445457615670382,127.0,59.22,7620.0,2 h 7 m
152925,87287379,Carson Williams,13162464005,Morning Ride,"Warm up, 10:00 tempo, 8x1min on 2min off, 10:00 tempo, cool down",2024-12-21 13:38:55+00:00,7790,Ride,"Warren County, USA",0.0,2.1445457615670382,127.0,59.22,7620.0,2 h 7 m
153027,69143721,Jonathan Grahn,13162632494,Afternoon Run,nan,2024-12-21 15:14:37+00:00,3634,Run,"Mölndals kommun, Sweden",0.0,3.5506287227001985,53.65,15.11,3219.0,53 m 39 s
151028,99220051,Athanas Kioko,13162955166,Morning Run,104 Training Load -- from COROS,2024-12-21 14:27:14+00:00,6399,Run,"Winston-Salem, USA",0.0,4.704837993786063,106.0,22.53,6360.0,1 h 46 m
151075,99220051,Athanas Kioko,13162955166,Morning Run,104 Training Load -- from COROS,2024-12-21 14:27:14+00:00,6399,Run,"Winston-Salem, USA",0.0,4.704837993786063,106.0,22.53,6360.0,1 h 46 m
151291,83372861,Kristian Uldbjerg Hansen,13163161669,🎡,Catch up med Møllen og et par runder i Skovdalen🧘🏻‍♂️,2024-12-21 17:05:40+00:00,2429,Run,"Aalborg Municipality, Denmark",0.0,4.85207100591716,32.8,6.76,1968.0,32 m 48 s
153624,82013388,Logan Measner,13163290574,Lunch Run,nan,2024-12-21 17:30:44+00:00,1452,Run,nan,0.0,3.913120567375887,22.07,5.64,1324.2,22 m 4 s
152556,91049781,Hanna Hermansson,13163509717,Morning Run,nan,2024-12-21 17:57:12+00:00,3598,Run,nan,0.0,5.270447110141767,48.33,9.17,2899.7999999999997,48 m 20 s
153160,64218328,Bobby Poynter,13163584815,Morning Ride,nan,2024-12-21 17:47:41+00:00,1203,Ride,nan,0.0,0.0,0.0,20.0,0.0,134 bpm
153159,64218328,Bobby Poynter,13163585599,Morning Ride,nan,2024-12-21 18:24:08+00:00,2700,Ride,nan,0.0,0.0,0.0,45.0,0.0,163 bpm
153158,64218328,Bobby Poynter,13163628152,Lunch Ride,nan,2024-12-21 19:14:57+00:00,601,Ride,nan,0.0,0.0,0.0,10.0,0.0,130 bpm
154016,89025421,Ivan Siuris,13163803247,Night Weight Training,nan,2024-12-21 19:32:42+00:00,2083,WeightTraining,nan,0.0,0.0,0.0,34.0,0.0,188 Cal
150848,63449551,Olivia Markezich,13163814268,Lunch Run,nan,2024-12-21 19:11:03+00:00,3512,Run,"Medina, USA",0.0,4.544254658385093,58.53,12.88,3511.8,58 m 32 s
150917,63449551,Olivia Markezich,13163814268,Lunch Run,nan,2024-12-21 19:11:03+00:00,3512,Run,"Medina, USA",0.0,4.544254658385093,58.53,12.88,3511.8,58 m 32 s
150986,63449551,Olivia Markezich,13163814268,Lunch Run,nan,2024-12-21 19:11:03+00:00,3512,Run,"Medina, USA",0.0,4.544254658385093,58.53,12.88,3511.8,58 m 32 s
151767,79030752,Jack Salisbury,13163991699,Morning Run,nan,2024-12-21 17:36:47+00:00,1679,Run,"Sedona, USA",0.0,4.646817248459959,22.63,4.87,1357.8,22 m 38 s
151766,79030752,Jack Salisbury,13163991872,Lunch Run,nan,2024-12-21 18:16:32+00:00,142,Run,"Sedona, USA",0.0,2.8249999999999997,1.13,0.4,67.8,1 m 8 s
151765,79030752,Jack Salisbury,13163993484,"12x1000, 60' rest",3:07's grateful to be healthy again 🙏🏼🙏🏼,2024-12-21 18:25:35+00:00,2953,Run,"Sedona, USA",0.0,3.3421461897356144,42.98,12.86,2578.7999999999997,42 m 59 s
151764,79030752,Jack Salisbury,13163993929,Lunch Run,nan,2024-12-21 19:40:44+00:00,1410,Run,"Sedona, USA",0.0,4.68595041322314,22.68,4.84,1360.8,22 m 41 s
153121,73659831,Evan Jenkins,13164161556,Morning Run,nan,2024-12-20 13:51:04+00:00,4310,Run,"Kerr County, USA",0.0,3.566459627329192,57.42,16.1,3445.2000000000003,57 m 25 s
153723,78680893,Gracelyn Larkin,13164503326,Afternoon Run,-20 outside so naturally decided to run on the dreadmill,2024-12-21 22:20:01+00:00,2400,Run,nan,0.0,4.975124378109453,40.0,8.04,2400.0,40 m 0 s
152555,91049781,Hanna Hermansson,13164898534,Afternoon Run,nan,2024-12-22 00:17:17+00:00,1424,Run,"Los Angeles, USA",0.0,4.746,23.73,5.0,1423.8,23 m 44 s
150847,63449551,Olivia Markezich,13164899198,Afternoon Run,With Cambria Markezich & Kyle Lusignea !👨🏻‍🔬🧚‍♀️🕺🏻,2024-12-22 00:19:51+00:00,1422,Run,"Medina, USA",0.0,4.87991718426501,23.57,4.83,1414.2,23 m 34 s
150916,63449551,Olivia Markezich,13164899198,Afternoon Run,With Cambria Markezich & Kyle Lusignea !👨🏻‍🔬🧚‍♀️🕺🏻,2024-12-22 00:19:51+00:00,1422,Run,"Medina, USA",0.0,4.87991718426501,23.57,4.83,1414.2,23 m 34 s
150985,63449551,Olivia Markezich,13164899198,Afternoon Run,With Cambria Markezich & Kyle Lusignea !👨🏻‍🔬🧚‍♀️🕺🏻,2024-12-22 00:19:51+00:00,1422,Run,"Medina, USA",0.0,4.87991718426501,23.57,4.83,1414.2,23 m 34 s
153623,82013388,Logan Measner,13165554788,Afternoon Run,nan,2024-12-21 22:01:32+00:00,1548,Run,nan,0.0,4.0,25.8,6.45,1548.0,25 m 48 s
153258,77830180,Keisuke Yokota,13165796781,Afternoon Run,nan,2024-12-22 06:40:49+00:00,3650,Run,"Asaka, Japan",0.0,4.746835443037974,60.0,12.64,3600.0,1 h 0 m
152294,60155357,Youssef Benzamia,13165866814,Morning Run,nan,2024-12-22 06:35:56+00:00,4171,Run,"Uasin Gishu County, Kenya",0.0,4.25,68.0,16.0,4080.0,1 h 8 m
152428,60155357,Youssef Benzamia,13165866814,Morning Run,nan,2024-12-22 06:35:56+00:00,4171,Run,"Uasin Gishu County, Kenya",0.0,4.25,68.0,16.0,4080.0,1 h 8 m
152086,68238567,Takashi Soma,13165964005,午後のランニング,nan,2024-12-22 07:06:49+00:00,5126,Run,"Nasushiobara, Japan",0.0,5.181003584229391,57.82,11.16,3469.2,57 m 49 s
152107,68238567,Takashi Soma,13165964005,午後のランニング,nan,2024-12-22 07:06:49+00:00,5126,Run,"Nasushiobara, Japan",0.0,5.181003584229391,57.82,11.16,3469.2,57 m 49 s
154015,89025421,Ivan Siuris,13166206734,Morning Run,nan,2024-12-22 07:01:56+00:00,5447,Run,"Chișinau, Moldova",0.0,4.283674440742503,90.0,21.01,5400.0,1 h 30 m
153819,66783639,Duncan Perrillat,13166239321,Course à pied dans l'après-midi,nan,2024-12-21 15:52:24+00:00,145,Run,nan,0.0,0.0,0.0,2.0,0.0,nan
153817,66783639,Duncan Perrillat,13166239327,Course à pied dans l'après-midi,nan,2024-12-21 16:02:53+00:00,651,Run,nan,0.0,0.0,0.0,10.0,0.0,nan
153818,66783639,Duncan Perrillat,13166280852,Course à pied dans l'après-midi,nan,2024-12-21 15:57:18+00:00,274,Run,nan,0.0,0.0,0.0,4.0,0.0,nan
151377,64360338,Hamza Sahli,13166714924,Morning Run,nan,2024-12-22 09:47:50+00:00,2508,Run,"Louviers, France",0.0,5.6410256410256405,41.8,7.41,2508.0,41 m 48 s
151290,83372861,Kristian Uldbjerg Hansen,13166858217,SLR🦾,"God uge, 100 miles og nu juleferie 🫁",2024-12-22 08:46:20+00:00,7101,Run,"Aalborg Municipality, Denmark",0.0,4.264647269828617,107.0,25.09,6420.0,1 h 47 m
151375,64360338,Hamza Sahli,13167430929,Lunch Swim,nan,2024-12-22 11:14:13+00:00,1847,Swim,nan,0.0,0.0,0.0,30.0,0.0,143 bpm
153816,66783639,Duncan Perrillat,13167460705,Course à pied le midi,nan,2024-12-22 11:08:40+00:00,2220,Run,"Morschwiller-le-Bas, France",0.0,3.825944170771757,23.3,6.09,1398.0,23 m 18 s
151376,64360338,Hamza Sahli,13167670101,Natation le midi,nan,2024-12-22 10:41:00+00:00,1380,Swim,nan,0.0,0.0,0.0,1.0,0.0,2:18 /100m
153321,71517556,Mehdi Kadri,13167736194,12k alternance 1k à 3'18 et 600m à 3'05,nan,2024-12-22 08:58:00+00:00,5254,Run,"Rouen, France",0.0,3.84204909284952,72.0,18.74,4320.0,1 h 12 m
152785,69562064,José Carlos Pinto,13168181836,Corrida da hora do almoço,nan,2024-12-22 11:24:53+00:00,2358,Run,"Oeiras, Portugal",0.0,3.921078921078921,39.25,10.01,2355.0,39 m 15 s
151763,79030752,Jack Salisbury,13168793883,Morning Run,nan,2024-12-22 13:23:48+00:00,4912,Run,"Flagstaff, USA",0.0,4.584882280049566,74.0,16.14,4440.0,1 h 14 m
153420,61783860,Shane Streich,13168951839,Afternoon Run,nan,2024-12-21 21:17:52+00:00,2193,Run,"Atlanta, USA",0.0,4.163975155279503,33.52,8.05,2011.2000000000005,33 m 31 s
153531,61783860,Shane Streich,13168951839,Afternoon Run,nan,2024-12-21 21:17:52+00:00,2193,Run,"Atlanta, USA",0.0,4.163975155279503,33.52,8.05,2011.2000000000005,33 m 31 s
151027,99220051,Athanas Kioko,13169012355,Morning Run,A 20.5 day. My watch battery gave up on me,2024-12-22 12:52:07+00:00,7012,Run,"Winston-Salem, USA",0.0,4.292343387470998,111.0,25.86,6660.0,1 h 51 m
151074,99220051,Athanas Kioko,13169012355,Morning Run,A 20.5 day. My watch battery gave up on me,2024-12-22 12:52:07+00:00,7012,Run,"Winston-Salem, USA",0.0,4.292343387470998,111.0,25.86,6660.0,1 h 51 m
154014,89025421,Ivan Siuris,13169625023,Afternoon Weight Training,nan,2024-12-22 15:00:19+00:00,6970,WeightTraining,nan,0.0,0.0,0.0,1.0,0.0,828 Cal
153026,69143721,Jonathan Grahn,13169790441,Afternoon Run,nan,2024-12-22 16:37:47+00:00,2753,Run,"Mölndals kommun, Sweden",0.0,4.76728869374314,43.43,9.11,2605.8,43 m 26 s
153419,61783860,Shane Streich,13169919134,Long Run,nan,2024-12-22 16:24:41+00:00,4878,Run,"Cobb County, USA",0.0,4.1317699609156895,74.0,17.91,4440.0,1 h 14 m
153530,61783860,Shane Streich,13169919134,Long Run,nan,2024-12-22 16:24:41+00:00,4878,Run,"Cobb County, USA",0.0,4.1317699609156895,74.0,17.91,4440.0,1 h 14 m
150846,63449551,Olivia Markezich,13169968180,Fartlek,"8x(3on, 2off)",2024-12-22 16:28:18+00:00,5272,Run,"Bellevue, USA",0.0,3.7896731406916153,80.0,21.11,4800.0,1 h 20 m
150915,63449551,Olivia Markezich,13169968180,Fartlek,"8x(3on, 2off)",2024-12-22 16:28:18+00:00,5272,Run,"Bellevue, USA",0.0,3.7896731406916153,80.0,21.11,4800.0,1 h 20 m
150984,63449551,Olivia Markezich,13169968180,Fartlek,"8x(3on, 2off)",2024-12-22 16:28:18+00:00,5272,Run,"Bellevue, USA",0.0,3.7896731406916153,80.0,21.11,4800.0,1 h 20 m
153890,95919245,Paulo Roberto Paula,13170264541,Morning Run,nan,2024-12-22 10:45:49+00:00,3549,Run,"Dracena, Brazil",0.0,3.8559322033898304,59.15,15.34,3549.0,59 m 9 s
152554,91049781,Hanna Hermansson,13170327886,Morning Run,nan,2024-12-22 18:26:18+00:00,1239,Run,"Los Angeles, USA",0.0,4.751243781094528,19.1,4.02,1146.0,19 m 6 s
151828,61174400,Jack Higgins,13170762636,Afternoon Ride,nan,2024-12-22 19:22:22+00:00,4800,Ride,nan,0.0,2.249718785151856,80.0,35.56,4800.0,1 h 20 m
153622,82013388,Logan Measner,13170962315,Afternoon Run,nan,2024-12-22 19:56:42+00:00,5586,Run,"Town of Farmington, USA",0.0,3.8509316770186337,93.0,24.15,5580.0,1 h 33 m
153722,78680893,Gracelyn Larkin,13170998002,Afternoon Run,dreadmill again 7.5 miles // 3x10 mins @ threshold // finish to 16,2024-12-22 19:42:29+00:00,6985,Run,nan,0.0,4.504854368932039,116.0,25.75,6960.0,1 h 56 m
152553,91049781,Hanna Hermansson,13171690216,Afternoon Ride,nan,2024-12-22 22:29:55+00:00,8598,Ride,"Los Angeles, USA",0.0,2.4735615701738665,138.0,55.79,8280.0,2 h 18 m
153277,77830180,Keisuke Yokota,13171964813,Morning Run,nan,2024-12-22 21:10:21+00:00,10795,Run,"Asaka, Japan",0.0,5.03125,161.0,32.0,9660.0,2 h 41 m
151327,83372861,Kristian Uldbjerg Hansen,13172455795,Morning Run,nan,2024-12-23 07:25:10+00:00,472,Run,"Aalborg Municipality, Denmark",0.0,4.877551020408164,7.17,1.47,430.2,7 m 10 s
151326,83372861,Kristian Uldbjerg Hansen,13172678229,Morning Run,♨️,2024-12-23 07:45:39+00:00,3092,Run,nan,0.0,4.55989110707804,50.25,11.02,3015.0,50 m 15 s
151386,64360338,Hamza Sahli,13173068222,Morning Run,nan,2024-12-23 08:41:58+00:00,3832,Run,"Louviers, France",0.0,6.274900398406375,63.0,10.04,3780.0,1 h 3 m
153057,69143721,Jonathan Grahn,13173204075,6x4min på Säröleden,nan,2024-12-23 09:06:42+00:00,4534,Run,"Göteborgs Stad, Sweden",0.0,3.666417352281227,49.02,13.37,2941.2000000000003,49 m 1 s
153058,69143721,Jonathan Grahn,13173388832,3x400m+3x200m i FIH,nan,2024-12-23 10:35:31+00:00,1292,Run,nan,0.0,6.216101694915254,14.67,2.36,880.2,14 m 40 s
153056,69143721,Jonathan Grahn,13173660343,Lunch Run,nan,2024-12-23 11:01:40+00:00,614,Run,nan,0.0,4.566964285714286,10.23,2.24,613.8000000000001,10 m 14 s
152337,60155357,Youssef Benzamia,13174789440,Afternoon Run,nan,2024-12-23 14:19:44+00:00,1175,Run,nan,0.0,4.752427184466019,19.58,4.12,1174.8,19 m 35 s
152471,60155357,Youssef Benzamia,13174789440,Afternoon Run,nan,2024-12-23 14:19:44+00:00,1175,Run,nan,0.0,4.752427184466019,19.58,4.12,1174.8,19 m 35 s
152338,60155357,Youssef Benzamia,13174890677,Lunch Run,nan,2024-12-23 08:53:29+00:00,2430,Run,"Elgeyo-Marakwet County, Kenya",0.0,4.884004884004884,40.0,8.19,2400.0,40 m 0 s
152472,60155357,Youssef Benzamia,13174890677,Lunch Run,nan,2024-12-23 08:53:29+00:00,2430,Run,"Elgeyo-Marakwet County, Kenya",0.0,4.884004884004884,40.0,8.19,2400.0,40 m 0 s
152336,60155357,Youssef Benzamia,13175177082,Evening Run,nan,2024-12-23 15:00:35+00:00,14,Run,nan,0.0,2.3,0.23,0.1,13.8,14 s
152470,60155357,Youssef Benzamia,13175177082,Evening Run,nan,2024-12-23 15:00:35+00:00,14,Run,nan,0.0,2.3,0.23,0.1,13.8,14 s
152334,60155357,Youssef Benzamia,13175177857,Evening Run,nan,2024-12-23 15:11:03+00:00,12,Run,nan,0.0,2.2222222222222223,0.2,0.09,12.0,12 s
152468,60155357,Youssef Benzamia,13175177857,Evening Run,nan,2024-12-23 15:11:03+00:00,12,Run,nan,0.0,2.2222222222222223,0.2,0.09,12.0,12 s
152333,60155357,Youssef Benzamia,13175179115,Evening Run,nan,2024-12-23 15:15:45+00:00,1179,Run,nan,0.0,7.403846153846153,19.25,2.6,1155.0,19 m 15 s
152467,60155357,Youssef Benzamia,13175179115,Evening Run,nan,2024-12-23 15:15:45+00:00,1179,Run,nan,0.0,7.403846153846153,19.25,2.6,1155.0,19 m 15 s
152335,60155357,Youssef Benzamia,13175242371,Evening Run,nan,2024-12-23 15:05:12+00:00,13,Run,nan,0.0,2.1999999999999997,0.22,0.1,13.2,13 s
152469,60155357,Youssef Benzamia,13175242371,Evening Run,nan,2024-12-23 15:05:12+00:00,13,Run,nan,0.0,2.1999999999999997,0.22,0.1,13.2,13 s
151325,83372861,Kristian Uldbjerg Hansen,13175362455,Afternoon Run,nan,2024-12-23 15:11:06+00:00,3415,Run,"Aalborg Municipality, Denmark",0.0,4.7466307277628035,35.22,7.42,2113.2,35 m 13 s
154030,89025421,Ivan Siuris,13176070663,Evening Run,nan,2024-12-23 17:06:43+00:00,3539,Run,"Chișinau, Moldova",0.0,4.612244897959184,56.5,12.25,3390.0,56 m 30 s
154156,82077769,Leonid Latsepov,13176187664,Morning Run,nan,2024-12-23 08:01:43+00:00,4047,Run,"Tallinn, Estonia",0.0,4.2328042328042335,64.0,15.12,3840.0,1 h 4 m
154135,82077769,Leonid Latsepov,13176188190,Lunch Run,nan,2024-12-21 10:03:22+00:00,945,Run,"Tallinn, Estonia",0.0,5.058441558441558,15.58,3.08,934.8,15 m 35 s
154136,82077769,Leonid Latsepov,13176188978,Lunch Run,nan,2024-12-21 09:24:51+00:00,1610,Run,"Tallinn, Estonia",0.0,3.1531213191990575,26.77,8.49,1606.2,26 m 46 s
154137,82077769,Leonid Latsepov,13176189546,Morning Run,nan,2024-12-21 08:46:57+00:00,1072,Run,"Tallinn, Estonia",0.0,4.643258426966292,16.53,3.56,991.8,16 m 32 s
154138,82077769,Leonid Latsepov,13176190712,Morning Run,nan,2024-12-20 07:30:42+00:00,4106,Run,"Tallinn, Estonia",0.0,4.33355219960604,66.0,15.23,3960.0,1 h 6 m
154139,82077769,Leonid Latsepov,13176190969,Morning HIIT,nan,2024-12-17 18:21:09+00:00,1499,HighIntensityIntervalTraining,nan,0.0,0.0,0.0,24.0,0.0,91 Cal
154140,82077769,Leonid Latsepov,13176191784,Evening Run,nan,2024-12-17 16:48:32+00:00,5192,Run,"Tallinn, Estonia",0.0,4.361721611721612,47.63,10.92,2857.8,47 m 38 s
154141,82077769,Leonid Latsepov,13176192667,Lunch Run,nan,2024-12-17 09:13:25+00:00,2946,Run,"Tallinn, Estonia",0.0,4.671206225680934,48.02,10.28,2881.2000000000003,48 m 1 s
154142,82077769,Leonid Latsepov,13176193404,Morning Run,nan,2024-12-16 14:19:42+00:00,3195,Run,nan,0.0,5.303784860557769,53.25,10.04,3195.0,53 m 15 s
154122,82077769,Leonid Latsepov,13176194085,Morning Weight Training,nan,2024-12-15 13:10:49+00:00,1998,WeightTraining,nan,0.0,0.0,0.0,33.0,0.0,192 Cal
154123,82077769,Leonid Latsepov,13176194909,Night Run,nan,2024-12-15 11:48:40+00:00,3836,Run,nan,0.0,4.891304347826087,63.0,12.88,3780.0,1 h 3 m
154124,82077769,Leonid Latsepov,13176195617,Morning Run,nan,2024-12-14 13:56:05+00:00,1547,Run,nan,0.0,8.316129032258065,25.78,3.1,1546.8000000000002,25 m 47 s
154125,82077769,Leonid Latsepov,13176196300,Morning Run,nan,2024-12-14 12:41:09+00:00,985,Run,nan,0.0,5.3311688311688314,16.42,3.08,985.2,16 m 25 s
154126,82077769,Leonid Latsepov,13176197146,Morning Run,nan,2024-12-14 07:33:10+00:00,1626,Run,"Tallinn, Estonia",0.0,4.819029850746268,25.83,5.36,1549.8,25 m 50 s
154127,82077769,Leonid Latsepov,13176197571,Morning HIIT,nan,2024-12-13 17:06:06+00:00,3556,HighIntensityIntervalTraining,nan,0.0,0.0,0.0,59.0,0.0,338 Cal
154128,82077769,Leonid Latsepov,13176198195,Morning Run,nan,2024-12-13 16:05:24+00:00,2191,Run,nan,0.0,6.12751677852349,36.52,5.96,2191.2000000000003,36 m 31 s
151799,79030752,Jack Salisbury,13176405915,Lunch Run,nan,2024-12-23 17:58:28+00:00,3628,Run,"Ridgewood, USA",0.0,4.360091743119266,57.03,13.08,3421.8,57 m 2 s
151928,67065684,Hicham Ouladha,13176650206,Afternoon Run,nan,2024-12-17 16:10:05+00:00,3186,Run,"Ifrane, Morocco",0.0,5.223,52.23,10.0,3133.7999999999997,52 m 14 s
152043,67065684,Hicham Ouladha,13176650206,Afternoon Run,nan,2024-12-17 16:10:05+00:00,3186,Run,"Ifrane, Morocco",0.0,5.223,52.23,10.0,3133.7999999999997,52 m 14 s
151927,67065684,Hicham Ouladha,13176652076,Morning Run,nan,2024-12-18 09:04:02+00:00,5321,Run,"Ifrane, Morocco",0.0,4.827968923418424,87.0,18.02,5220.0,1 h 27 m
152042,67065684,Hicham Ouladha,13176652076,Morning Run,nan,2024-12-18 09:04:02+00:00,5321,Run,"Ifrane, Morocco",0.0,4.827968923418424,87.0,18.02,5220.0,1 h 27 m
151926,67065684,Hicham Ouladha,13176653829,Afternoon Run,nan,2024-12-18 16:31:56+00:00,3690,Run,"Ifrane, Morocco",0.0,4.9558333333333335,59.47,12.0,3568.2,59 m 28 s
152041,67065684,Hicham Ouladha,13176653829,Afternoon Run,nan,2024-12-18 16:31:56+00:00,3690,Run,"Ifrane, Morocco",0.0,4.9558333333333335,59.47,12.0,3568.2,59 m 28 s
151925,67065684,Hicham Ouladha,13176655072,Morning Run,nan,2024-12-19 09:07:24+00:00,2942,Run,"Ifrane, Morocco",0.0,4.782139352306182,48.73,10.19,2923.7999999999997,48 m 44 s
152040,67065684,Hicham Ouladha,13176655072,Morning Run,nan,2024-12-19 09:07:24+00:00,2942,Run,"Ifrane, Morocco",0.0,4.782139352306182,48.73,10.19,2923.7999999999997,48 m 44 s
151924,67065684,Hicham Ouladha,13176655966,Lunch Run,nan,2024-12-19 11:07:43+00:00,1254,Run,"Ifrane, Morocco",0.0,4.171656686626746,20.9,5.01,1254.0,20 m 54 s
152039,67065684,Hicham Ouladha,13176655966,Lunch Run,nan,2024-12-19 11:07:43+00:00,1254,Run,"Ifrane, Morocco",0.0,4.171656686626746,20.9,5.01,1254.0,20 m 54 s
151923,67065684,Hicham Ouladha,13176658887,Afternoon Run,nan,2024-12-19 16:34:09+00:00,3941,Run,"Ifrane, Morocco",0.0,5.0,65.0,13.0,3900.0,1 h 5 m
152038,67065684,Hicham Ouladha,13176658887,Afternoon Run,nan,2024-12-19 16:34:09+00:00,3941,Run,"Ifrane, Morocco",0.0,5.0,65.0,13.0,3900.0,1 h 5 m
151922,67065684,Hicham Ouladha,13176659432,Morning Run,nan,2024-12-20 09:21:49+00:00,1535,Run,"Ifrane, Morocco",0.0,4.956087824351298,24.83,5.01,1489.8,24 m 50 s
152037,67065684,Hicham Ouladha,13176659432,Morning Run,nan,2024-12-20 09:21:49+00:00,1535,Run,"Ifrane, Morocco",0.0,4.956087824351298,24.83,5.01,1489.8,24 m 50 s
151921,67065684,Hicham Ouladha,13176659478,Lunch Run,nan,2024-12-20 10:04:40+00:00,2937,Run,"Ifrane, Morocco",0.0,3.5039370078740157,48.95,13.97,2937.0,48 m 57 s
152036,67065684,Hicham Ouladha,13176659478,Lunch Run,nan,2024-12-20 10:04:40+00:00,2937,Run,"Ifrane, Morocco",0.0,3.5039370078740157,48.95,13.97,2937.0,48 m 57 s
151920,67065684,Hicham Ouladha,13176659838,Lunch Run,nan,2024-12-20 10:56:59+00:00,690,Run,"Ifrane, Morocco",0.0,4.713114754098361,11.5,2.44,690.0,11 m 30 s
152035,67065684,Hicham Ouladha,13176659838,Lunch Run,nan,2024-12-20 10:56:59+00:00,690,Run,"Ifrane, Morocco",0.0,4.713114754098361,11.5,2.44,690.0,11 m 30 s
151919,67065684,Hicham Ouladha,13176660804,Afternoon Run,nan,2024-12-20 16:33:55+00:00,2955,Run,"Ifrane, Morocco",0.0,4.798201798201799,48.03,10.01,2881.8,48 m 2 s
152034,67065684,Hicham Ouladha,13176660804,Afternoon Run,nan,2024-12-20 16:33:55+00:00,2955,Run,"Ifrane, Morocco",0.0,4.798201798201799,48.03,10.01,2881.8,48 m 2 s
151918,67065684,Hicham Ouladha,13176662827,Morning Run,nan,2024-12-21 07:06:22+00:00,4709,Run,"Ifrane, Morocco",0.0,4.277777777777778,77.0,18.0,4620.0,1 h 17 m
152033,67065684,Hicham Ouladha,13176662827,Morning Run,nan,2024-12-21 07:06:22+00:00,4709,Run,"Ifrane, Morocco",0.0,4.277777777777778,77.0,18.0,4620.0,1 h 17 m
151917,67065684,Hicham Ouladha,13176664119,Afternoon Run,nan,2024-12-21 16:36:06+00:00,3445,Run,"Ifrane, Morocco",0.0,4.646128226477935,55.8,12.01,3348.0,55 m 48 s
152032,67065684,Hicham Ouladha,13176664119,Afternoon Run,nan,2024-12-21 16:36:06+00:00,3445,Run,"Ifrane, Morocco",0.0,4.646128226477935,55.8,12.01,3348.0,55 m 48 s
151916,67065684,Hicham Ouladha,13176664730,Morning Run,nan,2024-12-22 08:07:17+00:00,2974,Run,"Ifrane, Morocco",0.0,4.957,49.57,10.0,2974.2,49 m 34 s
152031,67065684,Hicham Ouladha,13176664730,Morning Run,nan,2024-12-22 08:07:17+00:00,2974,Run,"Ifrane, Morocco",0.0,4.957,49.57,10.0,2974.2,49 m 34 s
151915,67065684,Hicham Ouladha,13176665429,Lunch Run,nan,2024-12-22 10:29:18+00:00,1341,Run,"Ifrane, Morocco",0.0,4.214,21.07,5.0,1264.2,21 m 4 s
152030,67065684,Hicham Ouladha,13176665429,Lunch Run,nan,2024-12-22 10:29:18+00:00,1341,Run,"Ifrane, Morocco",0.0,4.214,21.07,5.0,1264.2,21 m 4 s
151914,67065684,Hicham Ouladha,13176666428,Afternoon Run,nan,2024-12-22 16:03:45+00:00,3833,Run,"Ifrane, Morocco",0.0,4.842428900845504,63.0,13.01,3780.0,1 h 3 m
152029,67065684,Hicham Ouladha,13176666428,Afternoon Run,nan,2024-12-22 16:03:45+00:00,3833,Run,"Ifrane, Morocco",0.0,4.842428900845504,63.0,13.01,3780.0,1 h 3 m
151953,67065684,Hicham Ouladha,13176667422,Morning Run,nan,2024-12-23 09:34:39+00:00,1012,Run,"Ifrane, Morocco",0.0,4.824242424242424,15.92,3.3,955.2,15 m 55 s
152068,67065684,Hicham Ouladha,13176667422,Morning Run,nan,2024-12-23 09:34:39+00:00,1012,Run,"Ifrane, Morocco",0.0,4.824242424242424,15.92,3.3,955.2,15 m 55 s
151952,67065684,Hicham Ouladha,13176669630,Lunch Run,nan,2024-12-23 10:09:27+00:00,3607,Run,"Ifrane, Morocco",0.0,3.40522133938706,60.0,17.62,3600.0,1 h 0 m
152067,67065684,Hicham Ouladha,13176669630,Lunch Run,nan,2024-12-23 10:09:27+00:00,3607,Run,"Ifrane, Morocco",0.0,3.40522133938706,60.0,17.62,3600.0,1 h 0 m
151951,67065684,Hicham Ouladha,13176670331,Lunch Run,nan,2024-12-23 11:16:19+00:00,591,Run,"Ifrane, Morocco",0.0,4.776119402985075,9.6,2.01,576.0,9 m 36 s
152066,67065684,Hicham Ouladha,13176670331,Lunch Run,nan,2024-12-23 11:16:19+00:00,591,Run,"Ifrane, Morocco",0.0,4.776119402985075,9.6,2.01,576.0,9 m 36 s
151950,67065684,Hicham Ouladha,13176671141,Afternoon Run,nan,2024-12-23 16:34:10+00:00,2846,Run,"Ifrane, Morocco",0.0,4.682317682317682,46.87,10.01,2812.2,46 m 52 s
152065,67065684,Hicham Ouladha,13176671141,Afternoon Run,nan,2024-12-23 16:34:10+00:00,2846,Run,"Ifrane, Morocco",0.0,4.682317682317682,46.87,10.01,2812.2,46 m 52 s
153743,78680893,Gracelyn Larkin,13176701053,Afternoon Run,tread,2024-12-23 17:06:00+00:00,3210,Run,nan,0.0,4.751332149200711,53.5,11.26,3210.0,53 m 30 s
151047,99220051,Athanas Kioko,13176994744,Afternoon Run,180 Training Load -- from COROS,2024-12-23 18:25:07+00:00,5470,Run,"B. Everett Jordan Project, USA",0.0,3.645401822700911,88.0,24.14,5280.0,1 h 28 m
151094,99220051,Athanas Kioko,13176994744,Afternoon Run,180 Training Load -- from COROS,2024-12-23 18:25:07+00:00,5470,Run,"B. Everett Jordan Project, USA",0.0,3.645401822700911,88.0,24.14,5280.0,1 h 28 m
151798,79030752,Jack Salisbury,13177823042,Evening Run,nan,2024-12-23 23:11:02+00:00,2259,Run,nan,0.0,4.475124378109453,35.98,8.04,2158.7999999999997,35 m 59 s
152823,69562064,José Carlos Pinto,13177903895,2km warmup,nan,2024-12-23 10:52:21+00:00,614,Run,"Oeiras, Portugal",0.0,5.049751243781095,10.15,2.01,609.0,10 m 9 s
152822,69562064,José Carlos Pinto,13177905567,Lactate threshold test,"Best one ever 🙌🏻 Failed the 2:38 pace, 800 meters off",2024-12-23 11:29:03+00:00,2974,Run,"Oeiras, Portugal",0.0,3.4962962962962965,47.2,13.5,2832.0,47 m 12 s
152821,69562064,José Carlos Pinto,13177906022,2km cooldown,nan,2024-12-23 12:40:14+00:00,597,Run,"Oeiras, Portugal",0.0,4.975,9.95,2.0,597.0,9 m 57 s
152820,69562064,José Carlos Pinto,13177906157,8k after trip,nan,2024-12-23 19:26:18+00:00,1919,Run,nan,0.0,3.9975,31.98,8.0,1918.8,31 m 59 s
152578,91049781,Hanna Hermansson,13178051198,Afternoon Weight Training,nan,2024-12-24 00:00:25+00:00,3342,WeightTraining,nan,0.0,0.0,0.0,55.0,0.0,193 Cal
153641,82013388,Logan Measner,13178225693,Evening Run,nan,2024-12-24 00:33:03+00:00,4200,Run,nan,0.0,3.895313451004261,64.0,16.43,3840.0,1 h 4 m
150862,63449551,Olivia Markezich,13178239450,Afternoon Ride,nan,2024-12-24 01:17:16+00:00,2400,Ride,nan,0.0,0.0,0.0,40.0,0.0,98 bpm
150931,63449551,Olivia Markezich,13178239450,Afternoon Ride,nan,2024-12-24 01:17:16+00:00,2400,Ride,nan,0.0,0.0,0.0,40.0,0.0,98 bpm
151000,63449551,Olivia Markezich,13178239450,Afternoon Ride,nan,2024-12-24 01:17:16+00:00,2400,Ride,nan,0.0,0.0,0.0,40.0,0.0,98 bpm
152332,60155357,Youssef Benzamia,13178855269,Morning Run,nan,2024-12-24 06:39:55+00:00,1473,Run,"Elgeyo-Marakwet County, Kenya",0.0,4.6761904761904765,24.55,5.25,1473.0,24 m 33 s
152466,60155357,Youssef Benzamia,13178855269,Morning Run,nan,2024-12-24 06:39:55+00:00,1473,Run,"Elgeyo-Marakwet County, Kenya",0.0,4.6761904761904765,24.55,5.25,1473.0,24 m 33 s
153276,77830180,Keisuke Yokota,13178860314,Afternoon Run,nan,2024-12-24 06:34:33+00:00,1876,Run,"Toda, Japan",0.0,4.43,22.15,5.0,1329.0,22 m 9 s
152331,60155357,Youssef Benzamia,13178890118,Morning Run,nan,2024-12-24 07:17:27+00:00,17,Run,nan,0.0,2.8000000000000003,0.28,0.1,16.8,17 s
152465,60155357,Youssef Benzamia,13178890118,Morning Run,nan,2024-12-24 07:17:27+00:00,17,Run,nan,0.0,2.8000000000000003,0.28,0.1,16.8,17 s
152330,60155357,Youssef Benzamia,13178906348,Morning Run,nan,2024-12-24 07:23:08+00:00,18,Run,nan,0.0,2.9999999999999996,0.3,0.1,18.0,18 s
152464,60155357,Youssef Benzamia,13178906348,Morning Run,nan,2024-12-24 07:23:08+00:00,18,Run,nan,0.0,2.9999999999999996,0.3,0.1,18.0,18 s
153275,77830180,Keisuke Yokota,13178996125,Afternoon Run,nan,2024-12-24 07:20:49+00:00,1733,Run,"Toda, Japan",0.0,3.8661087866108783,27.72,7.17,1663.1999999999998,27 m 43 s
152329,60155357,Youssef Benzamia,13179017830,Morning Run,nan,2024-12-24 07:26:04+00:00,1639,Run,nan,0.0,3.593360995850622,25.98,7.23,1558.8,25 m 59 s
152463,60155357,Youssef Benzamia,13179017830,Morning Run,nan,2024-12-24 07:26:04+00:00,1639,Run,nan,0.0,3.593360995850622,25.98,7.23,1558.8,25 m 59 s
152328,60155357,Youssef Benzamia,13179048136,Lunch Run,nan,2024-12-24 08:01:12+00:00,305,Run,"Elgeyo-Marakwet County, Kenya",0.0,5.644444444444445,5.08,0.9,304.8,5 m 5 s
152462,60155357,Youssef Benzamia,13179048136,Lunch Run,nan,2024-12-24 08:01:12+00:00,305,Run,"Elgeyo-Marakwet County, Kenya",0.0,5.644444444444445,5.08,0.9,304.8,5 m 5 s
153274,77830180,Keisuke Yokota,13179084780,Afternoon Run,nan,2024-12-24 08:00:18+00:00,767,Run,"Toda, Japan",0.0,5.690821256038648,11.78,2.07,706.8,11 m 47 s
153055,69143721,Jonathan Grahn,13179193746,Jul-runda och lek med Anfield,nan,2024-12-24 07:19:55+00:00,4456,Run,"Mölndals kommun, Sweden",0.0,4.6248756218905465,46.48,10.05,2788.7999999999997,46 m 29 s
151324,83372861,Kristian Uldbjerg Hansen,13179577180,Morning Run,"6x400/30s +6x200/60s +6x400/45s 400s: 67/67/66/67/67/67 200s: 30/31/30/29/29/28 400s: 62/62/61/60/60/59 (13.3mmol) i spikes. Vel nok mit bedste pas i den her temp, inden årets ringeste præstation i Julebænk konk🏋🏻‍♂️",2024-12-24 08:07:27+00:00,5815,Run,"Aalborg Municipality, Denmark",0.0,4.384724186704385,62.0,14.14,3720.0,1 h 2 m
153054,69143721,Jonathan Grahn,13180579667,Lunch Run,nan,2024-12-24 11:09:31+00:00,1162,Run,"Mölndals kommun, Sweden",0.0,4.82520325203252,11.87,2.46,712.1999999999999,11 m 52 s
152819,69562064,José Carlos Pinto,13180842882,12k (10 z2/z3),nan,2024-12-24 11:26:25+00:00,2792,Run,"Oliveira do Hospital, Portugal",0.0,3.6744379683597006,44.13,12.01,2647.8,44 m 8 s
154029,89025421,Ivan Siuris,13180982380,Afternoon Run,nan,2024-12-24 11:16:08+00:00,4617,Run,"Chișinau, Moldova",0.0,4.714285714285714,66.0,14.0,3960.0,1 h 6 m
154040,81890092,Christian Jackson,13181186529,Lunch Run,nan,2024-12-24 12:24:28+00:00,2134,Run,"Leeds, United Kingdom",0.0,6.128571428571428,30.03,4.9,1801.8,30 m 2 s
152327,60155357,Youssef Benzamia,13181703523,Afternoon Run,nan,2024-12-24 13:11:43+00:00,3039,Run,"Elgeyo-Marakwet County, Kenya",0.0,4.965243296921549,50.0,10.07,3000.0,50 m 0 s
152461,60155357,Youssef Benzamia,13181703523,Afternoon Run,nan,2024-12-24 13:11:43+00:00,3039,Run,"Elgeyo-Marakwet County, Kenya",0.0,4.965243296921549,50.0,10.07,3000.0,50 m 0 s
151046,99220051,Athanas Kioko,13181713396,Morning Run,59 Training Load -- from COROS,2024-12-24 13:17:43+00:00,3100,Run,"Winston-Salem, USA",0.0,4.527062999112689,51.02,11.27,3061.2000000000003,51 m 1 s
151093,99220051,Athanas Kioko,13181713396,Morning Run,59 Training Load -- from COROS,2024-12-24 13:17:43+00:00,3100,Run,"Winston-Salem, USA",0.0,4.527062999112689,51.02,11.27,3061.2000000000003,51 m 1 s
154028,89025421,Ivan Siuris,13181813916,Afternoon Weight Training,nan,2024-12-24 13:08:50+00:00,4209,WeightTraining,nan,0.0,0.0,0.0,1.0,0.0,427 Cal
152866,87287379,Carson Williams,13182403865,Lunch Ride,nan,2024-12-22 17:52:59+00:00,507,Ride,"Warren County, USA",0.0,2.1778350515463916,8.45,3.88,506.99999999999994,8 m 27 s
152924,87287379,Carson Williams,13182403865,Lunch Ride,nan,2024-12-22 17:52:59+00:00,507,Ride,"Warren County, USA",0.0,2.1778350515463916,8.45,3.88,506.99999999999994,8 m 27 s
152881,87287379,Carson Williams,13182412899,Morning Ride,4x10:00 at threshold,2024-12-24 14:08:35+00:00,5154,Ride,"Warren County, USA",0.0,2.111801242236025,85.0,40.25,5100.0,1 h 25 m
152939,87287379,Carson Williams,13182412899,Morning Ride,4x10:00 at threshold,2024-12-24 14:08:35+00:00,5154,Ride,"Warren County, USA",0.0,2.111801242236025,85.0,40.25,5100.0,1 h 25 m
151323,83372861,Kristian Uldbjerg Hansen,13182853523,Afternoon Run,En rigtig orker 🔒 God jul!,2024-12-24 15:51:04+00:00,3017,Run,"Aalborg Municipality, Denmark",0.0,4.392514395393475,45.77,10.42,2746.2000000000003,45 m 46 s
152614,81785282,Nico Boketta,13183181899,Evening Run,nan,2024-12-24 17:09:17+00:00,2037,Run,"Jesenice, Czechia",0.0,3.3579999999999997,33.58,10.0,2014.8,33 m 35 s
152650,81785282,Nico Boketta,13183181899,Evening Run,nan,2024-12-24 17:09:17+00:00,2037,Run,"Jesenice, Czechia",0.0,3.3579999999999997,33.58,10.0,2014.8,33 m 35 s
151797,79030752,Jack Salisbury,13183255230,Lunch Run,nan,2024-12-24 16:36:12+00:00,1316,Run,nan,0.0,4.537344398340249,21.87,4.82,1312.2,21 m 52 s
151796,79030752,Jack Salisbury,13183256780,"4x2k, 4x1k",tread. 6:28's on 90' 3:14's on 60' more strenuous than id want for this but crunch fitness gotta turn the mf heat down good company to my left (ended up going shirtless in a public gym like a psychopath),2024-12-24 17:07:09+00:00,2914,Run,nan,0.0,3.891826923076923,48.57,12.48,2914.2,48 m 34 s
152151,83232940,Molly Grabill,13183327063,Morning Run,nan,2024-12-24 17:50:37+00:00,1033,Run,"Poway, USA",0.0,4.8428571428571425,16.95,3.5,1017.0,16 m 57 s
152192,83232940,Molly Grabill,13183327063,Morning Run,nan,2024-12-24 17:50:37+00:00,1033,Run,"Poway, USA",0.0,4.8428571428571425,16.95,3.5,1017.0,16 m 57 s
153724,78680893,Gracelyn Larkin,13183673826,Afternoon Run,nan,2024-12-20 18:32:26+00:00,1461,Run,"Seguin Township, Canada",0.0,4.814432989690722,23.35,4.85,1401.0,23 m 21 s
153742,78680893,Gracelyn Larkin,13183675730,Afternoon Run,nan,2024-12-24 18:22:20+00:00,4290,Run,"Seguin Township, Canada",0.0,4.6143250688705235,67.0,14.52,4020.0,1 h 7 m
152880,87287379,Carson Williams,13183683659,Afternoon Ride,10x min on/min off,2024-12-24 19:01:37+00:00,2157,Ride,"Warren County, USA",0.0,2.031073446327684,35.95,17.7,2157.0,35 m 57 s
152938,87287379,Carson Williams,13183683659,Afternoon Ride,10x min on/min off,2024-12-24 19:01:37+00:00,2157,Ride,"Warren County, USA",0.0,2.031073446327684,35.95,17.7,2157.0,35 m 57 s
151832,61174400,Jack Higgins,13183794996,Afternoon Ride,Probably the only one under 70 in this gym,2024-12-24 18:38:50+00:00,5400,Ride,nan,0.0,2.1106941838649154,90.0,42.64,5400.0,1 h 30 m
153129,73659831,Evan Jenkins,13183809611,Morning Run,nan,2024-12-24 18:15:50+00:00,4634,Run,"Washougal, USA",0.0,3.441682600382409,72.0,20.92,4320.0,1 h 12 m
153071,81506583,Victor Kimutai,13184041167,Afternoon Run,nan,2024-12-24 20:23:14+00:00,2779,Run,"Albemarle County, USA",0.0,4.537832310838446,44.38,9.78,2662.8,44 m 23 s
153084,81506583,Victor Kimutai,13184041167,Afternoon Run,nan,2024-12-24 20:23:14+00:00,2779,Run,"Albemarle County, USA",0.0,4.537832310838446,44.38,9.78,2662.8,44 m 23 s
150861,63449551,Olivia Markezich,13184097718,Shorter long run!,nan,2024-12-24 19:59:19+00:00,5235,Run,"Bellevue, USA",0.0,4.081632653061225,86.0,21.07,5160.0,1 h 26 m
150930,63449551,Olivia Markezich,13184097718,Shorter long run!,nan,2024-12-24 19:59:19+00:00,5235,Run,"Bellevue, USA",0.0,4.081632653061225,86.0,21.07,5160.0,1 h 26 m
150999,63449551,Olivia Markezich,13184097718,Shorter long run!,nan,2024-12-24 19:59:19+00:00,5235,Run,"Bellevue, USA",0.0,4.081632653061225,86.0,21.07,5160.0,1 h 26 m
153640,82013388,Logan Measner,13184441685,Afternoon Run,nan,2024-12-24 21:25:14+00:00,5369,Run,"West Bend, USA",0.0,4.283528811830699,84.0,19.61,5040.0,1 h 24 m
152577,91049781,Hanna Hermansson,13184492840,Afternoon Elliptical,nan,2024-12-24 21:42:20+00:00,5452,Elliptical,nan,0.0,0.0,0.0,1.0,0.0,152 bpm
151795,79030752,Jack Salisbury,13184926484,Afternoon Run,nan,2024-12-24 18:12:32+00:00,947,Run,nan,0.0,4.915887850467289,15.78,3.21,946.8,15 m 47 s
151794,79030752,Jack Salisbury,13184926746,Evening Run,nan,2024-12-24 23:34:08+00:00,1878,Run,"Ridgewood, USA",0.0,4.561643835616438,29.97,6.57,1798.1999999999998,29 m 58 s
152089,68238567,Takashi Soma,13185549151,午後のランニング,nan,2024-12-25 07:04:02+00:00,5373,Run,"Nasushiobara, Japan",0.0,4.809494066208619,77.0,16.01,4620.0,1 h 17 m
152110,68238567,Takashi Soma,13185549151,午後のランニング,nan,2024-12-25 07:04:02+00:00,5373,Run,"Nasushiobara, Japan",0.0,4.809494066208619,77.0,16.01,4620.0,1 h 17 m
151322,83372861,Kristian Uldbjerg Hansen,13186057441,Morning Run,nan,2024-12-25 09:19:49+00:00,2230,Run,"Aalborg Municipality, Denmark",0.0,4.472256473489519,36.27,8.11,2176.2000000000003,36 m 16 s
153335,71517556,Mehdi Kadri,13186106874,8k + 10’ escaliers et 10’ de corde à sauter,nan,2024-12-23 08:41:44+00:00,2490,Run,"Le Grand-Quevilly, France",0.0,4.9025,39.22,8.0,2353.2,39 m 13 s
153334,71517556,Mehdi Kadri,13186108744,10k cool,nan,2024-12-23 17:22:44+00:00,3129,Run,"Le Grand-Quevilly, France",0.0,4.973107569721116,49.93,10.04,2995.8,49 m 56 s
153333,71517556,Mehdi Kadri,13186112872,Pas facile,6x1000 r:2’ 2’45’’5,2024-12-24 10:01:56+00:00,4711,Run,"Rouen, France",0.0,4.438081603435934,62.0,13.97,3720.0,1 h 2 m
153332,71517556,Mehdi Kadri,13186113703,8k recup,nan,2024-12-24 17:10:09+00:00,2257,Run,"Le Grand-Quevilly, France",0.0,4.774111675126903,37.62,7.88,2257.2,37 m 37 s
153331,71517556,Mehdi Kadri,13186115237,10k cool,nan,2024-12-25 09:17:17+00:00,2944,Run,"Le Grand-Quevilly, France",0.0,4.762762762762763,47.58,9.99,2854.7999999999997,47 m 35 s
151321,83372861,Kristian Uldbjerg Hansen,13186343025,Lunch Run,♨️,2024-12-25 10:05:33+00:00,2105,Run,nan,0.0,4.62962962962963,35.0,7.56,2100.0,35 m 0 s
154027,89025421,Ivan Siuris,13186853323,Lunch Run,nan,2024-12-25 10:43:19+00:00,3756,Run,nan,0.0,3.875,62.0,16.0,3720.0,1 h 2 m
151045,99220051,Athanas Kioko,13187141446,Morning Run,14 Training Load -- from COROS,2024-12-25 11:46:42+00:00,904,Run,nan,0.0,4.608562691131499,15.07,3.27,904.2,15 m 4 s
151092,99220051,Athanas Kioko,13187141446,Morning Run,14 Training Load -- from COROS,2024-12-25 11:46:42+00:00,904,Run,nan,0.0,4.608562691131499,15.07,3.27,904.2,15 m 4 s
153834,66783639,Duncan Perrillat,13187181388,Course à pied le midi,nan,2024-12-23 11:14:12+00:00,3739,Run,"Annecy, France",0.0,3.814884302689181,61.0,15.99,3660.0,1 h 1 m
153833,66783639,Duncan Perrillat,13187182695,Course à pied le midi,nan,2024-12-24 11:06:40+00:00,3933,Run,"Le Grand-Bornand, France",0.0,4.688700999231361,61.0,13.01,3660.0,1 h 1 m
153832,66783639,Duncan Perrillat,13187182745,Course à pied le midi,nan,2024-12-25 11:24:19+00:00,4816,Run,"Le Grand-Bornand, France",0.0,4.868913857677903,78.0,16.02,4680.0,1 h 18 m
153902,95919245,Paulo Roberto Paula,13187263893,Morning Run,nan,2024-12-25 08:07:34+00:00,2729,Run,"Dracena, Brazil",0.0,4.406976744186046,45.48,10.32,2728.7999999999997,45 m 29 s
153903,95919245,Paulo Roberto Paula,13187263927,Afternoon Run,nan,2024-12-24 18:43:28+00:00,5042,Run,"Dracena, Brazil",0.0,4.133858267716535,84.0,20.32,5040.0,1 h 24 m
152818,69562064,José Carlos Pinto,13187338965,4k warmup,nan,2024-12-25 11:37:48+00:00,932,Run,"Oliveira do Hospital, Portugal",0.0,3.872817955112219,15.53,4.01,931.8,15 m 32 s
152817,69562064,José Carlos Pinto,13187340179,Threshold 4x2000 1’rc,Avg 5:53 (2:57 pace),2024-12-25 12:02:51+00:00,1613,Run,"Oliveira do Hospital, Portugal",0.0,3.173190984578885,26.75,8.43,1605.0,26 m 45 s
152816,69562064,José Carlos Pinto,13187340813,2km cooldown,nan,2024-12-25 12:32:09+00:00,449,Run,"Oliveira do Hospital, Portugal",0.0,3.721393034825871,7.48,2.01,448.8,7 m 29 s
154153,82077769,Leonid Latsepov,13187521500,Lunch Run,nan,2024-12-25 10:04:36+00:00,6286,Run,"Tallinn, Estonia",0.0,4.031936127744511,101.0,25.05,6060.0,1 h 41 m
154154,82077769,Leonid Latsepov,13187521984,Afternoon Run,nan,2024-12-24 11:27:58+00:00,3710,Run,nan,0.0,5.989583333333334,5.75,0.96,345.0,5 m 45 s
154155,82077769,Leonid Latsepov,13187522938,Morning Run,nan,2024-12-24 07:31:38+00:00,2699,Run,"Tallinn, Estonia",0.0,4.4031465093412,44.78,10.17,2686.8,44 m 47 s
152879,87287379,Carson Williams,13187996024,Morning Ride,"Blew a tire on Christmas, can’t catch a fucking break",2024-12-25 13:39:35+00:00,5033,Ride,"Warren County, USA",0.0,2.304915301305193,83.0,36.01,4980.0,1 h 23 m
152937,87287379,Carson Williams,13187996024,Morning Ride,"Blew a tire on Christmas, can’t catch a fucking break",2024-12-25 13:39:35+00:00,5033,Ride,"Warren County, USA",0.0,2.304915301305193,83.0,36.01,4980.0,1 h 23 m
153053,69143721,Jonathan Grahn,13188569288,Afternoon Run,nan,2024-12-25 15:31:20+00:00,5431,Run,"Mölndals kommun, Sweden",0.0,4.452690166975881,72.0,16.17,4320.0,1 h 12 m
153639,82013388,Logan Measner,13188769244,Lunch Run,nan,2024-12-25 17:22:09+00:00,1500,Run,nan,0.0,3.8604651162790695,24.9,6.45,1494.0,24 m 54 s
152576,91049781,Hanna Hermansson,13188924217,Morning Run,nan,2024-12-25 18:11:14+00:00,602,Run,nan,0.0,6.115853658536586,10.03,1.64,601.8,10 m 2 s
151394,75222533,Patrick Kiprop,13188937471,Merry Christmas 🎄,nan,2024-12-25 16:54:27+00:00,4689,Run,"Fayetteville, USA",0.0,3.983445421624418,77.0,19.33,4620.0,1 h 17 m
151402,75222533,Patrick Kiprop,13188937471,Merry Christmas 🎄,nan,2024-12-25 16:54:27+00:00,4689,Run,"Fayetteville, USA",0.0,3.983445421624418,77.0,19.33,4620.0,1 h 17 m
151410,75222533,Patrick Kiprop,13188937471,Merry Christmas 🎄,nan,2024-12-25 16:54:27+00:00,4689,Run,"Fayetteville, USA",0.0,3.983445421624418,77.0,19.33,4620.0,1 h 17 m
151793,79030752,Jack Salisbury,13188990519,Lunch Run,that felt awful i need sleep,2024-12-25 17:35:04+00:00,3986,Run,"East Providence, USA",0.0,4.335856847900895,63.0,14.53,3780.0,1 h 3 m
153070,81506583,Victor Kimutai,13188990938,Lunch Run,nan,2024-12-25 17:43:28+00:00,3611,Run,"Charlottesville, USA",0.0,4.4784,55.98,12.5,3358.7999999999997,55 m 59 s
153083,81506583,Victor Kimutai,13188990938,Lunch Run,nan,2024-12-25 17:43:28+00:00,3611,Run,"Charlottesville, USA",0.0,4.4784,55.98,12.5,3358.7999999999997,55 m 59 s
152575,91049781,Hanna Hermansson,13189232343,Morning Weight Training,nan,2024-12-25 18:35:52+00:00,4328,WeightTraining,nan,0.0,0.0,0.0,1.0,0.0,212 Cal
151044,99220051,Athanas Kioko,13189246429,Afternoon Run,72 Training Load -- from COROS,2024-12-25 18:40:50+00:00,3405,Run,"Rabun County, USA",0.0,4.5438311688311686,55.98,12.32,3358.7999999999997,55 m 59 s
151091,99220051,Athanas Kioko,13189246429,Afternoon Run,72 Training Load -- from COROS,2024-12-25 18:40:50+00:00,3405,Run,"Rabun County, USA",0.0,4.5438311688311686,55.98,12.32,3358.7999999999997,55 m 59 s
152815,69562064,José Carlos Pinto,13189308101,Late 10k at the treadmill,nan,2024-12-25 19:23:34+00:00,2587,Run,nan,0.0,4.311999999999999,43.12,10.0,2587.2,43 m 7 s
153741,78680893,Gracelyn Larkin,13189659326,Afternoon Run,nan,2024-12-25 20:40:15+00:00,3600,Run,nan,0.0,4.662004662004662,60.0,12.87,3600.0,1 h 0 m
150860,63449551,Olivia Markezich,13189972584,Rainy Xmas run,My present from Dathan is no double today!😊🎄,2024-12-25 22:00:25+00:00,3586,Run,"Seattle, USA",0.0,4.531832298136646,58.37,12.88,3502.2,58 m 22 s
150929,63449551,Olivia Markezich,13189972584,Rainy Xmas run,My present from Dathan is no double today!😊🎄,2024-12-25 22:00:25+00:00,3586,Run,"Seattle, USA",0.0,4.531832298136646,58.37,12.88,3502.2,58 m 22 s
150998,63449551,Olivia Markezich,13189972584,Rainy Xmas run,My present from Dathan is no double today!😊🎄,2024-12-25 22:00:25+00:00,3586,Run,"Seattle, USA",0.0,4.531832298136646,58.37,12.88,3502.2,58 m 22 s
152574,91049781,Hanna Hermansson,13190192032,Afternoon Ride,nan,2024-12-25 22:20:52+00:00,6031,Ride,"Los Angeles, USA",0.0,2.2820629849383844,100.0,43.82,6000.0,1 h 40 m
151792,79030752,Jack Salisbury,13190407029,Evening Run,nan,2024-12-26 00:47:27+00:00,1954,Run,nan,0.0,4.684292379471229,30.12,6.43,1807.2,30 m 7 s
153638,82013388,Logan Measner,13190501212,Evening Run,nan,2024-12-26 01:16:50+00:00,2705,Run,nan,0.0,4.0,45.08,11.27,2704.7999999999997,45 m 5 s
153446,61783860,Shane Streich,13190731758,Pre Speed Dev,Starting out the morning with some mileage with Yolanda,2024-12-23 13:30:45+00:00,3311,Run,"Atlanta, USA",0.0,4.608915054667787,54.8,11.89,3288.0,54 m 48 s
153557,61783860,Shane Streich,13190731758,Pre Speed Dev,Starting out the morning with some mileage with Yolanda,2024-12-23 13:30:45+00:00,3311,Run,"Atlanta, USA",0.0,4.608915054667787,54.8,11.89,3288.0,54 m 48 s
153445,61783860,Shane Streich,13190731857,2x200m,@ 25.5/26.0 w/ 4’ RC,2024-12-23 15:30:36+00:00,469,Run,"Atlanta, USA",0.0,5.405405405405405,4.0,0.74,240.0,4 m 0 s
153556,61783860,Shane Streich,13190731857,2x200m,@ 25.5/26.0 w/ 4’ RC,2024-12-23 15:30:36+00:00,469,Run,"Atlanta, USA",0.0,5.405405405405405,4.0,0.74,240.0,4 m 0 s
153444,61783860,Shane Streich,13190732032,Warm Up,nan,2024-12-24 19:16:04+00:00,1301,Run,"Atlanta, USA",0.0,4.446261682242991,19.03,4.28,1141.8000000000002,19 m 2 s
153555,61783860,Shane Streich,13190732032,Warm Up,nan,2024-12-24 19:16:04+00:00,1301,Run,"Atlanta, USA",0.0,4.446261682242991,19.03,4.28,1141.8000000000002,19 m 2 s
153443,61783860,Shane Streich,13190732366,2x2mi. + 4x200s,2x2mi @ 10:34/:43 w/ 2’ RC 5’ RC 4x200s @ 29.0/28.5/28.0/27.0 w/ 200m jog Some threshold and 200s before heading off to KC for Christmas👌,2024-12-24 20:11:54+00:00,2067,Run,"Atlanta, USA",0.0,3.6811926605504586,32.1,8.72,1926.0,32 m 6 s
153554,61783860,Shane Streich,13190732366,2x2mi. + 4x200s,2x2mi @ 10:34/:43 w/ 2’ RC 5’ RC 4x200s @ 29.0/28.5/28.0/27.0 w/ 200m jog Some threshold and 200s before heading off to KC for Christmas👌,2024-12-24 20:11:54+00:00,2067,Run,"Atlanta, USA",0.0,3.6811926605504586,32.1,8.72,1926.0,32 m 6 s
153442,61783860,Shane Streich,13190732468,Cool Down,nan,2024-12-24 20:58:31+00:00,1096,Run,"Atlanta, USA",0.0,4.646239554317549,16.68,3.59,1000.8,16 m 41 s
153553,61783860,Shane Streich,13190732468,Cool Down,nan,2024-12-24 20:58:31+00:00,1096,Run,"Atlanta, USA",0.0,4.646239554317549,16.68,3.59,1000.8,16 m 41 s
153441,61783860,Shane Streich,13190732844,Christmas in KC,6 easy w/ Yolanda,2024-12-25 21:52:34+00:00,2777,Run,"Mission, USA",0.0,4.653567735263702,45.0,9.67,2700.0,45 m 0 s
153552,61783860,Shane Streich,13190732844,Christmas in KC,6 easy w/ Yolanda,2024-12-25 21:52:34+00:00,2777,Run,"Mission, USA",0.0,4.653567735263702,45.0,9.67,2700.0,45 m 0 s
154026,89025421,Ivan Siuris,13190783954,Morning Run,nan,2024-12-26 04:33:12+00:00,2382,Run,"Chișinau, Moldova",0.0,7.94,39.7,5.0,2382.0,39 m 42 s
153052,69143721,Jonathan Grahn,13191878492,Morgontröskel,18km egentligen,2024-12-26 08:37:41+00:00,6234,Run,nan,0.0,3.3476805356288857,70.0,20.91,4200.0,1 h 10 m
151320,83372861,Kristian Uldbjerg Hansen,13192097467,Like the good ol’ days,"5x1000m /3min med Møller på biken i bedste Bram Som stil i Skovdalen🥰 2.45-2.43-2.41-2.40-2.34(10.2) Billede fra U20 VM Eugene, Oregon 2014.",2024-12-26 09:05:41+00:00,5980,Run,"Aalborg Municipality, Denmark",0.0,4.4148148148148145,59.6,13.5,3576.0,59 m 36 s
152326,60155357,Youssef Benzamia,13192130175,Lunch Run,nan,2024-12-26 08:17:51+00:00,1750,Run,"Elgeyo-Marakwet County, Kenya",0.0,4.789819376026273,29.17,6.09,1750.2,29 m 10 s
152460,60155357,Youssef Benzamia,13192130175,Lunch Run,nan,2024-12-26 08:17:51+00:00,1750,Run,"Elgeyo-Marakwet County, Kenya",0.0,4.789819376026273,29.17,6.09,1750.2,29 m 10 s
152325,60155357,Youssef Benzamia,13192130818,Lunch Run,nan,2024-12-26 08:56:28+00:00,1320,Run,nan,0.0,3.806509945750452,21.05,5.53,1263.0,21 m 3 s
152459,60155357,Youssef Benzamia,13192130818,Lunch Run,nan,2024-12-26 08:56:28+00:00,1320,Run,nan,0.0,3.806509945750452,21.05,5.53,1263.0,21 m 3 s
152324,60155357,Youssef Benzamia,13192131658,Lunch Run,nan,2024-12-26 09:20:52+00:00,150,Run,"Elgeyo-Marakwet County, Kenya",0.0,5.0,2.5,0.5,150.0,2 m 30 s
152458,60155357,Youssef Benzamia,13192131658,Lunch Run,nan,2024-12-26 09:20:52+00:00,150,Run,"Elgeyo-Marakwet County, Kenya",0.0,5.0,2.5,0.5,150.0,2 m 30 s
152613,81785282,Nico Boketta,13192646030,Evening Run,nan,2024-12-25 18:07:40+00:00,2449,Run,"Jesenice, Czechia",0.0,4.058,40.58,10.0,2434.7999999999997,40 m 35 s
152649,81785282,Nico Boketta,13192646030,Evening Run,nan,2024-12-25 18:07:40+00:00,2449,Run,"Jesenice, Czechia",0.0,4.058,40.58,10.0,2434.7999999999997,40 m 35 s
151385,64360338,Hamza Sahli,13192700619,1000K 🐄!!,Trois ans plus tard… Objectif 2025: minimum 100km 🏊/1000km 🚴/1200km🏃🏻,2024-12-26 10:21:25+00:00,4639,Run,"Louviers, France",0.0,6.598114824335904,77.0,11.67,4620.0,1 h 17 m
153273,77830180,Keisuke Yokota,13192783994,Evening Run,nan,2024-12-26 10:01:11+00:00,7061,Run,"Asaka, Japan",0.0,4.649758454106281,77.0,16.56,4620.0,1 h 17 m
153330,71517556,Mehdi Kadri,13192796975,3x12' r: 1'45 autour de 3'14,nan,2024-12-26 10:32:33+00:00,2380,Run,"Rouen, France",0.0,3.418907198612316,39.42,11.53,2365.2000000000003,39 m 25 s
154039,81890092,Christian Jackson,13193754033,Lunch Run,nan,2024-12-26 11:37:34+00:00,2247,Run,"Leeds, United Kingdom",0.0,6.436395759717314,36.43,5.66,2185.8,36 m 26 s
153831,66783639,Duncan Perrillat,13194172571,Course à pied le midi,nan,2024-12-26 11:01:58+00:00,4275,Run,"Le Grand-Bornand, France",0.0,5.451586655817739,67.0,12.29,4020.0,1 h 7 m
152323,60155357,Youssef Benzamia,13194619042,Afternoon Run,nan,2024-12-26 14:42:00+00:00,3647,Run,"Elgeyo-Marakwet County, Kenya",0.0,4.934210526315789,60.0,12.16,3600.0,1 h 0 m
152457,60155357,Youssef Benzamia,13194619042,Afternoon Run,nan,2024-12-26 14:42:00+00:00,3647,Run,"Elgeyo-Marakwet County, Kenya",0.0,4.934210526315789,60.0,12.16,3600.0,1 h 0 m
151043,99220051,Athanas Kioko,13194670411,Morning Run,153 Training Load -- from COROS,2024-12-26 14:36:23+00:00,4674,Run,"White County, USA",0.0,3.9337474120082816,76.0,19.32,4560.0,1 h 16 m
151090,99220051,Athanas Kioko,13194670411,Morning Run,153 Training Load -- from COROS,2024-12-26 14:36:23+00:00,4674,Run,"White County, USA",0.0,3.9337474120082816,76.0,19.32,4560.0,1 h 16 m
152573,91049781,Hanna Hermansson,13194706796,Morning Elliptical,nan,2024-12-26 14:43:09+00:00,4633,Elliptical,nan,0.0,0.0,0.0,1.0,0.0,147 bpm
151831,61174400,Jack Higgins,13195022922,Morning Ride,🧘,2024-12-26 15:13:34+00:00,5460,Ride,nan,0.0,1.9431988041853512,91.0,46.83,5460.0,1 h 31 m
151791,79030752,Jack Salisbury,13195272465,Lunch Run,nan,2024-12-26 16:06:55+00:00,4469,Run,"East Providence, USA",0.0,4.229136163982431,57.77,13.66,3466.2000000000003,57 m 46 s
153740,78680893,Gracelyn Larkin,13195295013,Lunch Run,nan,2024-12-26 16:03:42+00:00,4879,Run,"Seguin Township, Canada",0.0,4.652605459057072,75.0,16.12,4500.0,1 h 15 m
153440,61783860,Shane Streich,13195380864,Warm Up,nan,2024-12-26 17:01:40+00:00,1210,Run,"Prairie Village, USA",0.0,4.683840749414521,20.0,4.27,1200.0,20 m 0 s
153551,61783860,Shane Streich,13195380864,Warm Up,nan,2024-12-26 17:01:40+00:00,1210,Run,"Prairie Village, USA",0.0,4.683840749414521,20.0,4.27,1200.0,20 m 0 s
153051,69143721,Jonathan Grahn,13195575972,Afternoon Run,nan,2024-12-26 16:13:52+00:00,1862,Run,"Mölndals kommun, Sweden",0.0,4.277566539923955,22.5,5.26,1350.0,22 m 30 s
153050,69143721,Jonathan Grahn,13195576855,Tröskel ☠️,10-8-6-4-2min. Inte progressivt.,2024-12-26 17:05:06+00:00,2158,Run,nan,0.0,3.390197926484449,35.97,10.61,2158.2,35 m 58 s
153049,69143721,Jonathan Grahn,13195577660,Evening Run,nan,2024-12-26 18:03:55+00:00,688,Run,"Mölndals kommun, Sweden",0.0,4.081850533807829,11.47,2.81,688.2,11 m 28 s
153439,61783860,Shane Streich,13195663119,10x300m Hills,"@ 52-53x9/46.0 w/ jog down RC Prescribed 1500m effort, so gave a decent effort for each hill without overcooking. Hit the last one hard while leaving a little in the tank to cap off a solid sesh. I don’t like hills, but I love the benefits of them so happy to have had them prescribed today!",2024-12-26 17:58:21+00:00,1460,Run,"Mission, USA",0.0,3.9560975609756097,24.33,6.15,1459.8,24 m 20 s
153550,61783860,Shane Streich,13195663119,10x300m Hills,"@ 52-53x9/46.0 w/ jog down RC Prescribed 1500m effort, so gave a decent effort for each hill without overcooking. Hit the last one hard while leaving a little in the tank to cap off a solid sesh. I don’t like hills, but I love the benefits of them so happy to have had them prescribed today!",2024-12-26 17:58:21+00:00,1460,Run,"Mission, USA",0.0,3.9560975609756097,24.33,6.15,1459.8,24 m 20 s
150859,63449551,Olivia Markezich,13195865176,Morning Run,"2x3mile, 4x200 Followed by coffee!",2024-12-26 17:39:33+00:00,5430,Run,"Bellevue, USA",0.0,3.948535936113576,89.0,22.54,5340.0,1 h 29 m
150928,63449551,Olivia Markezich,13195865176,Morning Run,"2x3mile, 4x200 Followed by coffee!",2024-12-26 17:39:33+00:00,5430,Run,"Bellevue, USA",0.0,3.948535936113576,89.0,22.54,5340.0,1 h 29 m
150997,63449551,Olivia Markezich,13195865176,Morning Run,"2x3mile, 4x200 Followed by coffee!",2024-12-26 17:39:33+00:00,5430,Run,"Bellevue, USA",0.0,3.948535936113576,89.0,22.54,5340.0,1 h 29 m
153830,66783639,Duncan Perrillat,13196034745,Course à pied dans l'après-midi,nan,2024-12-26 13:45:50+00:00,925,Run,"Le Grand-Bornand, France",0.0,5.831417624521073,15.22,2.61,913.2,15 m 13 s
153438,61783860,Shane Streich,13196191753,Cool Down,Finished up at a coffee shop w/ Yolanda and then joined by my parents and Cole for a little fika🙌,2024-12-26 18:29:45+00:00,1546,Run,"Mission, USA",0.0,4.715170278637771,15.23,3.23,913.8,15 m 14 s
153549,61783860,Shane Streich,13196191753,Cool Down,Finished up at a coffee shop w/ Yolanda and then joined by my parents and Cole for a little fika🙌,2024-12-26 18:29:45+00:00,1546,Run,"Mission, USA",0.0,4.715170278637771,15.23,3.23,913.8,15 m 14 s
154032,95191578,Andrew Casey,13196426501,zona,ft. airpods that somehow didn’t fly off the back of the car going 60,2024-12-26 17:39:49+00:00,2190,Run,"Maricopa County, USA",0.0,3.7170984455958545,35.87,9.65,2152.2,35 m 52 s
152878,87287379,Carson Williams,13196498195,Afternoon Ride,nan,2024-12-26 19:38:18+00:00,5585,Ride,"Warren County, USA",0.0,1.9262634631317317,93.0,48.28,5580.0,1 h 33 m
152936,87287379,Carson Williams,13196498195,Afternoon Ride,nan,2024-12-26 19:38:18+00:00,5585,Ride,"Warren County, USA",0.0,1.9262634631317317,93.0,48.28,5580.0,1 h 33 m
153637,82013388,Logan Measner,13196822343,Afternoon Run,nan,2024-12-26 21:14:23+00:00,3843,Run,"Town of Farmington, USA",0.0,4.145077720207254,64.0,15.44,3840.0,1 h 4 m
151790,79030752,Jack Salisbury,13197098962,Afternoon Run,nan,2024-12-26 22:38:53+00:00,2030,Run,"Providence, USA",0.0,4.518970189701897,33.35,7.38,2001.0,33 m 21 s
153069,81506583,Victor Kimutai,13197328682,Afternoon Run,nan,2024-12-26 18:47:55+00:00,4674,Run,"Charlottesville, USA",0.0,4.38871473354232,70.0,15.95,4200.0,1 h 10 m
153082,81506583,Victor Kimutai,13197328682,Afternoon Run,nan,2024-12-26 18:47:55+00:00,4674,Run,"Charlottesville, USA",0.0,4.38871473354232,70.0,15.95,4200.0,1 h 10 m
153128,73659831,Evan Jenkins,13197448908,Lunch Run,nan,2024-12-26 20:53:17+00:00,4238,Run,"Washougal, USA",0.0,4.35052827843381,70.0,16.09,4200.0,1 h 10 m
152572,91049781,Hanna Hermansson,13197722718,Afternoon Elliptical,nan,2024-12-27 00:43:41+00:00,4641,Elliptical,nan,0.0,0.0,0.0,1.0,0.0,149 bpm
153272,77830180,Keisuke Yokota,13198728975,Afternoon Run,nan,2024-12-27 08:09:01+00:00,4030,Run,"Asaka, Japan",0.0,4.611837048424289,60.0,13.01,3600.0,1 h 0 m
152322,60155357,Youssef Benzamia,13198749284,Lunch Run,nan,2024-12-27 08:19:29+00:00,3538,Run,"Elgeyo-Marakwet County, Kenya",0.0,4.881666666666667,58.58,12.0,3514.7999999999997,58 m 35 s
152456,60155357,Youssef Benzamia,13198749284,Lunch Run,nan,2024-12-27 08:19:29+00:00,3538,Run,"Elgeyo-Marakwet County, Kenya",0.0,4.881666666666667,58.58,12.0,3514.7999999999997,58 m 35 s
153048,69143721,Jonathan Grahn,13198874369,Morning Run,nan,2024-12-27 09:15:51+00:00,1740,Run,"Mölndals kommun, Sweden",0.0,4.671985815602837,26.35,5.64,1581.0,26 m 21 s
152814,69562064,José Carlos Pinto,13199770351,Corrida da hora do almoço,nan,2024-12-26 11:41:17+00:00,2479,Run,nan,0.0,4.132,41.32,10.0,2479.2,41 m 19 s
152813,69562064,José Carlos Pinto,13199771953,4k warmup,nan,2024-12-27 09:39:19+00:00,890,Run,"Oeiras, Portugal",0.0,3.7075,14.83,4.0,889.8,14 m 50 s
152812,69562064,José Carlos Pinto,13199773785,1200/800/400,Oregon 2:55 (1st no Watch) 1:56 57,2024-12-27 10:17:11+00:00,1593,Run,"Oeiras, Portugal",0.0,9.845188284518828,23.53,2.39,1411.8000000000002,23 m 32 s
152811,69562064,José Carlos Pinto,13199774102,2km cooldown,nan,2024-12-27 11:00:58+00:00,549,Run,"Oeiras, Portugal",0.0,4.442786069651742,8.93,2.01,535.8,8 m 56 s
151319,83372861,Kristian Uldbjerg Hansen,13199959045,Lunch Run,Jog post test og tilbage i Århus et par dage🤌🏻,2024-12-27 10:58:25+00:00,4247,Run,"Aarhus Municipality, Denmark",0.0,4.707668944570995,62.0,13.17,3720.0,1 h 2 m
153329,71517556,Mehdi Kadri,13200372050,6x1200 r:1'30 3'25 de moyenne,nan,2024-12-27 10:36:23+00:00,1696,Run,"Rouen, France",0.0,3.395657418576598,28.15,8.29,1689.0,28 m 9 s
154025,89025421,Ivan Siuris,13200625873,Afternoon Run,nan,2024-12-27 12:07:55+00:00,3750,Run,nan,0.0,4.13057961359094,62.0,15.01,3720.0,1 h 2 m
151042,99220051,Athanas Kioko,13200702130,Morning Run,Keep doing it until it starts getting easy,2024-12-27 11:20:12+00:00,7308,Run,"B. Everett Jordan Project, USA",0.0,3.9228506047728016,120.0,30.59,7200.0,2 h 0 m
151089,99220051,Athanas Kioko,13200702130,Morning Run,Keep doing it until it starts getting easy,2024-12-27 11:20:12+00:00,7308,Run,"B. Everett Jordan Project, USA",0.0,3.9228506047728016,120.0,30.59,7200.0,2 h 0 m
152321,60155357,Youssef Benzamia,13201170817,Afternoon Run,nan,2024-12-27 14:40:43+00:00,914,Run,"Elgeyo-Marakwet County, Kenya",0.0,4.928802588996764,15.23,3.09,913.8,15 m 14 s
152455,60155357,Youssef Benzamia,13201170817,Afternoon Run,nan,2024-12-27 14:40:43+00:00,914,Run,"Elgeyo-Marakwet County, Kenya",0.0,4.928802588996764,15.23,3.09,913.8,15 m 14 s
154226,74338147,Erin Strzelecki,13201713039,Morning Run,nan,2024-12-27 14:59:18+00:00,3218,Run,"Allen County, USA",0.0,4.4035087719298245,45.18,10.26,2710.8,45 m 11 s
153636,82013388,Logan Measner,13201751216,Morning Run,nan,2024-12-27 14:53:56+00:00,3919,Run,"West Bend, USA",0.0,4.127882599580713,59.07,14.31,3544.2,59 m 4 s
152877,87287379,Carson Williams,13201823618,Morning Ride,Aerobic cruise,2024-12-27 14:32:45+00:00,5838,Ride,"Warren County, USA",0.0,1.972062448644207,96.0,48.68,5760.0,1 h 36 m
152935,87287379,Carson Williams,13201823618,Morning Ride,Aerobic cruise,2024-12-27 14:32:45+00:00,5838,Ride,"Warren County, USA",0.0,1.972062448644207,96.0,48.68,5760.0,1 h 36 m
151789,79030752,Jack Salisbury,13202164677,Morning Run,nan,2024-12-27 15:33:51+00:00,1293,Run,"Providence, USA",0.0,4.522658610271903,14.97,3.31,898.2,14 m 58 s
151788,79030752,Jack Salisbury,13202170568,12x1000 on 60',3:07 avg. light jog rest at ~7:45,2024-12-27 16:12:20+00:00,2951,Run,"Providence, USA",0.0,3.340350877192982,47.6,14.25,2856.0,47 m 36 s
151787,79030752,Jack Salisbury,13202231364,Lunch Run,nan,2024-12-27 17:07:19+00:00,235,Run,"Providence, USA",0.0,4.72289156626506,3.92,0.83,235.2,3 m 55 s
151318,83372861,Kristian Uldbjerg Hansen,13202260842,Afternoon Run,Kan kun få gode ben af tanken om Arsenal - Ipswich senere🤤,2024-12-27 16:16:51+00:00,3425,Run,"Aarhus Municipality, Denmark",0.0,4.731574158325751,52.0,10.99,3120.0,52 m 0 s
151384,64360338,Hamza Sahli,13202343413,Afternoon Swim,nan,2024-12-27 16:41:22+00:00,2276,Swim,nan,0.0,0.0,0.0,37.0,0.0,144 bpm
151383,64360338,Hamza Sahli,13202349088,Natation dans l'après-midi,nan,2024-12-27 16:55:22+00:00,2045,Swim,nan,0.0,0.0,0.0,1.0,0.0,2:16 /100m
152612,81785282,Nico Boketta,13202354771,Afternoon Run,nan,2024-12-27 16:47:40+00:00,1677,Run,"Nymburk, Czechia",0.0,3.4731585518102372,27.82,8.01,1669.2,27 m 49 s
152648,81785282,Nico Boketta,13202354771,Afternoon Run,nan,2024-12-27 16:47:40+00:00,1677,Run,"Nymburk, Czechia",0.0,3.4731585518102372,27.82,8.01,1669.2,27 m 49 s
153047,69143721,Jonathan Grahn,13202380371,Evening Run,nan,2024-12-27 17:02:37+00:00,1865,Run,"Mölndals kommun, Sweden",0.0,5.170940170940171,30.25,5.85,1815.0,30 m 15 s
153739,78680893,Gracelyn Larkin,13202637456,Lunch Run,nan,2024-12-27 17:54:19+00:00,1328,Run,"Seguin Township, Canada",0.0,4.572314049586777,22.13,4.84,1327.8,22 m 8 s
152810,69562064,José Carlos Pinto,13202679394,Corrida vespertina,nan,2024-12-27 17:43:55+00:00,2350,Run,"Oeiras, Portugal",0.0,3.883116883116883,38.87,10.01,2332.2,38 m 52 s
154149,82077769,Leonid Latsepov,13202907558,Evening Run,nan,2024-12-27 16:43:33+00:00,2902,Run,"Tallinn, Estonia",0.0,4.689756097560975,48.07,10.25,2884.2,48 m 4 s
154150,82077769,Leonid Latsepov,13202908502,Morning Run,nan,2024-12-27 06:52:18+00:00,3741,Run,"Tallinn, Estonia",0.0,4.869275603663613,58.48,12.01,3508.7999999999997,58 m 29 s
154151,82077769,Leonid Latsepov,13202908992,Night Weight Training,nan,2024-12-26 11:10:01+00:00,3078,WeightTraining,nan,0.0,0.0,0.0,51.0,0.0,296 Cal
154152,82077769,Leonid Latsepov,13202910520,Lunch Run,nan,2024-12-26 09:33:02+00:00,4222,Run,"Tallinn, Estonia",0.0,4.26189005558987,69.0,16.19,4140.0,1 h 9 m
153127,73659831,Evan Jenkins,13203026101,Lunch Run,nan,2024-12-27 19:03:47+00:00,1289,Run,"Vancouver, USA",0.0,4.447204968944099,21.48,4.83,1288.8,21 m 29 s
153738,78680893,Gracelyn Larkin,13203036931,Afternoon Run,8x3min w 60 sec slog,2024-12-27 18:58:58+00:00,1896,Run,nan,0.0,3.704572098475968,31.6,8.53,1896.0,31 m 36 s
150858,63449551,Olivia Markezich,13203046047,Morning Run,nan,2024-12-27 18:10:29+00:00,3268,Run,"Bellevue, USA",0.0,4.2187742435996896,54.38,12.89,3262.8,54 m 23 s
150927,63449551,Olivia Markezich,13203046047,Morning Run,nan,2024-12-27 18:10:29+00:00,3268,Run,"Bellevue, USA",0.0,4.2187742435996896,54.38,12.89,3262.8,54 m 23 s
150996,63449551,Olivia Markezich,13203046047,Morning Run,nan,2024-12-27 18:10:29+00:00,3268,Run,"Bellevue, USA",0.0,4.2187742435996896,54.38,12.89,3262.8,54 m 23 s
153737,78680893,Gracelyn Larkin,13203247382,Afternoon Run,nan,2024-12-27 19:50:35+00:00,1320,Run,"Seguin Township, Canada",0.0,4.545454545454546,22.0,4.84,1320.0,22 m 0 s
153126,73659831,Evan Jenkins,13203514765,Lunch Run,nan,2024-12-27 20:41:57+00:00,941,Run,"Vancouver, USA",0.0,4.869565217391304,15.68,3.22,940.8,15 m 41 s
151786,79030752,Jack Salisbury,13204316751,Afternoon Run,nan,2024-12-27 22:36:47+00:00,928,Run,nan,0.0,4.673716012084593,15.47,3.31,928.2,15 m 28 s
151784,79030752,Jack Salisbury,13204317411,Evening Run,nan,2024-12-27 23:46:23+00:00,141,Run,"East Providence, USA",0.0,4.7,2.35,0.5,141.0,2 m 21 s
151785,79030752,Jack Salisbury,13204317496,Greenwood Grand Prix,"15 x 1 min on/off back and forth on greenwood ave low 4:40's on, ~6:50 offs",2024-12-27 23:16:23+00:00,1777,Run,"East Providence, USA",0.0,3.5118764845605703,29.57,8.42,1774.2,29 m 34 s
153635,82013388,Logan Measner,13204422290,Afternoon Run,nan,2024-12-27 23:14:52+00:00,3321,Run,nan,0.0,3.7933130699088142,49.92,13.16,2995.2000000000003,49 m 55 s
152571,91049781,Hanna Hermansson,13204559251,Afternoon Ride,nan,2024-12-27 23:09:06+00:00,5545,Ride,"Los Angeles, USA",0.0,2.177766523170422,86.0,39.49,5160.0,1 h 26 m
153271,77830180,Keisuke Yokota,13205215669,Lunch Run,nan,2024-12-28 02:19:29+00:00,1312,Run,"Akishima, Japan",0.0,4.267045454545454,15.02,3.52,901.2,15 m 1 s
153270,77830180,Keisuke Yokota,13205216664,Lunch Run,nan,2024-12-28 03:00:02+00:00,3921,Run,"Akishima, Japan",0.0,3.0545112781954886,65.0,21.28,3900.0,1 h 5 m
153269,77830180,Keisuke Yokota,13205216966,Afternoon Run,nan,2024-12-28 04:41:00+00:00,1341,Run,"Akishima, Japan",0.0,6.452830188679245,20.52,3.18,1231.2,20 m 31 s
151203,86185454,Ermias Girma,13205259177,Morning Walk,nan,2024-12-28 04:13:13+00:00,5404,Walk,"Kirkos, Ethiopia",0.0,11.225997045790251,76.0,6.77,4560.0,1 h 16 m
151207,86185454,Ermias Girma,13205259177,Morning Walk,nan,2024-12-28 04:13:13+00:00,5404,Walk,"Kirkos, Ethiopia",0.0,11.225997045790251,76.0,6.77,4560.0,1 h 16 m
153437,61783860,Shane Streich,13205268206,Last Run in KC,w/ Yolanda. Circled the neighborhoods before grabbing finishing at the coffeeshop and grabbing some for the walk home in the rain,2024-12-27 16:36:02+00:00,3219,Run,"Mission, USA",0.0,4.511484098939929,51.07,11.32,3064.2,51 m 4 s
153548,61783860,Shane Streich,13205268206,Last Run in KC,w/ Yolanda. Circled the neighborhoods before grabbing finishing at the coffeeshop and grabbing some for the walk home in the rain,2024-12-27 16:36:02+00:00,3219,Run,"Mission, USA",0.0,4.511484098939929,51.07,11.32,3064.2,51 m 4 s
153046,69143721,Jonathan Grahn,13205983274,Morning Run,nan,2024-12-28 09:14:03+00:00,755,Run,"Göteborgs Stad, Sweden",0.0,4.235690235690235,12.58,2.97,754.8,12 m 35 s
152320,60155357,Youssef Benzamia,13206059562,Lunch Run,nan,2024-12-28 08:11:00+00:00,3562,Run,"Elgeyo-Marakwet County, Kenya",0.0,4.910833333333334,58.93,12.0,3535.8,58 m 56 s
152454,60155357,Youssef Benzamia,13206059562,Lunch Run,nan,2024-12-28 08:11:00+00:00,3562,Run,"Elgeyo-Marakwet County, Kenya",0.0,4.910833333333334,58.93,12.0,3535.8,58 m 56 s
151317,83372861,Kristian Uldbjerg Hansen,13206083184,GF🏳️,"10x800m p200jog/60s ~2:27 avg, 4.0mmol til slut.",2024-12-28 07:53:28+00:00,6413,Run,"Aarhus Municipality, Denmark",0.0,4.037610619469027,73.0,18.08,4380.0,1 h 13 m
152611,81785282,Nico Boketta,13206430101,Lunch Run,nan,2024-12-28 10:07:38+00:00,770,Run,"Nymburk, Czechia",0.0,4.256666666666667,12.77,3.0,766.1999999999999,12 m 46 s
152647,81785282,Nico Boketta,13206430101,Lunch Run,nan,2024-12-28 10:07:38+00:00,770,Run,"Nymburk, Czechia",0.0,4.256666666666667,12.77,3.0,766.1999999999999,12 m 46 s
153045,69143721,Jonathan Grahn,13206720268,Morning Run,nan,2024-12-28 09:32:30+00:00,4572,Run,"Göteborgs Stad, Sweden",0.0,3.661387631975867,48.55,13.26,2913.0,48 m 33 s
152610,81785282,Nico Boketta,13206932507,Lunch Run,4x500m+ 300m 1.20/45 1.18/44 1.16/44 1.13/44,2024-12-28 10:51:17+00:00,1388,Run,nan,0.0,4.263616557734205,19.57,4.59,1174.2,19 m 34 s
152646,81785282,Nico Boketta,13206932507,Lunch Run,4x500m+ 300m 1.20/45 1.18/44 1.16/44 1.13/44,2024-12-28 10:51:17+00:00,1388,Run,nan,0.0,4.263616557734205,19.57,4.59,1174.2,19 m 34 s
151413,74184450,Alec Basten,13208405244,Luke & Ellie 5k,Also first day back on feet after a long time off for a broken foot. Felt so good and so bad at the same time 2 jog/3 walk x6,2024-12-28 13:39:23+00:00,1881,Run,"St. Louis, USA",0.0,6.670212765957447,31.35,4.7,1881.0,31 m 21 s
151783,79030752,Jack Salisbury,13208598937,Morning Run,nan,2024-12-28 13:13:46+00:00,4389,Run,"Seekonk, USA",0.0,4.482758620689655,65.0,14.5,3900.0,1 h 5 m
152319,60155357,Youssef Benzamia,13208639706,Afternoon Run,nan,2024-12-28 14:16:06+00:00,1200,Run,"Elgeyo-Marakwet County, Kenya",0.0,4.597701149425288,20.0,4.35,1200.0,20 m 0 s
152453,60155357,Youssef Benzamia,13208639706,Afternoon Run,nan,2024-12-28 14:16:06+00:00,1200,Run,"Elgeyo-Marakwet County, Kenya",0.0,4.597701149425288,20.0,4.35,1200.0,20 m 0 s
152318,60155357,Youssef Benzamia,13208795681,Afternoon Run,nan,2024-12-28 14:51:53+00:00,18,Run,nan,0.0,2.9999999999999996,0.3,0.1,18.0,18 s
152452,60155357,Youssef Benzamia,13208795681,Afternoon Run,nan,2024-12-28 14:51:53+00:00,18,Run,nan,0.0,2.9999999999999996,0.3,0.1,18.0,18 s
152317,60155357,Youssef Benzamia,13208795891,Afternoon Run,nan,2024-12-28 14:52:48+00:00,17,Run,nan,0.0,2.8000000000000003,0.28,0.1,16.8,17 s
152451,60155357,Youssef Benzamia,13208795891,Afternoon Run,nan,2024-12-28 14:52:48+00:00,17,Run,nan,0.0,2.8000000000000003,0.28,0.1,16.8,17 s
154225,74338147,Erin Strzelecki,13208911361,Morning Run,nan,2024-12-28 14:11:50+00:00,3202,Run,"Coldsprings Township, USA",0.0,4.531083481349912,51.02,11.26,3061.2000000000003,51 m 1 s
152876,87287379,Carson Williams,13209038394,Morning Run,nan,2024-12-28 14:51:22+00:00,1656,Run,"Warren County, USA",0.0,4.2923794712286165,27.6,6.43,1656.0,27 m 36 s
152934,87287379,Carson Williams,13209038394,Morning Run,nan,2024-12-28 14:51:22+00:00,1656,Run,"Warren County, USA",0.0,4.2923794712286165,27.6,6.43,1656.0,27 m 36 s
152316,60155357,Youssef Benzamia,13209232147,Afternoon Run,nan,2024-12-28 14:58:33+00:00,17,Run,nan,0.0,2.8000000000000003,0.28,0.1,16.8,17 s
152450,60155357,Youssef Benzamia,13209232147,Afternoon Run,nan,2024-12-28 14:58:33+00:00,17,Run,nan,0.0,2.8000000000000003,0.28,0.1,16.8,17 s
152315,60155357,Youssef Benzamia,13209234421,Evening Run,nan,2024-12-28 15:01:41+00:00,2261,Run,nan,0.0,3.730969760166841,35.78,9.59,2146.8,35 m 47 s
152449,60155357,Youssef Benzamia,13209234421,Evening Run,nan,2024-12-28 15:01:41+00:00,2261,Run,nan,0.0,3.730969760166841,35.78,9.59,2146.8,35 m 47 s
152314,60155357,Youssef Benzamia,13209316436,Evening Run,nan,2024-12-28 15:44:15+00:00,314,Run,"Elgeyo-Marakwet County, Kenya",0.0,5.23,5.23,1.0,313.8,5 m 14 s
152448,60155357,Youssef Benzamia,13209316436,Evening Run,nan,2024-12-28 15:44:15+00:00,314,Run,"Elgeyo-Marakwet County, Kenya",0.0,5.23,5.23,1.0,313.8,5 m 14 s
152609,81785282,Nico Boketta,13209709770,Afternoon Run,nan,2024-12-28 15:39:21+00:00,3243,Run,"Nymburk, Czechia",0.0,5.124750499001997,51.35,10.02,3081.0,51 m 21 s
152645,81785282,Nico Boketta,13209709770,Afternoon Run,nan,2024-12-28 15:39:21+00:00,3243,Run,"Nymburk, Czechia",0.0,5.124750499001997,51.35,10.02,3081.0,51 m 21 s
151316,83372861,Kristian Uldbjerg Hansen,13209729558,Afternoon Run🔦,"4x2k/60s 3.19 (1.5). Sidste sesh i 2024, tilbage til højden imorgen🇿🇦",2024-12-28 14:58:51+00:00,5610,Run,"Aarhus Municipality, Denmark",0.0,4.203997243280496,61.0,14.51,3660.0,1 h 1 m
151041,99220051,Athanas Kioko,13209742619,Morning Run,163 Training Load -- from COROS,2024-12-28 14:09:37+00:00,5533,Run,"Chatham County, USA",0.0,3.768115942028986,91.0,24.15,5460.0,1 h 31 m
151088,99220051,Athanas Kioko,13209742619,Morning Run,163 Training Load -- from COROS,2024-12-28 14:09:37+00:00,5533,Run,"Chatham County, USA",0.0,3.768115942028986,91.0,24.15,5460.0,1 h 31 m
154024,89025421,Ivan Siuris,13210565582,Evening Run,nan,2024-12-28 18:02:27+00:00,2358,Run,nan,0.0,3.93,39.3,10.0,2358.0,39 m 18 s
153068,81506583,Victor Kimutai,13210672558,Afternoon Run,nan,2024-12-28 18:27:06+00:00,1930,Run,"Charlottesville, USA",0.0,4.60960960960961,30.7,6.66,1842.0,30 m 42 s
153081,81506583,Victor Kimutai,13210672558,Afternoon Run,nan,2024-12-28 18:27:06+00:00,1930,Run,"Charlottesville, USA",0.0,4.60960960960961,30.7,6.66,1842.0,30 m 42 s
153436,61783860,Shane Streich,13210917443,ABQ,"First run at altitude camp. First 5 w/ Yolanda, last 2 solo. First run at altitude always feels so easy🙌",2024-12-28 18:57:43+00:00,3331,Run,"Albuquerque, USA",0.0,4.450617283950617,50.47,11.34,3028.2,50 m 28 s
153547,61783860,Shane Streich,13210917443,ABQ,"First run at altitude camp. First 5 w/ Yolanda, last 2 solo. First run at altitude always feels so easy🙌",2024-12-28 18:57:43+00:00,3331,Run,"Albuquerque, USA",0.0,4.450617283950617,50.47,11.34,3028.2,50 m 28 s
152570,91049781,Hanna Hermansson,13211007359,Morning Ride,nan,2024-12-28 18:32:53+00:00,5945,Ride,"Los Angeles, USA",0.0,2.455297571390446,92.0,37.47,5520.0,1 h 32 m
150857,63449551,Olivia Markezich,13211314349,Lunch Run,First 8 of Andrea’s long run She’s almost marathon ready!!!😮‍💨,2024-12-28 20:17:18+00:00,3390,Run,"Bellevue, USA",0.0,4.291925465838509,55.28,12.88,3316.8,55 m 17 s
150926,63449551,Olivia Markezich,13211314349,Lunch Run,First 8 of Andrea’s long run She’s almost marathon ready!!!😮‍💨,2024-12-28 20:17:18+00:00,3390,Run,"Bellevue, USA",0.0,4.291925465838509,55.28,12.88,3316.8,55 m 17 s
150995,63449551,Olivia Markezich,13211314349,Lunch Run,First 8 of Andrea’s long run She’s almost marathon ready!!!😮‍💨,2024-12-28 20:17:18+00:00,3390,Run,"Bellevue, USA",0.0,4.291925465838509,55.28,12.88,3316.8,55 m 17 s
153634,82013388,Logan Measner,13211552447,Afternoon Run,nan,2024-12-28 21:16:12+00:00,2884,Run,"Town of Farmington, USA",0.0,4.87005076142132,47.97,9.85,2878.2,47 m 58 s
153736,78680893,Gracelyn Larkin,13211669007,Afternoon Run,tread shake,2024-12-28 22:06:56+00:00,1380,Run,nan,0.0,4.771784232365145,23.0,4.82,1380.0,23 m 0 s
153067,81506583,Victor Kimutai,13211833262,Afternoon Run,nan,2024-12-28 19:09:27+00:00,2792,Run,nan,0.0,4.07900207900208,19.62,4.81,1177.2,19 m 37 s
153080,81506583,Victor Kimutai,13211833262,Afternoon Run,nan,2024-12-28 19:09:27+00:00,2792,Run,nan,0.0,4.07900207900208,19.62,4.81,1177.2,19 m 37 s
152809,69562064,José Carlos Pinto,13211844990,Corrida da hora do almoço,nan,2024-12-28 12:04:50+00:00,942,Run,"Oeiras, Portugal",0.0,3.925,15.7,4.0,942.0,15 m 42 s
152808,69562064,José Carlos Pinto,13211845460,Warmup,nan,2024-12-28 20:30:25+00:00,1048,Run,"Lisbon, Portugal",0.0,4.3142144638404,17.3,4.01,1038.0,17 m 18 s
152807,69562064,José Carlos Pinto,13211847228,São Silvestre de Lisboa,nan,2024-12-28 21:30:03+00:00,1687,Run,"Lisbon, Portugal",0.0,2.7709772951628824,28.07,10.13,1684.2,28 m 4 s
152569,91049781,Hanna Hermansson,13212225421,Afternoon Run,nan,2024-12-29 00:16:39+00:00,1201,Run,"Los Angeles, USA",0.0,4.835748792270532,20.02,4.14,1201.2,20 m 1 s
150856,63449551,Olivia Markezich,13212386533,Double,Should’ve had an afternoon coffee😴 Gotta gear up for a big night of Dutch blitz.. the fam is determined to take me down before I leave,2024-12-29 00:51:54+00:00,1734,Run,"Medina, USA",0.0,4.487577639751552,28.9,6.44,1734.0,28 m 54 s
150925,63449551,Olivia Markezich,13212386533,Double,Should’ve had an afternoon coffee😴 Gotta gear up for a big night of Dutch blitz.. the fam is determined to take me down before I leave,2024-12-29 00:51:54+00:00,1734,Run,"Medina, USA",0.0,4.487577639751552,28.9,6.44,1734.0,28 m 54 s
150994,63449551,Olivia Markezich,13212386533,Double,Should’ve had an afternoon coffee😴 Gotta gear up for a big night of Dutch blitz.. the fam is determined to take me down before I leave,2024-12-29 00:51:54+00:00,1734,Run,"Medina, USA",0.0,4.487577639751552,28.9,6.44,1734.0,28 m 54 s
152806,69562064,José Carlos Pinto,13212432665,Very late cooldown,nan,2024-12-29 00:47:49+00:00,346,Run,"Oeiras, Portugal",0.0,5.77,5.77,1.0,346.2,5 m 46 s
152568,91049781,Hanna Hermansson,13212489098,Afternoon Weight Training,nan,2024-12-29 00:57:55+00:00,3301,WeightTraining,nan,0.0,0.0,0.0,55.0,0.0,266 Cal
153268,77830180,Keisuke Yokota,13212825447,Morning Run,nan,2024-12-29 01:56:09+00:00,8391,Run,"Asaka, Japan",0.0,4.537521815008726,130.0,28.65,7800.0,2 h 10 m
152088,68238567,Takashi Soma,13212894492,ランチタイム ランニング,nan,2024-12-29 02:09:31+00:00,9908,Run,"Ohtawara, Japan",0.0,4.878943506969919,133.0,27.26,7980.0,2 h 13 m
152109,68238567,Takashi Soma,13212894492,ランチタイム ランニング,nan,2024-12-29 02:09:31+00:00,9908,Run,"Ohtawara, Japan",0.0,4.878943506969919,133.0,27.26,7980.0,2 h 13 m
154023,89025421,Ivan Siuris,13213220133,Fun run 2025,nan,2024-12-29 06:05:31+00:00,5080,Run,"Chișinau, Moldova",0.0,5.615696887686062,83.0,14.78,4980.0,1 h 23 m
152313,60155357,Youssef Benzamia,13213253969,Morning Run,nan,2024-12-29 06:15:15+00:00,4320,Run,"Elgeyo-Marakwet County, Kenya",0.0,4.733333333333333,71.0,15.0,4260.0,1 h 11 m
152447,60155357,Youssef Benzamia,13213253969,Morning Run,nan,2024-12-29 06:15:15+00:00,4320,Run,"Elgeyo-Marakwet County, Kenya",0.0,4.733333333333333,71.0,15.0,4260.0,1 h 11 m
151315,83372861,Kristian Uldbjerg Hansen,13213334926,SLR🌒,Pre 🛫🇿🇦,2024-12-29 06:25:36+00:00,6740,Run,"Aarhus Municipality, Denmark",0.0,4.328832406671962,109.0,25.18,6540.0,1 h 49 m
153328,71517556,Mehdi Kadri,13215017266,Course à pied le matin,nan,2024-12-28 06:05:02+00:00,2601,Run,"Le Grand-Quevilly, France",0.0,5.338289962825279,43.08,8.07,2584.7999999999997,43 m 5 s
153327,71517556,Mehdi Kadri,13215018637,La Normandie ça vous gagne,nan,2024-12-29 09:14:45+00:00,1883,Run,"Les Andelys, France",0.0,3.158266129032258,31.33,9.92,1879.8,31 m 20 s
152805,69562064,José Carlos Pinto,13215242687,10k with 3 hours sleep,nan,2024-12-29 11:24:48+00:00,2571,Run,"Oeiras, Portugal",0.0,4.227772227772228,42.32,10.01,2539.2,42 m 19 s
151040,99220051,Athanas Kioko,13215940407,Morning Run,49 Training Load -- from COROS,2024-12-29 11:35:42+00:00,6531,Run,"Winston-Salem, USA",0.0,5.7142857142857135,92.0,16.1,5520.0,1 h 32 m
151087,99220051,Athanas Kioko,13215940407,Morning Run,49 Training Load -- from COROS,2024-12-29 11:35:42+00:00,6531,Run,"Winston-Salem, USA",0.0,5.7142857142857135,92.0,16.1,5520.0,1 h 32 m
152608,81785282,Nico Boketta,13216359832,Afternoon Run,nan,2024-12-29 14:01:01+00:00,746,Run,"Nymburk, Czechia",0.0,4.11,12.33,3.0,739.8,12 m 20 s
152644,81785282,Nico Boketta,13216359832,Afternoon Run,nan,2024-12-29 14:01:01+00:00,746,Run,"Nymburk, Czechia",0.0,4.11,12.33,3.0,739.8,12 m 20 s
152607,81785282,Nico Boketta,13216942588,Afternoon Run,nan,2024-12-29 14:44:43+00:00,1557,Run,nan,0.0,3.906735751295337,15.08,3.86,904.8,15 m 5 s
152643,81785282,Nico Boketta,13216942588,Afternoon Run,nan,2024-12-29 14:44:43+00:00,1557,Run,nan,0.0,3.906735751295337,15.08,3.86,904.8,15 m 5 s
151782,79030752,Jack Salisbury,13217684260,Morning Run,nan,2024-12-29 14:18:52+00:00,3533,Run,"Providence, USA",0.0,4.4394409937888195,57.18,12.88,3430.8,57 m 11 s
153044,69143721,Jonathan Grahn,13217770759,Långpass,Sent långpass i staden,2024-12-29 15:00:59+00:00,6534,Run,"Mölndals kommun, Sweden",0.0,4.2365771812080535,101.0,23.84,6060.0,1 h 41 m
151412,74184450,Alec Basten,13217817415,Incline tread,15%,2024-12-29 16:14:50+00:00,2400,Walk,nan,0.0,0.0,0.0,4.5,0.0,0 m
150855,63449551,Olivia Markezich,13218178141,"12x200, 8x200 hills",nan,2024-12-29 15:46:24+00:00,7170,Run,"Clyde Hill, USA",0.0,4.541108986615678,95.0,20.92,5700.0,1 h 35 m
150924,63449551,Olivia Markezich,13218178141,"12x200, 8x200 hills",nan,2024-12-29 15:46:24+00:00,7170,Run,"Clyde Hill, USA",0.0,4.541108986615678,95.0,20.92,5700.0,1 h 35 m
150993,63449551,Olivia Markezich,13218178141,"12x200, 8x200 hills",nan,2024-12-29 15:46:24+00:00,7170,Run,"Clyde Hill, USA",0.0,4.541108986615678,95.0,20.92,5700.0,1 h 35 m
151393,75222533,Patrick Kiprop,13218243622,Morning Run,nan,2024-12-29 16:11:08+00:00,5705,Run,"Washington County, USA",0.0,3.686457120682965,95.0,25.77,5700.0,1 h 35 m
151401,75222533,Patrick Kiprop,13218243622,Morning Run,nan,2024-12-29 16:11:08+00:00,5705,Run,"Washington County, USA",0.0,3.686457120682965,95.0,25.77,5700.0,1 h 35 m
151409,75222533,Patrick Kiprop,13218243622,Morning Run,nan,2024-12-29 16:11:08+00:00,5705,Run,"Washington County, USA",0.0,3.686457120682965,95.0,25.77,5700.0,1 h 35 m
152567,91049781,Hanna Hermansson,13218284276,Morning Run,nan,2024-12-29 17:29:22+00:00,1927,Run,"Los Angeles, USA",0.0,4.794628751974724,30.35,6.33,1821.0,30 m 21 s
154022,89025421,Ivan Siuris,13218421681,Evening Weight Training,nan,2024-12-29 16:27:58+00:00,7350,WeightTraining,nan,0.0,0.0,0.0,2.0,0.0,659 Cal
152566,91049781,Hanna Hermansson,13219059285,Morning Ride,nan,2024-12-29 18:08:22+00:00,8566,Ride,"Los Angeles, USA",0.0,2.414486921529175,132.0,54.67,7920.0,2 h 12 m
153735,78680893,Gracelyn Larkin,13219258676,Afternoon Run,tread..,2024-12-29 19:48:41+00:00,5114,Run,nan,0.0,4.401864319005697,85.0,19.31,5100.0,1 h 25 m
152875,87287379,Carson Williams,13219339690,Afternoon Run,nan,2024-12-29 20:54:57+00:00,1788,Run,"Chapel Hill, USA",0.0,4.452160493827161,28.85,6.48,1731.0,28 m 51 s
152933,87287379,Carson Williams,13219339690,Afternoon Run,nan,2024-12-29 20:54:57+00:00,1788,Run,"Chapel Hill, USA",0.0,4.452160493827161,28.85,6.48,1731.0,28 m 51 s
151039,99220051,Athanas Kioko,13219629400,Afternoon Ride,23 Training Load -- from COROS,2024-12-29 21:36:54+00:00,3135,Ride,"Winston-Salem, USA",0.0,3.245341614906832,52.25,16.1,3135.0,52 m 15 s
151086,99220051,Athanas Kioko,13219629400,Afternoon Ride,23 Training Load -- from COROS,2024-12-29 21:36:54+00:00,3135,Ride,"Winston-Salem, USA",0.0,3.245341614906832,52.25,16.1,3135.0,52 m 15 s
153066,81506583,Victor Kimutai,13219918518,Afternoon Run,nan,2024-12-29 22:35:09+00:00,3839,Run,"Charlottesville, USA",0.0,4.5395962732919255,58.47,12.88,3508.2,58 m 28 s
153079,81506583,Victor Kimutai,13219918518,Afternoon Run,nan,2024-12-29 22:35:09+00:00,3839,Run,"Charlottesville, USA",0.0,4.5395962732919255,58.47,12.88,3508.2,58 m 28 s
153827,66783639,Duncan Perrillat,13219968289,Course à pied le midi,nan,2024-12-28 11:35:34+00:00,4726,Run,"Le Grand-Bornand, France",0.0,4.965986394557824,73.0,14.7,4380.0,1 h 13 m
153829,66783639,Duncan Perrillat,13219968751,Course à pied le midi,nan,2024-12-27 10:01:30+00:00,2429,Run,"Le Grand-Bornand, France",0.0,4.505096262740657,39.78,8.83,2386.8,39 m 47 s
153828,66783639,Duncan Perrillat,13219968798,Course à pied en soirée,nan,2024-12-27 17:50:05+00:00,3048,Run,"Le Grand-Bornand, France",0.0,5.193181818181818,50.27,9.68,3016.2000000000003,50 m 16 s
153826,66783639,Duncan Perrillat,13219968922,Course à pied le midi,nan,2024-12-29 10:36:59+00:00,2728,Run,"Grenoble, France",0.0,3.6328502415458934,45.12,12.42,2707.2,45 m 7 s
153633,82013388,Logan Measner,13220038604,Afternoon Run,nan,2024-12-29 22:29:43+00:00,5785,Run,"West Bend, USA",0.0,3.709879116298458,89.0,23.99,5340.0,1 h 29 m
151781,79030752,Jack Salisbury,13220117918,Afternoon Workout,nan,2024-12-29 22:02:22+00:00,2927,Workout,nan,0.0,0.0,0.0,48.0,0.0,537 Cal
151411,74184450,Alec Basten,13220250775,Shaking out the Packers L,nan,2024-12-30 00:36:04+00:00,2401,Elliptical,nan,0.0,0.0,0.0,40.0,0.0,nan
153435,61783860,Shane Streich,13220673423,LR,nan,2024-12-29 17:16:31+00:00,5161,Run,"North Valley, USA",0.0,4.296066252587992,83.0,19.32,4980.0,1 h 23 m
153546,61783860,Shane Streich,13220673423,LR,nan,2024-12-29 17:16:31+00:00,5161,Run,"North Valley, USA",0.0,4.296066252587992,83.0,19.32,4980.0,1 h 23 m
153942,99038751,Salim Keddar,13224833944,Morning Run,nan,2024-12-22 09:39:27+00:00,3560,Run,"Brussels, Belgium",0.0,3.955333333333334,59.33,15.0,3559.7999999999997,59 m 20 s
153959,99038751,Salim Keddar,13224835833,Morning Run,nan,2024-12-23 09:25:59+00:00,2576,Run,"Brussels, Belgium",0.0,4.285,42.85,10.0,2571.0,42 m 51 s
153958,99038751,Salim Keddar,13224840250,Morning Run,nan,2024-12-24 08:11:22+00:00,1538,Run,"Brussels, Belgium",0.0,6.592105263157896,25.05,3.8,1503.0,25 m 3 s
153957,99038751,Salim Keddar,13224840712,Morning Run,nan,2024-12-24 08:37:25+00:00,58,Run,nan,0.0,2.6216216216216215,0.97,0.37,58.2,58 s
153956,99038751,Salim Keddar,13224841554,Morning Run,nan,2024-12-24 08:39:42+00:00,56,Run,nan,0.0,2.5833333333333335,0.93,0.36,55.8,56 s
153955,99038751,Salim Keddar,13224842503,Morning Run,nan,2024-12-24 08:41:48+00:00,55,Run,nan,0.0,2.4864864864864864,0.92,0.37,55.2,55 s
153954,99038751,Salim Keddar,13224842827,Morning Run,nan,2024-12-24 08:44:10+00:00,53,Run,nan,0.0,2.4444444444444446,0.88,0.36,52.8,53 s
153953,99038751,Salim Keddar,13224844381,Lunch Run,nan,2024-12-26 11:01:58+00:00,1045,Run,"Montesson, France",0.0,4.28009828009828,17.42,4.07,1045.2,17 m 25 s
153952,99038751,Salim Keddar,13224845106,Afternoon Run,nan,2024-12-26 12:09:44+00:00,36,Run,nan,0.0,2.4,0.6,0.25,36.0,36 s
153951,99038751,Salim Keddar,13224847566,Lunch Run,nan,2024-12-27 10:51:09+00:00,2665,Run,"Marly-le-Roi, France",0.0,4.01627486437613,44.42,11.06,2665.2000000000003,44 m 25 s
153950,99038751,Salim Keddar,13224848851,Afternoon Run,nan,2024-12-28 15:24:41+00:00,1203,Run,nan,0.0,4.330453563714903,20.05,4.63,1203.0,20 m 3 s
153949,99038751,Salim Keddar,13224850265,Afternoon Run,nan,2024-12-28 15:56:25+00:00,354,Run,"Montesson, France",0.0,3.7777777777777777,5.78,1.53,346.8,5 m 47 s
153948,99038751,Salim Keddar,13224853926,Lunch Run,nan,2024-12-29 11:56:38+00:00,3530,Run,"Marly-le-Roi, France",0.0,3.916055962691539,58.78,15.01,3526.8,58 m 47 s
151949,67065684,Hicham Ouladha,13226017216,Morning Run,nan,2024-12-24 09:20:09+00:00,4782,Run,"Ifrane, Morocco",0.0,4.386451971127151,79.0,18.01,4740.0,1 h 19 m
152064,67065684,Hicham Ouladha,13226017216,Morning Run,nan,2024-12-24 09:20:09+00:00,4782,Run,"Ifrane, Morocco",0.0,4.386451971127151,79.0,18.01,4740.0,1 h 19 m
151948,67065684,Hicham Ouladha,13226018945,Afternoon Run,nan,2024-12-24 16:31:42+00:00,2874,Run,"Ifrane, Morocco",0.0,4.7075848303393215,47.17,10.02,2830.2000000000003,47 m 10 s
152063,67065684,Hicham Ouladha,13226018945,Afternoon Run,nan,2024-12-24 16:31:42+00:00,2874,Run,"Ifrane, Morocco",0.0,4.7075848303393215,47.17,10.02,2830.2000000000003,47 m 10 s
151947,67065684,Hicham Ouladha,13226021253,Morning Run,nan,2024-12-25 09:31:25+00:00,5426,Run,"Ifrane, Morocco",0.0,4.5,90.0,20.0,5400.0,1 h 30 m
152062,67065684,Hicham Ouladha,13226021253,Morning Run,nan,2024-12-25 09:31:25+00:00,5426,Run,"Ifrane, Morocco",0.0,4.5,90.0,20.0,5400.0,1 h 30 m
151946,67065684,Hicham Ouladha,13226022465,Afternoon Run,nan,2024-12-25 16:23:16+00:00,3475,Run,"Ifrane, Morocco",0.0,4.826666666666667,57.92,12.0,3475.2000000000003,57 m 55 s
152061,67065684,Hicham Ouladha,13226022465,Afternoon Run,nan,2024-12-25 16:23:16+00:00,3475,Run,"Ifrane, Morocco",0.0,4.826666666666667,57.92,12.0,3475.2000000000003,57 m 55 s
151945,67065684,Hicham Ouladha,13226023784,Morning Run,nan,2024-12-26 09:06:14+00:00,3542,Run,"Ifrane, Morocco",0.0,4.53727901614143,59.03,13.01,3541.8,59 m 2 s
152060,67065684,Hicham Ouladha,13226023784,Morning Run,nan,2024-12-26 09:06:14+00:00,3542,Run,"Ifrane, Morocco",0.0,4.53727901614143,59.03,13.01,3541.8,59 m 2 s
151944,67065684,Hicham Ouladha,13226024586,Lunch Run,nan,2024-12-26 11:17:18+00:00,1237,Run,"Ifrane, Morocco",0.0,4.115768463073852,20.62,5.01,1237.2,20 m 37 s
152059,67065684,Hicham Ouladha,13226024586,Lunch Run,nan,2024-12-26 11:17:18+00:00,1237,Run,"Ifrane, Morocco",0.0,4.115768463073852,20.62,5.01,1237.2,20 m 37 s
151943,67065684,Hicham Ouladha,13226025637,Afternoon Run,nan,2024-12-26 16:27:30+00:00,2843,Run,"Ifrane, Morocco",0.0,4.72382851445663,47.38,10.03,2842.8,47 m 23 s
152058,67065684,Hicham Ouladha,13226025637,Afternoon Run,nan,2024-12-26 16:27:30+00:00,2843,Run,"Ifrane, Morocco",0.0,4.72382851445663,47.38,10.03,2842.8,47 m 23 s
151942,67065684,Hicham Ouladha,13226026485,Morning Run,nan,2024-12-27 09:09:12+00:00,1112,Run,"Ifrane, Morocco",0.0,4.620947630922694,18.53,4.01,1111.8000000000002,18 m 32 s
152057,67065684,Hicham Ouladha,13226026485,Morning Run,nan,2024-12-27 09:09:12+00:00,1112,Run,"Ifrane, Morocco",0.0,4.620947630922694,18.53,4.01,1111.8000000000002,18 m 32 s
151941,67065684,Hicham Ouladha,13226028932,Morning Run,nan,2024-12-27 09:44:09+00:00,3941,Run,"Ifrane, Morocco",0.0,3.5480349344978164,65.0,18.32,3900.0,1 h 5 m
152056,67065684,Hicham Ouladha,13226028932,Morning Run,nan,2024-12-27 09:44:09+00:00,3941,Run,"Ifrane, Morocco",0.0,3.5480349344978164,65.0,18.32,3900.0,1 h 5 m
151940,67065684,Hicham Ouladha,13226029242,Lunch Run,nan,2024-12-27 10:55:11+00:00,595,Run,"Ifrane, Morocco",0.0,4.935323383084578,9.92,2.01,595.2,9 m 55 s
152055,67065684,Hicham Ouladha,13226029242,Lunch Run,nan,2024-12-27 10:55:11+00:00,595,Run,"Ifrane, Morocco",0.0,4.935323383084578,9.92,2.01,595.2,9 m 55 s
151939,67065684,Hicham Ouladha,13226030474,Afternoon Run,nan,2024-12-27 16:30:11+00:00,2809,Run,"Ifrane, Morocco",0.0,5.141111111111112,46.27,9.0,2776.2000000000003,46 m 16 s
152054,67065684,Hicham Ouladha,13226030474,Afternoon Run,nan,2024-12-27 16:30:11+00:00,2809,Run,"Ifrane, Morocco",0.0,5.141111111111112,46.27,9.0,2776.2000000000003,46 m 16 s
151938,67065684,Hicham Ouladha,13226032309,Morning Run,nan,2024-12-28 09:03:24+00:00,5005,Run,"Ifrane, Morocco",0.0,4.553026096612992,82.0,18.01,4920.0,1 h 22 m
152053,67065684,Hicham Ouladha,13226032309,Morning Run,nan,2024-12-28 09:03:24+00:00,5005,Run,"Ifrane, Morocco",0.0,4.553026096612992,82.0,18.01,4920.0,1 h 22 m
151937,67065684,Hicham Ouladha,13226033640,Afternoon Run,nan,2024-12-29 15:52:53+00:00,3772,Run,"Ifrane, Morocco",0.0,4.425410421127766,62.0,14.01,3720.0,1 h 2 m
152052,67065684,Hicham Ouladha,13226033640,Afternoon Run,nan,2024-12-29 15:52:53+00:00,3772,Run,"Ifrane, Morocco",0.0,4.425410421127766,62.0,14.01,3720.0,1 h 2 m
154143,82077769,Leonid Latsepov,13237147336,Night HIIT,nan,2024-12-29 09:37:38+00:00,2374,HighIntensityIntervalTraining,nan,0.0,0.0,0.0,39.0,0.0,166 Cal
154144,82077769,Leonid Latsepov,13237149135,Morning Run,nan,2024-12-29 07:42:56+00:00,5262,Run,"Tallinn, Estonia",0.0,4.267068273092369,85.0,19.92,5100.0,1 h 25 m
154145,82077769,Leonid Latsepov,13237150204,Evening Run,nan,2024-12-28 17:06:49+00:00,2777,Run,"Tallinn, Estonia",0.0,5.097622027534418,40.73,7.99,2443.7999999999997,40 m 44 s
154146,82077769,Leonid Latsepov,13237151027,Night Run,nan,2024-12-28 10:12:40+00:00,969,Run,nan,0.0,6.25968992248062,16.15,2.58,969.0,16 m 9 s
154147,82077769,Leonid Latsepov,13237152236,Night Run,nan,2024-12-28 09:07:28+00:00,3337,Run,nan,0.0,4.06281957633309,55.62,13.69,3337.2,55 m 37 s
154148,82077769,Leonid Latsepov,13237152777,Night Run,nan,2024-12-28 08:30:56+00:00,1318,Run,nan,0.0,5.590330788804071,21.97,3.93,1318.1999999999998,21 m 58 s
151103,61941233,Elias Ngeny,13252022880,Afternoon Run,nan,2024-11-06 12:22:45+00:00,27,Run,nan,0.0,0.0,0.4,0.0,24.0,24 s
151102,61941233,Elias Ngeny,13252023148,Afternoon Run,nan,2024-11-06 12:25:05+00:00,2403,Run,"Elgeyo-Marakwet County, Kenya",0.0,4.191343963553531,36.8,8.78,2208.0,36 m 48 s
151101,61941233,Elias Ngeny,13252023309,Morning Walk,nan,2024-11-07 02:44:13+00:00,50913,Walk,nan,0.0,0.0,0.0,2.82,0.0,0 m
151100,61941233,Elias Ngeny,13252023570,Morning Run,nan,2024-11-08 03:23:19+00:00,2828,Run,"Elgeyo-Marakwet County, Kenya",0.0,4.6561264822134385,47.12,10.12,2827.2,47 m 7 s
151099,61941233,Elias Ngeny,13252023691,Morning Run,nan,2024-11-08 04:30:31+00:00,147,Run,nan,0.0,2.4848484848484844,0.82,0.33,49.2,49 s
151098,61941233,Elias Ngeny,13252023755,Morning Run,nan,2024-11-08 04:33:58+00:00,15,Run,nan,0.0,2.5,0.25,0.1,15.0,15 s
151097,61941233,Elias Ngeny,13252023942,Morning Run,nan,2024-11-08 04:35:12+00:00,13,Run,nan,0.0,2.1999999999999997,0.22,0.1,13.2,13 s
151096,61941233,Elias Ngeny,13252024060,Morning Run,nan,2024-11-08 04:36:26+00:00,13,Run,nan,0.0,2.4444444444444446,0.22,0.09,13.2,13 s
151095,61941233,Elias Ngeny,13252024176,Morning Run,nan,2024-11-08 04:38:05+00:00,13,Run,nan,0.0,2.4444444444444446,0.22,0.09,13.2,13 s
151131,61941233,Elias Ngeny,13252024476,Morning Run,nan,2024-11-11 03:13:47+00:00,3944,Run,"Elgeyo-Marakwet County, Kenya",0.0,4.226267880364109,65.0,15.38,3900.0,1 h 5 m
151130,61941233,Elias Ngeny,13252024622,Morning Run,nan,2024-11-11 06:59:04+00:00,1150,Run,"Elgeyo-Marakwet County, Kenya",0.0,5.516516516516517,18.37,3.33,1102.2,18 m 22 s
151129,61941233,Elias Ngeny,13252024756,Morning Run,nan,2024-11-11 07:19:01+00:00,1381,Run,nan,0.0,5.322164948453608,20.65,3.88,1239.0,20 m 39 s
151128,61941233,Elias Ngeny,13252024974,Morning Run,nan,2024-11-11 07:43:04+00:00,2087,Run,nan,0.0,5.38235294117647,1.83,0.34,109.8,1 m 50 s
151127,61941233,Elias Ngeny,13252025113,Lunch Run,nan,2024-11-11 08:24:31+00:00,922,Run,"Elgeyo-Marakwet County, Kenya",0.0,4.685975609756097,15.37,3.28,922.2,15 m 22 s
151126,61941233,Elias Ngeny,13252025453,Lunch Swim,nan,2024-11-11 09:17:58+00:00,2214,Swim,nan,0.0,0.0,0.0,117.0,0.0,31:27 /100m
151124,61941233,Elias Ngeny,13252025669,Morning Run,nan,2024-11-12 04:19:11+00:00,578,Run,nan,0.0,204.0,4.08,0.02,244.8,4 m 5 s
151125,61941233,Elias Ngeny,13252025685,Morning Run,nan,2024-11-12 03:18:05+00:00,1853,Run,"Elgeyo-Marakwet County, Kenya",0.0,5.114139693356048,30.02,5.87,1801.2,30 m 1 s
151123,61941233,Elias Ngeny,13252025832,Morning Run,nan,2024-11-12 04:31:21+00:00,691,Run,"Elgeyo-Marakwet County, Kenya",0.0,4.6976744186046515,10.1,2.15,606.0,10 m 6 s
151122,61941233,Elias Ngeny,13252025938,Morning Walk,nan,2024-11-13 04:10:56+00:00,635,Walk,"Elgeyo-Marakwet County, Kenya",0.0,8.174603174603176,10.3,1.26,618.0,10 m 18 s
151121,61941233,Elias Ngeny,13252026061,Morning Run,nan,2024-11-13 05:02:29+00:00,68,Run,nan,0.0,2.8249999999999997,1.13,0.4,67.8,1 m 8 s
151120,61941233,Elias Ngeny,13252026179,Morning Run,nan,2024-11-13 05:04:48+00:00,69,Run,nan,0.0,2.8749999999999996,1.15,0.4,69.0,1 m 9 s
151118,61941233,Elias Ngeny,13252026505,Morning Run,nan,2024-11-13 05:09:27+00:00,79,Run,nan,0.0,3.1428571428571432,1.32,0.42,79.2,1 m 19 s
151119,61941233,Elias Ngeny,13252026554,Morning Run,nan,2024-11-13 05:07:11+00:00,66,Run,nan,0.0,2.75,1.1,0.4,66.0,1 m 6 s
151117,61941233,Elias Ngeny,13252026617,Morning Run,nan,2024-11-13 05:11:50+00:00,68,Run,nan,0.0,2.897435897435897,1.13,0.39,67.8,1 m 8 s
151116,61941233,Elias Ngeny,13252026771,Morning Run,nan,2024-11-13 05:14:07+00:00,64,Run,nan,0.0,2.675,1.07,0.4,64.2,1 m 4 s
151115,61941233,Elias Ngeny,13252026853,Morning Run,nan,2024-11-13 05:16:25+00:00,68,Run,nan,0.0,2.8249999999999997,1.13,0.4,67.8,1 m 8 s
151114,61941233,Elias Ngeny,13252026966,Morning Run,nan,2024-11-13 05:18:45+00:00,68,Run,nan,0.0,2.8249999999999997,1.13,0.4,67.8,1 m 8 s
151113,61941233,Elias Ngeny,13252027080,Morning Run,nan,2024-11-13 05:21:00+00:00,68,Run,nan,0.0,2.8249999999999997,1.13,0.4,67.8,1 m 8 s
151112,61941233,Elias Ngeny,13252027111,Morning Run,nan,2024-11-13 05:23:13+00:00,68,Run,nan,0.0,2.8249999999999997,1.13,0.4,67.8,1 m 8 s
151110,61941233,Elias Ngeny,13252027323,Morning Run,nan,2024-11-13 05:27:29+00:00,69,Run,nan,0.0,2.8749999999999996,1.15,0.4,69.0,1 m 9 s
151111,61941233,Elias Ngeny,13252027368,Morning Run,nan,2024-11-13 05:25:15+00:00,1,Run,nan,0.0,0.0,0.02,0.0,1.2,1 s
151109,61941233,Elias Ngeny,13252027488,Morning Run,nan,2024-11-13 05:29:42+00:00,68,Run,nan,0.0,2.8249999999999997,1.13,0.4,67.8,1 m 8 s
151108,61941233,Elias Ngeny,13252027958,Afternoon Run,nan,2024-11-13 12:47:23+00:00,2694,Run,"Elgeyo-Marakwet County, Kenya",0.0,4.923245614035088,44.9,9.12,2694.0,44 m 54 s
151107,61941233,Elias Ngeny,13252028077,Morning Run,nan,2024-11-14 03:15:25+00:00,4115,Run,"Elgeyo-Marakwet County, Kenya",0.0,4.518272425249169,68.0,15.05,4080.0,1 h 8 m
151106,61941233,Elias Ngeny,13252028478,Lunch Walk,nan,2024-11-14 09:00:27+00:00,24755,Walk,"Elgeyo-Marakwet County, Kenya",0.0,15.902964959568733,118.0,7.42,7080.0,1 h 58 m
151105,61941233,Elias Ngeny,13252028598,Evening Swim,nan,2024-11-14 17:00:47+00:00,937,Swim,nan,0.0,0.0,0.0,126.0,0.0,12:21 /100m
151104,61941233,Elias Ngeny,13252028833,Morning Run,nan,2024-11-15 03:08:11+00:00,3279,Run,"Elgeyo-Marakwet County, Kenya",0.0,3.6288180610889778,54.65,15.06,3279.0,54 m 39 s
151137,61941233,Elias Ngeny,13252028877,Evening Walk,nan,2024-11-21 15:22:29+00:00,17,Walk,nan,0.0,0.0,0.0,0.0,0.0,0 m
151136,61941233,Elias Ngeny,13252029019,Morning Run,nan,2024-11-23 03:15:35+00:00,662,Run,"Uasin Gishu County, Kenya",0.0,5.597560975609756,9.18,1.64,550.8,9 m 11 s
151135,61941233,Elias Ngeny,13252029360,Morning Run,nan,2024-11-23 03:34:05+00:00,2529,Run,"Uasin Gishu County, Kenya",0.0,3.5037406483790523,42.15,12.03,2529.0,42 m 9 s
151134,61941233,Elias Ngeny,13252029449,Morning Run,nan,2024-11-23 04:24:52+00:00,755,Run,"Uasin Gishu County, Kenya",0.0,6.258706467661693,12.58,2.01,754.8,12 m 35 s
151132,61941233,Elias Ngeny,13252030132,Afternoon Ride,nan,2024-11-23 11:11:35+00:00,2908,Ride,"Uasin Gishu County, Kenya",0.0,1.3338423946243128,43.67,32.74,2620.2000000000003,43 m 40 s
151133,61941233,Elias Ngeny,13252030155,Morning Run,nan,2024-11-23 06:22:55+00:00,3817,Run,"Elgeyo-Marakwet County, Kenya",0.0,5.371530886302597,60.0,11.17,3600.0,1 h 0 m
151153,61941233,Elias Ngeny,13252030346,Morning Run,nan,2024-11-25 07:00:44+00:00,3825,Run,"Elgeyo-Marakwet County, Kenya",0.0,4.197201865423051,63.0,15.01,3780.0,1 h 3 m
151151,61941233,Elias Ngeny,13252030763,Morning Run,nan,2024-11-29 04:10:07+00:00,100,Run,"Elgeyo-Marakwet County, Kenya",0.0,3.681818181818182,1.62,0.44,97.2,1 m 37 s
151152,61941233,Elias Ngeny,13252030812,Morning Run,nan,2024-11-27 04:43:24+00:00,4935,Run,"Elgeyo-Marakwet County, Kenya",0.0,5.081157374735357,72.0,14.17,4320.0,1 h 12 m
151150,61941233,Elias Ngeny,13252030866,Morning Run,nan,2024-11-29 04:13:30+00:00,114,Run,"Elgeyo-Marakwet County, Kenya",0.0,3.725490196078431,1.9,0.51,114.0,1 m 54 s
151149,61941233,Elias Ngeny,13252031035,Morning Walk,nan,2024-11-29 04:15:38+00:00,61,Walk,nan,0.0,2.756756756756757,1.02,0.37,61.2,1 m 1 s
151148,61941233,Elias Ngeny,13252031121,Morning Run,nan,2024-11-29 04:17:31+00:00,74,Run,"Elgeyo-Marakwet County, Kenya",0.0,2.86046511627907,1.23,0.43,73.8,1 m 14 s
151147,61941233,Elias Ngeny,13252031122,Morning Run,nan,2024-11-29 04:19:34+00:00,63,Run,"Elgeyo-Marakwet County, Kenya",0.0,2.5,1.05,0.42,63.0,1 m 3 s
151146,61941233,Elias Ngeny,13252031314,Morning Run,nan,2024-11-29 04:21:32+00:00,66,Run,"Elgeyo-Marakwet County, Kenya",0.0,2.682926829268293,1.1,0.41,66.0,1 m 6 s
151145,61941233,Elias Ngeny,13252031487,Morning Run,nan,2024-11-29 04:23:32+00:00,67,Run,"Elgeyo-Marakwet County, Kenya",0.0,3.027027027027027,1.12,0.37,67.2,1 m 7 s
151144,61941233,Elias Ngeny,13252031552,Morning Run,nan,2024-11-29 04:25:31+00:00,64,Run,nan,0.0,2.9722222222222223,1.07,0.36,64.2,1 m 4 s
151143,61941233,Elias Ngeny,13252031818,Morning Run,nan,2024-11-29 04:27:33+00:00,67,Run,nan,0.0,3.027027027027027,1.12,0.37,67.2,1 m 7 s
151142,61941233,Elias Ngeny,13252032033,Morning Run,nan,2024-11-29 04:29:30+00:00,67,Run,"Elgeyo-Marakwet County, Kenya",0.0,2.871794871794872,1.12,0.39,67.2,1 m 7 s
151141,61941233,Elias Ngeny,13252032268,Morning Run,nan,2024-11-29 04:32:13+00:00,59,Run,nan,0.0,3.3793103448275863,0.98,0.29,58.8,59 s
151140,61941233,Elias Ngeny,13252032344,Morning Run,nan,2024-11-29 04:34:09+00:00,71,Run,"Elgeyo-Marakwet County, Kenya",0.0,3.371428571428571,1.18,0.35,70.8,1 m 11 s
151139,61941233,Elias Ngeny,13252032475,Morning Run,nan,2024-11-29 04:36:20+00:00,90,Run,"Elgeyo-Marakwet County, Kenya",0.0,3.488372093023256,1.5,0.43,90.0,1 m 30 s
151138,61941233,Elias Ngeny,13252032627,Morning Run,nan,2024-11-29 04:39:31+00:00,885,Run,"Elgeyo-Marakwet County, Kenya",0.0,3.8713910761154855,14.75,3.81,885.0,14 m 45 s
151176,61941233,Elias Ngeny,13252033029,Morning Run,nan,2024-12-02 07:12:13+00:00,2134,Run,"Elgeyo-Marakwet County, Kenya",0.0,4.6410614525139655,33.23,7.16,1993.7999999999995,33 m 14 s
151175,61941233,Elias Ngeny,13252033261,Afternoon Run,nan,2024-12-02 12:43:53+00:00,2641,Run,"Elgeyo-Marakwet County, Kenya",0.0,4.656350053361794,43.63,9.37,2617.8,43 m 38 s
151173,61941233,Elias Ngeny,13252033676,Afternoon Run,nan,2024-12-05 14:16:10+00:00,1,Run,nan,0.0,0.0,0.0,1.0,0.0,nan
151174,61941233,Elias Ngeny,13252033709,Morning Run,nan,2024-12-05 03:16:27+00:00,4624,Run,"Elgeyo-Marakwet County, Kenya",0.0,4.542772861356933,77.0,16.95,4620.0,1 h 17 m
151172,61941233,Elias Ngeny,13252034154,Morning Run,nan,2024-12-06 03:19:01+00:00,4354,Run,"Elgeyo-Marakwet County, Kenya",0.0,4.280618311533888,72.0,16.82,4320.0,1 h 12 m
151170,61941233,Elias Ngeny,13252034190,Morning Run,nan,2024-12-08 06:40:46+00:00,30,Run,nan,0.0,17.5,0.35,0.02,21.0,21 s
151171,61941233,Elias Ngeny,13252034236,Morning Run,nan,2024-12-08 06:39:47+00:00,21,Run,nan,0.0,30.0,0.3,0.01,18.0,18 s
151169,61941233,Elias Ngeny,13252034352,Morning Run,nan,2024-12-08 06:44:42+00:00,11,Run,nan,0.0,2.25,0.18,0.08,10.8,11 s
151168,61941233,Elias Ngeny,13252034530,Morning Run,nan,2024-12-08 06:46:52+00:00,15,Run,nan,0.0,3.571428571428571,0.25,0.07,15.0,15 s
151167,61941233,Elias Ngeny,13252034640,Morning Run,nan,2024-12-08 06:48:51+00:00,12,Run,nan,0.0,2.2222222222222223,0.2,0.09,12.0,12 s
151166,61941233,Elias Ngeny,13252034793,Morning Run,nan,2024-12-08 06:50:52+00:00,11,Run,nan,0.0,2.571428571428571,0.18,0.07,10.8,11 s
151165,61941233,Elias Ngeny,13252034920,Morning Run,nan,2024-12-08 06:52:58+00:00,11,Run,nan,0.0,2.25,0.18,0.08,10.8,11 s
151164,61941233,Elias Ngeny,13252034999,Morning Run,nan,2024-12-08 06:54:51+00:00,78,Run,nan,0.0,4.857142857142857,0.68,0.14,40.8,41 s
151163,61941233,Elias Ngeny,13252035078,Morning Run,nan,2024-12-08 07:03:22+00:00,141,Run,"Uasin Gishu County, Kenya",0.0,2.9375,2.35,0.8,141.0,2 m 21 s
151162,61941233,Elias Ngeny,13252035217,Morning Run,nan,2024-12-08 07:08:17+00:00,154,Run,"Uasin Gishu County, Kenya",0.0,3.2124999999999995,2.57,0.8,154.2,2 m 34 s
151161,61941233,Elias Ngeny,13252035236,Morning Run,nan,2024-12-08 07:15:55+00:00,109,Run,nan,0.0,3.0333333333333337,1.82,0.6,109.2,1 m 49 s
151160,61941233,Elias Ngeny,13252035445,Morning Run,nan,2024-12-08 07:20:03+00:00,156,Run,nan,0.0,3.815384615384615,2.48,0.65,148.8,2 m 29 s
151159,61941233,Elias Ngeny,13252035497,Morning Run,nan,2024-12-08 07:26:10+00:00,74,Run,"Uasin Gishu County, Kenya",0.0,3.0749999999999997,1.23,0.4,73.8,1 m 14 s
151158,61941233,Elias Ngeny,13252035604,Morning Run,nan,2024-12-08 07:29:30+00:00,72,Run,"Uasin Gishu County, Kenya",0.0,2.9999999999999996,1.2,0.4,72.0,1 m 12 s
151157,61941233,Elias Ngeny,13252035687,Morning Run,nan,2024-12-08 07:35:47+00:00,53,Run,"Uasin Gishu County, Kenya",0.0,2.838709677419355,0.88,0.31,52.8,53 s
151156,61941233,Elias Ngeny,13252035805,Morning Run,nan,2024-12-08 07:38:33+00:00,51,Run,"Uasin Gishu County, Kenya",0.0,2.7419354838709675,0.85,0.31,51.0,51 s
151155,61941233,Elias Ngeny,13252035877,Morning Run,nan,2024-12-08 07:41:06+00:00,52,Run,"Uasin Gishu County, Kenya",0.0,2.9,0.87,0.3,52.2,52 s
151154,61941233,Elias Ngeny,13252036000,Morning Run,nan,2024-12-08 07:43:33+00:00,52,Run,"Uasin Gishu County, Kenya",0.0,2.806451612903226,0.87,0.31,52.2,52 s
151189,61941233,Elias Ngeny,13252036318,Morning Run,nan,2024-12-09 06:41:45+00:00,849,Run,"Elgeyo-Marakwet County, Kenya",0.0,4.654605263157895,14.15,3.04,849.0,14 m 9 s
151188,61941233,Elias Ngeny,13252036517,Morning Run,nan,2024-12-09 07:13:29+00:00,2615,Run,nan,0.0,5.425,43.4,8.0,2604.0,43 m 24 s
151187,61941233,Elias Ngeny,13252036802,Afternoon Run,nan,2024-12-09 12:32:34+00:00,2432,Run,"Elgeyo-Marakwet County, Kenya",0.0,4.498335183129856,40.53,9.01,2431.8,40 m 32 s
151186,61941233,Elias Ngeny,13252036892,Morning Run,nan,2024-12-11 04:13:08+00:00,772,Run,"Elgeyo-Marakwet County, Kenya",0.0,5.595652173913043,12.87,2.3,772.1999999999999,12 m 52 s
151185,61941233,Elias Ngeny,13252036942,Morning Run,nan,2024-12-11 04:54:44+00:00,223,Run,nan,0.0,2.8615384615384616,3.72,1.3,223.2,3 m 43 s
151184,61941233,Elias Ngeny,13252037075,Morning Run,nan,2024-12-11 05:00:31+00:00,218,Run,nan,0.0,2.8139534883720927,3.63,1.29,217.8,3 m 38 s
151183,61941233,Elias Ngeny,13252037265,Morning Run,nan,2024-12-11 05:06:11+00:00,221,Run,nan,0.0,2.875,3.68,1.28,220.8,3 m 41 s
151182,61941233,Elias Ngeny,13252037272,Morning Run,nan,2024-12-11 05:12:12+00:00,183,Run,nan,0.0,2.7981651376146783,3.05,1.09,183.0,3 m 3 s
151181,61941233,Elias Ngeny,13252037464,Morning Run,nan,2024-12-11 05:18:13+00:00,338,Run,nan,0.0,2.8837209302325584,2.48,0.86,148.8,2 m 29 s
151180,61941233,Elias Ngeny,13252037563,Morning Walk,nan,2024-12-11 05:24:23+00:00,213,Walk,nan,0.0,2.817460317460317,3.55,1.26,213.0,3 m 33 s
151179,61941233,Elias Ngeny,13252037643,Morning Walk,nan,2024-12-11 05:30:16+00:00,211,Walk,nan,0.0,2.7936507936507935,3.52,1.26,211.2,3 m 31 s
151178,61941233,Elias Ngeny,13252037765,Morning Walk,nan,2024-12-11 05:36:15+00:00,208,Walk,nan,0.0,2.732283464566929,3.47,1.27,208.2,3 m 28 s
151177,61941233,Elias Ngeny,13252038134,Afternoon Run,nan,2024-12-11 12:53:20+00:00,2163,Run,"Elgeyo-Marakwet County, Kenya",0.0,4.4569288389513115,35.7,8.01,2142.0,35 m 42 s
151194,61941233,Elias Ngeny,13252038643,Afternoon Run,nan,2024-12-16 14:58:34+00:00,26,Run,nan,0.0,0.0,0.03,0.0,1.7999999999999998,2 s
151193,61941233,Elias Ngeny,13252038875,Morning Run,nan,2024-12-17 03:36:26+00:00,2402,Run,"Elgeyo-Marakwet County, Kenya",0.0,3.9594460929772506,40.03,10.11,2401.8,40 m 2 s
151192,61941233,Elias Ngeny,13252039828,Morning Run,nan,2024-12-18 03:07:41+00:00,5150,Run,"Elgeyo-Marakwet County, Kenya",0.0,4.994124559341951,85.0,17.02,5100.0,1 h 25 m
151191,61941233,Elias Ngeny,13252040855,Morning Run,nan,2024-12-19 03:13:20+00:00,8151,Run,"Uasin Gishu County, Kenya",0.0,4.416094210009813,135.0,30.57,8100.0,2 h 15 m
151190,61941233,Elias Ngeny,13252041843,Morning Run,nan,2024-12-21 03:38:52+00:00,3608,Run,"Elgeyo-Marakwet County, Kenya",0.0,4.480955937266617,60.0,13.39,3600.0,1 h 0 m
151199,61941233,Elias Ngeny,13252042458,Morning Run,nan,2024-12-23 04:39:24+00:00,3378,Run,"Elgeyo-Marakwet County, Kenya",0.0,5.3101761252446185,54.27,10.22,3256.2000000000003,54 m 16 s
151198,61941233,Elias Ngeny,13252043168,Lunch Run,nan,2024-12-24 08:08:45+00:00,2128,Run,"Elgeyo-Marakwet County, Kenya",0.0,5.009887005649717,35.47,7.08,2128.2,35 m 28 s
151197,61941233,Elias Ngeny,13252044000,Morning Run,nan,2024-12-27 06:33:19+00:00,4755,Run,"Elgeyo-Marakwet County, Kenya",0.0,4.897706137631743,79.0,16.13,4740.0,1 h 19 m
151196,61941233,Elias Ngeny,13252044386,Morning Run,nan,2024-12-28 06:28:24+00:00,1240,Run,"Elgeyo-Marakwet County, Kenya",0.0,4.847058823529412,20.6,4.25,1236.0,20 m 36 s
151195,61941233,Elias Ngeny,13252044658,Morning Run,nan,2024-12-28 06:51:45+00:00,2460,Run,"Elgeyo-Marakwet County, Kenya",0.0,4.182839632277835,40.95,9.79,2457.0,40 m 57 s
153175,64218328,Bobby Poynter,13267090485,Lunch Run,nan,2024-12-24 19:44:09+00:00,1086,Run,nan,0.0,5.017094017094018,5.87,1.17,352.2,5 m 52 s
153176,64218328,Bobby Poynter,13267090846,Afternoon Run,nan,2024-12-23 21:11:26+00:00,2965,Run,nan,0.0,4.5908607863974495,43.2,9.41,2592.0,43 m 12 s
150423,89621357,Hillary Kipkoech,13393062011,Morning Run,nan,2024-11-04 03:12:34+00:00,5018,Run,"Elgeyo-Marakwet County, Kenya",0.0,4.8453006421482785,83.0,17.13,4980.0,1 h 23 m
150550,89621357,Hillary Kipkoech,13393062011,Morning Run,nan,2024-11-04 03:12:34+00:00,5018,Run,"Elgeyo-Marakwet County, Kenya",0.0,4.8453006421482785,83.0,17.13,4980.0,1 h 23 m
150677,89621357,Hillary Kipkoech,13393062011,Morning Run,nan,2024-11-04 03:12:34+00:00,5018,Run,"Elgeyo-Marakwet County, Kenya",0.0,4.8453006421482785,83.0,17.13,4980.0,1 h 23 m
150421,89621357,Hillary Kipkoech,13393062155,Morning Run,nan,2024-11-05 03:35:56+00:00,3213,Run,"Elgeyo-Marakwet County, Kenya",0.0,5.3100000000000005,53.1,10.0,3186.0,53 m 6 s
150548,89621357,Hillary Kipkoech,13393062155,Morning Run,nan,2024-11-05 03:35:56+00:00,3213,Run,"Elgeyo-Marakwet County, Kenya",0.0,5.3100000000000005,53.1,10.0,3186.0,53 m 6 s
150675,89621357,Hillary Kipkoech,13393062155,Morning Run,nan,2024-11-05 03:35:56+00:00,3213,Run,"Elgeyo-Marakwet County, Kenya",0.0,5.3100000000000005,53.1,10.0,3186.0,53 m 6 s
150420,89621357,Hillary Kipkoech,13393062263,Morning Run,nan,2024-11-05 04:35:17+00:00,373,Run,"Elgeyo-Marakwet County, Kenya",0.0,3.1839080459770117,2.77,0.87,166.2,2 m 46 s
150547,89621357,Hillary Kipkoech,13393062263,Morning Run,nan,2024-11-05 04:35:17+00:00,373,Run,"Elgeyo-Marakwet County, Kenya",0.0,3.1839080459770117,2.77,0.87,166.2,2 m 46 s
150674,89621357,Hillary Kipkoech,13393062263,Morning Run,nan,2024-11-05 04:35:17+00:00,373,Run,"Elgeyo-Marakwet County, Kenya",0.0,3.1839080459770117,2.77,0.87,166.2,2 m 46 s
150418,89621357,Hillary Kipkoech,13393062305,Lunch Run,nan,2024-11-06 09:01:23+00:00,690,Run,"Uasin Gishu County, Kenya",0.0,3.846153846153846,11.5,2.99,690.0,11 m 30 s
150545,89621357,Hillary Kipkoech,13393062305,Lunch Run,nan,2024-11-06 09:01:23+00:00,690,Run,"Uasin Gishu County, Kenya",0.0,3.846153846153846,11.5,2.99,690.0,11 m 30 s
150672,89621357,Hillary Kipkoech,13393062305,Lunch Run,nan,2024-11-06 09:01:23+00:00,690,Run,"Uasin Gishu County, Kenya",0.0,3.846153846153846,11.5,2.99,690.0,11 m 30 s
150414,89621357,Hillary Kipkoech,13393062794,Morning Run,nan,2024-11-09 03:51:45+00:00,395,Run,"Elgeyo-Marakwet County, Kenya",0.0,4.138364779874213,6.58,1.59,394.8,6 m 35 s
150541,89621357,Hillary Kipkoech,13393062794,Morning Run,nan,2024-11-09 03:51:45+00:00,395,Run,"Elgeyo-Marakwet County, Kenya",0.0,4.138364779874213,6.58,1.59,394.8,6 m 35 s
150668,89621357,Hillary Kipkoech,13393062794,Morning Run,nan,2024-11-09 03:51:45+00:00,395,Run,"Elgeyo-Marakwet County, Kenya",0.0,4.138364779874213,6.58,1.59,394.8,6 m 35 s
150411,89621357,Hillary Kipkoech,13393063080,Morning Run,nan,2024-11-09 04:15:10+00:00,187,Run,"Elgeyo-Marakwet County, Kenya",0.0,3.9,3.12,0.8,187.2,3 m 7 s
150538,89621357,Hillary Kipkoech,13393063080,Morning Run,nan,2024-11-09 04:15:10+00:00,187,Run,"Elgeyo-Marakwet County, Kenya",0.0,3.9,3.12,0.8,187.2,3 m 7 s
150665,89621357,Hillary Kipkoech,13393063080,Morning Run,nan,2024-11-09 04:15:10+00:00,187,Run,"Elgeyo-Marakwet County, Kenya",0.0,3.9,3.12,0.8,187.2,3 m 7 s
150409,89621357,Hillary Kipkoech,13393063081,Morning Run,nan,2024-11-09 04:30:29+00:00,288,Run,"Elgeyo-Marakwet County, Kenya",0.0,4.0,4.8,1.2,288.0,4 m 48 s
150536,89621357,Hillary Kipkoech,13393063081,Morning Run,nan,2024-11-09 04:30:29+00:00,288,Run,"Elgeyo-Marakwet County, Kenya",0.0,4.0,4.8,1.2,288.0,4 m 48 s
150663,89621357,Hillary Kipkoech,13393063081,Morning Run,nan,2024-11-09 04:30:29+00:00,288,Run,"Elgeyo-Marakwet County, Kenya",0.0,4.0,4.8,1.2,288.0,4 m 48 s
150410,89621357,Hillary Kipkoech,13393063085,Morning Run,nan,2024-11-09 04:23:12+00:00,288,Run,"Elgeyo-Marakwet County, Kenya",0.0,4.0,4.8,1.2,288.0,4 m 48 s
150537,89621357,Hillary Kipkoech,13393063085,Morning Run,nan,2024-11-09 04:23:12+00:00,288,Run,"Elgeyo-Marakwet County, Kenya",0.0,4.0,4.8,1.2,288.0,4 m 48 s
150664,89621357,Hillary Kipkoech,13393063085,Morning Run,nan,2024-11-09 04:23:12+00:00,288,Run,"Elgeyo-Marakwet County, Kenya",0.0,4.0,4.8,1.2,288.0,4 m 48 s
150412,89621357,Hillary Kipkoech,13393063087,Morning Run,nan,2024-11-09 04:07:18+00:00,377,Run,"Elgeyo-Marakwet County, Kenya",0.0,3.949685534591195,6.28,1.59,376.8,6 m 17 s
150539,89621357,Hillary Kipkoech,13393063087,Morning Run,nan,2024-11-09 04:07:18+00:00,377,Run,"Elgeyo-Marakwet County, Kenya",0.0,3.949685534591195,6.28,1.59,376.8,6 m 17 s
150666,89621357,Hillary Kipkoech,13393063087,Morning Run,nan,2024-11-09 04:07:18+00:00,377,Run,"Elgeyo-Marakwet County, Kenya",0.0,3.949685534591195,6.28,1.59,376.8,6 m 17 s
150415,89621357,Hillary Kipkoech,13393063110,Morning Run,nan,2024-11-08 03:18:35+00:00,5967,Run,"Elgeyo-Marakwet County, Kenya",0.0,5.082135523613963,99.0,19.48,5940.0,1 h 39 m
150542,89621357,Hillary Kipkoech,13393063110,Morning Run,nan,2024-11-08 03:18:35+00:00,5967,Run,"Elgeyo-Marakwet County, Kenya",0.0,5.082135523613963,99.0,19.48,5940.0,1 h 39 m
150669,89621357,Hillary Kipkoech,13393063110,Morning Run,nan,2024-11-08 03:18:35+00:00,5967,Run,"Elgeyo-Marakwet County, Kenya",0.0,5.082135523613963,99.0,19.48,5940.0,1 h 39 m
150413,89621357,Hillary Kipkoech,13393063208,Morning Run,nan,2024-11-09 03:59:29+00:00,373,Run,"Elgeyo-Marakwet County, Kenya",0.0,3.8875,6.22,1.6,373.2,6 m 13 s
150540,89621357,Hillary Kipkoech,13393063208,Morning Run,nan,2024-11-09 03:59:29+00:00,373,Run,"Elgeyo-Marakwet County, Kenya",0.0,3.8875,6.22,1.6,373.2,6 m 13 s
150667,89621357,Hillary Kipkoech,13393063208,Morning Run,nan,2024-11-09 03:59:29+00:00,373,Run,"Elgeyo-Marakwet County, Kenya",0.0,3.8875,6.22,1.6,373.2,6 m 13 s
150408,89621357,Hillary Kipkoech,13393063371,Morning Run,nan,2024-11-10 04:22:19+00:00,1706,Run,"Elgeyo-Marakwet County, Kenya",0.0,6.674641148325359,27.9,4.18,1674.0,27 m 54 s
150535,89621357,Hillary Kipkoech,13393063371,Morning Run,nan,2024-11-10 04:22:19+00:00,1706,Run,"Elgeyo-Marakwet County, Kenya",0.0,6.674641148325359,27.9,4.18,1674.0,27 m 54 s
150662,89621357,Hillary Kipkoech,13393063371,Morning Run,nan,2024-11-10 04:22:19+00:00,1706,Run,"Elgeyo-Marakwet County, Kenya",0.0,6.674641148325359,27.9,4.18,1674.0,27 m 54 s
150407,89621357,Hillary Kipkoech,13393063451,Morning Run,nan,2024-11-10 04:58:03+00:00,828,Run,"Elgeyo-Marakwet County, Kenya",0.0,6.000000000000001,13.8,2.3,828.0,13 m 48 s
150534,89621357,Hillary Kipkoech,13393063451,Morning Run,nan,2024-11-10 04:58:03+00:00,828,Run,"Elgeyo-Marakwet County, Kenya",0.0,6.000000000000001,13.8,2.3,828.0,13 m 48 s
150661,89621357,Hillary Kipkoech,13393063451,Morning Run,nan,2024-11-10 04:58:03+00:00,828,Run,"Elgeyo-Marakwet County, Kenya",0.0,6.000000000000001,13.8,2.3,828.0,13 m 48 s
150437,89621357,Hillary Kipkoech,13393063727,Morning Run,nan,2024-11-11 03:03:11+00:00,3171,Run,"Elgeyo-Marakwet County, Kenya",0.0,5.25,52.5,10.0,3150.0,52 m 30 s
150564,89621357,Hillary Kipkoech,13393063727,Morning Run,nan,2024-11-11 03:03:11+00:00,3171,Run,"Elgeyo-Marakwet County, Kenya",0.0,5.25,52.5,10.0,3150.0,52 m 30 s
150691,89621357,Hillary Kipkoech,13393063727,Morning Run,nan,2024-11-11 03:03:11+00:00,3171,Run,"Elgeyo-Marakwet County, Kenya",0.0,5.25,52.5,10.0,3150.0,52 m 30 s
150436,89621357,Hillary Kipkoech,13393063875,Morning Run,nan,2024-11-11 06:32:44+00:00,2494,Run,"Elgeyo-Marakwet County, Kenya",0.0,8.159135559921415,41.53,5.09,2491.8,41 m 32 s
150563,89621357,Hillary Kipkoech,13393063875,Morning Run,nan,2024-11-11 06:32:44+00:00,2494,Run,"Elgeyo-Marakwet County, Kenya",0.0,8.159135559921415,41.53,5.09,2491.8,41 m 32 s
150690,89621357,Hillary Kipkoech,13393063875,Morning Run,nan,2024-11-11 06:32:44+00:00,2494,Run,"Elgeyo-Marakwet County, Kenya",0.0,8.159135559921415,41.53,5.09,2491.8,41 m 32 s
150435,89621357,Hillary Kipkoech,13393064112,Afternoon Run,nan,2024-11-12 12:45:14+00:00,2437,Run,"Elgeyo-Marakwet County, Kenya",0.0,5.024875621890548,40.4,8.04,2424.0,40 m 24 s
150562,89621357,Hillary Kipkoech,13393064112,Afternoon Run,nan,2024-11-12 12:45:14+00:00,2437,Run,"Elgeyo-Marakwet County, Kenya",0.0,5.024875621890548,40.4,8.04,2424.0,40 m 24 s
150689,89621357,Hillary Kipkoech,13393064112,Afternoon Run,nan,2024-11-12 12:45:14+00:00,2437,Run,"Elgeyo-Marakwet County, Kenya",0.0,5.024875621890548,40.4,8.04,2424.0,40 m 24 s
150433,89621357,Hillary Kipkoech,13393064519,Morning Run,nan,2024-11-14 06:26:50+00:00,173,Run,"Elgeyo-Marakwet County, Kenya",0.0,3.5999999999999996,2.88,0.8,172.79999999999998,2 m 53 s
150560,89621357,Hillary Kipkoech,13393064519,Morning Run,nan,2024-11-14 06:26:50+00:00,173,Run,"Elgeyo-Marakwet County, Kenya",0.0,3.5999999999999996,2.88,0.8,172.79999999999998,2 m 53 s
150687,89621357,Hillary Kipkoech,13393064519,Morning Run,nan,2024-11-14 06:26:50+00:00,173,Run,"Elgeyo-Marakwet County, Kenya",0.0,3.5999999999999996,2.88,0.8,172.79999999999998,2 m 53 s
150434,89621357,Hillary Kipkoech,13393064601,Morning Run,nan,2024-11-13 05:15:19+00:00,5008,Run,"Elgeyo-Marakwet County, Kenya",0.0,4.945054945054945,81.0,16.38,4860.0,1 h 21 m
150561,89621357,Hillary Kipkoech,13393064601,Morning Run,nan,2024-11-13 05:15:19+00:00,5008,Run,"Elgeyo-Marakwet County, Kenya",0.0,4.945054945054945,81.0,16.38,4860.0,1 h 21 m
150688,89621357,Hillary Kipkoech,13393064601,Morning Run,nan,2024-11-13 05:15:19+00:00,5008,Run,"Elgeyo-Marakwet County, Kenya",0.0,4.945054945054945,81.0,16.38,4860.0,1 h 21 m
150432,89621357,Hillary Kipkoech,13393064660,Morning Run,nan,2024-11-14 06:31:25+00:00,173,Run,"Elgeyo-Marakwet County, Kenya",0.0,3.5999999999999996,2.88,0.8,172.79999999999998,2 m 53 s
150559,89621357,Hillary Kipkoech,13393064660,Morning Run,nan,2024-11-14 06:31:25+00:00,173,Run,"Elgeyo-Marakwet County, Kenya",0.0,3.5999999999999996,2.88,0.8,172.79999999999998,2 m 53 s
150686,89621357,Hillary Kipkoech,13393064660,Morning Run,nan,2024-11-14 06:31:25+00:00,173,Run,"Elgeyo-Marakwet County, Kenya",0.0,3.5999999999999996,2.88,0.8,172.79999999999998,2 m 53 s
150431,89621357,Hillary Kipkoech,13393064701,Morning Run,nan,2024-11-14 06:36:20+00:00,181,Run,"Elgeyo-Marakwet County, Kenya",0.0,3.775,3.02,0.8,181.2,3 m 1 s
150558,89621357,Hillary Kipkoech,13393064701,Morning Run,nan,2024-11-14 06:36:20+00:00,181,Run,"Elgeyo-Marakwet County, Kenya",0.0,3.775,3.02,0.8,181.2,3 m 1 s
150685,89621357,Hillary Kipkoech,13393064701,Morning Run,nan,2024-11-14 06:36:20+00:00,181,Run,"Elgeyo-Marakwet County, Kenya",0.0,3.775,3.02,0.8,181.2,3 m 1 s
150429,89621357,Hillary Kipkoech,13393064744,Morning Run,nan,2024-11-14 06:46:52+00:00,180,Run,"Elgeyo-Marakwet County, Kenya",0.0,3.797468354430379,3.0,0.79,180.0,3 m 0 s
150556,89621357,Hillary Kipkoech,13393064744,Morning Run,nan,2024-11-14 06:46:52+00:00,180,Run,"Elgeyo-Marakwet County, Kenya",0.0,3.797468354430379,3.0,0.79,180.0,3 m 0 s
150683,89621357,Hillary Kipkoech,13393064744,Morning Run,nan,2024-11-14 06:46:52+00:00,180,Run,"Elgeyo-Marakwet County, Kenya",0.0,3.797468354430379,3.0,0.79,180.0,3 m 0 s
150430,89621357,Hillary Kipkoech,13393064747,Morning Run,nan,2024-11-14 06:41:30+00:00,177,Run,"Elgeyo-Marakwet County, Kenya",0.0,3.7341772151898738,2.95,0.79,177.0,2 m 57 s
150557,89621357,Hillary Kipkoech,13393064747,Morning Run,nan,2024-11-14 06:41:30+00:00,177,Run,"Elgeyo-Marakwet County, Kenya",0.0,3.7341772151898738,2.95,0.79,177.0,2 m 57 s
150684,89621357,Hillary Kipkoech,13393064747,Morning Run,nan,2024-11-14 06:41:30+00:00,177,Run,"Elgeyo-Marakwet County, Kenya",0.0,3.7341772151898738,2.95,0.79,177.0,2 m 57 s
150427,89621357,Hillary Kipkoech,13393065207,Morning Run,nan,2024-11-14 06:57:23+00:00,186,Run,"Elgeyo-Marakwet County, Kenya",0.0,3.875,3.1,0.8,186.0,3 m 6 s
150554,89621357,Hillary Kipkoech,13393065207,Morning Run,nan,2024-11-14 06:57:23+00:00,186,Run,"Elgeyo-Marakwet County, Kenya",0.0,3.875,3.1,0.8,186.0,3 m 6 s
150681,89621357,Hillary Kipkoech,13393065207,Morning Run,nan,2024-11-14 06:57:23+00:00,186,Run,"Elgeyo-Marakwet County, Kenya",0.0,3.875,3.1,0.8,186.0,3 m 6 s
150428,89621357,Hillary Kipkoech,13393065210,Morning Run,nan,2024-11-14 06:52:17+00:00,183,Run,"Elgeyo-Marakwet County, Kenya",0.0,3.860759493670886,3.05,0.79,183.0,3 m 3 s
150555,89621357,Hillary Kipkoech,13393065210,Morning Run,nan,2024-11-14 06:52:17+00:00,183,Run,"Elgeyo-Marakwet County, Kenya",0.0,3.860759493670886,3.05,0.79,183.0,3 m 3 s
150682,89621357,Hillary Kipkoech,13393065210,Morning Run,nan,2024-11-14 06:52:17+00:00,183,Run,"Elgeyo-Marakwet County, Kenya",0.0,3.860759493670886,3.05,0.79,183.0,3 m 3 s
150426,89621357,Hillary Kipkoech,13393065280,Morning Run,nan,2024-11-14 07:02:40+00:00,187,Run,"Elgeyo-Marakwet County, Kenya",0.0,3.9,3.12,0.8,187.2,3 m 7 s
150553,89621357,Hillary Kipkoech,13393065280,Morning Run,nan,2024-11-14 07:02:40+00:00,187,Run,"Elgeyo-Marakwet County, Kenya",0.0,3.9,3.12,0.8,187.2,3 m 7 s
150680,89621357,Hillary Kipkoech,13393065280,Morning Run,nan,2024-11-14 07:02:40+00:00,187,Run,"Elgeyo-Marakwet County, Kenya",0.0,3.9,3.12,0.8,187.2,3 m 7 s
150425,89621357,Hillary Kipkoech,13393065503,Morning Run,nan,2024-11-15 05:10:02+00:00,4015,Run,"Elgeyo-Marakwet County, Kenya",0.0,4.62962962962963,65.0,14.04,3900.0,1 h 5 m
150552,89621357,Hillary Kipkoech,13393065503,Morning Run,nan,2024-11-15 05:10:02+00:00,4015,Run,"Elgeyo-Marakwet County, Kenya",0.0,4.62962962962963,65.0,14.04,3900.0,1 h 5 m
150679,89621357,Hillary Kipkoech,13393065503,Morning Run,nan,2024-11-15 05:10:02+00:00,4015,Run,"Elgeyo-Marakwet County, Kenya",0.0,4.62962962962963,65.0,14.04,3900.0,1 h 5 m
150424,89621357,Hillary Kipkoech,13393066139,Morning Run,nan,2024-11-16 03:40:58+00:00,5500,Run,"Elgeyo-Marakwet County, Kenya",0.0,4.513540621865596,90.0,19.94,5400.0,1 h 30 m
150551,89621357,Hillary Kipkoech,13393066139,Morning Run,nan,2024-11-16 03:40:58+00:00,5500,Run,"Elgeyo-Marakwet County, Kenya",0.0,4.513540621865596,90.0,19.94,5400.0,1 h 30 m
150678,89621357,Hillary Kipkoech,13393066139,Morning Run,nan,2024-11-16 03:40:58+00:00,5500,Run,"Elgeyo-Marakwet County, Kenya",0.0,4.513540621865596,90.0,19.94,5400.0,1 h 30 m
150456,89621357,Hillary Kipkoech,13393066464,Afternoon Run,nan,2024-11-18 12:50:22+00:00,3885,Run,"Elgeyo-Marakwet County, Kenya",0.0,5.220228384991843,64.0,12.26,3840.0,1 h 4 m
150583,89621357,Hillary Kipkoech,13393066464,Afternoon Run,nan,2024-11-18 12:50:22+00:00,3885,Run,"Elgeyo-Marakwet County, Kenya",0.0,5.220228384991843,64.0,12.26,3840.0,1 h 4 m
150710,89621357,Hillary Kipkoech,13393066464,Afternoon Run,nan,2024-11-18 12:50:22+00:00,3885,Run,"Elgeyo-Marakwet County, Kenya",0.0,5.220228384991843,64.0,12.26,3840.0,1 h 4 m
150455,89621357,Hillary Kipkoech,13393066950,Morning Run,nan,2024-11-19 03:43:14+00:00,4656,Run,"Elgeyo-Marakwet County, Kenya",0.0,4.448295782784518,77.0,17.31,4620.0,1 h 17 m
150582,89621357,Hillary Kipkoech,13393066950,Morning Run,nan,2024-11-19 03:43:14+00:00,4656,Run,"Elgeyo-Marakwet County, Kenya",0.0,4.448295782784518,77.0,17.31,4620.0,1 h 17 m
150709,89621357,Hillary Kipkoech,13393066950,Morning Run,nan,2024-11-19 03:43:14+00:00,4656,Run,"Elgeyo-Marakwet County, Kenya",0.0,4.448295782784518,77.0,17.31,4620.0,1 h 17 m
150452,89621357,Hillary Kipkoech,13393067167,Morning Run,nan,2024-11-20 05:19:36+00:00,81,Run,"Elgeyo-Marakwet County, Kenya",0.0,3.375,1.35,0.4,81.0,1 m 21 s
150579,89621357,Hillary Kipkoech,13393067167,Morning Run,nan,2024-11-20 05:19:36+00:00,81,Run,"Elgeyo-Marakwet County, Kenya",0.0,3.375,1.35,0.4,81.0,1 m 21 s
150706,89621357,Hillary Kipkoech,13393067167,Morning Run,nan,2024-11-20 05:19:36+00:00,81,Run,"Elgeyo-Marakwet County, Kenya",0.0,3.375,1.35,0.4,81.0,1 m 21 s
150451,89621357,Hillary Kipkoech,13393067236,Morning Run,nan,2024-11-20 05:24:02+00:00,87,Run,"Elgeyo-Marakwet County, Kenya",0.0,3.7179487179487176,1.45,0.39,87.0,1 m 27 s
150578,89621357,Hillary Kipkoech,13393067236,Morning Run,nan,2024-11-20 05:24:02+00:00,87,Run,"Elgeyo-Marakwet County, Kenya",0.0,3.7179487179487176,1.45,0.39,87.0,1 m 27 s
150705,89621357,Hillary Kipkoech,13393067236,Morning Run,nan,2024-11-20 05:24:02+00:00,87,Run,"Elgeyo-Marakwet County, Kenya",0.0,3.7179487179487176,1.45,0.39,87.0,1 m 27 s
150450,89621357,Hillary Kipkoech,13393067237,Morning Run,nan,2024-11-20 05:28:17+00:00,84,Run,"Elgeyo-Marakwet County, Kenya",0.0,3.4999999999999996,1.4,0.4,84.0,1 m 24 s
150577,89621357,Hillary Kipkoech,13393067237,Morning Run,nan,2024-11-20 05:28:17+00:00,84,Run,"Elgeyo-Marakwet County, Kenya",0.0,3.4999999999999996,1.4,0.4,84.0,1 m 24 s
150704,89621357,Hillary Kipkoech,13393067237,Morning Run,nan,2024-11-20 05:28:17+00:00,84,Run,"Elgeyo-Marakwet County, Kenya",0.0,3.4999999999999996,1.4,0.4,84.0,1 m 24 s
150447,89621357,Hillary Kipkoech,13393067369,Morning Run,nan,2024-11-20 05:41:53+00:00,40,Run,"Elgeyo-Marakwet County, Kenya",0.0,3.35,0.67,0.2,40.2,40 s
150574,89621357,Hillary Kipkoech,13393067369,Morning Run,nan,2024-11-20 05:41:53+00:00,40,Run,"Elgeyo-Marakwet County, Kenya",0.0,3.35,0.67,0.2,40.2,40 s
150701,89621357,Hillary Kipkoech,13393067369,Morning Run,nan,2024-11-20 05:41:53+00:00,40,Run,"Elgeyo-Marakwet County, Kenya",0.0,3.35,0.67,0.2,40.2,40 s
150444,89621357,Hillary Kipkoech,13393067445,Morning Run,nan,2024-11-20 05:47:22+00:00,39,Run,"Elgeyo-Marakwet County, Kenya",0.0,3.4210526315789473,0.65,0.19,39.0,39 s
150571,89621357,Hillary Kipkoech,13393067445,Morning Run,nan,2024-11-20 05:47:22+00:00,39,Run,"Elgeyo-Marakwet County, Kenya",0.0,3.4210526315789473,0.65,0.19,39.0,39 s
150698,89621357,Hillary Kipkoech,13393067445,Morning Run,nan,2024-11-20 05:47:22+00:00,39,Run,"Elgeyo-Marakwet County, Kenya",0.0,3.4210526315789473,0.65,0.19,39.0,39 s
150445,89621357,Hillary Kipkoech,13393067447,Morning Run,nan,2024-11-20 05:45:43+00:00,38,Run,"Elgeyo-Marakwet County, Kenya",0.0,3.3157894736842106,0.63,0.19,37.8,38 s
150572,89621357,Hillary Kipkoech,13393067447,Morning Run,nan,2024-11-20 05:45:43+00:00,38,Run,"Elgeyo-Marakwet County, Kenya",0.0,3.3157894736842106,0.63,0.19,37.8,38 s
150699,89621357,Hillary Kipkoech,13393067447,Morning Run,nan,2024-11-20 05:45:43+00:00,38,Run,"Elgeyo-Marakwet County, Kenya",0.0,3.3157894736842106,0.63,0.19,37.8,38 s
150446,89621357,Hillary Kipkoech,13393067575,Morning Run,nan,2024-11-20 05:43:35+00:00,40,Run,"Elgeyo-Marakwet County, Kenya",0.0,3.5263157894736845,0.67,0.19,40.2,40 s
150573,89621357,Hillary Kipkoech,13393067575,Morning Run,nan,2024-11-20 05:43:35+00:00,40,Run,"Elgeyo-Marakwet County, Kenya",0.0,3.5263157894736845,0.67,0.19,40.2,40 s
150700,89621357,Hillary Kipkoech,13393067575,Morning Run,nan,2024-11-20 05:43:35+00:00,40,Run,"Elgeyo-Marakwet County, Kenya",0.0,3.5263157894736845,0.67,0.19,40.2,40 s
150449,89621357,Hillary Kipkoech,13393067634,Morning Run,nan,2024-11-20 05:33:48+00:00,81,Run,"Elgeyo-Marakwet County, Kenya",0.0,3.4615384615384617,1.35,0.39,81.0,1 m 21 s
150576,89621357,Hillary Kipkoech,13393067634,Morning Run,nan,2024-11-20 05:33:48+00:00,81,Run,"Elgeyo-Marakwet County, Kenya",0.0,3.4615384615384617,1.35,0.39,81.0,1 m 21 s
150703,89621357,Hillary Kipkoech,13393067634,Morning Run,nan,2024-11-20 05:33:48+00:00,81,Run,"Elgeyo-Marakwet County, Kenya",0.0,3.4615384615384617,1.35,0.39,81.0,1 m 21 s
150453,89621357,Hillary Kipkoech,13393067635,Morning Run,nan,2024-11-20 05:15:06+00:00,76,Run,"Elgeyo-Marakwet County, Kenya",0.0,3.175,1.27,0.4,76.2,1 m 16 s
150580,89621357,Hillary Kipkoech,13393067635,Morning Run,nan,2024-11-20 05:15:06+00:00,76,Run,"Elgeyo-Marakwet County, Kenya",0.0,3.175,1.27,0.4,76.2,1 m 16 s
150707,89621357,Hillary Kipkoech,13393067635,Morning Run,nan,2024-11-20 05:15:06+00:00,76,Run,"Elgeyo-Marakwet County, Kenya",0.0,3.175,1.27,0.4,76.2,1 m 16 s
150443,89621357,Hillary Kipkoech,13393067718,Afternoon Run,nan,2024-11-20 12:02:15+00:00,3232,Run,"Elgeyo-Marakwet County, Kenya",0.0,5.35964035964036,53.65,10.01,3219.0,53 m 39 s
150570,89621357,Hillary Kipkoech,13393067718,Afternoon Run,nan,2024-11-20 12:02:15+00:00,3232,Run,"Elgeyo-Marakwet County, Kenya",0.0,5.35964035964036,53.65,10.01,3219.0,53 m 39 s
150697,89621357,Hillary Kipkoech,13393067718,Afternoon Run,nan,2024-11-20 12:02:15+00:00,3232,Run,"Elgeyo-Marakwet County, Kenya",0.0,5.35964035964036,53.65,10.01,3219.0,53 m 39 s
150442,89621357,Hillary Kipkoech,13393068148,Morning Run,nan,2024-11-21 05:20:52+00:00,3959,Run,"Elgeyo-Marakwet County, Kenya",0.0,4.424778761061947,65.0,14.69,3900.0,1 h 5 m
150569,89621357,Hillary Kipkoech,13393068148,Morning Run,nan,2024-11-21 05:20:52+00:00,3959,Run,"Elgeyo-Marakwet County, Kenya",0.0,4.424778761061947,65.0,14.69,3900.0,1 h 5 m
150696,89621357,Hillary Kipkoech,13393068148,Morning Run,nan,2024-11-21 05:20:52+00:00,3959,Run,"Elgeyo-Marakwet County, Kenya",0.0,4.424778761061947,65.0,14.69,3900.0,1 h 5 m
150441,89621357,Hillary Kipkoech,13393068367,Afternoon Run,nan,2024-11-21 13:32:10+00:00,1697,Run,"Elgeyo-Marakwet County, Kenya",0.0,6.716791979949875,26.8,3.99,1608.0,26 m 48 s
150568,89621357,Hillary Kipkoech,13393068367,Afternoon Run,nan,2024-11-21 13:32:10+00:00,1697,Run,"Elgeyo-Marakwet County, Kenya",0.0,6.716791979949875,26.8,3.99,1608.0,26 m 48 s
150695,89621357,Hillary Kipkoech,13393068367,Afternoon Run,nan,2024-11-21 13:32:10+00:00,1697,Run,"Elgeyo-Marakwet County, Kenya",0.0,6.716791979949875,26.8,3.99,1608.0,26 m 48 s
150440,89621357,Hillary Kipkoech,13393068932,Morning Run,nan,2024-11-22 06:13:21+00:00,4266,Run,"Elgeyo-Marakwet County, Kenya",0.0,4.666666666666667,70.0,15.0,4200.0,1 h 10 m
150567,89621357,Hillary Kipkoech,13393068932,Morning Run,nan,2024-11-22 06:13:21+00:00,4266,Run,"Elgeyo-Marakwet County, Kenya",0.0,4.666666666666667,70.0,15.0,4200.0,1 h 10 m
150694,89621357,Hillary Kipkoech,13393068932,Morning Run,nan,2024-11-22 06:13:21+00:00,4266,Run,"Elgeyo-Marakwet County, Kenya",0.0,4.666666666666667,70.0,15.0,4200.0,1 h 10 m
150439,89621357,Hillary Kipkoech,13393069125,Morning Run,nan,2024-11-23 06:12:43+00:00,1161,Run,"Elgeyo-Marakwet County, Kenya",0.0,3.940936863543788,19.35,4.91,1161.0,19 m 21 s
150566,89621357,Hillary Kipkoech,13393069125,Morning Run,nan,2024-11-23 06:12:43+00:00,1161,Run,"Elgeyo-Marakwet County, Kenya",0.0,3.940936863543788,19.35,4.91,1161.0,19 m 21 s
150693,89621357,Hillary Kipkoech,13393069125,Morning Run,nan,2024-11-23 06:12:43+00:00,1161,Run,"Elgeyo-Marakwet County, Kenya",0.0,3.940936863543788,19.35,4.91,1161.0,19 m 21 s
150476,89621357,Hillary Kipkoech,13393069537,Morning Run,nan,2024-11-25 06:14:30+00:00,3658,Run,"Elgeyo-Marakwet County, Kenya",0.0,4.276550249465432,60.0,14.03,3600.0,1 h 0 m
150603,89621357,Hillary Kipkoech,13393069537,Morning Run,nan,2024-11-25 06:14:30+00:00,3658,Run,"Elgeyo-Marakwet County, Kenya",0.0,4.276550249465432,60.0,14.03,3600.0,1 h 0 m
150730,89621357,Hillary Kipkoech,13393069537,Morning Run,nan,2024-11-25 06:14:30+00:00,3658,Run,"Elgeyo-Marakwet County, Kenya",0.0,4.276550249465432,60.0,14.03,3600.0,1 h 0 m
150475,89621357,Hillary Kipkoech,13393069556,Afternoon Run,nan,2024-11-25 13:18:30+00:00,2249,Run,"Elgeyo-Marakwet County, Kenya",0.0,5.991935483870967,37.15,6.2,2229.0,37 m 9 s
150602,89621357,Hillary Kipkoech,13393069556,Afternoon Run,nan,2024-11-25 13:18:30+00:00,2249,Run,"Elgeyo-Marakwet County, Kenya",0.0,5.991935483870967,37.15,6.2,2229.0,37 m 9 s
150729,89621357,Hillary Kipkoech,13393069556,Afternoon Run,nan,2024-11-25 13:18:30+00:00,2249,Run,"Elgeyo-Marakwet County, Kenya",0.0,5.991935483870967,37.15,6.2,2229.0,37 m 9 s
150474,89621357,Hillary Kipkoech,13393069607,Morning Run,nan,2024-11-26 07:39:12+00:00,357,Run,"Elgeyo-Marakwet County, Kenya",0.0,3.71875,5.95,1.6,357.0,5 m 57 s
150601,89621357,Hillary Kipkoech,13393069607,Morning Run,nan,2024-11-26 07:39:12+00:00,357,Run,"Elgeyo-Marakwet County, Kenya",0.0,3.71875,5.95,1.6,357.0,5 m 57 s
150728,89621357,Hillary Kipkoech,13393069607,Morning Run,nan,2024-11-26 07:39:12+00:00,357,Run,"Elgeyo-Marakwet County, Kenya",0.0,3.71875,5.95,1.6,357.0,5 m 57 s
150473,89621357,Hillary Kipkoech,13393069645,Morning Run,nan,2024-11-26 07:49:23+00:00,267,Run,"Elgeyo-Marakwet County, Kenya",0.0,3.7083333333333335,4.45,1.2,267.0,4 m 27 s
150600,89621357,Hillary Kipkoech,13393069645,Morning Run,nan,2024-11-26 07:49:23+00:00,267,Run,"Elgeyo-Marakwet County, Kenya",0.0,3.7083333333333335,4.45,1.2,267.0,4 m 27 s
150727,89621357,Hillary Kipkoech,13393069645,Morning Run,nan,2024-11-26 07:49:23+00:00,267,Run,"Elgeyo-Marakwet County, Kenya",0.0,3.7083333333333335,4.45,1.2,267.0,4 m 27 s
150471,89621357,Hillary Kipkoech,13393069678,Lunch Run,nan,2024-11-26 08:02:11+00:00,79,Run,"Elgeyo-Marakwet County, Kenya",0.0,3.3,1.32,0.4,79.2,1 m 19 s
150598,89621357,Hillary Kipkoech,13393069678,Lunch Run,nan,2024-11-26 08:02:11+00:00,79,Run,"Elgeyo-Marakwet County, Kenya",0.0,3.3,1.32,0.4,79.2,1 m 19 s
150725,89621357,Hillary Kipkoech,13393069678,Lunch Run,nan,2024-11-26 08:02:11+00:00,79,Run,"Elgeyo-Marakwet County, Kenya",0.0,3.3,1.32,0.4,79.2,1 m 19 s
150472,89621357,Hillary Kipkoech,13393069690,Morning Run,nan,2024-11-26 07:56:10+00:00,177,Run,"Elgeyo-Marakwet County, Kenya",0.0,3.6875,2.95,0.8,177.0,2 m 57 s
150599,89621357,Hillary Kipkoech,13393069690,Morning Run,nan,2024-11-26 07:56:10+00:00,177,Run,"Elgeyo-Marakwet County, Kenya",0.0,3.6875,2.95,0.8,177.0,2 m 57 s
150726,89621357,Hillary Kipkoech,13393069690,Morning Run,nan,2024-11-26 07:56:10+00:00,177,Run,"Elgeyo-Marakwet County, Kenya",0.0,3.6875,2.95,0.8,177.0,2 m 57 s
150470,89621357,Hillary Kipkoech,13393069748,Lunch Run,nan,2024-11-26 08:07:04+00:00,79,Run,"Elgeyo-Marakwet County, Kenya",0.0,3.3846153846153846,1.32,0.39,79.2,1 m 19 s
150597,89621357,Hillary Kipkoech,13393069748,Lunch Run,nan,2024-11-26 08:07:04+00:00,79,Run,"Elgeyo-Marakwet County, Kenya",0.0,3.3846153846153846,1.32,0.39,79.2,1 m 19 s
150724,89621357,Hillary Kipkoech,13393069748,Lunch Run,nan,2024-11-26 08:07:04+00:00,79,Run,"Elgeyo-Marakwet County, Kenya",0.0,3.3846153846153846,1.32,0.39,79.2,1 m 19 s
150468,89621357,Hillary Kipkoech,13393069837,Lunch Run,nan,2024-11-26 08:16:56+00:00,131,Run,"Elgeyo-Marakwet County, Kenya",0.0,3.758620689655173,2.18,0.58,130.8,2 m 11 s
150595,89621357,Hillary Kipkoech,13393069837,Lunch Run,nan,2024-11-26 08:16:56+00:00,131,Run,"Elgeyo-Marakwet County, Kenya",0.0,3.758620689655173,2.18,0.58,130.8,2 m 11 s
150722,89621357,Hillary Kipkoech,13393069837,Lunch Run,nan,2024-11-26 08:16:56+00:00,131,Run,"Elgeyo-Marakwet County, Kenya",0.0,3.758620689655173,2.18,0.58,130.8,2 m 11 s
150469,89621357,Hillary Kipkoech,13393069928,Lunch Run,nan,2024-11-26 08:11:00+00:00,180,Run,"Elgeyo-Marakwet County, Kenya",0.0,3.797468354430379,3.0,0.79,180.0,3 m 0 s
150596,89621357,Hillary Kipkoech,13393069928,Lunch Run,nan,2024-11-26 08:11:00+00:00,180,Run,"Elgeyo-Marakwet County, Kenya",0.0,3.797468354430379,3.0,0.79,180.0,3 m 0 s
150723,89621357,Hillary Kipkoech,13393069928,Lunch Run,nan,2024-11-26 08:11:00+00:00,180,Run,"Elgeyo-Marakwet County, Kenya",0.0,3.797468354430379,3.0,0.79,180.0,3 m 0 s
150466,89621357,Hillary Kipkoech,13393069945,Lunch Run,nan,2024-11-26 08:28:53+00:00,90,Run,"Elgeyo-Marakwet County, Kenya",0.0,3.9473684210526314,1.5,0.38,90.0,1 m 30 s
150593,89621357,Hillary Kipkoech,13393069945,Lunch Run,nan,2024-11-26 08:28:53+00:00,90,Run,"Elgeyo-Marakwet County, Kenya",0.0,3.9473684210526314,1.5,0.38,90.0,1 m 30 s
150720,89621357,Hillary Kipkoech,13393069945,Lunch Run,nan,2024-11-26 08:28:53+00:00,90,Run,"Elgeyo-Marakwet County, Kenya",0.0,3.9473684210526314,1.5,0.38,90.0,1 m 30 s
150467,89621357,Hillary Kipkoech,13393070008,Lunch Run,nan,2024-11-26 08:24:27+00:00,176,Run,"Elgeyo-Marakwet County, Kenya",0.0,3.6625,2.93,0.8,175.8,2 m 56 s
150594,89621357,Hillary Kipkoech,13393070008,Lunch Run,nan,2024-11-26 08:24:27+00:00,176,Run,"Elgeyo-Marakwet County, Kenya",0.0,3.6625,2.93,0.8,175.8,2 m 56 s
150721,89621357,Hillary Kipkoech,13393070008,Lunch Run,nan,2024-11-26 08:24:27+00:00,176,Run,"Elgeyo-Marakwet County, Kenya",0.0,3.6625,2.93,0.8,175.8,2 m 56 s
150465,89621357,Hillary Kipkoech,13393070354,Morning Run,nan,2024-11-27 06:09:02+00:00,4200,Run,"Elgeyo-Marakwet County, Kenya",0.0,4.385964912280701,70.0,15.96,4200.0,1 h 10 m
150592,89621357,Hillary Kipkoech,13393070354,Morning Run,nan,2024-11-27 06:09:02+00:00,4200,Run,"Elgeyo-Marakwet County, Kenya",0.0,4.385964912280701,70.0,15.96,4200.0,1 h 10 m
150719,89621357,Hillary Kipkoech,13393070354,Morning Run,nan,2024-11-27 06:09:02+00:00,4200,Run,"Elgeyo-Marakwet County, Kenya",0.0,4.385964912280701,70.0,15.96,4200.0,1 h 10 m
150464,89621357,Hillary Kipkoech,13393070438,Morning Run,nan,2024-11-28 03:05:04+00:00,2116,Run,"Elgeyo-Marakwet County, Kenya",0.0,5.803630363036304,35.17,6.06,2110.2000000000003,35 m 10 s
150591,89621357,Hillary Kipkoech,13393070438,Morning Run,nan,2024-11-28 03:05:04+00:00,2116,Run,"Elgeyo-Marakwet County, Kenya",0.0,5.803630363036304,35.17,6.06,2110.2000000000003,35 m 10 s
150718,89621357,Hillary Kipkoech,13393070438,Morning Run,nan,2024-11-28 03:05:04+00:00,2116,Run,"Elgeyo-Marakwet County, Kenya",0.0,5.803630363036304,35.17,6.06,2110.2000000000003,35 m 10 s
150463,89621357,Hillary Kipkoech,13393070549,Morning Run,nan,2024-11-28 07:21:45+00:00,259,Run,"Elgeyo-Marakwet County, Kenya",0.0,3.630252100840337,4.32,1.19,259.20000000000005,4 m 19 s
150590,89621357,Hillary Kipkoech,13393070549,Morning Run,nan,2024-11-28 07:21:45+00:00,259,Run,"Elgeyo-Marakwet County, Kenya",0.0,3.630252100840337,4.32,1.19,259.20000000000005,4 m 19 s
150717,89621357,Hillary Kipkoech,13393070549,Morning Run,nan,2024-11-28 07:21:45+00:00,259,Run,"Elgeyo-Marakwet County, Kenya",0.0,3.630252100840337,4.32,1.19,259.20000000000005,4 m 19 s
150462,89621357,Hillary Kipkoech,13393070629,Morning Run,nan,2024-11-28 07:29:06+00:00,259,Run,"Elgeyo-Marakwet County, Kenya",0.0,3.661016949152543,4.32,1.18,259.20000000000005,4 m 19 s
150589,89621357,Hillary Kipkoech,13393070629,Morning Run,nan,2024-11-28 07:29:06+00:00,259,Run,"Elgeyo-Marakwet County, Kenya",0.0,3.661016949152543,4.32,1.18,259.20000000000005,4 m 19 s
150716,89621357,Hillary Kipkoech,13393070629,Morning Run,nan,2024-11-28 07:29:06+00:00,259,Run,"Elgeyo-Marakwet County, Kenya",0.0,3.661016949152543,4.32,1.18,259.20000000000005,4 m 19 s
150459,89621357,Hillary Kipkoech,13393070672,Morning Run,nan,2024-11-28 07:50:53+00:00,244,Run,"Elgeyo-Marakwet County, Kenya",0.0,3.7685185185185186,4.07,1.08,244.2,4 m 4 s
150586,89621357,Hillary Kipkoech,13393070672,Morning Run,nan,2024-11-28 07:50:53+00:00,244,Run,"Elgeyo-Marakwet County, Kenya",0.0,3.7685185185185186,4.07,1.08,244.2,4 m 4 s
150713,89621357,Hillary Kipkoech,13393070672,Morning Run,nan,2024-11-28 07:50:53+00:00,244,Run,"Elgeyo-Marakwet County, Kenya",0.0,3.7685185185185186,4.07,1.08,244.2,4 m 4 s
150460,89621357,Hillary Kipkoech,13393070717,Morning Run,nan,2024-11-28 07:43:41+00:00,267,Run,"Elgeyo-Marakwet County, Kenya",0.0,3.7083333333333335,4.45,1.2,267.0,4 m 27 s
150587,89621357,Hillary Kipkoech,13393070717,Morning Run,nan,2024-11-28 07:43:41+00:00,267,Run,"Elgeyo-Marakwet County, Kenya",0.0,3.7083333333333335,4.45,1.2,267.0,4 m 27 s
150714,89621357,Hillary Kipkoech,13393070717,Morning Run,nan,2024-11-28 07:43:41+00:00,267,Run,"Elgeyo-Marakwet County, Kenya",0.0,3.7083333333333335,4.45,1.2,267.0,4 m 27 s
150461,89621357,Hillary Kipkoech,13393070718,Morning Run,nan,2024-11-28 07:36:27+00:00,265,Run,"Elgeyo-Marakwet County, Kenya",0.0,3.6833333333333336,4.42,1.2,265.2,4 m 25 s
150588,89621357,Hillary Kipkoech,13393070718,Morning Run,nan,2024-11-28 07:36:27+00:00,265,Run,"Elgeyo-Marakwet County, Kenya",0.0,3.6833333333333336,4.42,1.2,265.2,4 m 25 s
150715,89621357,Hillary Kipkoech,13393070718,Morning Run,nan,2024-11-28 07:36:27+00:00,265,Run,"Elgeyo-Marakwet County, Kenya",0.0,3.6833333333333336,4.42,1.2,265.2,4 m 25 s
150458,89621357,Hillary Kipkoech,13393071241,Morning Run,nan,2024-11-29 04:15:12+00:00,5198,Run,"Elgeyo-Marakwet County, Kenya",0.0,5.0588235294117645,86.0,17.0,5160.0,1 h 26 m
150585,89621357,Hillary Kipkoech,13393071241,Morning Run,nan,2024-11-29 04:15:12+00:00,5198,Run,"Elgeyo-Marakwet County, Kenya",0.0,5.0588235294117645,86.0,17.0,5160.0,1 h 26 m
150712,89621357,Hillary Kipkoech,13393071241,Morning Run,nan,2024-11-29 04:15:12+00:00,5198,Run,"Elgeyo-Marakwet County, Kenya",0.0,5.0588235294117645,86.0,17.0,5160.0,1 h 26 m
150457,89621357,Hillary Kipkoech,13393072236,Morning Run,nan,2024-11-30 03:51:43+00:00,5979,Run,"Elgeyo-Marakwet County, Kenya",0.0,4.6764289088332545,99.0,21.17,5940.0,1 h 39 m
150584,89621357,Hillary Kipkoech,13393072236,Morning Run,nan,2024-11-30 03:51:43+00:00,5979,Run,"Elgeyo-Marakwet County, Kenya",0.0,4.6764289088332545,99.0,21.17,5940.0,1 h 39 m
150711,89621357,Hillary Kipkoech,13393072236,Morning Run,nan,2024-11-30 03:51:43+00:00,5979,Run,"Elgeyo-Marakwet County, Kenya",0.0,4.6764289088332545,99.0,21.17,5940.0,1 h 39 m
150505,89621357,Hillary Kipkoech,13393073086,Morning Run,nan,2024-12-02 04:20:25+00:00,5337,Run,"Elgeyo-Marakwet County, Kenya",0.0,4.88075429839157,88.0,18.03,5280.0,1 h 28 m
150632,89621357,Hillary Kipkoech,13393073086,Morning Run,nan,2024-12-02 04:20:25+00:00,5337,Run,"Elgeyo-Marakwet County, Kenya",0.0,4.88075429839157,88.0,18.03,5280.0,1 h 28 m
150759,89621357,Hillary Kipkoech,13393073086,Morning Run,nan,2024-12-02 04:20:25+00:00,5337,Run,"Elgeyo-Marakwet County, Kenya",0.0,4.88075429839157,88.0,18.03,5280.0,1 h 28 m
150504,89621357,Hillary Kipkoech,13393073727,Afternoon Run,nan,2024-12-02 13:16:18+00:00,2629,Run,"Elgeyo-Marakwet County, Kenya",0.0,6.2421652421652425,43.82,7.02,2629.2,43 m 49 s
150631,89621357,Hillary Kipkoech,13393073727,Afternoon Run,nan,2024-12-02 13:16:18+00:00,2629,Run,"Elgeyo-Marakwet County, Kenya",0.0,6.2421652421652425,43.82,7.02,2629.2,43 m 49 s
150758,89621357,Hillary Kipkoech,13393073727,Afternoon Run,nan,2024-12-02 13:16:18+00:00,2629,Run,"Elgeyo-Marakwet County, Kenya",0.0,6.2421652421652425,43.82,7.02,2629.2,43 m 49 s
150501,89621357,Hillary Kipkoech,13393073750,Morning Run,nan,2024-12-03 06:15:17+00:00,103,Run,"Elgeyo-Marakwet County, Kenya",0.0,3.510204081632653,1.72,0.49,103.2,1 m 43 s
150628,89621357,Hillary Kipkoech,13393073750,Morning Run,nan,2024-12-03 06:15:17+00:00,103,Run,"Elgeyo-Marakwet County, Kenya",0.0,3.510204081632653,1.72,0.49,103.2,1 m 43 s
150755,89621357,Hillary Kipkoech,13393073750,Morning Run,nan,2024-12-03 06:15:17+00:00,103,Run,"Elgeyo-Marakwet County, Kenya",0.0,3.510204081632653,1.72,0.49,103.2,1 m 43 s
150500,89621357,Hillary Kipkoech,13393073808,Morning Run,nan,2024-12-03 06:19:23+00:00,126,Run,"Elgeyo-Marakwet County, Kenya",0.0,3.5000000000000004,2.1,0.6,126.0,2 m 6 s
150627,89621357,Hillary Kipkoech,13393073808,Morning Run,nan,2024-12-03 06:19:23+00:00,126,Run,"Elgeyo-Marakwet County, Kenya",0.0,3.5000000000000004,2.1,0.6,126.0,2 m 6 s
150754,89621357,Hillary Kipkoech,13393073808,Morning Run,nan,2024-12-03 06:19:23+00:00,126,Run,"Elgeyo-Marakwet County, Kenya",0.0,3.5000000000000004,2.1,0.6,126.0,2 m 6 s
150498,89621357,Hillary Kipkoech,13393073881,Morning Run,nan,2024-12-03 06:28:10+00:00,87,Run,"Elgeyo-Marakwet County, Kenya",0.0,3.5365853658536586,1.45,0.41,87.0,1 m 27 s
150625,89621357,Hillary Kipkoech,13393073881,Morning Run,nan,2024-12-03 06:28:10+00:00,87,Run,"Elgeyo-Marakwet County, Kenya",0.0,3.5365853658536586,1.45,0.41,87.0,1 m 27 s
150752,89621357,Hillary Kipkoech,13393073881,Morning Run,nan,2024-12-03 06:28:10+00:00,87,Run,"Elgeyo-Marakwet County, Kenya",0.0,3.5365853658536586,1.45,0.41,87.0,1 m 27 s
150499,89621357,Hillary Kipkoech,13393073884,Morning Run,nan,2024-12-03 06:23:39+00:00,154,Run,"Elgeyo-Marakwet County, Kenya",0.0,3.724637681159421,2.57,0.69,154.2,2 m 34 s
150626,89621357,Hillary Kipkoech,13393073884,Morning Run,nan,2024-12-03 06:23:39+00:00,154,Run,"Elgeyo-Marakwet County, Kenya",0.0,3.724637681159421,2.57,0.69,154.2,2 m 34 s
150753,89621357,Hillary Kipkoech,13393073884,Morning Run,nan,2024-12-03 06:23:39+00:00,154,Run,"Elgeyo-Marakwet County, Kenya",0.0,3.724637681159421,2.57,0.69,154.2,2 m 34 s
150495,89621357,Hillary Kipkoech,13393073924,Morning Run,nan,2024-12-03 06:44:46+00:00,100,Run,"Elgeyo-Marakwet County, Kenya",0.0,3.4791666666666665,1.67,0.48,100.2,1 m 40 s
150622,89621357,Hillary Kipkoech,13393073924,Morning Run,nan,2024-12-03 06:44:46+00:00,100,Run,"Elgeyo-Marakwet County, Kenya",0.0,3.4791666666666665,1.67,0.48,100.2,1 m 40 s
150749,89621357,Hillary Kipkoech,13393073924,Morning Run,nan,2024-12-03 06:44:46+00:00,100,Run,"Elgeyo-Marakwet County, Kenya",0.0,3.4791666666666665,1.67,0.48,100.2,1 m 40 s
150496,89621357,Hillary Kipkoech,13393073961,Morning Run,nan,2024-12-03 06:39:20+00:00,132,Run,"Elgeyo-Marakwet County, Kenya",0.0,3.666666666666667,2.2,0.6,132.0,2 m 12 s
150623,89621357,Hillary Kipkoech,13393073961,Morning Run,nan,2024-12-03 06:39:20+00:00,132,Run,"Elgeyo-Marakwet County, Kenya",0.0,3.666666666666667,2.2,0.6,132.0,2 m 12 s
150750,89621357,Hillary Kipkoech,13393073961,Morning Run,nan,2024-12-03 06:39:20+00:00,132,Run,"Elgeyo-Marakwet County, Kenya",0.0,3.666666666666667,2.2,0.6,132.0,2 m 12 s
150497,89621357,Hillary Kipkoech,13393073962,Morning Run,nan,2024-12-03 06:34:45+00:00,144,Run,"Elgeyo-Marakwet County, Kenya",0.0,3.5820895522388057,2.4,0.67,144.0,2 m 24 s
150624,89621357,Hillary Kipkoech,13393073962,Morning Run,nan,2024-12-03 06:34:45+00:00,144,Run,"Elgeyo-Marakwet County, Kenya",0.0,3.5820895522388057,2.4,0.67,144.0,2 m 24 s
150751,89621357,Hillary Kipkoech,13393073962,Morning Run,nan,2024-12-03 06:34:45+00:00,144,Run,"Elgeyo-Marakwet County, Kenya",0.0,3.5820895522388057,2.4,0.67,144.0,2 m 24 s
150503,89621357,Hillary Kipkoech,13393074008,Morning Run,nan,2024-12-03 06:08:59+00:00,55,Run,"Elgeyo-Marakwet County, Kenya",0.0,3.2857142857142856,0.92,0.28,55.2,55 s
150630,89621357,Hillary Kipkoech,13393074008,Morning Run,nan,2024-12-03 06:08:59+00:00,55,Run,"Elgeyo-Marakwet County, Kenya",0.0,3.2857142857142856,0.92,0.28,55.2,55 s
150757,89621357,Hillary Kipkoech,13393074008,Morning Run,nan,2024-12-03 06:08:59+00:00,55,Run,"Elgeyo-Marakwet County, Kenya",0.0,3.2857142857142856,0.92,0.28,55.2,55 s
150493,89621357,Hillary Kipkoech,13393074009,Morning Run,nan,2024-12-03 06:51:20+00:00,58,Run,"Elgeyo-Marakwet County, Kenya",0.0,3.344827586206897,0.97,0.29,58.2,58 s
150620,89621357,Hillary Kipkoech,13393074009,Morning Run,nan,2024-12-03 06:51:20+00:00,58,Run,"Elgeyo-Marakwet County, Kenya",0.0,3.344827586206897,0.97,0.29,58.2,58 s
150747,89621357,Hillary Kipkoech,13393074009,Morning Run,nan,2024-12-03 06:51:20+00:00,58,Run,"Elgeyo-Marakwet County, Kenya",0.0,3.344827586206897,0.97,0.29,58.2,58 s
150502,89621357,Hillary Kipkoech,13393074010,Morning Run,nan,2024-12-03 06:11:31+00:00,80,Run,"Elgeyo-Marakwet County, Kenya",0.0,3.41025641025641,1.33,0.39,79.80000000000001,1 m 20 s
150629,89621357,Hillary Kipkoech,13393074010,Morning Run,nan,2024-12-03 06:11:31+00:00,80,Run,"Elgeyo-Marakwet County, Kenya",0.0,3.41025641025641,1.33,0.39,79.80000000000001,1 m 20 s
150756,89621357,Hillary Kipkoech,13393074010,Morning Run,nan,2024-12-03 06:11:31+00:00,80,Run,"Elgeyo-Marakwet County, Kenya",0.0,3.41025641025641,1.33,0.39,79.80000000000001,1 m 20 s
150494,89621357,Hillary Kipkoech,13393074011,Morning Run,nan,2024-12-03 06:48:14+00:00,83,Run,"Elgeyo-Marakwet County, Kenya",0.0,3.4499999999999997,1.38,0.4,82.8,1 m 23 s
150621,89621357,Hillary Kipkoech,13393074011,Morning Run,nan,2024-12-03 06:48:14+00:00,83,Run,"Elgeyo-Marakwet County, Kenya",0.0,3.4499999999999997,1.38,0.4,82.8,1 m 23 s
150748,89621357,Hillary Kipkoech,13393074011,Morning Run,nan,2024-12-03 06:48:14+00:00,83,Run,"Elgeyo-Marakwet County, Kenya",0.0,3.4499999999999997,1.38,0.4,82.8,1 m 23 s
150492,89621357,Hillary Kipkoech,13393074084,Morning Run,nan,2024-12-03 06:54:31+00:00,37,Run,"Elgeyo-Marakwet County, Kenya",0.0,3.0999999999999996,0.62,0.2,37.2,37 s
150619,89621357,Hillary Kipkoech,13393074084,Morning Run,nan,2024-12-03 06:54:31+00:00,37,Run,"Elgeyo-Marakwet County, Kenya",0.0,3.0999999999999996,0.62,0.2,37.2,37 s
150746,89621357,Hillary Kipkoech,13393074084,Morning Run,nan,2024-12-03 06:54:31+00:00,37,Run,"Elgeyo-Marakwet County, Kenya",0.0,3.0999999999999996,0.62,0.2,37.2,37 s
150491,89621357,Hillary Kipkoech,13393074515,Morning Run,nan,2024-12-04 03:45:48+00:00,4447,Run,"Elgeyo-Marakwet County, Kenya",0.0,4.62211118051218,74.0,16.01,4440.0,1 h 14 m
150618,89621357,Hillary Kipkoech,13393074515,Morning Run,nan,2024-12-04 03:45:48+00:00,4447,Run,"Elgeyo-Marakwet County, Kenya",0.0,4.62211118051218,74.0,16.01,4440.0,1 h 14 m
150745,89621357,Hillary Kipkoech,13393074515,Morning Run,nan,2024-12-04 03:45:48+00:00,4447,Run,"Elgeyo-Marakwet County, Kenya",0.0,4.62211118051218,74.0,16.01,4440.0,1 h 14 m
150489,89621357,Hillary Kipkoech,13393074725,Morning Run,nan,2024-12-05 06:30:59+00:00,210,Run,"Elgeyo-Marakwet County, Kenya",0.0,3.5,3.5,1.0,210.0,3 m 30 s
150616,89621357,Hillary Kipkoech,13393074725,Morning Run,nan,2024-12-05 06:30:59+00:00,210,Run,"Elgeyo-Marakwet County, Kenya",0.0,3.5,3.5,1.0,210.0,3 m 30 s
150743,89621357,Hillary Kipkoech,13393074725,Morning Run,nan,2024-12-05 06:30:59+00:00,210,Run,"Elgeyo-Marakwet County, Kenya",0.0,3.5,3.5,1.0,210.0,3 m 30 s
150490,89621357,Hillary Kipkoech,13393074739,Afternoon Run,nan,2024-12-04 12:08:46+00:00,2829,Run,"Elgeyo-Marakwet County, Kenya",0.0,5.857142857142857,47.15,8.05,2829.0,47 m 9 s
150617,89621357,Hillary Kipkoech,13393074739,Afternoon Run,nan,2024-12-04 12:08:46+00:00,2829,Run,"Elgeyo-Marakwet County, Kenya",0.0,5.857142857142857,47.15,8.05,2829.0,47 m 9 s
150744,89621357,Hillary Kipkoech,13393074739,Afternoon Run,nan,2024-12-04 12:08:46+00:00,2829,Run,"Elgeyo-Marakwet County, Kenya",0.0,5.857142857142857,47.15,8.05,2829.0,47 m 9 s
150487,89621357,Hillary Kipkoech,13393074791,Morning Run,nan,2024-12-05 06:47:17+00:00,73,Run,"Elgeyo-Marakwet County, Kenya",0.0,3.2105263157894735,1.22,0.38,73.2,1 m 13 s
150614,89621357,Hillary Kipkoech,13393074791,Morning Run,nan,2024-12-05 06:47:17+00:00,73,Run,"Elgeyo-Marakwet County, Kenya",0.0,3.2105263157894735,1.22,0.38,73.2,1 m 13 s
150741,89621357,Hillary Kipkoech,13393074791,Morning Run,nan,2024-12-05 06:47:17+00:00,73,Run,"Elgeyo-Marakwet County, Kenya",0.0,3.2105263157894735,1.22,0.38,73.2,1 m 13 s
150488,89621357,Hillary Kipkoech,13393074844,Morning Run,nan,2024-12-05 06:41:38+00:00,73,Run,"Elgeyo-Marakwet County, Kenya",0.0,3.2105263157894735,1.22,0.38,73.2,1 m 13 s
150615,89621357,Hillary Kipkoech,13393074844,Morning Run,nan,2024-12-05 06:41:38+00:00,73,Run,"Elgeyo-Marakwet County, Kenya",0.0,3.2105263157894735,1.22,0.38,73.2,1 m 13 s
150742,89621357,Hillary Kipkoech,13393074844,Morning Run,nan,2024-12-05 06:41:38+00:00,73,Run,"Elgeyo-Marakwet County, Kenya",0.0,3.2105263157894735,1.22,0.38,73.2,1 m 13 s
150486,89621357,Hillary Kipkoech,13393074870,Morning Run,nan,2024-12-05 06:58:39+00:00,78,Run,"Elgeyo-Marakwet County, Kenya",0.0,3.3333333333333335,1.3,0.39,78.0,1 m 18 s
150613,89621357,Hillary Kipkoech,13393074870,Morning Run,nan,2024-12-05 06:58:39+00:00,78,Run,"Elgeyo-Marakwet County, Kenya",0.0,3.3333333333333335,1.3,0.39,78.0,1 m 18 s
150740,89621357,Hillary Kipkoech,13393074870,Morning Run,nan,2024-12-05 06:58:39+00:00,78,Run,"Elgeyo-Marakwet County, Kenya",0.0,3.3333333333333335,1.3,0.39,78.0,1 m 18 s
150485,89621357,Hillary Kipkoech,13393074873,Morning Run,nan,2024-12-05 07:04:03+00:00,76,Run,"Elgeyo-Marakwet County, Kenya",0.0,3.3421052631578947,1.27,0.38,76.2,1 m 16 s
150612,89621357,Hillary Kipkoech,13393074873,Morning Run,nan,2024-12-05 07:04:03+00:00,76,Run,"Elgeyo-Marakwet County, Kenya",0.0,3.3421052631578947,1.27,0.38,76.2,1 m 16 s
150739,89621357,Hillary Kipkoech,13393074873,Morning Run,nan,2024-12-05 07:04:03+00:00,76,Run,"Elgeyo-Marakwet County, Kenya",0.0,3.3421052631578947,1.27,0.38,76.2,1 m 16 s
150482,89621357,Hillary Kipkoech,13393074960,Morning Run,nan,2024-12-05 07:19:12+00:00,80,Run,"Elgeyo-Marakwet County, Kenya",0.0,3.5,1.33,0.38,79.80000000000001,1 m 20 s
150609,89621357,Hillary Kipkoech,13393074960,Morning Run,nan,2024-12-05 07:19:12+00:00,80,Run,"Elgeyo-Marakwet County, Kenya",0.0,3.5,1.33,0.38,79.80000000000001,1 m 20 s
150736,89621357,Hillary Kipkoech,13393074960,Morning Run,nan,2024-12-05 07:19:12+00:00,80,Run,"Elgeyo-Marakwet County, Kenya",0.0,3.5,1.33,0.38,79.80000000000001,1 m 20 s
150483,89621357,Hillary Kipkoech,13393074961,Morning Run,nan,2024-12-05 07:14:33+00:00,77,Run,"Elgeyo-Marakwet County, Kenya",0.0,3.3684210526315788,1.28,0.38,76.8,1 m 17 s
150610,89621357,Hillary Kipkoech,13393074961,Morning Run,nan,2024-12-05 07:14:33+00:00,77,Run,"Elgeyo-Marakwet County, Kenya",0.0,3.3684210526315788,1.28,0.38,76.8,1 m 17 s
150737,89621357,Hillary Kipkoech,13393074961,Morning Run,nan,2024-12-05 07:14:33+00:00,77,Run,"Elgeyo-Marakwet County, Kenya",0.0,3.3684210526315788,1.28,0.38,76.8,1 m 17 s
150484,89621357,Hillary Kipkoech,13393074962,Morning Run,nan,2024-12-05 07:09:03+00:00,76,Run,"Elgeyo-Marakwet County, Kenya",0.0,3.4324324324324325,1.27,0.37,76.2,1 m 16 s
150611,89621357,Hillary Kipkoech,13393074962,Morning Run,nan,2024-12-05 07:09:03+00:00,76,Run,"Elgeyo-Marakwet County, Kenya",0.0,3.4324324324324325,1.27,0.37,76.2,1 m 16 s
150738,89621357,Hillary Kipkoech,13393074962,Morning Run,nan,2024-12-05 07:09:03+00:00,76,Run,"Elgeyo-Marakwet County, Kenya",0.0,3.4324324324324325,1.27,0.37,76.2,1 m 16 s
150481,89621357,Hillary Kipkoech,13393075351,Morning Run,nan,2024-12-05 07:24:27+00:00,78,Run,"Elgeyo-Marakwet County, Kenya",0.0,3.4210526315789473,1.3,0.38,78.0,1 m 18 s
150608,89621357,Hillary Kipkoech,13393075351,Morning Run,nan,2024-12-05 07:24:27+00:00,78,Run,"Elgeyo-Marakwet County, Kenya",0.0,3.4210526315789473,1.3,0.38,78.0,1 m 18 s
150735,89621357,Hillary Kipkoech,13393075351,Morning Run,nan,2024-12-05 07:24:27+00:00,78,Run,"Elgeyo-Marakwet County, Kenya",0.0,3.4210526315789473,1.3,0.38,78.0,1 m 18 s
150480,89621357,Hillary Kipkoech,13393075447,Morning Run,nan,2024-12-06 03:47:21+00:00,5142,Run,"Elgeyo-Marakwet County, Kenya",0.0,5.309181761399125,85.0,16.01,5100.0,1 h 25 m
150607,89621357,Hillary Kipkoech,13393075447,Morning Run,nan,2024-12-06 03:47:21+00:00,5142,Run,"Elgeyo-Marakwet County, Kenya",0.0,5.309181761399125,85.0,16.01,5100.0,1 h 25 m
150734,89621357,Hillary Kipkoech,13393075447,Morning Run,nan,2024-12-06 03:47:21+00:00,5142,Run,"Elgeyo-Marakwet County, Kenya",0.0,5.309181761399125,85.0,16.01,5100.0,1 h 25 m
150479,89621357,Hillary Kipkoech,13393075684,Morning Run,nan,2024-12-07 05:10:41+00:00,1083,Run,"Elgeyo-Marakwet County, Kenya",0.0,3.617234468937876,18.05,4.99,1083.0,18 m 3 s
150606,89621357,Hillary Kipkoech,13393075684,Morning Run,nan,2024-12-07 05:10:41+00:00,1083,Run,"Elgeyo-Marakwet County, Kenya",0.0,3.617234468937876,18.05,4.99,1083.0,18 m 3 s
150733,89621357,Hillary Kipkoech,13393075684,Morning Run,nan,2024-12-07 05:10:41+00:00,1083,Run,"Elgeyo-Marakwet County, Kenya",0.0,3.617234468937876,18.05,4.99,1083.0,18 m 3 s
150478,89621357,Hillary Kipkoech,13393075712,Morning Run,nan,2024-12-07 05:42:11+00:00,1684,Run,"Elgeyo-Marakwet County, Kenya",0.0,6.753117206982544,27.08,4.01,1624.8,27 m 5 s
150605,89621357,Hillary Kipkoech,13393075712,Morning Run,nan,2024-12-07 05:42:11+00:00,1684,Run,"Elgeyo-Marakwet County, Kenya",0.0,6.753117206982544,27.08,4.01,1624.8,27 m 5 s
150732,89621357,Hillary Kipkoech,13393075712,Morning Run,nan,2024-12-07 05:42:11+00:00,1684,Run,"Elgeyo-Marakwet County, Kenya",0.0,6.753117206982544,27.08,4.01,1624.8,27 m 5 s
150522,89621357,Hillary Kipkoech,13393075764,Morning Run,nan,2024-12-09 07:06:39+00:00,53,Run,"Elgeyo-Marakwet County, Kenya",0.0,3.142857142857143,0.88,0.28,52.8,53 s
150649,89621357,Hillary Kipkoech,13393075764,Morning Run,nan,2024-12-09 07:06:39+00:00,53,Run,"Elgeyo-Marakwet County, Kenya",0.0,3.142857142857143,0.88,0.28,52.8,53 s
150776,89621357,Hillary Kipkoech,13393075764,Morning Run,nan,2024-12-09 07:06:39+00:00,53,Run,"Elgeyo-Marakwet County, Kenya",0.0,3.142857142857143,0.88,0.28,52.8,53 s
150520,89621357,Hillary Kipkoech,13393075874,Morning Run,nan,2024-12-09 07:11:58+00:00,54,Run,"Elgeyo-Marakwet County, Kenya",0.0,3.333333333333333,0.9,0.27,54.0,54 s
150647,89621357,Hillary Kipkoech,13393075874,Morning Run,nan,2024-12-09 07:11:58+00:00,54,Run,"Elgeyo-Marakwet County, Kenya",0.0,3.333333333333333,0.9,0.27,54.0,54 s
150774,89621357,Hillary Kipkoech,13393075874,Morning Run,nan,2024-12-09 07:11:58+00:00,54,Run,"Elgeyo-Marakwet County, Kenya",0.0,3.333333333333333,0.9,0.27,54.0,54 s
150477,89621357,Hillary Kipkoech,13393075889,Morning Run,nan,2024-12-08 03:50:38+00:00,1484,Run,"Elgeyo-Marakwet County, Kenya",0.0,4.936,24.68,5.0,1480.8,24 m 41 s
150604,89621357,Hillary Kipkoech,13393075889,Morning Run,nan,2024-12-08 03:50:38+00:00,1484,Run,"Elgeyo-Marakwet County, Kenya",0.0,4.936,24.68,5.0,1480.8,24 m 41 s
150731,89621357,Hillary Kipkoech,13393075889,Morning Run,nan,2024-12-08 03:50:38+00:00,1484,Run,"Elgeyo-Marakwet County, Kenya",0.0,4.936,24.68,5.0,1480.8,24 m 41 s
150521,89621357,Hillary Kipkoech,13393075892,Morning Run,nan,2024-12-09 07:09:18+00:00,53,Run,"Elgeyo-Marakwet County, Kenya",0.0,3.142857142857143,0.88,0.28,52.8,53 s
150648,89621357,Hillary Kipkoech,13393075892,Morning Run,nan,2024-12-09 07:09:18+00:00,53,Run,"Elgeyo-Marakwet County, Kenya",0.0,3.142857142857143,0.88,0.28,52.8,53 s
150775,89621357,Hillary Kipkoech,13393075892,Morning Run,nan,2024-12-09 07:09:18+00:00,53,Run,"Elgeyo-Marakwet County, Kenya",0.0,3.142857142857143,0.88,0.28,52.8,53 s
150519,89621357,Hillary Kipkoech,13393075951,Morning Run,nan,2024-12-09 07:14:46+00:00,56,Run,"Elgeyo-Marakwet County, Kenya",0.0,3.321428571428571,0.93,0.28,55.8,56 s
150646,89621357,Hillary Kipkoech,13393075951,Morning Run,nan,2024-12-09 07:14:46+00:00,56,Run,"Elgeyo-Marakwet County, Kenya",0.0,3.321428571428571,0.93,0.28,55.8,56 s
150773,89621357,Hillary Kipkoech,13393075951,Morning Run,nan,2024-12-09 07:14:46+00:00,56,Run,"Elgeyo-Marakwet County, Kenya",0.0,3.321428571428571,0.93,0.28,55.8,56 s
150518,89621357,Hillary Kipkoech,13393075952,Morning Run,nan,2024-12-09 07:17:44+00:00,51,Run,"Elgeyo-Marakwet County, Kenya",0.0,3.148148148148148,0.85,0.27,51.0,51 s
150645,89621357,Hillary Kipkoech,13393075952,Morning Run,nan,2024-12-09 07:17:44+00:00,51,Run,"Elgeyo-Marakwet County, Kenya",0.0,3.148148148148148,0.85,0.27,51.0,51 s
150772,89621357,Hillary Kipkoech,13393075952,Morning Run,nan,2024-12-09 07:17:44+00:00,51,Run,"Elgeyo-Marakwet County, Kenya",0.0,3.148148148148148,0.85,0.27,51.0,51 s
150516,89621357,Hillary Kipkoech,13393076021,Morning Run,nan,2024-12-09 07:23:23+00:00,56,Run,"Elgeyo-Marakwet County, Kenya",0.0,3.321428571428571,0.93,0.28,55.8,56 s
150643,89621357,Hillary Kipkoech,13393076021,Morning Run,nan,2024-12-09 07:23:23+00:00,56,Run,"Elgeyo-Marakwet County, Kenya",0.0,3.321428571428571,0.93,0.28,55.8,56 s
150770,89621357,Hillary Kipkoech,13393076021,Morning Run,nan,2024-12-09 07:23:23+00:00,56,Run,"Elgeyo-Marakwet County, Kenya",0.0,3.321428571428571,0.93,0.28,55.8,56 s
150514,89621357,Hillary Kipkoech,13393076030,Morning Run,nan,2024-12-09 07:28:47+00:00,56,Run,"Elgeyo-Marakwet County, Kenya",0.0,3.444444444444444,0.93,0.27,55.8,56 s
150641,89621357,Hillary Kipkoech,13393076030,Morning Run,nan,2024-12-09 07:28:47+00:00,56,Run,"Elgeyo-Marakwet County, Kenya",0.0,3.444444444444444,0.93,0.27,55.8,56 s
150768,89621357,Hillary Kipkoech,13393076030,Morning Run,nan,2024-12-09 07:28:47+00:00,56,Run,"Elgeyo-Marakwet County, Kenya",0.0,3.444444444444444,0.93,0.27,55.8,56 s
150515,89621357,Hillary Kipkoech,13393076031,Morning Run,nan,2024-12-09 07:26:09+00:00,54,Run,"Elgeyo-Marakwet County, Kenya",0.0,3.214285714285714,0.9,0.28,54.0,54 s
150642,89621357,Hillary Kipkoech,13393076031,Morning Run,nan,2024-12-09 07:26:09+00:00,54,Run,"Elgeyo-Marakwet County, Kenya",0.0,3.214285714285714,0.9,0.28,54.0,54 s
150769,89621357,Hillary Kipkoech,13393076031,Morning Run,nan,2024-12-09 07:26:09+00:00,54,Run,"Elgeyo-Marakwet County, Kenya",0.0,3.214285714285714,0.9,0.28,54.0,54 s
150517,89621357,Hillary Kipkoech,13393076050,Morning Run,nan,2024-12-09 07:20:36+00:00,54,Run,"Elgeyo-Marakwet County, Kenya",0.0,3.333333333333333,0.9,0.27,54.0,54 s
150644,89621357,Hillary Kipkoech,13393076050,Morning Run,nan,2024-12-09 07:20:36+00:00,54,Run,"Elgeyo-Marakwet County, Kenya",0.0,3.333333333333333,0.9,0.27,54.0,54 s
150771,89621357,Hillary Kipkoech,13393076050,Morning Run,nan,2024-12-09 07:20:36+00:00,54,Run,"Elgeyo-Marakwet County, Kenya",0.0,3.333333333333333,0.9,0.27,54.0,54 s
150513,89621357,Hillary Kipkoech,13393076074,Morning Run,nan,2024-12-09 07:33:20+00:00,38,Run,"Elgeyo-Marakwet County, Kenya",0.0,3.15,0.63,0.2,37.8,38 s
150640,89621357,Hillary Kipkoech,13393076074,Morning Run,nan,2024-12-09 07:33:20+00:00,38,Run,"Elgeyo-Marakwet County, Kenya",0.0,3.15,0.63,0.2,37.8,38 s
150767,89621357,Hillary Kipkoech,13393076074,Morning Run,nan,2024-12-09 07:33:20+00:00,38,Run,"Elgeyo-Marakwet County, Kenya",0.0,3.15,0.63,0.2,37.8,38 s
150512,89621357,Hillary Kipkoech,13393076082,Morning Run,nan,2024-12-09 07:36:04+00:00,39,Run,"Elgeyo-Marakwet County, Kenya",0.0,3.4210526315789473,0.65,0.19,39.0,39 s
150639,89621357,Hillary Kipkoech,13393076082,Morning Run,nan,2024-12-09 07:36:04+00:00,39,Run,"Elgeyo-Marakwet County, Kenya",0.0,3.4210526315789473,0.65,0.19,39.0,39 s
150766,89621357,Hillary Kipkoech,13393076082,Morning Run,nan,2024-12-09 07:36:04+00:00,39,Run,"Elgeyo-Marakwet County, Kenya",0.0,3.4210526315789473,0.65,0.19,39.0,39 s
150511,89621357,Hillary Kipkoech,13393076151,Morning Run,nan,2024-12-09 07:38:19+00:00,36,Run,"Elgeyo-Marakwet County, Kenya",0.0,3.1578947368421053,0.6,0.19,36.0,36 s
150638,89621357,Hillary Kipkoech,13393076151,Morning Run,nan,2024-12-09 07:38:19+00:00,36,Run,"Elgeyo-Marakwet County, Kenya",0.0,3.1578947368421053,0.6,0.19,36.0,36 s
150765,89621357,Hillary Kipkoech,13393076151,Morning Run,nan,2024-12-09 07:38:19+00:00,36,Run,"Elgeyo-Marakwet County, Kenya",0.0,3.1578947368421053,0.6,0.19,36.0,36 s
150509,89621357,Hillary Kipkoech,13393076314,Morning Run,nan,2024-12-10 04:48:47+00:00,155,Run,"Elgeyo-Marakwet County, Kenya",0.0,5.666666666666667,2.38,0.42,142.79999999999998,2 m 23 s
150636,89621357,Hillary Kipkoech,13393076314,Morning Run,nan,2024-12-10 04:48:47+00:00,155,Run,"Elgeyo-Marakwet County, Kenya",0.0,5.666666666666667,2.38,0.42,142.79999999999998,2 m 23 s
150763,89621357,Hillary Kipkoech,13393076314,Morning Run,nan,2024-12-10 04:48:47+00:00,155,Run,"Elgeyo-Marakwet County, Kenya",0.0,5.666666666666667,2.38,0.42,142.79999999999998,2 m 23 s
150510,89621357,Hillary Kipkoech,13393076336,Afternoon Run,nan,2024-12-09 13:56:50+00:00,2350,Run,"Elgeyo-Marakwet County, Kenya",0.0,6.2870967741935475,38.98,6.2,2338.7999999999997,38 m 59 s
150637,89621357,Hillary Kipkoech,13393076336,Afternoon Run,nan,2024-12-09 13:56:50+00:00,2350,Run,"Elgeyo-Marakwet County, Kenya",0.0,6.2870967741935475,38.98,6.2,2338.7999999999997,38 m 59 s
150764,89621357,Hillary Kipkoech,13393076336,Afternoon Run,nan,2024-12-09 13:56:50+00:00,2350,Run,"Elgeyo-Marakwet County, Kenya",0.0,6.2870967741935475,38.98,6.2,2338.7999999999997,38 m 59 s
150508,89621357,Hillary Kipkoech,13393076638,Morning Run,nan,2024-12-10 04:59:33+00:00,3841,Run,"Elgeyo-Marakwet County, Kenya",0.0,5.497382198952879,63.0,11.46,3780.0,1 h 3 m
150635,89621357,Hillary Kipkoech,13393076638,Morning Run,nan,2024-12-10 04:59:33+00:00,3841,Run,"Elgeyo-Marakwet County, Kenya",0.0,5.497382198952879,63.0,11.46,3780.0,1 h 3 m
150762,89621357,Hillary Kipkoech,13393076638,Morning Run,nan,2024-12-10 04:59:33+00:00,3841,Run,"Elgeyo-Marakwet County, Kenya",0.0,5.497382198952879,63.0,11.46,3780.0,1 h 3 m
150507,89621357,Hillary Kipkoech,13393076939,Morning Run,nan,2024-12-11 03:15:44+00:00,2443,Run,"Elgeyo-Marakwet County, Kenya",0.0,5.767705382436261,40.72,7.06,2443.2,40 m 43 s
150634,89621357,Hillary Kipkoech,13393076939,Morning Run,nan,2024-12-11 03:15:44+00:00,2443,Run,"Elgeyo-Marakwet County, Kenya",0.0,5.767705382436261,40.72,7.06,2443.2,40 m 43 s
150761,89621357,Hillary Kipkoech,13393076939,Morning Run,nan,2024-12-11 03:15:44+00:00,2443,Run,"Elgeyo-Marakwet County, Kenya",0.0,5.767705382436261,40.72,7.06,2443.2,40 m 43 s
150506,89621357,Hillary Kipkoech,13393077366,Morning Run,nan,2024-12-14 03:17:21+00:00,4637,Run,"Elgeyo-Marakwet County, Kenya",0.0,4.8125,77.0,16.0,4620.0,1 h 17 m
150633,89621357,Hillary Kipkoech,13393077366,Morning Run,nan,2024-12-14 03:17:21+00:00,4637,Run,"Elgeyo-Marakwet County, Kenya",0.0,4.8125,77.0,16.0,4620.0,1 h 17 m
150760,89621357,Hillary Kipkoech,13393077366,Morning Run,nan,2024-12-14 03:17:21+00:00,4637,Run,"Elgeyo-Marakwet County, Kenya",0.0,4.8125,77.0,16.0,4620.0,1 h 17 m
150530,89621357,Hillary Kipkoech,13393077524,Morning Run,nan,2024-12-16 04:25:57+00:00,3734,Run,"Elgeyo-Marakwet County, Kenya",0.0,4.661654135338345,62.0,13.3,3720.0,1 h 2 m
150657,89621357,Hillary Kipkoech,13393077524,Morning Run,nan,2024-12-16 04:25:57+00:00,3734,Run,"Elgeyo-Marakwet County, Kenya",0.0,4.661654135338345,62.0,13.3,3720.0,1 h 2 m
150784,89621357,Hillary Kipkoech,13393077524,Morning Run,nan,2024-12-16 04:25:57+00:00,3734,Run,"Elgeyo-Marakwet County, Kenya",0.0,4.661654135338345,62.0,13.3,3720.0,1 h 2 m
150529,89621357,Hillary Kipkoech,13393077920,Lunch Run,nan,2024-12-16 08:08:00+00:00,3785,Run,"Elgeyo-Marakwet County, Kenya",0.0,6.193806193806194,62.0,10.01,3720.0,1 h 2 m
150656,89621357,Hillary Kipkoech,13393077920,Lunch Run,nan,2024-12-16 08:08:00+00:00,3785,Run,"Elgeyo-Marakwet County, Kenya",0.0,6.193806193806194,62.0,10.01,3720.0,1 h 2 m
150783,89621357,Hillary Kipkoech,13393077920,Lunch Run,nan,2024-12-16 08:08:00+00:00,3785,Run,"Elgeyo-Marakwet County, Kenya",0.0,6.193806193806194,62.0,10.01,3720.0,1 h 2 m
150528,89621357,Hillary Kipkoech,13393078154,Morning Run,nan,2024-12-17 06:12:30+00:00,2723,Run,"Elgeyo-Marakwet County, Kenya",0.0,4.2175572519083975,44.2,10.48,2652.0,44 m 12 s
150655,89621357,Hillary Kipkoech,13393078154,Morning Run,nan,2024-12-17 06:12:30+00:00,2723,Run,"Elgeyo-Marakwet County, Kenya",0.0,4.2175572519083975,44.2,10.48,2652.0,44 m 12 s
150782,89621357,Hillary Kipkoech,13393078154,Morning Run,nan,2024-12-17 06:12:30+00:00,2723,Run,"Elgeyo-Marakwet County, Kenya",0.0,4.2175572519083975,44.2,10.48,2652.0,44 m 12 s
150527,89621357,Hillary Kipkoech,13393078314,Afternoon Run,nan,2024-12-17 14:03:56+00:00,1760,Run,"Elgeyo-Marakwet County, Kenya",0.0,4.805921052631579,29.22,6.08,1753.1999999999998,29 m 13 s
150654,89621357,Hillary Kipkoech,13393078314,Afternoon Run,nan,2024-12-17 14:03:56+00:00,1760,Run,"Elgeyo-Marakwet County, Kenya",0.0,4.805921052631579,29.22,6.08,1753.1999999999998,29 m 13 s
150781,89621357,Hillary Kipkoech,13393078314,Afternoon Run,nan,2024-12-17 14:03:56+00:00,1760,Run,"Elgeyo-Marakwet County, Kenya",0.0,4.805921052631579,29.22,6.08,1753.1999999999998,29 m 13 s
150526,89621357,Hillary Kipkoech,13393078471,Morning Run,nan,2024-12-18 03:21:09+00:00,5285,Run,"Elgeyo-Marakwet County, Kenya",0.0,5.430711610486892,87.0,16.02,5220.0,1 h 27 m
150653,89621357,Hillary Kipkoech,13393078471,Morning Run,nan,2024-12-18 03:21:09+00:00,5285,Run,"Elgeyo-Marakwet County, Kenya",0.0,5.430711610486892,87.0,16.02,5220.0,1 h 27 m
150780,89621357,Hillary Kipkoech,13393078471,Morning Run,nan,2024-12-18 03:21:09+00:00,5285,Run,"Elgeyo-Marakwet County, Kenya",0.0,5.430711610486892,87.0,16.02,5220.0,1 h 27 m
150525,89621357,Hillary Kipkoech,13393078605,Morning Run,nan,2024-12-19 05:42:52+00:00,4303,Run,"Elgeyo-Marakwet County, Kenya",0.0,5.824446267432322,71.0,12.19,4260.0,1 h 11 m
150652,89621357,Hillary Kipkoech,13393078605,Morning Run,nan,2024-12-19 05:42:52+00:00,4303,Run,"Elgeyo-Marakwet County, Kenya",0.0,5.824446267432322,71.0,12.19,4260.0,1 h 11 m
150779,89621357,Hillary Kipkoech,13393078605,Morning Run,nan,2024-12-19 05:42:52+00:00,4303,Run,"Elgeyo-Marakwet County, Kenya",0.0,5.824446267432322,71.0,12.19,4260.0,1 h 11 m
150524,89621357,Hillary Kipkoech,13393078871,Morning Run,nan,2024-12-20 02:59:18+00:00,5739,Run,"Elgeyo-Marakwet County, Kenya",0.0,5.930087390761548,95.0,16.02,5700.0,1 h 35 m
150651,89621357,Hillary Kipkoech,13393078871,Morning Run,nan,2024-12-20 02:59:18+00:00,5739,Run,"Elgeyo-Marakwet County, Kenya",0.0,5.930087390761548,95.0,16.02,5700.0,1 h 35 m
150778,89621357,Hillary Kipkoech,13393078871,Morning Run,nan,2024-12-20 02:59:18+00:00,5739,Run,"Elgeyo-Marakwet County, Kenya",0.0,5.930087390761548,95.0,16.02,5700.0,1 h 35 m
150523,89621357,Hillary Kipkoech,13393079012,Morning Run,nan,2024-12-21 04:35:01+00:00,2410,Run,"Elgeyo-Marakwet County, Kenya",0.0,5.992424242424242,39.55,6.6,2373.0,39 m 33 s
150650,89621357,Hillary Kipkoech,13393079012,Morning Run,nan,2024-12-21 04:35:01+00:00,2410,Run,"Elgeyo-Marakwet County, Kenya",0.0,5.992424242424242,39.55,6.6,2373.0,39 m 33 s
150777,89621357,Hillary Kipkoech,13393079012,Morning Run,nan,2024-12-21 04:35:01+00:00,2410,Run,"Elgeyo-Marakwet County, Kenya",0.0,5.992424242424242,39.55,6.6,2373.0,39 m 33 s
150533,89621357,Hillary Kipkoech,13393079316,Morning Run,nan,2024-12-25 01:56:04+00:00,4425,Run,"Baringo, Kenya",0.0,6.287425149700599,63.0,10.02,3780.0,1 h 3 m
150660,89621357,Hillary Kipkoech,13393079316,Morning Run,nan,2024-12-25 01:56:04+00:00,4425,Run,"Baringo, Kenya",0.0,6.287425149700599,63.0,10.02,3780.0,1 h 3 m
150787,89621357,Hillary Kipkoech,13393079316,Morning Run,nan,2024-12-25 01:56:04+00:00,4425,Run,"Baringo, Kenya",0.0,6.287425149700599,63.0,10.02,3780.0,1 h 3 m
150532,89621357,Hillary Kipkoech,13393079448,Morning Run,nan,2024-12-28 04:41:23+00:00,3018,Run,"Elgeyo-Marakwet County, Kenya",0.0,4.9980079681274905,50.18,10.04,3010.8,50 m 11 s
150659,89621357,Hillary Kipkoech,13393079448,Morning Run,nan,2024-12-28 04:41:23+00:00,3018,Run,"Elgeyo-Marakwet County, Kenya",0.0,4.9980079681274905,50.18,10.04,3010.8,50 m 11 s
150786,89621357,Hillary Kipkoech,13393079448,Morning Run,nan,2024-12-28 04:41:23+00:00,3018,Run,"Elgeyo-Marakwet County, Kenya",0.0,4.9980079681274905,50.18,10.04,3010.8,50 m 11 s
150531,89621357,Hillary Kipkoech,13393079666,Morning Run,nan,2024-12-29 03:30:10+00:00,4174,Run,"Elgeyo-Marakwet County, Kenya",0.0,4.925053533190578,69.0,14.01,4140.0,1 h 9 m
150658,89621357,Hillary Kipkoech,13393079666,Morning Run,nan,2024-12-29 03:30:10+00:00,4174,Run,"Elgeyo-Marakwet County, Kenya",0.0,4.925053533190578,69.0,14.01,4140.0,1 h 9 m
150785,89621357,Hillary Kipkoech,13393079666,Morning Run,nan,2024-12-29 03:30:10+00:00,4174,Run,"Elgeyo-Marakwet County, Kenya",0.0,4.925053533190578,69.0,14.01,4140.0,1 h 9 m
150454,89621357,Hillary Kipkoech,13393086985,Morning Run,nan,2024-11-20 05:06:29+00:00,214,Run,"Elgeyo-Marakwet County, Kenya",0.0,3.57,3.57,1.0,214.2,3 m 34 s
150581,89621357,Hillary Kipkoech,13393086985,Morning Run,nan,2024-11-20 05:06:29+00:00,214,Run,"Elgeyo-Marakwet County, Kenya",0.0,3.57,3.57,1.0,214.2,3 m 34 s
150708,89621357,Hillary Kipkoech,13393086985,Morning Run,nan,2024-11-20 05:06:29+00:00,214,Run,"Elgeyo-Marakwet County, Kenya",0.0,3.57,3.57,1.0,214.2,3 m 34 s
150448,89621357,Hillary Kipkoech,13393087230,Morning Run,nan,2024-11-20 05:39:52+00:00,37,Run,"Elgeyo-Marakwet County, Kenya",0.0,3.0999999999999996,0.62,0.2,37.2,37 s
150575,89621357,Hillary Kipkoech,13393087230,Morning Run,nan,2024-11-20 05:39:52+00:00,37,Run,"Elgeyo-Marakwet County, Kenya",0.0,3.0999999999999996,0.62,0.2,37.2,37 s
150702,89621357,Hillary Kipkoech,13393087230,Morning Run,nan,2024-11-20 05:39:52+00:00,37,Run,"Elgeyo-Marakwet County, Kenya",0.0,3.0999999999999996,0.62,0.2,37.2,37 s
150438,89621357,Hillary Kipkoech,13393089193,Morning Run,nan,2024-11-23 06:37:10+00:00,889,Run,"Elgeyo-Marakwet County, Kenya",0.0,4.378378378378378,14.58,3.33,874.8,14 m 35 s
150565,89621357,Hillary Kipkoech,13393089193,Morning Run,nan,2024-11-23 06:37:10+00:00,889,Run,"Elgeyo-Marakwet County, Kenya",0.0,4.378378378378378,14.58,3.33,874.8,14 m 35 s
150692,89621357,Hillary Kipkoech,13393089193,Morning Run,nan,2024-11-23 06:37:10+00:00,889,Run,"Elgeyo-Marakwet County, Kenya",0.0,4.378378378378378,14.58,3.33,874.8,14 m 35 s
150401,98279354,Marco Arop,13397655535,Morning Run,9 Training Load -- from COROS,2024-12-17 16:25:31+00:00,842,Run,"Starkville, USA",0.0,6.2242152466367715,13.88,2.23,832.8000000000001,13 m 53 s
150397,98279354,Marco Arop,13397656707,Lunch Run,36 Training Load -- from COROS,2024-12-19 18:12:33+00:00,1270,Run,"Oktibbeha County, USA",0.0,4.3229813664596275,20.88,4.83,1252.8,20 m 53 s
150398,98279354,Marco Arop,13397656712,Afternoon Run,14 Training Load -- from COROS,2024-12-17 20:13:45+00:00,1258,Run,"Oktibbeha County, USA",0.0,5.9630769230769225,19.38,3.25,1162.8,19 m 23 s
150400,98279354,Marco Arop,13397656757,Lunch Run,170 Training Load -- from COROS,2024-12-17 17:26:59+00:00,2540,Run,"Oktibbeha County, USA",0.0,3.2736156351791537,20.1,6.14,1206.0,20 m 6 s
150399,98279354,Marco Arop,13397656957,Lunch Run,1 Training Load -- from COROS,2024-12-17 18:21:03+00:00,331,Run,"Oktibbeha County, USA",0.0,10.377358490566037,5.5,0.53,330.0,5 m 30 s
153901,95919245,Paulo Roberto Paula,13503303871,Afternoon Run,nan,2024-12-26 18:45:22+00:00,3440,Run,"Dracena, Brazil",0.0,3.734853420195439,57.33,15.35,3439.7999999999997,57 m 20 s
153900,95919245,Paulo Roberto Paula,13503303881,Afternoon Run,nan,2024-12-27 18:56:38+00:00,4843,Run,"Dracena, Brazil",0.0,3.8872691933916426,80.0,20.58,4800.0,1 h 20 m
153899,95919245,Paulo Roberto Paula,13503303936,Afternoon Run,nan,2024-12-28 18:58:11+00:00,3313,Run,"Dracena, Brazil",0.0,3.887949260042283,55.17,14.19,3310.2000000000003,55 m 10 s
